timestamp,asset,side,open,high,low,close,tick_volume,kc_bb_ratio,bb_width_bps,atr_pct,d_sma50,ema_12_26_ratio,stc_delta,stoch_diff,cci_20,macd_hist_accel,psar_bull_flag,p_decay,p_decay_pct,fwd_5m_ret,fwd_10m_ret,fwd_15m_ret,target_decay_realized
1780396200,AUDCAD,bullish_exhaustion,0.99424,0.99455,0.99418,0.99448,0.0,1.4673124537692703,16.770396658802227,0.02844661976095437,6.410837755685331,1.7636675287049113,-0.01751382735872653,-6.070499548760537,112.79590531025924,0.0009512565986783721,1,,,-0.0002212211406966702,-0.0002614431662778527,-0.0004122757622073703,1.0
1780396800,AUDCAD,bullish_exhaustion,0.99424,0.99433,0.99417,0.99422,0.0,1.3228664290594117,14.67838317551448,0.027885368537077092,5.161557264124825,1.6109679657722134,-1.3097156830437626,-13.868456144874436,64.61597988004281,-0.06170195175395193,0,,,-0.00015087204039343494,-0.00012069763231481456,-0.00012069763231481456,1.0
1780397100,AUDCAD,bullish_exhaustion,0.99422,0.99428,0.99405,0.99407,0.0,1.1386777910179096,12.424535625523298,0.027550121103151155,4.462742201096815,1.4890143230196211,-3.945311655073283,-20.53738475735318,34.757167934464206,-0.08220867865351884,0,,,3.0178961240023838e-05,3.0178961240023838e-05,-0.00013077549870732508,0.0
1780397400,AUDCAD,bullish_exhaustion,0.99407,0.99417,0.99397,0.9941,0.0,1.0773498629292906,11.446548860127425,0.0270185333111875,4.443927514428374,1.396591004149958,-11.426821576172912,-9.2526437716666,15.965480043084183,-0.04872702426037262,0,,,0.0,-0.0001609496026555579,-4.0237400663833967e-05,1.0
1780397700,AUDCAD,bullish_exhaustion,0.99411,0.99413,0.99392,0.9941,0.0,1.0636783699578463,11.069802969381643,0.02659754059957051,4.3054974147233676,1.3056918001706437,-23.681864687178233,3.073018027034978,3.3305188103300516,-0.031122764917836193,0,,,-0.0001609496026555579,-4.0237400663833967e-05,-2.0118700332028006e-05,1.0
1780402500,AUDCAD,bullish_exhaustion,0.99464,0.99466,0.9945,0.99459,0.0,1.0725869956944813,10.34053630151319,0.024780478530337897,3.0771208099638807,0.9970527136300567,-2.828942502085839,-15.816536404773203,76.91189299214359,-0.038123717897657686,1,,,-0.00014076151982223006,2.0108788546080447e-05,0.0002815230396444601,0.0
1780402800,AUDCAD,bullish_exhaustion,0.9946,0.9946,0.9944,0.99445,0.0,1.0886857247571446,10.321953290996419,0.024450228039861438,2.351680320646887,0.9141174125997182,-3.5007117435348922,-16.35247796792923,43.25808130997353,-0.0682310337352756,0,,,0.00016089295590537844,0.0004223440092514519,0.00039217658001899913,0.0
1780403400,AUDCAD,bullish_exhaustion,0.9946,0.99487,0.9946,0.99487,0.0,1.0781944812055442,10.738742470748026,0.025211762091296986,3.550693257559022,0.901065938655248,-1.9182981821297092,20.036485253880826,110.41229909152428,0.06074870098684923,1,,,-3.015469357814382e-05,-2.010312905209588e-05,4.0206258103969716e-05,1.0
1780403700,AUDCAD,bullish_exhaustion,0.99487,0.99487,0.99468,0.99484,0.0,1.1237551371612726,10.931713652794027,0.024775809948835607,3.3000693631526277,0.934637627396169,-0.2730721482181395,26.889613025684362,105.99839539386632,0.024960620654130003,1,,,1.0051867637139722e-05,7.036307345908988e-05,0.00016082988219223715,0.0
1780404000,AUDCAD,bullish_exhaustion,0.99484,0.99485,0.99471,0.99485,0.0,1.1128942217627946,10.369676620535191,0.02401105464596227,3.2795535510497746,0.9710456614011518,-0.6051664837699153,15.637951955412703,100.54046050200294,0.011322040380661803,1,,,6.031059958777618e-05,0.0001507764989696625,8.041413278370158e-05,0.0
1780404300,AUDCAD,bullish_exhaustion,0.99485,0.99496,0.99479,0.99491,0.0,1.117260341297409,10.132829586373047,0.023515132760677758,3.4425510898699376,1.005943521846331,-0.672086570039389,1.549823174536428,115.70666059550044,0.015399769228940641,1,,,9.046044365823569e-05,2.0102320813064622e-05,0.0,0.0
1780404600,AUDCAD,bullish_exhaustion,0.9949,0.99503,0.99486,0.995,0.0,1.1249286364607491,9.950828090091786,0.023053893004597065,3.713387590718032,1.0571529939631181,-0.5207949490969102,-1.2225477953708577,128.57813233221637,0.025692518336035433,1,,,-7.035175879399613e-05,-9.04522613065506e-05,-0.00017085427135676845,1.0
1780415700,AUDCAD,bearish_exhaustion,0.99263,0.99263,0.9921,0.99227,0.0,1.6721905365908314,27.713311698396545,0.03866433079694177,-4.035401063327904,-1.2855459797285438,0.8494804690345767,14.297178630701282,-51.158445440984856,0.056133697621632464,1,,,0.0002922591633325311,0.00032249286988417225,0.0006248299354008058,1.0
1780416000,AUDCAD,bearish_exhaustion,0.99229,0.99262,0.99178,0.99256,0.0,1.4386816150272137,26.329724442188994,0.041937077697962385,-2.919875261398726,-1.0674691959244926,0.5086756789439182,9.341901669842727,-47.26689361035803,0.08596936210805936,1,,,3.022487305548438e-05,0.0003324736036109943,0.00012089949222215957,1.0
1780416300,AUDCAD,bearish_exhaustion,0.99256,0.99271,0.99244,0.99259,0.0,1.3407721097684595,23.544391707198752,0.04088336400719066,-2.8126866315850245,-0.982219666011223,1.5320468944506591,0.5117877379138349,-10.16125469407922,0.06438552637367424,1,,,0.0003022395954019874,9.067187862066284e-05,0.00018134375724132568,1.0
1780416900,AUDCAD,bearish_exhaustion,0.9929,0.993,0.99256,0.99268,0.0,1.0992021893468849,19.339587642595426,0.041354195822104776,-2.377015216274806,-0.7230622622649504,8.3891126912088,-1.1127102546201684,31.599755393452753,0.01732257073632222,1,,,9.066365797649745e-05,2.014747955025875e-05,8.058991820125705e-05,1.0
1780427100,AUDCHF,bullish_exhaustion,0.565,0.56505,0.56497,0.565,0.0,1.14680456177353,11.461035425005084,0.0267292216661568,2.781086711549767,0.8872856226734549,-11.76069723668607,-22.11680884809052,52.95910046775256,-0.05008041457961919,1,0.34934881620200237,44.0,3.53982300884681e-05,7.079646017715824e-05,5.309734513292419e-05,0.0
1780427400,AUDCHF,bullish_exhaustion,0.565,0.56503,0.56498,0.56502,0.0,1.2393224030157024,11.585760038405045,0.025451201871225942,2.884474017101034,0.8781430466135223,-20.810553695794113,-20.869883040941403,50.22715800096567,-0.02972431166189115,1,0.07707278475596323,12.0,3.539697709808998e-05,1.769848854915601e-05,0.00012388941984364799,0.0
1780427700,AUDCHF,bullish_exhaustion,0.56502,0.56509,0.56495,0.56504,0.0,1.2258867677175005,11.529100692950227,0.025402208573937112,2.867640433089891,0.8387706282559095,-17.870379386622595,-5.157299111976066,54.14551607445524,-0.01363978391252395,0,0.07627116413740144,11.333333333333332,-1.7697862098153827e-05,8.848931049132425e-05,0.00012388503468785395,0.0
1780428000,AUDCHF,bullish_exhaustion,0.56504,0.56511,0.56501,0.56503,0.0,1.2070315820943425,11.070929207895505,0.02485233794463826,2.6776208879967323,0.8090310857259706,-12.667740962674067,8.075590210106157,62.00497850189401,-0.016248917407147862,0,0.11014387010676223,19.333333333333332,0.00010618905190873384,0.00014158540254505247,0.00019467992849930837,0.0
1780428300,AUDCHF,bullish_exhaustion,0.56503,0.5651,0.565,0.56509,0.0,1.1907033731010264,10.671761927584823,0.02433874182054141,2.963592107644717,0.8127561678709416,-8.200146116018418,17.39766081871845,65.95046254853568,0.015582229079249124,0,0.2678852965637193,38.0,3.5392592330429906e-05,8.848148082596374e-05,8.848148082596374e-05,0.0
1780387200,AUDJPY,bullish_exhaustion,114.398,114.432,114.398,114.431,0.0,1.145061315759583,11.304941435006137,0.024997116508093546,2.933809209817632,0.7382080834125424,-2.0671534915071845,9.473479935778332,57.773895682519694,0.023333785136728378,0,,,0.00027964450192685675,0.0004893778783721103,0.0005505501131686241,0.0
1780387500,AUDJPY,bullish_exhaustion,114.43,114.465,114.423,114.463,0.0,1.1335501944736306,11.736286335565172,0.025826053277846265,3.7840045337960357,0.7998671939401316,-0.20240094817597765,21.927861229408762,124.56095262571549,0.07901012123524621,1,,,0.00020967474205635384,0.0002708298751561422,0.00029703921791335297,0.0
1780394400,AUDJPY,bullish_exhaustion,114.681,114.71,114.678,114.71,0.0,1.364739279591792,16.18350358031,0.029833229696710525,6.068080003044458,1.7479676907178079,-1.333351934115882,-8.455693621471326,78.39073790079435,-0.007196305450641866,0,,,0.00021794089442939146,-2.615290733154474e-05,-8.717635777144572e-06,1.0
1780394700,AUDJPY,bullish_exhaustion,114.708,114.74,114.706,114.735,0.0,1.1905859855468723,14.117501570723059,0.02981292737962934,6.578989253166245,1.755392152548351,-0.8580566271734824,7.669644594440058,121.82263227262061,0.0319609082647207,1,,,-0.0002440406153310093,-0.00022660914280725475,-0.00023532487906918753,1.0
1780395300,AUDJPY,bullish_exhaustion,114.707,114.721,114.693,114.709,0.0,1.1158478571448593,13.067351071616748,0.029536989503270543,5.4631446084792605,1.6133663137290815,-1.2122920505190535,2.0034586721881666,74.90217998884971,-0.03303253773817791,1,,,-8.717711775019232e-06,8.717711774997028e-05,0.0002615313532503549,0.0
1780395600,AUDJPY,bullish_exhaustion,114.71,114.722,114.699,114.708,0.0,1.067451821595558,12.106391128633774,0.028859651634770896,5.337670458366728,1.5675223074290738,-4.339771161483853,-10.808994937829787,75.48552583368175,-0.030210870005321137,1,,,9.589566551593265e-05,0.00027025142099956767,9.589566551593265e-05,0.0
1780404600,AUDJPY,bullish_exhaustion,114.736,114.754,114.727,114.753,0.0,1.2873258944799324,11.607448186722333,0.0237796954548652,2.3299692374438976,0.6816791138209185,-0.07237464632238294,0.7448547147243545,115.35077193824907,0.04264617511799999,1,,,-0.0002004304898346465,-0.00022657359720434922,-0.0003485747649299986,1.0
1780424100,AUDJPY,bullish_exhaustion,114.872,114.88,114.856,114.856,0.0,1.3800390389418795,17.6114979666621,0.03441185849001125,2.620680583240678,0.8963072092014734,-0.739286467763776,-3.0376374348048287,25.143748172645758,-0.05265541586912514,1,,,-0.00011318520582281888,-0.0003134359545866605,-0.0003134359545866605,1.0
1780394400,AUDUSD,bullish_exhaustion,0.71816,0.71843,0.71814,0.7184,0.0,1.1000212589901193,16.62812118439471,0.0374131811500739,5.539923113245325,1.4891870005381462,-0.24748365705214326,-0.31635739944871943,115.05122143415323,0.023654968645311067,1,,,0.00019487750556779204,-0.00016703786191540893,-4.175946547890774e-05,1.0
1780391700,CADCHF,bearish_exhaustion,0.5673,0.56736,0.56721,0.56723,0.0,2.0798191630116407,24.27774864651136,0.026771031761805814,-3.4059182124370664,-1.2869410590643775,0.641899160315079,21.484266221110374,-37.744674726521126,0.08218514465708791,1,,,0.00012340673095567745,0.00019392486293035027,0.00044073832484170516,1.0
1780392000,CADCHF,bearish_exhaustion,0.56723,0.56733,0.56715,0.5673,0.0,1.9324695666951759,22.75534722379649,0.027122122396972405,-2.812877356421277,-1.1536839188865657,0.9237497605322036,11.222500696192455,-34.739454094295894,0.09098212699628484,1,,,7.050943063613424e-05,0.00031729243786338124,0.0002820377225452031,1.0
1780392300,CADCHF,bearish_exhaustion,0.5673,0.56743,0.5672,0.56734,0.0,1.6805032792307089,20.53555726929383,0.028078771165870188,-2.3753610229270565,-0.9934557168009424,2.5298633259160797,-2.1339580836133933,-13.545670876840635,0.07700278122146904,1,,,0.00024676560792480373,0.00021151337822122862,8.813057425882675e-05,1.0
1780416900,CADCHF,bullish_exhaustion,0.56848,0.56862,0.56847,0.56859,0.0,1.608945104791525,29.315147691088544,0.044026189084636146,3.808595375934933,1.212713879863872,-0.254318423289547,-5.164858372265062,49.63214487834645,-0.03945913862377497,0,,,-0.00012311155665767348,-0.00022863574807874265,0.00015828628713121518,1.0
1780417500,CADCHF,bullish_exhaustion,0.56852,0.56852,0.5683,0.56846,0.0,1.4839972477388255,26.169819088648033,0.0431846280168864,3.148023890986129,1.0610448952013096,-0.48339527527542714,1.6961889425626602,15.080297689014271,-0.05393391376696991,0,,,0.00038701051964951105,0.0002462794215951636,0.00021109664708163223,0.0
1780417800,CADCHF,bullish_exhaustion,0.56845,0.56868,0.56843,0.56868,0.0,1.4262929132703022,25.14459898858696,0.04322460250708751,3.927428899835323,1.0442846714525016,-2.9893136942550314,17.42351046698212,44.10022456809853,0.020878783141258756,0,,,-0.00014067665470907098,-0.00017584581838636648,-0.00012309207287053425,1.0
1780418100,CADCHF,bullish_exhaustion,0.56868,0.56874,0.56848,0.5686,0.0,1.3243311833063847,23.433853662035236,0.04340894558043574,3.485895065432546,0.990297146923633,-2.7761421862249165,19.668423364068914,42.389210019277215,-0.010880249423101776,0,,,-3.517411185371966e-05,1.7587055926693296e-05,-0.0002286317270487892,0.0
1780418400,CADCHF,bullish_exhaustion,0.5686,0.56865,0.56846,0.56858,0.0,1.1128683872035443,19.209290325355322,0.04270563627312227,3.357987409443291,0.9097870405880377,-4.237489192684151,5.318401405355161,15.0967057348094,-0.046079293495378135,0,,,5.276302367307473e-05,-0.00019346442013423726,-0.0005803932604030448,1.0
1780427400,CADCHF,bullish_exhaustion,0.56892,0.56901,0.56892,0.569,0.0,1.6703836642973295,17.560718526255812,0.028112931284032614,2.3605520887824087,0.960862507038721,-12.806117567794203,6.049103875178545,42.37778420594601,-0.020891916108142766,0,0.49315248552591545,52.666666666666664,0.00012302284710030698,0.00017574692442900997,0.00038664323374337783,0.0
1780427700,CADCHF,bullish_exhaustion,0.569,0.56911,0.56896,0.56907,0.0,1.6465764444699043,17.315395969796615,0.027984424801868156,2.6712553782090014,0.9523041123515651,-22.257835080689155,21.302911932345555,57.89896555187462,0.010626315798067802,0,0.5633329009849604,57.99999999999999,5.271759186054048e-05,0.00026358795930203627,0.0001757253062013575,0.0
1780428000,CADCHF,bullish_exhaustion,0.56907,0.56915,0.56903,0.5691,0.0,1.5793152701644013,16.278938284607882,0.027490305003638492,2.779210177255045,0.9633703220343267,-19.0563056887406,22.20461697585948,67.5686623997967,0.014319484465341844,0,0.22588326362802474,35.333333333333336,0.000210859251449369,0.00012300123001218743,0.00035143208574939244,0.0
1780428300,CADCHF,bullish_exhaustion,0.5691,0.56925,0.56908,0.56922,0.0,1.4932674339314502,15.636691471755887,0.027654575372366572,3.371970518081302,1.002674552300709,-13.491846918568317,15.55315055315043,93.56621449889836,0.052338285279972904,1,0.22653424913941736,36.0,-8.783949966617577e-05,0.00014054319946610327,8.783949966639781e-05,0.0
1780428600,CADCHF,bullish_exhaustion,0.56922,0.56922,0.56913,0.56917,0.0,1.433922570636595,14.420231021657532,0.02681096861783109,3.0091745075017573,1.0329435557447642,-6.9128893085081895,3.0534177756347844,87.97967642733931,0.004770425233795976,1,0.10421493604795631,18.0,0.0002284027619166018,0.00017569443224352277,0.0002284027619166018,0.0
1780428900,CADCHF,bullish_exhaustion,0.56917,0.56931,0.56916,0.5693,0.0,1.3107163151565937,13.244370667356373,0.026772224926192602,3.7319338650154577,1.0893816245307117,-4.549121807588593,2.4327935439036565,120.12838147641611,0.049062678689981175,1,0.306536664829729,41.333333333333336,-5.269629369397677e-05,0.0,-5.269629369397677e-05,0.0
1780429200,CADCHF,bullish_exhaustion,0.5693,0.56931,0.56924,0.56927,0.0,1.239687789766992,11.88329565093896,0.02573955108626089,3.6047830401088157,1.1488701818638645,-0.026586794827007765,0.026455026465256992,127.39965095987417,0.007488171018301556,1,0.17994076288839572,28.000000000000004,5.2699070739681275e-05,0.0,-7.026542765298238e-05,0.0
1780430700,CADCHF,bullish_exhaustion,0.56926,0.56931,0.56925,0.56929,0.0,1.0841310828851447,8.56563450819591,0.02200839359762769,3.9507841192913746,1.218346307360213,-6.275672076254374,-5.442834138494597,96.22222222227519,-0.010027006722401597,1,0.17201773106742888,25.333333333333336,0.00015809165803015723,0.0003864462751848041,0.00026348609671700274,0.0
1780431000,CADCHF,bullish_exhaustion,0.56929,0.5694,0.56927,0.56938,0.0,1.1587740867600564,9.298374004825794,0.022063981760299604,4.537208716884657,1.2377578958979296,-5.218610272564014,11.463844797168726,122.66666666672707,0.03120201298664967,1,0.42264790509077305,47.333333333333336,0.00022831852190097202,0.00010537777933894432,0.0,0.0
1780431300,CADCHF,bullish_exhaustion,0.56937,0.56954,0.56936,0.56951,0.0,1.2569835776703357,10.66751619911353,0.022740886169167848,5.267480984873576,1.2842622941359292,-2.939873880281863,15.679012345667957,167.73713115521954,0.07351571650366612,1,0.7266292076015239,68.0,-0.00012291267932085237,-0.00022826640445283708,-0.0004038559463397373,1.0
1780432500,CADCHF,bullish_exhaustion,0.56928,0.56937,0.56928,0.56931,0.0,1.2579585947224339,11.015808653101976,0.022932376936444343,3.1771730043490867,1.0446468946636838,-6.069484573346514,-19.414958563894217,48.56979152896474,-0.04634512703027726,1,0.20985651014292253,32.666666666666664,0.00014052098153904957,-0.00021078147230857436,-8.782561346187823e-05,1.0
1780432800,CADCHF,bullish_exhaustion,0.56931,0.56939,0.56928,0.56939,0.0,1.152176944362878,9.9707227375173,0.022671281004725236,3.7230414466372137,1.0296032161057822,-6.169628901366806,-4.979027968134043,63.13472409820415,0.006641118448933064,1,0.22093618571998355,34.66666666666667,-0.0003512530954178361,-0.00022831451202154351,-0.0002810024763342245,1.0
1780401600,CADJPY,bearish_exhaustion,115.334,115.341,115.325,115.332,0.0,1.178703284806404,8.336350658839613,0.017595291070319548,-2.073621333702284,-0.7360143372605588,0.8024404934705927,-2.926265482424114,-14.42150114717668,0.052962150666045434,1,,,-4.335310234793166e-05,-3.4682481878323124e-05,-0.0001994242708007743,0.0
1780401900,CADJPY,bearish_exhaustion,115.332,115.339,115.326,115.327,0.0,1.1138655440740626,7.592375173950773,0.01714435686996091,-2.3356175799397048,-0.7037491639200998,1.77126239124894,0.0,-15.958080266782892,0.020256986620316962,1,,,8.670996384241292e-06,-0.00015607793491545507,-1.734199276837156e-05,0.0
1780402200,CADJPY,bearish_exhaustion,115.326,115.334,115.322,115.328,0.0,1.076589087698995,7.0526453703935434,0.016662843728722683,-2.316707868414187,-0.6700357106369986,2.5617743903797328,-5.203068922580826,-19.698803280803126,0.017389511249613188,1,,,-0.00016474750277473138,-2.6012763596039434e-05,-6.0696448390684665e-05,0.0
1780415700,CADJPY,bullish_exhaustion,115.5,115.546,115.496,115.545,0.0,1.4221462678748962,21.097159536744748,0.03352560422194158,3.5758946229366257,1.145353234655376,-1.562002901383579,-14.92704826038062,39.79603148209434,-0.04968125071351191,0,,,-0.0001384741875459783,-6.923709377293363e-05,-0.00019905664459729522,1.0
1780416000,CADJPY,bullish_exhaustion,115.55,115.559,115.52,115.529,0.0,1.4040364368935088,20.64121597409561,0.03354649804545999,3.0483074109985124,1.0519831461259355,-1.4521184848700273,-4.824307429792341,44.15812859084976,-0.06615412450484934,0,,,6.924668265129164e-05,-6.059084731968589e-05,-1.7311670662767398e-05,1.0
1780416300,CADJPY,bullish_exhaustion,115.527,115.537,115.514,115.537,0.0,1.3766842865285538,19.310661162443292,0.03257009433281258,3.244176078376496,1.013163794863149,-1.9613188924356564,9.410897054233622,29.96814018319008,-0.03425820241764813,0,,,-0.0001298285397751675,-8.655235985011167e-05,-0.00040679609129556926,1.0
1780416600,CADJPY,bullish_exhaustion,115.537,115.55,115.519,115.522,0.0,1.2890340369410032,17.65600372094926,0.03216435141364003,2.779564342813998,0.9264155798524671,-2.3821073231576406,7.914391345766905,25.236150294024352,-0.05054397666228605,0,,,4.32817991378176e-05,-0.0002770035144822325,-0.00010387631793074004,1.0
1780416900,CADJPY,bullish_exhaustion,115.522,115.541,115.513,115.527,0.0,1.2438207711840377,16.538364351584253,0.031596802140306086,2.856764208799934,0.8637134862824903,-4.391450947243328,7.3245864912563405,13.170985928818833,-0.023442783637289966,0,,,-0.0003202714516953309,-0.0001471517480762241,0.00027699152579052644,1.0
1780417500,CADJPY,bullish_exhaustion,115.491,115.512,115.478,115.51,0.0,1.08120116078467,14.500443166986477,0.032049436288132824,2.161516564270682,0.6179859943102411,-22.062750362727442,-4.495279593321648,-57.72769953054594,-0.007005276794252338,0,,,0.0004242056964764984,0.00045883473292351873,0.0007185525062765041,0.0
1780420500,CADJPY,bullish_exhaustion,115.621,115.633,115.614,115.63,0.0,1.0647400286690487,14.455487463999944,0.03346312645023489,3.4470983370112394,0.7974460007453114,-1.3014797200189605,26.977334477332484,125.89526250085721,0.04481427433741344,1,,,7.78344720229196e-05,-6.91861973536323e-05,-8.648274669176281e-06,1.0
1780423500,CADJPY,bullish_exhaustion,115.653,115.668,115.644,115.646,0.0,1.070953128849787,10.963857666342633,0.02708346233247269,3.051632467260349,1.026605827261143,-0.15430968597254946,-14.290876242093454,86.85446009394873,-0.04504520582622872,1,,,9.511785967508679e-05,2.5941234456983153e-05,9.511785967508679e-05,0.0
1780423800,CADJPY,bullish_exhaustion,115.647,115.659,115.643,115.657,0.0,1.0955941800926783,10.70058361655757,0.026134680936930083,3.374512539491476,1.0386302139424017,-3.9632443626933025,-7.882153096891955,82.68418794741618,-0.014517460783152067,1,,,-6.917004591155962e-05,0.0,1.7292511478084194e-05,0.0
1780424100,CADJPY,bullish_exhaustion,115.658,115.671,115.648,115.649,0.0,1.104405893301848,10.586488499421476,0.025690151301780036,3.0184713334762563,1.003111599227011,-5.515280028787956,-7.868357487921379,85.5564916222488,-0.03420210608089916,1,,,6.917483073776154e-05,8.646853842231295e-05,4.323426921115647e-05,0.0
1780424400,CADJPY,bullish_exhaustion,115.649,115.665,115.634,115.657,0.0,1.107823402491318,10.745311313905557,0.025768018489829448,3.132621299953093,0.9681924311762454,-10.730274997234389,1.9472826484975982,69.86204858982097,-0.010013630168674521,1,,,1.7292511478084194e-05,-2.5938767216904246e-05,-0.00016427885904002348,1.0
1780424700,CADJPY,bullish_exhaustion,115.657,115.662,115.648,115.659,0.0,1.167371868924062,10.755709423961385,0.02479164260468746,3.15201010748525,0.9744913021017811,-14.121482430044267,5.085878561490347,75.2314814814758,-0.007320671047569992,1,,,-4.3230531130422634e-05,-0.00018156823074733097,-0.00025938318678186967,1.0
1780425000,CADJPY,bullish_exhaustion,115.659,115.667,115.647,115.654,0.0,1.0968121969570341,9.853533358357813,0.024257017666118468,2.8715831428102843,0.9449679004564842,-18.368483392928155,6.325075075071766,69.80273141132132,-0.020807759112973796,1,,,-0.00013834368028764477,-0.00021616200044949352,-0.0004236775208812382,1.0
1780386000,CHFJPY,bullish_exhaustion,203.139,203.144,203.112,203.113,0.0,1.0859900835884864,5.756013693110914,0.013359200602289002,2.190587517810228,0.923989494421787,-1.4688945971820573,-10.220253006524164,2.929961870285422,-0.10877800594826438,1,,,-0.0001083140911708469,-3.938694224403516e-05,0.0001427776656344193,1.0
1780392000,CHFJPY,bullish_exhaustion,203.449,203.458,203.413,203.422,0.0,2.4930020079603077,29.906277242568034,0.027994288873390876,3.7442132804419654,1.5432623154783984,-0.44976002361016754,-16.549799375892295,30.877175826340608,-0.12797759686292481,0,,,-0.0002064673437485176,-0.0002752897916645791,-0.00016714023065345085,1.0
1780392300,CHFJPY,bullish_exhaustion,203.422,203.43,203.359,203.38,0.0,2.223891643499598,27.113865660777403,0.028493637879001218,2.8365656048111654,1.320577910620083,-2.2165627458810206,-4.374067766465231,3.964376448289346,-0.13396715926674668,0,,,-6.883666043844272e-05,3.933523453647503e-05,0.00011308879929194937,0.0
1780392600,CHFJPY,bullish_exhaustion,203.381,203.405,203.356,203.366,0.0,2.013416633683689,24.031729811140558,0.028181234443532183,2.510510659147166,1.14536892620205,-6.848515460085835,-0.7225706717768956,-13.31546456115726,-0.10181115414617133,0,,,0.00010817934167950405,0.00018193798373355996,9.834485607207455e-06,0.0
1780392900,CHFJPY,bullish_exhaustion,203.366,203.403,203.353,203.388,0.0,1.7991561029053416,21.09474646626764,0.02792142674872027,2.80266376286036,1.023450544406357,-13.500630536640202,4.1636710665801075,-20.436796165906824,-0.03480919936085869,0,,,7.375066375581163e-05,-9.833421834137823e-05,-8.850079650712939e-05,1.0
1780393200,CHFJPY,bullish_exhaustion,203.388,203.406,203.377,203.403,0.0,1.5933131203047133,17.72070247883949,0.026943513568908235,3.0388340010006156,0.9627360081128347,-22.605987618477833,10.481906033740303,-22.80643860227503,0.0027166312802959624,0,,,-0.00017207219165893406,-0.00016223949499261092,0.00014257410166029771,1.0
1780393500,CHFJPY,bullish_exhaustion,203.404,203.42,203.368,203.368,0.0,1.4415879648710113,15.903425698436003,0.02684966920485299,2.293253908539012,0.8272319356545237,-19.23082998431778,7.1262060227754205,-44.24573604901286,-0.03053410114668487,0,,,9.834388891016843e-06,0.00031470044451431534,0.00045729908343505876,0.0
1780393800,CHFJPY,bullish_exhaustion,203.369,203.388,203.34,203.37,0.0,1.3217163328637123,14.370002493246439,0.02661746916214754,2.237865191169092,0.7179982393644864,-13.579333079698323,4.109537206630584,-73.29656960687116,-0.005596248547428881,0,,,0.00030486305748134157,0.00044746029404540977,0.0005261346314600068,0.0
1780394100,CHFJPY,bullish_exhaustion,203.37,203.449,203.365,203.432,0.0,1.0974620674534916,12.550810634746567,0.027658077091951266,3.1358537330375045,0.6830338770794321,-8.771625583618874,9.481550010421188,-31.28546755490799,0.07912233104127943,0,,,0.0001425537771837515,0.00022120413700910113,-0.00012780683471613763,0.0
1780394400,CHFJPY,bullish_exhaustion,203.432,203.47,203.423,203.461,0.0,1.07892585952716,12.101695270569373,0.027328857410583943,3.555887008240759,0.718756028121289,-5.3767923136942954,20.441936588730684,5.69235689157832,0.09239074737198123,1,,,7.863914951755646e-05,-0.0002703220764668224,-0.0004521751097262827,1.0
1780440000,CHFJPY,bullish_exhaustion,203.144,203.172,203.139,203.172,0.0,1.4200519557551294,8.841806920827358,0.016437535832327724,2.08944236832324,0.6278758272501654,-0.058244730884055684,9.683233584870168,14.71496770575852,-0.027718340754942748,0,0.4545582919156389,50.0,-3.937550449872873e-05,-0.0001328923276828764,,1.0
1780403100,EURAUD,bearish_exhaustion,1.62125,1.62133,1.62106,1.62115,0.0,1.0529667264415197,8.931959066557244,0.02228741894484262,-2.2252205979649045,-0.6921629798504282,3.420864531442973,3.962212101126653,-68.2223302544519,0.012584864588710927,0,,,-0.00017888535915866477,-0.0002035592018012622,-0.00012953767387346993,0.0
1780403400,EURAUD,bearish_exhaustion,1.62105,1.62109,1.62083,1.62086,0.0,1.116406861509206,9.404646009888497,0.02210934935297227,-2.8485194848446773,-0.7420999516553712,8.404194227057971,-12.82146202446917,-104.47411571801298,-0.03786428384820269,0,,,-2.467825722152206e-05,4.935651444304412e-05,0.0,1.0
1780403700,EURAUD,bearish_exhaustion,1.62086,1.62109,1.62078,1.62082,0.0,1.187354640631407,9.910369868080002,0.021896768298028304,-2.7979144976504253,-0.7847707512375706,3.8411397129783893,-24.721913007644726,-97.86594529600944,-0.02321006633583556,0,,,7.403659875881985e-05,2.4678866253013965e-05,6.16971656319798e-06,1.0
1780404300,EURAUD,bearish_exhaustion,1.62094,1.62099,1.62072,1.62086,0.0,1.2315246741796773,9.994527021265796,0.021338293323451628,-2.4581926459215655,-0.7997573534066876,0.6031142246924333,1.1512188319747843,-89.03658463562869,0.004441476856210259,0,,,-1.8508692916086034e-05,6.169564305369413e-05,0.00021593475068804047,1.0
1780404600,EURAUD,bearish_exhaustion,1.62085,1.62109,1.62081,1.62083,0.0,1.242847995742944,9.936631209566213,0.021048431954670096,-2.430536118605566,-0.8108033441485808,2.286171064626899,6.22932241245968,-74.49405464994727,0.0058778828773461845,0,,,8.020582047474356e-05,0.00023444778292613933,0.0002838052109104261,1.0
1780396800,EURCAD,bullish_exhaustion,1.61208,1.61228,1.61206,1.6122,0.0,1.0675251948548776,7.219968501698221,0.016809657162632642,2.1106598846859415,0.6160173743226606,-5.023484483492581,-7.936507936505052,66.48326455747102,-0.007459696300753622,1,,,0.00016747301823594185,6.822974817000116e-05,1.2405408758242586e-05,0.0
1780397100,EURCAD,bullish_exhaustion,1.6122,1.6125,1.61216,1.61247,0.0,1.070152992783073,7.416649006677165,0.017112472551372084,2.9449125995552596,0.6654303993375569,-8.344213404014766,5.102040816337386,111.94513946808365,0.05344441343533398,1,,,-9.922665227890537e-05,-0.00015504164418567168,-0.00023566329916213657,1.0
1780416900,EURCAD,bearish_exhaustion,1.61074,1.6108,1.61041,1.61054,0.0,1.5781208191580451,22.869523774137207,0.034737557247244207,-2.5427988905120342,-0.8951407417135245,0.7045398615296236,0.3917188003580634,-29.24353667920213,0.042107468690168785,1,,,0.00020490021980190676,0.00018627292709272325,6.209097569653821e-06,1.0
1780417800,EURCAD,bearish_exhaustion,1.61085,1.61089,1.61048,1.61055,0.0,1.2674361392954752,17.345074195674886,0.033572784271358395,-2.4268250069440485,-0.678513833882834,11.208595123103615,-11.38257472058632,-5.898457945852412,-0.011875037229360008,1,,,6.209059017159291e-06,-0.0001862717705131134,-0.0002483623606842622,0.0
1780418100,EURCAD,bearish_exhaustion,1.61055,1.61067,1.61032,1.61056,0.0,1.1883891609616168,15.670615856514797,0.03272678980368313,-2.3969587308910087,-0.6550561481796456,21.625737067724444,-18.72521034701117,-13.515071842047321,-0.009163885671360504,1,,,-0.00019247963441293425,-0.0002545698390622464,-0.0001365984502283979,0.0
1780418400,EURCAD,bearish_exhaustion,1.61056,1.61059,1.61023,1.61025,0.0,1.0748165331499258,13.370262044754046,0.03140921532265858,-3.0296665060876253,-0.641292337499616,20.60497065080412,-15.726899204478457,-5.669119651160735,-0.008814764935926424,1,,,-6.210215805002584e-05,5.5891942245089865e-05,7.452258966011982e-05,1.0
1780425900,EURCAD,bearish_exhaustion,1.60841,1.60864,1.6083,1.60864,0.0,1.332344073253344,11.868594673610364,0.02387360243728231,-3.544419518796516,-1.34832852330553,3.271471481368806,23.983173689061196,-60.884866767194765,0.09256707547531368,1,,,-0.00012432862542266498,-9.946290033824301e-05,-1.8649293813344237e-05,0.0
1780426500,EURCAD,bearish_exhaustion,1.60845,1.60858,1.60836,1.60848,0.0,1.2265302106848261,10.264206834064384,0.02270350271227098,-3.7356786845524685,-1.286730242296851,19.588221920892444,2.204363851401908,-57.278958986870286,0.036242233904191436,1,0.889966779678374,84.0,8.082164528011582e-05,0.0001492091912862481,0.00012434099273850308,1.0
1780426800,EURCAD,bearish_exhaustion,1.60846,1.60866,1.60837,1.60861,0.0,1.0902194950071726,8.997532245411833,0.02236783356678957,-3.2300272355320367,-1.2022976221006096,20.780859058787506,-3.2855387506488825,-38.20327270356754,0.05113927125821648,1,0.8496645034573789,78.0,6.838201925885024e-05,4.351583043749052e-05,8.7031660874759e-05,1.0
1780427100,EURCAD,bearish_exhaustion,1.60861,1.60889,1.60861,1.60872,0.0,1.0587074879080363,8.600921533462968,0.02201193538964152,-2.788395880156068,-1.10044708578665,15.88380357856439,0.24396507446996907,5.549626467514632,0.05429089304792307,1,0.8040044172209151,73.33333333333333,-2.4864488537335028e-05,1.8648366403084538e-05,-0.0002237803968372365,1.0
1780431000,EURCAD,bearish_exhaustion,1.60788,1.60793,1.60776,1.60776,0.0,1.0611503776310134,6.785178335770025,0.01750430968391242,-4.740123116583633,-1.1307731901861633,0.010656453395725407,-15.496540496543656,-151.0491629421425,-0.0503323116968916,0,0.9543110696637049,93.33333333333333,-0.00016171567895717498,6.2198338059982206e-06,4.975867044820781e-05,1.0
1780431300,EURCAD,bearish_exhaustion,1.60779,1.60782,1.60749,1.6075,0.0,1.2284162270860455,8.077636438756985,0.01772297161458723,-5.395638592146551,-1.2117332324453747,0.005663515641302297,-14.786967418546697,-178.94783260565993,-0.08016989826569927,0,0.9710291842910433,96.0,0.0001679626749611085,0.00021150855365470456,0.0004354587869364046,1.0
1780432200,EURCAD,bearish_exhaustion,1.60786,1.60838,1.60786,1.6082,0.0,1.0540827663931474,8.285840350515036,0.019828639720244366,-2.102330669493233,-0.8953099656640681,0.7458185215956945,26.105005873267373,-10.689354275781149,0.10517149934586816,1,0.6599845227125838,63.33333333333333,-3.730879243890595e-05,-0.00011192637731627375,0.00016167143390122263,0.0
1780394400,EURCHF,bearish_exhaustion,0.91437,0.91437,0.91416,0.91418,0.0,1.1222598993699486,10.889882735561192,0.023150723889988824,-2.68003170053248,-0.3498227210497755,7.382306592884689,-30.63524590163763,-41.955835962190974,-0.13281464122584608,0,,,5.469382397338407e-05,8.751011835750333e-05,0.00027346911986692035,1.0
1780394700,EURCHF,bearish_exhaustion,0.91418,0.91429,0.91403,0.91423,0.0,1.070927717007434,10.570914637296472,0.023527298847488644,-2.3329375835388504,-0.40252259945975777,1.0932801145051343,-19.065957190960283,-53.24917051067025,-0.06871181809563383,0,,,3.281449963354888e-05,0.0002187633308905479,0.00044846482832539003,1.0
1780399200,EURCHF,bullish_exhaustion,0.91481,0.91518,0.91479,0.91515,0.0,1.4116786379016588,14.272103457046487,0.024500560043350286,2.0346372212996418,0.5669031052666668,-0.0002908148103415442,10.589061503710376,70.15995123692385,0.030743090927674032,0,,,-0.0003387422826859332,-0.00013112604491072322,3.2781511227542026e-05,1.0
1780417800,EURCHF,bullish_exhaustion,0.91574,0.91601,0.91571,0.91597,0.0,1.1109681904315893,11.191671106451468,0.025277130110357725,3.6098848857654215,0.8863902357779981,-0.32520889447671664,7.218899521529295,102.35338065004376,0.031502126621198806,1,,,-0.00017467820998495753,-0.00039302597246626547,-0.0004039433605903531,1.0
1780425900,EURGBP,bearish_exhaustion,0.86342,0.86353,0.8634,0.8634,0.0,1.2457846723445876,9.07056372966585,0.01854175996326392,-3.9128099141397326,-1.2445010391535876,1.2353908427135716,13.871099515069439,-53.21694148079155,0.04987258674261888,0,,,3.474635163325246e-05,0.00011582117211039744,-3.4746351633030415e-05,1.0
1780426500,EURGBP,bearish_exhaustion,0.86343,0.86355,0.86342,0.8635,0.0,1.1758389784608427,8.083353002870878,0.017741706099652116,-3.1083625544861118,-1.1202401158734587,7.484050478293964,3.3788515406191664,-22.20770738075778,0.07076644361800118,1,0.5555834435227799,57.333333333333336,-0.0001505500868559384,-2.3161551824024684e-05,-5.790387955995069e-05,0.0
1780426800,EURGBP,bearish_exhaustion,0.8635,0.86354,0.86337,0.86337,0.0,1.1111473459994123,7.749939399072647,0.017883370796301964,-3.7500082955810146,-1.0786075664857482,18.494353006368662,-7.029061624648357,-44.3398077300122,-0.006754591771789472,1,0.5289873997921375,54.666666666666664,0.00012740771627473002,9.266015729081367e-05,0.00020848535390394218,1.0
1780427100,EURGBP,bearish_exhaustion,0.86337,0.86357,0.86337,0.86348,0.0,1.0659637746520552,7.678934871899078,0.018258306584753366,-2.8111691202580236,-0.9633637783770719,21.7866392182921,-7.072829131648703,-19.20572916674371,0.04327944082347178,1,0.7210581968150366,67.33333333333333,-3.474313244078431e-05,8.106730902857073e-05,3.474313244078431e-05,1.0
1780384800,EURJPY,bullish_exhaustion,185.873,185.895,185.871,185.882,0.0,1.4039826943655243,5.465743023020427,0.009644949610308151,4.554828987879691,1.4296255353292,-0.16670806621853274,-15.927051671739939,89.45043019921324,-0.046685006581504734,0,,,5.379757050283374e-06,3.765829935131748e-05,6.993684165235159e-05,0.0
1780386300,EURJPY,bullish_exhaustion,185.884,185.886,185.87,185.88,0.0,1.0576570126869265,3.901055557192373,0.009296112957956043,3.864669490803899,1.2375378869444582,-1.1941363349345409,-3.4190841087593853,30.9195513128396,-0.055876734998132616,0,,,2.1519259737479146e-05,4.303851947495829e-05,8.607703894991658e-05,0.0
1780391400,EURJPY,bullish_exhaustion,186.041,186.041,185.997,186.007,0.0,2.101118075045347,15.84745640211921,0.017311082271005192,3.3832482219148474,1.4404265588901517,-0.07173284975117156,-7.155536540361826,27.093923386166974,-0.14475671232224965,0,,,-9.139440988781278e-05,4.300913406485307e-05,4.300913406485307e-05,0.0
1780391700,EURJPY,bullish_exhaustion,186.007,186.013,185.981,185.99,0.0,2.0265335881415467,15.150717291062339,0.01730499037574151,2.716746976628385,1.2476922204136944,-2.525876545553132,-12.832664194059754,1.879270551116471,-0.13289570474813753,0,,,0.00013441582880791003,0.00013441582880791003,0.00015592236141737104,0.0
1780392000,EURJPY,bullish_exhaustion,185.988,186.015,185.988,186.015,0.0,1.9403149322332665,14.181693680383894,0.017103542755688983,3.3814073766822776,1.1572508276317741,-8.059910465575058,-0.47415134636055356,8.787878787844642,-0.035028561389473446,0,,,0.0,2.1503642179565574e-05,0.00012902185307628322,0.0
1780392300,EURJPY,bullish_exhaustion,186.015,186.02,185.985,186.015,0.0,1.7571324765675154,12.880639427305375,0.017225838766494632,3.2063521368390635,1.054285034753587,-15.375306593134837,7.767503048808436,2.129925452619998,-0.020246164203072032,0,,,2.1503642179565574e-05,0.00012902185307628322,0.00013977367416617703,0.0
1780392600,EURJPY,bullish_exhaustion,186.014,186.032,186.005,186.019,0.0,1.5822900082943347,11.357363931234765,0.01703183821312608,3.2188162058622414,0.9891129883405577,-22.30118005301823,14.75767963971228,10.995723885219848,-0.0014458043813781543,0,,,0.00010751589891344615,0.0001182674888049462,0.0001343948736418632,0.0
1780392900,EURJPY,bullish_exhaustion,186.018,186.041,186.014,186.039,0.0,1.3555969888274921,9.543859970665135,0.016850227127252194,3.731658230860212,0.9780721272918292,-18.45735340473452,18.68454661558156,23.627075351292763,0.0439407223633086,0,,,1.0750434048745205e-05,2.6876085122085058e-05,-4.300173619498082e-05,0.0
1780393200,EURJPY,bullish_exhaustion,186.039,186.052,186.029,186.041,0.0,1.0666499725580043,7.2858632072610545,0.016529533143941746,3.695404405021063,0.9736167144469536,-12.882058391479962,16.083376222340007,33.02921815457189,0.03470793976275623,0,,,1.6125477717343628e-05,-5.375159239084937e-05,-0.00011287834402085029,1.0
1780391700,EURUSD,bullish_exhaustion,1.16464,1.16466,1.16448,1.1645,0.0,2.261706591667313,17.502865609838036,0.018320078379244605,2.566827119937323,1.2313998648700177,-1.506760429435289,-16.526675567321824,6.283832380634813,-0.14162377947655355,0,,,0.00014598540145982497,0.00013739802490331243,0.000163160154572628,0.0
1780392000,EURUSD,bullish_exhaustion,1.16451,1.16474,1.16449,1.16467,0.0,2.1060214688447463,16.476096225829792,0.018542254553049534,3.194168056986741,1.113894839651519,-5.86000262052103,-6.759279173073342,14.546684709035885,-0.039281719595600145,0,,,-8.586123107834354e-06,1.7172246215668707e-05,6.868898486245278e-05,0.0
1780392300,EURUSD,bullish_exhaustion,1.16467,1.16472,1.16446,1.16466,0.0,1.8923644067966863,15.013465143154418,0.01881253504602786,2.9693922929134393,1.0025390783249708,-10.605429256166516,7.688841157746534,3.9292730845043113,-0.026383748837922095,0,,,2.5758590489921573e-05,7.727577146976472e-05,0.00012879295244960787,0.0
1780392600,EURUSD,bullish_exhaustion,1.16466,1.16482,1.16456,1.16469,0.0,1.6199775666796026,13.013253372736228,0.019062870921335365,2.933925625784106,0.9151217632802834,-15.533072001015384,16.960758332225506,10.866997401418294,-0.004924708832759205,0,,,5.151585400398062e-05,0.00010303170800796124,0.00018030548901437626,0.0
1780392900,EURUSD,bullish_exhaustion,1.16469,1.16481,1.16463,1.16475,0.0,1.3483321359416638,10.581085900312791,0.018804179727948723,3.1156732496304054,0.8799933791956183,-20.489672753171106,16.963545517678035,10.321752228554592,0.018065124153658303,0,,,5.1513200257424785e-05,0.00012878300064400605,9.444086713883415e-05,0.0
1780393200,EURUSD,bullish_exhaustion,1.16475,1.16488,1.16475,1.16481,0.0,1.052132903322726,7.9003873058114,0.018257311639768587,3.345198872055142,0.880018776471368,-16.606404752917264,14.758994274587053,24.554941682092878,0.03313117269143391,0,,,7.72658201768639e-05,4.292545565376393e-05,2.5755273392435996e-05,0.0
1780431900,EURUSD,bearish_exhaustion,1.162,1.16209,1.16191,1.16203,0.0,1.3215150378585638,11.60876791321654,0.021916225287799632,-4.700928131956875,-1.5304694585503746,1.5632668658052375,22.33616465808683,-65.62558096306186,0.08012776205479219,1,0.9636858595631546,94.0,0.0003098026729086989,0.00039585897093896705,0.0003786477113327802,1.0
1780432200,EURUSD,bearish_exhaustion,1.16204,1.16248,1.16204,1.16239,0.0,1.154129158916604,10.912090263520525,0.023109716466281273,-3.0146110742384398,-1.2547560660795047,4.513040508848704,26.29045192630079,6.238532110040317,0.14343572029431043,1,0.8924301274739187,86.0,8.602964581583272e-05,6.882371665262177e-05,0.0004129422999166188,1.0
1780432500,EURUSD,bearish_exhaustion,1.1624,1.16259,1.16231,1.16249,0.0,1.0758139640833575,10.191299708187731,0.023177621386736028,-2.5260029582030503,-1.0538365964342749,15.451980865268283,13.918080312032089,52.574596162972696,0.11560573172975258,1,0.7195061874426949,66.66666666666666,-1.720444907060692e-05,0.0003268845323400882,0.0003182823078047292,1.0
1780432800,EURUSD,bearish_exhaustion,1.16248,1.16259,1.16246,1.16247,0.0,1.0786604988347261,9.67914107925091,0.02232123901914915,-2.558215914179457,-0.9275858192913992,23.48092017083767,3.5140399223990073,71.22487623478374,0.06563354513128264,1,0.7444419274612633,70.0,0.00034409490137399246,0.000335492528839465,0.0003010830387022434,1.0
1780397400,GBPAUD,bearish_exhaustion,1.87537,1.87544,1.87507,1.87521,0.0,1.1181356211655007,12.804854854754216,0.028869549290793273,-4.299874200140491,-1.3807219933756438,2.724223639557246,16.876475272820144,-23.431132844352703,0.05972653571297381,1,,,-1.5998208200640462e-05,0.00022397491480941056,0.0002346403869433189,1.0
1780397700,GBPAUD,bearish_exhaustion,1.87521,1.87542,1.87511,1.87518,0.0,1.160842626794558,12.732272824783857,0.02798870652541749,-4.306466566341019,-1.3202749880068836,6.463904118298251,8.123400574349574,-20.683171419612787,0.03822583724584126,1,,,0.00023997696221145226,0.0002506426049766475,0.0004479569961284291,1.0
1780398000,GBPAUD,bearish_exhaustion,1.87515,1.87566,1.87507,1.87563,0.0,1.1290330320247537,12.565906667311891,0.028230141915376622,-3.2619882883193037,-1.145254510272656,11.31955258835963,2.1551576288659504,10.185858853082342,0.0786361995715673,1,,,1.0663083870543488e-05,0.0002079301354744878,0.00020259859353921605,1.0
1780400100,GBPAUD,bearish_exhaustion,1.87595,1.87602,1.87567,1.87567,0.0,1.0681816216367,11.637983005755025,0.02765884791500647,-2.2945757509509885,-0.3069363631051415,1.952533090352759,-22.305245308523972,59.34212646447688,-0.08903410850767565,1,,,-0.00017060570356186577,-0.00017593713179819837,-0.0002559085553429652,0.0
1780400400,GBPAUD,bearish_exhaustion,1.87567,1.87568,1.8752,1.87535,0.0,1.0746228417554842,11.637546790699151,0.027515828530812383,-2.7762592567649724,-0.3482275335408395,1.1094164798732464,-25.23584960666525,7.944804515896378,-0.10976685707827515,0,,,-5.332337963626088e-06,-8.531740741735128e-05,-4.7991041672301726e-05,0.0
1780400700,GBPAUD,bearish_exhaustion,1.87536,1.87573,1.87526,1.87534,0.0,1.0554225078560378,11.344537743641206,0.02734070002766599,-2.657923505703314,-0.37928049402721153,0.6212832072850603,-14.09009004196621,9.728696067875932,-0.07951503833264066,0,,,-7.998549596344162e-05,-4.26589311804948e-05,-0.00010664732795118148,0.0
1780401000,GBPAUD,bearish_exhaustion,1.87534,1.87535,1.87494,1.87519,0.0,1.065047929850422,11.234517128335597,0.02695157020539949,-2.820378554549404,-0.426986620809128,0.3439290873167522,0.5084579720871805,-34.23557038682583,-0.07490383140294007,0,,,3.7329550605536e-05,-2.6663964718176558e-05,0.00023997568246425516,0.0
1780401300,GBPAUD,bearish_exhaustion,1.87519,1.87542,1.875,1.87526,0.0,1.0599423383502036,11.012004923220879,0.026625302020406645,-2.551604709802394,-0.44955951958190876,0.1886082854954907,5.874650645887449,-27.09447415331811,-0.04036865267872223,0,,,-6.399112656374495e-05,0.00020263856745206255,0.0003572837899812331,1.0
1780423200,GBPAUD,bearish_exhaustion,1.87595,1.87601,1.87537,1.87542,0.0,1.1302333545041747,13.837159825063022,0.03128887052664865,-2.0006893836051485,-0.5748785917547669,1.3451894386325514,1.7692615809493049,-30.77905928786369,0.002474770070539546,0,,,-6.398566721066423e-05,0.00029859978031576695,0.000154632029092161,1.0
1780423500,GBPAUD,bearish_exhaustion,1.87542,1.87543,1.87521,1.8753,0.0,1.0925477739331777,12.551340675722038,0.029893771523037262,-2.2832764910495054,-0.5988493325335262,0.39697011080362277,-17.93128512784775,-65.18088841397824,-0.009001845036023167,0,,,0.0003626086492827252,0.00021863168559699275,0.0003519436890098149,1.0
1780440000,GBPAUD,bearish_exhaustion,1.87538,1.87538,1.87517,1.87522,0.0,1.2116978331683739,5.47638446418775,0.012136623378030705,-2.575702577838434,-0.7798154886111651,0.1664879728508309,13.326617196593766,-76.38594008013975,0.017555662044369952,0,0.7587851302796825,70.66666666666667,-5.865978391872417e-05,3.1996245773768806e-05,,1.0
1780384800,GBPCAD,bullish_exhaustion,1.86375,1.86381,1.86368,1.86377,0.0,1.6181982696966353,6.895129755011187,0.01055220879454644,3.2430139895002132,1.2138188759034523,-0.28204615772331465,-19.775054557678033,41.678285278783235,-0.08460859998924723,0,,,6.438562698196648e-05,0.00013950219179403867,0.00015559859853953029,0.0
1780385100,GBPCAD,bullish_exhaustion,1.86377,1.86395,1.86363,1.86389,0.0,1.476962398018561,6.678310591081725,0.011024162692202232,3.6033007986678496,1.1297735567871996,-0.6395996695065946,-8.923610321124606,52.35294117642543,-0.0236579236732057,0,,,7.511172869634208e-05,9.120709913146285e-05,8.047685217471567e-05,0.0
1780390500,GBPCAD,bullish_exhaustion,1.86458,1.86489,1.86437,1.86487,0.0,1.3866462346641597,11.448837964709107,0.018955144565211836,3.1135356654422504,0.9330740733072581,-1.4231369529974955,8.838748456001337,36.459046315272204,-0.01392971253447033,0,,,-2.1449216299318508e-05,-0.00032710054856366355,-0.00043970893413480816,1.0
1780390800,GBPCAD,bullish_exhaustion,1.86487,1.865,1.86458,1.86483,0.0,1.328719343802237,11.070464136847352,0.019210308936213047,2.8427900998241546,0.8807536380557299,-1.5495297485877444,13.778397369459839,44.01772173057155,-0.021972768148931832,0,,,-0.00030565788838654573,-0.00041826868937111517,-0.00041826868937111517,1.0
1780415700,GBPCAD,bearish_exhaustion,1.86345,1.8635,1.86275,1.86275,0.0,1.3781651016761913,20.32129809745307,0.034471748648124856,-2.9794937977234977,-0.8715806410224637,0.4093389430426655,14.722451629293943,-72.08002353639836,0.018638519294374493,1,,,0.00020399946315929895,0.00019863105623407762,0.0004616829955710333,1.0
1780427400,GBPCHF,bullish_exhaustion,1.05994,1.06011,1.05992,1.06011,0.0,1.805008191458301,16.484145306145038,0.02407243617290603,2.4851651947735807,0.8888174845250347,-4.39506535379499,12.792135091802546,55.36272127732498,-0.010121496139905428,0,0.6580071571175858,62.0,2.8298950109029164e-05,-8.489685032697647e-05,7.546386695711504e-05,1.0
1780427700,GBPCHF,bullish_exhaustion,1.06011,1.06024,1.06003,1.06014,0.0,1.7930723769976045,16.15820307821139,0.023767251363457167,2.5106548185544906,0.889808706057064,-5.916553699236857,18.170086462775238,66.1619138293411,-0.006679267160055586,0,0.5797521055234808,58.666666666666664,-0.0001131925972042147,4.716358216838579e-05,4.716358216838579e-05,0.0
1780428300,GBPCHF,bullish_exhaustion,1.06002,1.06021,1.06001,1.06019,0.0,1.538596229112774,13.436032873525086,0.02309091180622624,2.5432223427263514,0.8581430344773473,-18.851799381189124,6.4284792507641555,60.90297790585462,0.011906215733382398,0,0.3089135432731757,42.0,0.0,0.00011318725888775916,0.00019807770305324546,0.0
1780428600,GBPCHF,bullish_exhaustion,1.0602,1.06022,1.06006,1.06019,0.0,1.388576295804502,11.751231905461987,0.022519534857091166,2.4980119715664286,0.8700796721645038,-18.452101368105133,3.7480642663435617,63.634895364648166,0.001702401762968512,0,0.08032265303630537,12.666666666666668,0.00011318725888775916,0.00019807770305324546,0.0002075099746272624,0.0
1780428900,GBPCHF,bullish_exhaustion,1.0602,1.06038,1.06018,1.06031,0.0,1.2597356814164646,10.54506802864182,0.022255944931322862,2.9154764842915233,0.9030211886474415,-13.739151522807852,8.456035923140234,101.0696354508064,0.027528514000705714,1,0.08046909113478184,13.333333333333334,8.488083673641178e-05,9.4312040818334e-05,-6.601842857278939e-05,0.0
1780386600,GBPJPY,bullish_exhaustion,215.035,215.046,215.026,215.046,0.0,1.277255567776728,6.252331993089766,0.012150292206055086,4.0300485660601035,1.2814492323317899,-2.9624744095284825,-19.548835490873483,17.91940322701662,-0.060409190902978166,0,,,-0.00011625419677652182,0.000139505036131915,0.00032086158310318247,0.0
1780386900,GBPJPY,bullish_exhaustion,215.045,215.055,215.021,215.021,0.0,1.0591187389279677,5.335841426104688,0.012413183759016632,2.8676384577325016,1.0859207874773587,-5.849439033394859,-17.48645879081139,-10.018480692452746,-0.10093921342879927,0,,,0.0002557889694494442,0.0004371666023319509,0.0007813190339549525,0.0
1780390500,GBPJPY,bullish_exhaustion,215.194,215.256,215.19,215.249,0.0,1.9416122629834294,17.29055730852132,0.020397190562431316,4.918830111251061,1.5079154301208428,-0.4222323160030328,-4.048165822144476,61.272841839963924,-0.04050513504643272,1,,,2.322891163264451e-05,-0.00018583129306060098,-0.00028803850424385935,1.0
1780391400,GBPJPY,bullish_exhaustion,215.209,215.209,215.169,215.187,0.0,1.7477370845101126,16.343533777357326,0.021611099112381488,2.856941594729712,1.14341336316904,-1.3412033605305993,-3.7664129342493666,12.50856751204297,-0.09923503040627238,0,,,-0.00019517907680299817,-0.00024165028556566437,-7.900105489655473e-05,1.0
1780392300,GBPJPY,bullish_exhaustion,215.135,215.181,215.102,215.17,0.0,1.436281665191829,13.97822174212854,0.022641751100961893,2.0435871168882307,0.6450868753762742,-23.02498394669429,3.3323171907911124,-37.401226037362655,0.0028084624773387847,0,,,0.00010224473671982537,0.0001115397127853246,0.00024631686573428624,0.0
1780392600,GBPJPY,bullish_exhaustion,215.169,215.201,215.149,215.192,0.0,1.2957797255188026,12.601811963909572,0.022748367105097127,2.3630990734446073,0.6030233169451487,-18.415203970648122,19.656149148098525,-15.329171108036844,0.03998920080980896,0,,,9.294025800077321e-06,0.00014405739990341893,-5.111714190120242e-05,0.0
1780392900,GBPJPY,bullish_exhaustion,215.192,215.216,215.17,215.194,0.0,1.0605669496141472,10.189288414624496,0.022650148896558076,2.293310638590007,0.5713362997347238,-12.658957983974549,25.09071224270199,-11.512524084831428,0.0360073129905819,0,,,0.00013476212162055745,-6.041060624351058e-05,-0.00023234848555253595,1.0
1780391400,GBPUSD,bullish_exhaustion,1.34745,1.34754,1.34729,1.34733,0.0,1.7434969108506428,18.622037324013025,0.02507667721081485,2.4968508552598707,1.0162431438175137,-1.0977502331678295,-4.604604604610117,20.933301343592774,-0.09150623392829091,0,,,-0.00019297425278141933,-0.00021524051271770706,-7.422086645436643e-05,1.0
1780392600,GBPUSD,bullish_exhaustion,1.34717,1.3474,1.34702,1.34733,0.0,1.2914577109823848,14.401080140958463,0.026353622643976653,2.0041103753524574,0.5392447634248893,-20.260760893195467,18.47022970595615,-18.560474032726358,0.024708233986238348,0,,,-1.4844173290784468e-05,0.00012617547297244514,2.968834658179098e-05,0.0
1780401000,USDCAD,bullish_exhaustion,1.38486,1.38521,1.38486,1.38516,0.0,1.325390248190299,9.215754344840331,0.017238610181051946,3.591555497434125,1.0077145609668128,-0.318030969967964,10.004177109436796,71.11599601061687,0.013943410104663274,0,,,-7.941320858240175e-05,-5.0535678188801114e-05,-9.385197377920207e-05,1.0
1780415700,USDCAD,bearish_exhaustion,1.38368,1.38376,1.38303,1.38305,0.0,1.1573403473454758,18.56845419492951,0.03599538070835169,-2.4281180592271325,-0.7941040350093013,2.5554303345930425,13.727391620684017,-16.561108741053303,0.03933490256645682,1,,,0.00040490220888633743,0.00032536784642633876,0.00041936300206057986,1.0
1780392000,USDCHF,bearish_exhaustion,0.78496,0.78512,0.78488,0.78504,0.0,2.212547105512566,32.24054085194708,0.034488274280396254,-3.234757222905932,-1.2933695385904096,0.10420384092001728,14.013266998338182,-34.60794759482037,0.09841496441844144,1,,,0.0002420258840314382,0.0003057169061448928,0.0003057169061448928,1.0
1780392300,USDCHF,bearish_exhaustion,0.78504,0.78535,0.78501,0.78523,0.0,1.9635314258153735,29.153592294920248,0.03510989254595745,-2.3910618749309087,-1.1094861547636992,1.1655780875888981,2.249339691242696,-6.3697851604174,0.112711319881414,1,,,6.36756109675396e-05,6.36756109675396e-05,-5.094048877385404e-05,1.0
1780392600,USDCHF,bearish_exhaustion,0.78526,0.78539,0.7851,0.78528,0.0,1.7241821053411956,25.58882652224846,0.03523778888787706,-2.109749558123712,-0.9529561265293431,4.798762883305592,-0.5453135706307535,11.549310766939689,0.08371539261725017,1,,,0.0,-0.00011460880195590661,-1.2734311328421732e-05,0.0
1780392900,USDCHF,bearish_exhaustion,0.78528,0.78538,0.78513,0.78528,0.0,1.522928043211157,22.28278962054662,0.03499478813310762,-2.0348821280988694,-0.8283814103277816,10.200468919032016,-1.3836373687115184,24.59474566797581,0.049597958889878925,1,,,-0.00011460880195590661,-1.2734311328421732e-05,-7.640586797064142e-05,0.0
1780393200,USDCHF,bearish_exhaustion,0.78528,0.7853,0.78509,0.78519,0.0,1.28932420544965,18.358959621214176,0.03440925071158137,-2.3044067614537225,-0.7549988187611476,20.003520989561768,-6.049406726603323,25.387661448502676,0.0036668976956628937,1,,,0.00010188616767914382,3.8207312879734445e-05,-0.00026745119015780805,1.0
1780432200,USDCHF,bullish_exhaustion,0.78784,0.78786,0.78764,0.78766,0.0,1.1854741293779856,14.61427405326995,0.03146805323750571,3.1428871718259326,1.1904507794813717,-2.1760895039166854,-24.655423280419345,19.859292902236135,-0.10454555667575488,0,0.2945377721017741,40.0,-8.887083259279116e-05,2.5391666454988027e-05,-0.0004443541629638448,0.0
1780432500,USDCHF,bullish_exhaustion,0.78767,0.78778,0.78752,0.78759,0.0,1.0710342937207147,13.296921075315767,0.03158093937288823,2.7797397532727155,1.037509235607518,-9.935740085234997,-16.219727116278214,-11.383320960167028,-0.08717650997979515,0,0.43932172205743153,49.333333333333336,0.00011427265455377089,-0.00035551492527841067,-0.0002158483474904438,1.0
1780418400,USDJPY,bullish_exhaustion,159.829,159.831,159.809,159.828,0.0,1.3151486999371111,7.520705680223581,0.013555947855778622,2.6513662271590217,0.9734088167819896,-1.1064067329643166,-25.40616002116619,9.818481848160994,-0.13542059359987813,0,,,5.631053382382234e-05,0.0001376479715693435,0.00020647195735401525,0.0
1780422900,USDJPY,bullish_exhaustion,159.882,159.89,159.872,159.875,0.0,1.2688542643681258,6.872451473946998,0.013703435088714779,2.622742279169418,0.8788041938452403,-0.003262230065701033,-3.7912912912986627,61.0298792117113,-0.049413864718971245,1,,,6.880375293194518e-05,8.756841282253625e-05,6.880375293194518e-05,0.0
1780423200,USDJPY,bullish_exhaustion,159.874,159.89,159.862,159.886,0.0,1.257286689326154,7.0096198860076395,0.013974634115426321,2.931503496075954,0.8425315728989148,-4.796215388378442,-1.95861183765318,57.18433263340673,-0.004451191983382517,0,,,1.8763368900387434e-05,0.0,3.752673780077487e-05,0.0
1780423500,USDJPY,bullish_exhaustion,159.886,159.896,159.876,159.889,0.0,1.2536744004209373,6.917785409835394,0.01386967947957014,2.9563369651867597,0.834885147559482,-7.36521218466126,5.828788940747529,76.6465108677761,0.0006500199692126311,0,,,-1.8763016843004188e-05,1.8763016842893165e-05,2.501735579052422e-05,0.0
1780423800,USDJPY,bullish_exhaustion,159.887,159.891,159.872,159.886,0.0,1.1735166464276938,6.38567801797828,0.013728048810676973,2.719002220477398,0.8119116521253075,-6.9482505395716885,8.481275393044413,60.24544440312622,-0.013436103272701144,0,,,3.752673780077487e-05,4.378119410075598e-05,0.00021890597050400196,0.0
1780424100,USDJPY,bullish_exhaustion,159.885,159.892,159.881,159.892,0.0,1.1601102246920423,6.00062151728755,0.013238398668150218,2.971587036126306,0.8292531443148453,-17.364506422276833,5.385568205785361,77.22848810654429,0.004944539260047763,0,,,6.254221599499843e-06,0.0001813724263877159,0.0002439146423836025,0.0
1780426800,USDJPY,bullish_exhaustion,159.904,159.914,159.888,159.896,0.0,1.0595499570556803,5.151931964245051,0.012333215563964259,2.0608186572803273,0.8919783803284583,-8.093486071122015,-21.126256916566263,2.4500565395784,-0.09162534956220938,0,0.05782408871483976,6.666666666666667,0.00013133536798926038,0.00014384349827412102,0.00024390854055145184,0.0
1780427400,USDJPY,bullish_exhaustion,159.917,159.929,159.916,159.919,0.0,1.0827497805897288,5.2258849115365384,0.012250250804675731,2.9606219036637476,0.844030206099336,-16.514108089166797,19.771180777520833,71.77992348318642,0.011288313001608102,0,0.06709892104837129,9.333333333333334,0.00010005065064189189,0.0001375696446326291,0.00010005065064189189,0.0
1780427700,USDJPY,bullish_exhaustion,159.919,159.94,159.918,159.935,0.0,1.0563623739862678,5.1699224699153286,0.01235663691929638,3.584550903139175,0.8725887573215325,-11.879738187429972,24.53675712327098,96.16198247184799,0.057223392747451474,0,0.13949509377471062,22.666666666666664,3.751524056649913e-05,0.0,-1.2505080188907058e-05,0.0
1780428000,USDJPY,bullish_exhaustion,159.935,159.945,159.931,159.941,0.0,1.13679050624833,5.405212355910501,0.012098820115782795,3.802392605716727,0.9344605792999299,-7.349493504186672,17.610264978691376,112.44837758088818,0.05206300534473926,1,0.10860199108800231,18.666666666666668,-3.7513833226032745e-05,-5.0018444301414e-05,5.001844430130298e-05,1.0
1780428300,USDJPY,bullish_exhaustion,159.941,159.947,159.932,159.935,0.0,1.1681228540215538,5.436986992709935,0.011904955158479957,3.3854704122827273,0.9482394012836625,-3.332805788841805,5.059198357226165,98.5074626864681,0.005936713145095593,1,0.04908789975412798,6.0,-1.2505080188907058e-05,8.753556132190532e-05,0.00010004064151059033,0.0
1780428600,USDJPY,bullish_exhaustion,159.934,159.938,159.927,159.933,0.0,1.1857744425182002,5.293416071244301,0.0115460166098701,3.216741657433902,0.9567573007578041,-2.5892040380279013,-7.65819885936196,72.75985663088287,-0.010665398281854234,1,0.03649242603889516,5.333333333333334,0.00010004189254253504,0.00011254712911035192,0.00010004189254253504,0.0
1780428900,USDJPY,bullish_exhaustion,159.934,159.949,159.931,159.949,0.0,1.1504919408642578,5.14020246238424,0.01152405631440677,3.9234806616941262,1.000344610034935,-2.1107017950236604,-2.39009088755094,100.802253659124,0.04174885693964255,1,0.09503101262224135,15.333333333333332,1.2503985645340165e-05,0.0,8.127590669504414e-05,0.0
1780429200,USDJPY,bullish_exhaustion,159.949,159.953,159.947,159.951,0.0,1.2282929148270734,5.123258689943866,0.010968714831698303,4.050256222032195,1.082551513364559,-0.18171357152830403,4.008596991044016,117.76541230469125,0.02516499740280599,1,0.12255004398348669,22.0,-1.2503829297627611e-05,6.877106113734044e-05,5.626723183982385e-05,0.0
1780431900,USDJPY,bullish_exhaustion,159.952,159.959,159.943,159.959,0.0,1.383213983131356,5.612541798244678,0.010391929578014244,3.2268880126103494,1.1017155976668689,-19.683181621865515,-19.26442121564999,41.53555695407074,-0.043785749452001844,0,0.19097750087083043,30.0,-7.501922367603164e-05,-0.00011252883551415849,-0.00018754805919019013,1.0
1780432200,USDJPY,bullish_exhaustion,159.958,159.962,159.946,159.947,0.0,1.3169139303275201,5.336066611058658,0.010364895257180573,2.4115805545406284,0.9833647158594485,-23.329775844233907,-19.79463625803948,29.6834193259818,-0.08011675883185043,0,0.005110152356317476,0.6666666666666667,-3.751242599114857e-05,-0.00011253727797333468,-0.00027509112393486745,1.0
1780477200,AUDCAD,bearish_exhaustion,0.99174,0.99187,0.99151,0.99177,0.0,1.0834357930824696,16.72578932123066,0.03642902737598869,-2.12625701531744,-0.9084227822202718,1.449643408510082,19.1791347888895,-23.035460992859303,0.08780895530306887,1,0.8548382172371275,78.66666666666666,0.00023190860784239042,0.0006553938917288615,0.0007562237212255241,1.0
1780503300,AUDCAD,bearish_exhaustion,0.99113,0.99122,0.9907,0.99095,0.0,1.2518459181249781,21.137819650757276,0.040314908835859836,-2.9621983853381177,-0.9649267116112397,1.0701845065882138,4.97505778822358,-46.43678160917407,0.04688973807169671,1,0.939722400447907,91.33333333333333,-2.0182653009737095e-05,-9.082193854381693e-05,6.0547959029211285e-05,0.0
1780503600,AUDCAD,bearish_exhaustion,0.99097,0.99112,0.99076,0.99093,0.0,1.2089362271824435,20.12925911613975,0.040030992951905334,-2.9212528365591224,-0.9150983476788402,1.3837061517317721,-4.9433647551364714,-44.19569136127487,0.03244587722972664,1,0.9065494747883149,88.66666666666667,-7.064071125106874e-05,8.073224142979285e-05,0.00026237978464682676,1.0
1780503900,AUDCAD,bearish_exhaustion,0.99093,0.99102,0.99075,0.99086,0.0,1.2361196874899623,19.87135281593379,0.03912062349847675,-3.0637415347803336,-0.8947399445786783,1.6572340201485334,-15.191868106837099,-48.526543307460614,0.01352634861436965,1,0.8683056535812432,81.33333333333333,0.00015138364652922398,0.0003330440223645592,0.00025230607754878065,1.0
1780504200,AUDCAD,bearish_exhaustion,0.99086,0.99115,0.9907,0.99101,0.0,1.1598186574440357,18.887359941731614,0.03956423915256036,-2.5438324830274768,-0.8116597944839151,1.9509716864409814,-8.33999686450366,-31.83648012700129,0.03603277072743088,1,0.8280656368303316,76.0,0.0001816328795876121,0.00010090715532640182,0.00024217717278340878,1.0
1780504500,AUDCAD,bearish_exhaustion,0.99101,0.99132,0.99098,0.99119,0.0,1.1038356236662934,17.693361588712015,0.03918170772747373,-2.0104789581534255,-0.7154504906503819,5.475804382904242,3.369392405638692,10.639641346252336,0.05340019309611025,1,0.7625989809720206,71.33333333333334,-8.07110644780451e-05,6.053329835853383e-05,0.00038337755627071424,1.0
1780522800,AUDCAD,bearish_exhaustion,0.99064,0.99066,0.99058,0.9906,0.0,1.0858173991189275,6.634053280777992,0.016726673769227873,-2.1280135924802566,-0.6715304047247865,5.859479723127048,12.84600389864454,-70.31396879110264,0.025061504830536357,0,0.42657801641779874,21.929824561403507,1.0094891984557819e-05,0.0001312335958005839,0.00014132848778514173,1.0
1780503600,AUDCHF,bearish_exhaustion,0.56462,0.56473,0.56455,0.56461,0.0,1.6526859578836632,28.42467330391122,0.041990146069680864,-2.356161092354268,-0.9035398054670148,0.6529040048382571,-0.5639862782803533,-23.50824959680461,0.07580459111807791,1,0.8921223966659394,85.33333333333334,0.0,-7.084536228529892e-05,0.00037193815199887403,0.0
1780503900,AUDCHF,bearish_exhaustion,0.56461,0.56467,0.56453,0.56461,0.0,1.6741896276755823,27.576586393231135,0.04076198397898367,-2.3115737420493074,-0.8460071949974113,1.8424495651342077,-4.244801279690435,-24.642810329003375,0.05456271811349438,1,0.8494394499270971,77.33333333333333,-7.084536228529892e-05,0.00037193815199887403,0.0006553196011407358,1.0
1780504200,AUDCHF,bearish_exhaustion,0.56462,0.56475,0.56455,0.56457,0.0,1.6422628614754806,26.67352088906986,0.04038346618625798,-2.379021086272773,-0.7912290616700126,3.7851106514802813,-6.013324530764976,-16.144910415405445,0.025831635060037245,1,0.7419475493482455,69.33333333333334,0.0004428148856652214,0.0007262164124910431,0.0010273305347432427,1.0
1780503300,AUDJPY,bearish_exhaustion,114.31,114.345,114.27,114.285,0.0,1.0542686860961523,20.62429335036029,0.04662220922922874,-3.0193953084866547,-0.9410002056804654,1.7292261152025465,4.648488877159863,-23.744292237472227,0.04004580665428937,1,0.8920338026376118,84.66666666666667,-0.0001662510390688654,0.00025375158594731495,8.750054687856057e-05,1.0
1780513200,AUDJPY,bearish_exhaustion,114.15,114.156,114.13,114.151,0.0,1.2614129246011,15.282161330876104,0.03236377144661956,-2.5411730158089254,-1.0629805199115294,9.153932710746187,27.952841911169664,-47.403495536245465,0.07492227892411582,1,0.8644384956160364,80.66666666666666,0.00013140489351815,-6.132228364175152e-05,-0.00028033043950548286,0.0
1780476900,AUDUSD,bearish_exhaustion,0.71574,0.71605,0.71574,0.71595,0.0,1.1979696871160983,23.629503213969326,0.046881743052439084,-2.283927802280474,-0.9683718670854927,0.01840556266909625,15.858877654736169,-31.56355126518269,0.09601581633374281,1,0.970590334238816,95.33333333333334,-5.5869823311627265e-05,0.00013967455827912367,0.0006285355122566116,1.0
1780503300,AUDUSD,bearish_exhaustion,0.71476,0.71497,0.71419,0.71439,0.0,1.0842485076517014,27.04755527084869,0.05860001896913753,-3.5539509623192744,-1.0536076477700782,1.908495968008554,5.218645795539231,-42.278915910697215,0.025890012151366132,1,0.9833476056722805,97.33333333333334,0.0,0.00029395708226598316,0.00018197343187908999,1.0
1780503600,AUDUSD,bearish_exhaustion,0.71437,0.71446,0.71422,0.71439,0.0,1.0602106484907194,25.22919440809775,0.056813952979635964,-3.534601458351928,-1.033597638865252,2.0038077338307776,-7.271110193584917,-63.89265792249865,0.022261634921601152,1,0.9685561588338452,94.66666666666667,0.00029395708226598316,0.00018197343187908999,0.00023796525707253657,1.0
1780513200,AUDUSD,bearish_exhaustion,0.71354,0.71358,0.71336,0.71353,0.0,1.1553207275374133,18.850369409894103,0.042892259714009916,-2.010788197338015,-0.9434299218659864,23.64869063268165,23.127056256837044,-16.877637130768417,0.07902547828370458,1,0.7364131218690216,68.66666666666667,0.00033635586450464494,-0.00021022241531543084,-0.0005185486244446702,0.0
1780516800,CADCHF,bullish_exhaustion,0.57021,0.57024,0.57018,0.57019,0.0,1.1969857251069367,11.72134177542512,0.02729878343472055,2.5479436576617376,0.9766434229808267,-0.3714085878538924,-15.76442171071492,26.432748537967562,-0.06715691204071371,0,0.09567087080451397,16.0,0.00010522808186763655,5.261404093359623e-05,7.015205457827633e-05,0.0
1780483500,CADJPY,bearish_exhaustion,115.314,115.314,115.252,115.265,0.0,1.104181848717223,25.88066514888615,0.05208276583798072,-2.208111510043132,-0.7400824360592911,1.3407598294472052,9.920255183413616,-43.47826086957633,0.0215737978791025,0,0.9900260631048962,99.33333333333333,0.00018218886912757526,0.00018218886912757526,0.0008068364204225631,1.0
1780513200,CADJPY,bearish_exhaustion,115.145,115.163,115.134,115.16,0.0,1.2446920895062115,10.566701004376958,0.022848225878469224,-3.3429592365312852,-1.1701333281847912,1.6939091290540458,14.811401263019775,-48.05793285057946,0.06937074136294533,1,0.8799351085802385,82.0,-4.341785342132365e-05,0.00020840569642244233,0.0002605071205279419,1.0
1780513500,CADJPY,bearish_exhaustion,115.16,115.165,115.152,115.155,0.0,1.1632047135088404,9.412935539668036,0.022023497520819287,-3.536116055269837,-1.130448782620678,8.891070398212849,20.881798513382307,-30.406453614645187,0.03717152181231793,1,0.8287892884720544,76.66666666666667,0.0002518344839563813,0.00030393817029228387,0.0002692023794017562,1.0
1780483500,CHFJPY,bearish_exhaustion,202.413,202.413,202.303,202.329,0.0,1.5499686269494177,37.25258934541453,0.05525944944077753,-2.6676590661527224,-0.9026405426337406,1.985472946037757,8.392752578800042,-34.62993631428777,0.030677611241983874,1,0.9885475758496225,98.66666666666667,0.0001482733567605976,9.390645928175623e-05,0.0007215970029010865,1.0
1780483800,CHFJPY,bearish_exhaustion,202.329,202.376,202.329,202.359,0.0,1.5224565540757198,34.34950086062334,0.05296374226595157,-2.4214173194798674,-0.8698364917342368,2.876573949717328,3.9936834054483086,-26.905286426953165,0.043487237922295835,1,0.9850059665213999,98.0,-5.4358837511481184e-05,0.0005732386501218212,0.0009339836626984788,1.0
1780484100,CHFJPY,bearish_exhaustion,202.362,202.37,202.33,202.348,0.0,1.3790207030024453,29.095434561577925,0.05059528597675547,-2.5579577154764226,-0.8499171013513366,5.639389126601699,-5.40282696454868,-23.038866677608695,0.024847181200720665,1,0.9376892411515229,90.0,0.0006276316049576014,0.000988396228279953,0.0009389764168659109,1.0
1780515600,CHFJPY,bearish_exhaustion,201.956,201.971,201.914,201.926,0.0,1.413605883052039,14.04632104337546,0.027434972672694177,-5.413880347254969,-1.556991609069566,0.41346736889313856,7.011322822722999,-81.41388598758462,0.004040862726794894,0,0.916555912761938,89.33333333333333,-2.9713855570823178e-05,7.923694818900984e-05,0.00021294929825788067,1.0
1780516500,CHFJPY,bearish_exhaustion,201.942,201.974,201.942,201.969,0.0,1.1032232498285854,9.959996968531325,0.025234647871512243,-4.466884956196461,-1.4532155746887279,3.4830150271915366,17.551275073209496,-32.47997213506413,0.06724507490925138,1,0.7790253988069666,72.0,-7.922007832883438e-05,-0.00023766023498661415,-0.00025251399967318733,0.0
1780504200,EURAUD,bullish_exhaustion,1.62377,1.62389,1.62337,1.62356,0.0,1.6677148440924003,24.006424707465964,0.03531123222053673,2.835518431678699,1.0349780154545845,-1.9074748587932788,2.8078528597331776,16.666666666665048,-0.06990477702500619,0,0.6875185571293425,64.66666666666666,-0.000178619823104742,-0.00016014191036972658,-0.0001970977358396464,1.0
1780504500,EURAUD,bullish_exhaustion,1.62355,1.62358,1.62309,1.62327,0.0,1.5611838924848391,22.109465644329667,0.034951000774964824,2.2416532906402877,0.9022977881930411,-6.067631736150929,-4.271777801260924,-16.54795990000888,-0.07858128179553536,0,0.5416002316038071,56.00000000000001,1.8481213846177624e-05,-1.8481213846066602e-05,0.0004497095369224713,1.0
1780504800,EURAUD,bullish_exhaustion,1.62327,1.6234,1.62303,1.6233,0.0,1.4875699715175823,20.31548296061988,0.034081977777353945,2.2261073452460134,0.8037476182756306,-22.223828275348737,-4.044544728508491,-32.991434915897486,-0.04394553390921223,0,0.6276579324088061,59.333333333333336,-3.696174459433266e-05,0.0004312203536007697,0.0008747612887327616,0.0
1780505100,EURAUD,bullish_exhaustion,1.62329,1.62341,1.62299,1.62324,0.0,1.2856295726790694,17.13130469243593,0.03349687612595493,2.042908087875609,0.7028042135432806,-22.68793704172125,-1.07150651131888,-49.70426065165819,-0.02884827506322935,0,0.1858284733107506,28.666666666666668,0.0004681994036619397,0.0009117567334466781,0.0007577437717158908,0.0
1780509900,EURAUD,bullish_exhaustion,1.62557,1.62612,1.62556,1.62576,0.0,1.623007651308303,21.9191383471776,0.034147675570330105,3.955981997249779,1.1564437193417088,-0.9985450143684034,-13.254347045587025,85.79881656803238,-0.021269742281403457,1,0.697438371364809,65.33333333333333,-0.00017222714299780506,-0.00019068005117606202,3.07548469637986e-05,1.0
1780510200,EURAUD,bullish_exhaustion,1.62576,1.62577,1.62543,1.62548,0.0,1.6056157306146706,20.858489399751328,0.03320808207236627,3.397983495580876,1.1155465112436111,-1.241593007189607,-11.91714374947194,59.58245367110634,-0.05727074301632803,0,0.5426714496849966,56.666666666666664,-1.845608681738664e-05,0.00020301695499180816,0.00014764869453953722,0.0
1780510500,EURAUD,bullish_exhaustion,1.62548,1.62574,1.62541,1.62545,0.0,1.4939139722635955,18.678935305389807,0.03228679320499656,3.2949338496182747,1.0702737177667696,-4.913163633060705,-8.615251154027995,52.89092133714161,-0.04808087965132689,0,0.520078492175183,53.333333333333336,0.00022147712941023023,0.0001661078470578392,3.6912854901594017e-05,0.0
1780510800,EURAUD,bullish_exhaustion,1.62544,1.62582,1.62539,1.62581,0.0,1.3136789567969565,16.1720266087896,0.03186312335722839,3.851871872792611,1.0661287524391068,-13.581579201360299,-1.8588768997266456,65.76361221776403,0.009030876587638174,0,0.6355013343637544,60.0,-5.535702203818271e-05,-0.0001845234067940904,6.150780226477082e-05,1.0
1780527300,EURAUD,bullish_exhaustion,1.62703,1.62718,1.62698,1.62708,0.0,1.1606752178951851,6.14668160903229,0.013411126497618227,2.718485223153014,0.8886587014782329,-1.4110112296623782,-5.154431676169509,77.03851925959589,-0.023361927780265402,1,0.6847006379162278,65.78947368421053,-0.0015180568871844269,-0.0015303488457851788,,1.0
1780510200,EURCAD,bullish_exhaustion,1.61149,1.61183,1.61145,1.61152,0.0,1.9582262034715066,22.998063076828416,0.029888890009240655,3.550597275604833,1.1865995563548724,-0.2740046370770557,-26.824345197007602,49.68934629311532,-0.05935250616793348,1,0.17325169727993314,26.0,-2.482128673553241e-05,0.00017995432883233242,0.00011790111199361242,0.0
1780510500,EURCAD,bullish_exhaustion,1.61151,1.6116,1.6114,1.61148,0.0,1.7953344086066159,19.866490978138756,0.028641154730876823,3.521638815433953,1.1521641133696634,-0.696628187078872,-16.46620000656553,36.28750872296814,-0.05197149181681802,1,0.17154224037698015,24.666666666666668,0.00020478069848839375,0.0001427259413706583,-6.205475711762443e-05,0.0
1780510800,EURCAD,bullish_exhaustion,1.61148,1.61191,1.61139,1.61181,0.0,1.3589939651709595,15.287332594517512,0.028894331941564336,4.0822660200841225,1.1184483146861384,-1.9229991404900062,7.637749873772517,63.92124237384618,0.008396158954630927,1,0.31400947212076735,43.333333333333336,-6.204205210291747e-05,-0.0002667808240425229,-0.00024816820841166987,1.0
1780494600,EURCHF,bearish_exhaustion,0.91653,0.91658,0.91622,0.91624,0.0,1.1841107625735838,8.742917280125143,0.01832328741054792,-2.016853310277289,-0.46853461585937095,0.4127115903390365,4.607044312924238,-89.11593585921221,-0.03410500860292136,1,0.4287215999898207,48.0,5.457085479787516e-05,0.00026194010302971193,0.0004256526674233374,1.0
1780509000,EURCHF,bullish_exhaustion,0.91748,0.91762,0.91746,0.9175,0.0,1.248710343234095,13.07569037555149,0.026094750732843116,2.313931717832238,0.817122180803464,-0.35818632863876587,-19.01234567901468,49.325823519367106,-0.04625250172639989,1,0.09643778537368129,16.666666666666664,0.00020708446866479768,0.00031607629427798933,0.0006539509536784838,0.0
1780509300,EURCHF,bullish_exhaustion,0.91748,0.9178,0.91744,0.91769,0.0,1.151796380317914,12.662265070993591,0.02702788985433751,2.9060737951368383,0.7980391154254289,-0.9551705974917866,0.6362390759536822,76.83728435489847,0.015447060507906583,1,0.4046292547981758,46.0,0.00010896925977177396,0.0004467739650644287,0.0004903616689730939,0.0
1780516500,EURCHF,bullish_exhaustion,0.91902,0.91906,0.91898,0.91902,0.0,1.6873729013124374,11.037338734520734,0.0179352235622839,6.5826078131678365,2.014084377388999,-2.372655480488362,-21.71271939788212,71.76287051487849,-0.06125517834789048,0,0.2618961611745433,36.666666666666664,4.35246240562126e-05,0.00017409849622418427,6.528693608420788e-05,0.0
1780516800,EURCHF,bullish_exhaustion,0.91903,0.91913,0.919,0.91906,0.0,1.5578865980747454,10.052591204211351,0.01766376041489039,6.661305243247229,1.958587889517141,-6.500807384098152,-16.2986932731157,77.32893652106844,-0.03438725466028588,0,0.2676510916260334,37.333333333333336,0.00013056818923673497,2.1761364872752154e-05,8.704545949123066e-05,0.0
1780517100,EURCHF,bullish_exhaustion,0.91908,0.9192,0.91906,0.91918,0.0,1.3435848660571823,8.62121663191726,0.017487848129374785,7.18405810018151,1.9467082756703804,-14.104052306185991,10.809355830392256,98.42354492599279,0.016933088151487436,1,0.43780693280169497,48.66666666666667,-0.00010879261950869079,-4.3517047803476316e-05,-0.00023934376291911974,1.0
1780517400,EURCHF,bullish_exhaustion,0.91918,0.91919,0.91908,0.91908,0.0,1.2933720415229824,8.088203106862244,0.017095375124057104,6.4167444340245545,1.893042353985225,-18.68735611493674,13.746157224424131,82.64516974704185,-0.03936440198471386,1,0.20806582791218417,32.0,6.528267397820642e-05,-0.00013056534795663488,-0.00010880445663052907,1.0
1780517700,EURCHF,bullish_exhaustion,0.91908,0.91916,0.91903,0.91914,0.0,1.262288733003277,7.818531329997691,0.016883501798050007,6.578039339285798,1.8474788705279641,-19.255593371061437,11.111111111111107,75.7124627817672,-0.007395880468953136,1,0.16952114635205878,24.0,-0.0001958352372869454,-0.00017407576647732181,-0.0001414365602627754,1.0
1780518000,EURCHF,bullish_exhaustion,0.91915,0.9192,0.91894,0.91896,0.0,1.1066624350864016,7.421481772047657,0.017701526255967902,4.884737599615665,1.6023756748482725,-14.583754342327254,-14.452214452212488,39.08769475855273,-0.08089461271493564,0,0.014039142547891938,1.3333333333333335,2.176373291540301e-05,5.440933228872957e-05,0.00016322799686596667,0.0
1780518300,EURCHF,bullish_exhaustion,0.91896,0.919,0.91893,0.91898,0.0,1.1399330675348796,7.22739459040903,0.01698085527948664,4.953519459265846,1.5308004523491796,-9.76985599956189,-15.232093009868358,4.626060138687384,-0.04560609023243692,0,0.06915277566688464,10.0,3.264488889853645e-05,0.0001414611852270653,0.00010881629632852885,0.0
1780518600,EURCHF,bullish_exhaustion,0.91898,0.91901,0.91892,0.91901,0.0,1.1538332545187098,7.035898719037978,0.016466932817586138,5.040547754458732,1.4636114740843311,-6.123917413980079,-12.011650900532075,4.841235938976349,-0.014436992474412845,0,0.1126053967354298,20.0,0.00010881274414864528,7.616892090411831e-05,3.264382324452697e-05,0.0
1780514100,EURGBP,bullish_exhaustion,0.86419,0.86433,0.86418,0.86433,0.0,1.2246828262375378,8.23514938189242,0.0173474618731413,2.0768401897412083,0.4697345110360218,-4.990625062326302,26.19047619047199,99.12536443143775,0.06282919841017945,1,0.38943433139305955,45.33333333333333,-8.098758576013942e-05,0.0,0.00010412689597716351,0.0
1780518300,EURGBP,bullish_exhaustion,0.86445,0.86449,0.86444,0.86446,0.0,1.2338719504396745,6.6347443526289185,0.01419658174684555,2.5683695875642596,0.8792029117187101,-0.7093263513205557,-13.0687830687802,62.60341974633345,-0.04336018556549413,0,0.09492458744890582,14.666666666666666,5.783957615168589e-05,3.4703745690922716e-05,-1.1567915230270565e-05,0.0
1780518600,EURGBP,bullish_exhaustion,0.86446,0.86451,0.86445,0.86451,0.0,1.2650085689857764,6.47307033187061,0.013677516887304474,3.0073534381472773,0.8970440681218647,-1.6951875635981253,-3.253968253971756,72.84572105417918,-0.008756575390039496,0,0.17416044960099797,26.666666666666668,-2.313449237145715e-05,-6.94034771141494e-05,-6.94034771141494e-05,1.0
1780518900,EURGBP,bullish_exhaustion,0.86451,0.86451,0.86444,0.86449,0.0,1.2794301256189282,6.306525009587008,0.013279220912674207,2.8362977889890866,0.8870580352552287,-1.175141129887038,8.148148148132975,63.13536650620165,-0.023997009458681492,0,0.16214470789882238,23.333333333333332,-4.627005517698901e-05,-4.627005517698901e-05,-5.783756897126402e-05,1.0
1780519200,EURGBP,bullish_exhaustion,0.86449,0.8645,0.86442,0.86445,0.0,1.0855425884078134,5.217491144851145,0.012992307076206867,2.443193991874294,0.8383849917747718,-1.669679839567209,4.999999999995914,44.14587332070619,-0.04408168197858177,0,0.05830177126227397,7.333333333333333,0.0,-1.1568049048560347e-05,0.0,1.0
1780483500,EURJPY,bearish_exhaustion,185.478,185.48,185.382,185.435,0.0,1.4146808659075671,30.97939269724596,0.04889892863225554,-3.130716513595484,-1.035082040333953,0.2943899476533788,8.762431076760791,-61.835697273472,0.04104388316431877,0,0.996106991320205,100.0,0.00016717448162428816,5.9319977350424935e-05,0.0008466578585488715,1.0
1780484100,EURJPY,bearish_exhaustion,185.467,185.472,185.439,185.446,0.0,1.2992946041923445,25.110103061411557,0.045040885669173164,-3.070880930109643,-0.9986104386218462,0.6211917327112648,0.7427781764061763,-43.01342910313961,0.03149747916198135,0,0.9830796884138617,96.66666666666667,0.0007872911791033665,0.0007441519364128624,0.0007064050990583937,1.0
1780500600,EURUSD,bearish_exhaustion,1.1604,1.16056,1.16023,1.16033,0.0,1.567696893289077,20.949169030519446,0.031956690375760356,-2.299873111875957,-0.9530569525902393,0.5220795727593789,15.18946424957521,-21.010101010053837,0.07383495541831385,1,0.805976742457248,74.66666666666667,9.480061706579335e-05,-4.309118957546154e-05,-0.0003361112786880449,0.0
1780501200,EURUSD,bearish_exhaustion,1.16045,1.16062,1.16026,1.16028,0.0,1.230063697331712,16.216050276597127,0.031829807292673096,-2.363836466481964,-0.7981981196081096,2.8313266453687307,-1.9709673043074218,-5.182547265364617,0.01987326508854035,1,0.46185273204826854,50.66666666666667,-0.0002930327162409263,-7.756748371079425e-05,-1.7237218602361715e-05,0.0
1780501500,EURUSD,bearish_exhaustion,1.16025,1.16046,1.15992,1.15994,0.0,1.0724874808755673,14.722087328450346,0.03289020826644076,-3.111347865537184,-0.7926605954108481,3.963642076093823,-16.917082917084834,-50.47143649468676,-0.04379542523580202,1,0.658537327415607,62.66666666666667,0.00021552838939942198,0.00027587633843140225,0.00033622428746316046,1.0
1780503300,GBPAUD,bullish_exhaustion,1.87917,1.87937,1.87872,1.87928,0.0,1.235203124650785,17.575914459953403,0.03452786621262418,2.859409265989151,0.9560911577825854,-0.323976240429829,-9.338180261906,32.83444623535066,-0.06388721066469537,0,0.6372799423480283,60.66666666666667,0.00013835085777524903,1.5963560512588515e-05,-1.0642373675096017e-05,0.0
1780503600,GBPAUD,bullish_exhaustion,1.87927,1.8796,1.87912,1.87954,0.0,1.2418431382423631,17.171633712882155,0.03388130946207159,3.2109909160657715,0.9398619380562792,-0.5285172086569645,3.973441228344285,54.38388338697664,-0.022565369502981325,0,0.8059333175978587,74.0,-0.00012237036721751693,-0.0001489726209604747,-0.00018621577620059337,1.0
1780504200,GBPAUD,bullish_exhaustion,1.87933,1.87945,1.87901,1.87926,0.0,1.2415467482684117,15.947729905359216,0.03219660634247635,2.670818580411039,0.8474323529785904,-0.455344577197323,10.003949515025305,26.549163063911944,-0.038357474787511954,0,0.6761690226866368,64.0,-3.7248704277237366e-05,-6.385492161797846e-05,-0.00021817098219512054,1.0
1780504500,GBPAUD,bullish_exhaustion,1.87926,1.87938,1.87904,1.87919,0.0,1.201805207804009,14.762814051641572,0.031190312530440856,2.515162143483611,0.7972038788256703,-2.126078555501678,2.7247285886368715,16.61506707944996,-0.03442767501031117,0,0.5317759871772149,55.333333333333336,-2.6607208424844764e-05,-0.00018092901728938848,1.596432505501788e-05,1.0
1780504800,GBPAUD,bullish_exhaustion,1.87918,1.8794,1.87893,1.87914,0.0,1.1358415943759752,13.693235296917807,0.03074973522283848,2.332863748589955,0.7308576408320273,-8.182555927554162,-4.261534891472586,3.6603917094869,-0.027196873444001946,0,0.4052636389942195,46.666666666666664,-0.0001543259150462717,4.25726662196535e-05,0.0004576561618612196,0.0
1780510200,GBPAUD,bullish_exhaustion,1.88155,1.88158,1.8811,1.88114,0.0,1.8855869890520462,22.359233322974582,0.03018107882914314,3.050295102271161,1.2378369010725134,-0.2638648652203557,-23.132603364142156,38.71551657406135,-0.11690175582384273,0,0.1193265624551082,21.333333333333336,-0.00015416183803440564,4.7843329045171856e-05,3.721147814617076e-05,0.0
1780510500,GBPAUD,bullish_exhaustion,1.88114,1.88125,1.88085,1.88085,0.0,1.8231413755994188,21.006936072876698,0.029548678605513617,2.4798192091813474,1.1023021397958048,-2.652948240808101,-20.5799071242468,12.75024143240299,-0.11688950602871657,0,0.09732835907706147,17.333333333333336,0.00020203631336901395,0.00019140282319174418,5.316745088657093e-05,0.0
1780510800,GBPAUD,bullish_exhaustion,1.88087,1.88126,1.88073,1.88123,0.0,1.6826096770832053,19.344394933370193,0.02944487755417374,3.017371259376004,1.0205664642208467,-7.743493452142701,-3.8711314053785433,13.916589106035605,-0.031932130678368795,0,0.28451398528587674,38.666666666666664,-1.0631342260092325e-05,-0.0001488387916416256,-7.973506695080346e-05,1.0
1780511100,GBPAUD,bullish_exhaustion,1.88124,1.88131,1.88103,1.88121,0.0,1.5019029728745616,16.43345343402989,0.028405108225029296,2.941089855442,0.9735363494761885,-12.98671838581221,8.298322619883727,16.063222093374357,-0.02318039001153698,0,0.19387542059717727,30.666666666666664,-0.0001382089187279556,-6.910445936392229e-05,8.505164229410944e-05,1.0
1780511400,GBPAUD,bullish_exhaustion,1.88121,1.88126,1.88078,1.88095,0.0,1.2684541093261843,13.785277466986527,0.02820260496679487,2.323946630593306,0.8637795040113394,-22.29194747432878,9.294504074137642,-15.008090614881091,-0.044172604527815205,0,0.1892778130668129,29.333333333333332,6.911401153675278e-05,0.0002232914218878168,0.00041468406922029466,0.0
1780511700,GBPAUD,bullish_exhaustion,1.88097,1.88115,1.88076,1.88108,0.0,1.1879749816060685,12.604384871423454,0.027667235522747483,2.472894074033269,0.7969853884006307,-19.04526787787573,8.675428603185889,-25.49355243638303,-0.007468607149302734,0,0.11524206806867353,20.666666666666668,0.00015416675526824797,0.00034554617560123013,0.00037744274565665314,0.0
1780523100,GBPAUD,bullish_exhaustion,1.88186,1.88196,1.88183,1.88196,0.0,1.185525296719448,6.0745340254144775,0.014138702060703648,2.096324830891635,0.7664599549560465,-2.3445454601184395,7.36783792340286,94.11003236245375,-0.006157192563729811,1,0.4915952850912172,32.45614035087719,2.1254436863626935e-05,3.719526451151367e-05,0.00010627218431835672,0.0
1780523400,GBPAUD,bullish_exhaustion,1.88196,1.8821,1.88192,1.882,0.0,1.192930255349553,5.957574557723711,0.013811679538944542,2.303645667293208,0.8002239593366668,-2.8545172192272403,-1.446084779422904,107.49292809684607,-0.005093816113511272,1,0.3168001481567896,9.649122807017543,1.5940488841792444e-05,8.501594048881955e-05,9.564293305008853e-05,0.0
1780523700,GBPAUD,bullish_exhaustion,1.882,1.88215,1.88181,1.88203,0.0,1.090195611658647,5.687892752653166,0.014115326520520692,2.3654768689798455,0.7950670928698633,-1.7138980122045453,-3.024828228083834,98.19121447036478,-0.00656857315248734,1,0.24703877792376208,5.263157894736842,6.90743505682434e-05,7.970117373257146e-05,3.1880469492984176e-05,0.0
1780524000,GBPAUD,bullish_exhaustion,1.88204,1.88225,1.882,1.88216,0.0,1.075005569737549,5.618936994277509,0.01405494157276786,2.842708031755429,0.838027442625033,-12.969096855444548,-3.167857436154506,126.79551419722911,0.016705866140241478,1,0.5042390879541154,35.96491228070175,1.0626089174126108e-05,-3.71913121095524e-05,-3.187826752237832e-05,1.0
1780524300,GBPAUD,bullish_exhaustion,1.88216,1.8824,1.88213,1.88218,0.0,1.054291490016081,5.5645697022018545,0.014075526205851313,2.865697899957724,0.8642587183145195,-0.636703038740535,-3.4602141946720195,141.2291994470274,0.0036845674082736798,1,0.12145998117951093,0.8771929824561403,-4.7816893177010655e-05,-4.2503905046231694e-05,-2.656494065389481e-05,1.0
1780476300,GBPCAD,bearish_exhaustion,1.86298,1.86298,1.86216,1.86224,0.0,1.7097713601563418,15.88163897161265,0.020866914478208806,-3.4653309958790985,-0.9535472751031023,0.6041071969451915,-5.677111388566004,-68.16724714523498,-0.02733279084907304,1,0.5203126103056461,54.0,0.00012350717415587908,0.00041348053956524744,0.0004242202938398165,1.0
1780510200,GBPCAD,bullish_exhaustion,1.86505,1.8654,1.86482,1.86498,0.0,1.7392913621695518,23.06795218878709,0.033115081570132245,2.5628667909881595,1.0882145344726928,-0.5730341906040906,-25.310994868815857,28.188811367504556,-0.10674641347041777,0,0.30080708542405504,40.666666666666664,-0.00015549764608746575,2.144795118441678e-05,5.361987795993173e-06,0.0
1780510500,GBPCAD,bullish_exhaustion,1.86501,1.86501,1.8646,1.86469,0.0,1.6317379595696295,20.911336038648027,0.0323250414947046,2.097014054190088,0.9652776321735179,-1.5917495641873813,-16.97017224744329,-3.204053500233617,-0.10656274753735112,0,0.3112337812525204,42.66666666666667,0.00017697311617470568,0.00016088465106789407,-3.217693021362322e-05,0.0
1780510800,GBPCAD,bullish_exhaustion,1.86469,1.8651,1.86455,1.86502,0.0,1.3831678410690547,17.583828051484073,0.0321172488813561,2.5933520116921853,0.886200158543309,-4.043517346338632,1.112054876924681,-2.7362716956850592,-0.03338820027720062,0,0.4896507075187054,52.0,-1.6085618384731326e-05,-0.00020911303900217337,-0.00038069296844001066,1.0
1780511100,GBPCAD,bullish_exhaustion,1.86503,1.86508,1.86467,1.86499,0.0,1.056159130432985,13.011903217222885,0.03139392741336759,2.5260736968858497,0.8239617897733308,-5.895458409846057,7.600076291701914,-16.90460004532976,-0.02377211984343199,0,0.3877886931419268,44.666666666666664,-0.000193030525632798,-0.00036461321508429734,-0.000273459911313223,1.0
1780515000,GBPCHF,bullish_exhaustion,1.06316,1.06321,1.06309,1.0631,0.0,1.2871149677264209,10.982502992311675,0.02334293460183333,4.308532553336031,1.2930315541236115,-0.2831473460404226,-17.391304347836353,64.34446057089501,-0.049969903801188195,1,0.07213929950550413,10.666666666666668,0.00011287743391985572,0.0001410967923995976,7.525162261323715e-05,0.0
1780515300,GBPCHF,bullish_exhaustion,1.0631,1.06324,1.06306,1.06322,0.0,1.2473396608126883,10.423344868847387,0.02288240030135707,4.7112449818750815,1.2822719649870171,-2.60408286150475,-9.428123081818413,68.98221517874717,-0.007847136179309407,1,0.20346111111848064,31.333333333333336,2.82161735105646e-05,-3.762156468090083e-05,-2.8216173510675624e-05,1.0
1780515600,GBPCHF,bullish_exhaustion,1.06322,1.0633,1.06307,1.06325,0.0,1.2064366396580686,10.117250978532294,0.022792471427181514,4.659550887236456,1.253685440854419,-4.0938482509143626,5.4979620769248285,73.54345749759104,-0.003767518767620683,1,0.28519111404170955,39.33333333333333,-6.583588055486533e-05,-5.64307547612497e-05,-0.00019750764166470702,1.0
1780515900,GBPCHF,bullish_exhaustion,1.06325,1.06325,1.06314,1.06318,0.0,1.213603152716906,9.661692687606388,0.021904854048660292,4.3514473966712135,1.2383271949018941,-4.3771572333045725,9.520933977481839,64.45658026299655,-0.02815368059831835,1,0.21615145036367311,34.0,9.405745029056334e-06,-0.0001316804304068997,-6.584021520350536e-05,1.0
1780516200,GBPCHF,bullish_exhaustion,1.06318,1.0633,1.06316,1.06319,0.0,1.15726169652291,8.901219158883924,0.021280595959658543,4.299608300783072,1.2102173916000087,-12.696965860779926,-0.984482506203257,69.96745699682671,-0.0201719778391853,1,0.17850983533985953,27.333333333333332,-0.00014108484842789704,-7.524525249491543e-05,-3.7622626247513224e-05,1.0
1780476000,GBPJPY,bearish_exhaustion,215.061,215.083,215.035,215.062,0.0,1.5788771198425968,15.682303019716189,0.022594821785744113,-2.4184615229920317,-1.0364178502112729,0.490654096910901,21.996709556120308,-43.75332769581104,0.10319032067868955,1,0.826739502706353,75.33333333333333,-0.00011624554779554597,0.00016739358882555955,0.000497530944564728,1.0
1780476300,GBPJPY,bearish_exhaustion,215.062,215.067,214.998,215.037,0.0,1.4650504077266604,14.97700489928122,0.023275309537267603,-2.7576133010665713,-0.9637870722654305,1.3340565433730531,4.786408571746719,-60.39200712739893,0.041786232860324735,1,0.7006745674430781,66.0,0.0002836721122412289,0.0006138478494399635,0.0004882880620544761,1.0
1780476000,GBPUSD,bearish_exhaustion,1.34469,1.34484,1.34445,1.34464,0.0,1.6021622417124863,20.34587139320236,0.028934231137354927,-2.8478806682226048,-1.0989384238249824,0.03752100673069093,20.46672242965004,-55.774766016683216,0.09031479925141868,1,0.9390781204645207,90.66666666666666,-0.0001264278914802075,2.2310804378866678e-05,0.00023798191337442987,1.0
1780476300,GBPUSD,bearish_exhaustion,1.34464,1.34468,1.34428,1.34447,0.0,1.545816137820261,19.50723619574498,0.028996004757846472,-3.1653801994688395,-1.0630571623972158,0.062050254171858166,6.142954592674926,-66.86481341181681,0.04190282320593296,1,0.8931428461769252,86.66666666666667,0.00014875750295662016,0.00036445588224354175,0.00026032563017386323,1.0
1780514700,GBPUSD,bearish_exhaustion,1.34191,1.34191,1.34167,1.34173,0.0,1.1687107202316538,15.274411261546122,0.03406738474495895,-2.0691662402687436,-0.607535202486037,10.933180667508474,-16.891409574055604,-80.29815348128247,-0.029759710587125194,0,0.8842424362888444,83.33333333333334,2.2359192982213116e-05,8.198370760115203e-05,-2.981225730958048e-05,1.0
1780515000,GBPUSD,bearish_exhaustion,1.3417,1.34181,1.3415,1.34176,0.0,1.1029068359051832,13.992612372689484,0.03328357731317195,-2.01349919113246,-0.6342626159032536,4.035812998535718,0.2791358855395032,-91.18589743595358,-0.008911143328771421,0,0.9476676902639296,92.66666666666666,5.9623181492884925e-05,-5.217028380632982e-05,-0.00018632244216554295,0.0
1780518300,GBPUSD,bearish_exhaustion,1.34147,1.34161,1.34142,1.34153,0.0,1.0828457109442269,10.641510964034385,0.026570826635023883,-2.4070318283381873,-0.7934756317972927,1.735097844765566,18.027734976882165,-68.0391664574771,0.04196263149688104,0,0.8628336724254513,80.0,-0.00015653768458390172,-3.727087728178091e-05,-2.9816701825446934e-05,0.0
1780518600,GBPUSD,bearish_exhaustion,1.34153,1.34156,1.34132,1.34132,0.0,1.1453713702221446,10.950118997264973,0.025954832005779402,-2.981007329637322,-0.8107233507019513,8.51035343761917,6.736044871635457,-90.11362693870588,-0.005686559188801373,0,0.882452176598983,82.66666666666667,0.00011928547997497319,0.00012674082247343676,0.0002311156174514828,1.0
1780518900,GBPUSD,bearish_exhaustion,1.34132,1.34149,1.34125,1.34148,0.0,1.134107446107535,10.569919313000975,0.02537594716591793,-2.4928523932004927,-0.7808049036699352,10.986474588914579,4.38449138325025,-82.70185523911114,0.032598678958334446,0,0.8985279324302474,87.33333333333333,7.4544532904230465e-06,0.00011181679935590161,0.00018636133225991003,1.0
1780519200,GBPUSD,bearish_exhaustion,1.34148,1.34157,1.34135,1.34149,0.0,1.060148404866229,9.588205821740775,0.024734609216710595,-2.4507831008626586,-0.7506773261094619,17.59712397313116,1.9689801417842716,-61.85062950744787,0.02739535149428453,0,0.7797463872690837,72.66666666666667,0.00010436156810711417,0.00017890554532651315,8.945277266314555e-05,1.0
1780501200,USDCAD,bullish_exhaustion,1.38646,1.38705,1.38629,1.38688,0.0,1.1753817734498326,15.24629506423409,0.02988344299668444,2.8215878157637064,0.8711666152684258,-1.611198982440058,-5.980392156869815,47.476784424993795,-0.011094486909305838,0,0.6487767057062962,61.33333333333333,0.00026678587909567675,0.000374942316566651,0.00035331102907254497,0.0
1780501500,USDCAD,bullish_exhaustion,1.38693,1.38727,1.38681,1.38725,0.0,1.1685681830726795,15.192117188690597,0.030110019437331447,3.5992231751188517,0.9095660638483853,-0.7883273012740375,12.384842826015657,99.26550010802724,0.04329767280605882,0,0.8550738847139246,79.33333333333333,0.00010812759055678356,8.650207244542685e-05,-9.371057848273079e-05,0.0
1780512600,USDCAD,bullish_exhaustion,1.38961,1.38976,1.38952,1.38975,0.0,1.8696310648290626,16.360014399249586,0.023980554433038967,5.345219516703794,1.6670711625302972,-4.165938604545133,-2.6871101871224994,72.5182449661272,-0.020112137347342338,0,0.4836957207245564,51.33333333333333,-0.0002230617017449088,-0.00034538586076637845,-0.0005036877136176399,1.0
1780512900,USDCAD,bullish_exhaustion,1.38975,1.38983,1.38938,1.38944,0.0,1.657554754723633,15.200960337440995,0.0245859936276018,4.129298870111243,1.5020290791340207,-6.728949941530942,-4.972472472488661,50.950843200554786,-0.08104680287570555,1,0.060185042023203746,8.0,-0.00012235145094430244,-0.00028068862275454354,-0.00018712574850299202,1.0
1780513200,USDCAD,bullish_exhaustion,1.38939,1.3895,1.38917,1.38927,0.0,1.540809869059883,14.180893204501219,0.024529322121748916,3.496699331093704,1.3510655103001974,-18.794079493224203,-9.852369852376263,11.197792283580458,-0.08896546629539621,0,0.08353962144527978,14.000000000000002,-0.00015835654696361168,-6.478222375772003e-05,-7.198024862042907e-06,1.0
1780513500,USDCAD,bullish_exhaustion,1.38927,1.38931,1.38893,1.38905,0.0,1.3645637644123074,12.79557271574403,0.024734894222313928,2.6904938306404547,1.1535466845748525,-21.870474704375056,-18.499758499759977,-32.41563055057626,-0.09710806598712475,0,0.02415929837392216,3.3333333333333335,9.358914365953375e-05,0.0001511824628344094,0.00011518663834997334,0.0
1780513800,USDCAD,bullish_exhaustion,1.38906,1.38933,1.38892,1.38918,0.0,1.1345158597485263,10.91345922937402,0.025074096263035396,2.8886870998980707,1.0105105780462422,-17.171954831069005,-4.14128414127936,-36.3438000750416,-0.03131823320586547,0,0.033125430625401325,4.666666666666667,5.7587929569891116e-05,2.159547358870917e-05,0.00018716077110236817,0.0
1780518000,USDCAD,bullish_exhaustion,1.38987,1.38992,1.38979,1.38991,0.0,1.1614979056702501,7.233289195256082,0.017426190608708446,4.215378755603099,1.0582850226175997,-0.006377319307581158,-1.586470267319612,124.31225145705491,0.01575372792557227,1,0.21127843905657687,33.33333333333333,-8.633652538647674e-05,-0.00012950478807982613,-0.00020864660301733728,1.0
1780518300,USDCAD,bullish_exhaustion,1.38991,1.38992,1.38974,1.38979,0.0,1.213894983788019,7.432593756521609,0.01710797395168419,3.5699128007433876,1.0415821507664849,-0.0033789891666958973,-10.01264040343581,98.08811305055562,-0.03275082200624848,1,0.06451040606161011,8.666666666666668,-4.317199001302452e-05,-0.00012232063836981055,-0.00020866461839563755,1.0
1780518600,USDCAD,bullish_exhaustion,1.38979,1.38988,1.38967,1.38973,0.0,1.2111985659148985,7.406686972540312,0.01696600801892914,3.1257726527033625,0.9892515285018066,-0.0017846593398006079,-18.997672164704788,77.46496782888002,-0.045864373479542635,1,0.03163465179093189,4.0,-7.915206550901388e-05,-0.00016549977333724097,-0.00022306491188917033,1.0
1780518900,USDCAD,bullish_exhaustion,1.38973,1.38977,1.38959,1.38962,0.0,1.2329803797096668,7.424742225101984,0.016680624621627692,2.454730966001385,0.9082460958745243,-0.0009399120481266335,-25.47974746556698,44.04850284591998,-0.06601672932162249,1,0.017773598969682267,2.0,-8.635454296868073e-05,-0.0001439242382809125,-0.00020149393359336631,1.0
1780513800,USDCHF,bullish_exhaustion,0.79174,0.79219,0.79173,0.79209,0.0,1.764082095214916,30.820719776916768,0.04460110175946143,3.57675752721409,1.1427918696706114,-1.5842709532383168,4.457876529867672,57.92206167509574,-0.013806698846116006,0,0.9058605827202415,88.0,0.000328245527654758,0.0002651213877211678,0.00039136966758834824,0.0
1780514100,USDCHF,bullish_exhaustion,0.79209,0.79236,0.79204,0.79235,0.0,1.7530146065537688,30.396232928113694,0.044286446916899286,4.223951357290408,1.1759480085998781,-1.212916417610515,20.788778580706406,84.76827154658105,0.030226186259023884,1,0.9467757627943677,92.0,-6.31034265160535e-05,6.310342651594247e-05,-7.572411181921979e-05,0.0
1780518600,USDJPY,bullish_exhaustion,160.03,160.049,160.028,160.045,0.0,1.208156332653167,5.8784340432424,0.013138088995440092,2.0897086595419294,0.5727154847026305,-16.15302332374019,1.3256907701242255,76.67603372121509,0.024356940033940858,1,0.02032070263938746,2.666666666666667,-2.499297072688922e-05,-9.997188290788994e-05,-0.00016245430972527952,1.0
1780526100,USDJPY,bullish_exhaustion,160.062,160.076,160.059,160.073,0.0,1.416779603463002,5.403455648179188,0.009859107425736882,2.599201643555325,0.7724044211095987,-0.4706010562920824,3.428538256132562,77.08964919873986,4.877366411477622e-05,1,0.3728788582568307,17.543859649122805,4.997719790345023e-05,4.37300481654912e-05,3.123574868957313e-05,0.0
1780614000,AUDCAD,bearish_exhaustion,0.99198,0.99198,0.98979,0.99032,0.0,1.0741325257802743,14.67638572744886,0.028875591898027915,-5.560902798803703,-0.4119712029532309,1.8522478362376518,9.366999487966815,-486.79514632411025,-0.3620282823834119,0,0.999989258563444,100.0,0.00023224816221034672,0.0012925115114306163,0.0012218272881492354,1.0
1780631700,AUDCAD,bearish_exhaustion,0.98951,0.98986,0.98951,0.98974,0.0,2.1350589122031955,33.17412898442041,0.037622815889523355,-3.346688775464949,-1.4366839707435588,0.5983726704393734,2.656395891690565,-13.229104028872964,0.14841364137025181,1,0.6295917624225004,57.01754385964912,6.0621981530673e-05,9.093297229578745e-05,0.0001919696081800204,1.0
1780632000,AUDCAD,bearish_exhaustion,0.98974,0.98997,0.98951,0.9898,0.0,2.0391279190460483,32.30714419517822,0.03825292810816475,-3.0515481671637428,-1.2391262251013622,2.5581379350730966,1.4691679017989827,-4.24830384883884,0.107690262499221,1,0.5635004260637787,45.614035087719294,3.0309153364216357e-05,0.00013133966457856694,-4.0412204485806846e-05,1.0
1780632300,AUDCAD,bearish_exhaustion,0.98979,0.98995,0.9897,0.98983,0.0,2.0438101456660367,31.20945483567536,0.03732356112658569,-2.975315558388648,-1.1094323981137864,5.688606037402819,-1.1461248543639329,6.654350131714213,0.07419941100423354,1,0.544635569059952,41.228070175438596,0.00010102744915796436,-7.071921441059725e-05,0.00021215764323168074,0.0
1780632600,AUDCAD,bearish_exhaustion,0.98983,0.99003,0.98981,0.98993,0.0,1.9436458358110282,28.441819695085687,0.036241505288907,-2.6858767371527428,-0.9776894506618518,11.604597674405918,-0.8211400502235762,24.246870385491402,0.06069852556931654,1,0.496548342698586,34.21052631578947,-0.00017172931419395798,0.0001111189680078617,0.0003838655258452395,1.0
1780632900,AUDCAD,bearish_exhaustion,0.98993,0.98997,0.98962,0.98976,0.0,1.7345447361562878,25.299178739923732,0.036184471365238356,-3.0496502966870627,-0.8767987027701846,22.788695682879997,-7.83442540687507,17.773837417961374,-0.001308044476218573,1,0.5499169307371523,42.98245614035088,0.00028289686388616175,0.000555690268347897,0.000636517943743975,1.0
1780633200,AUDCAD,bearish_exhaustion,0.98976,0.99011,0.98976,0.99004,0.0,1.608931816758184,23.397331789452572,0.03611551415815561,-2.166361600652859,-0.7252321284786359,19.88754626427852,-3.2148641311583077,51.081448947167466,0.03913221877102449,1,0.8401997983956515,82.45614035087719,0.000272716253888694,0.0003535210698557556,0.0002020120399175429,1.0
1780634400,AUDCAD,bearish_exhaustion,0.99023,0.99023,0.98992,0.98999,0.0,1.5446324356612107,20.885498317872944,0.034675910586429895,-2.002982642649555,-0.2250419234321146,3.10399385835575,-14.828261996936007,73.74730519520838,-0.08387305927362301,1,0.46195929668727365,27.192982456140353,0.00020202224264886937,0.0005757633915492999,0.0004747522702248652,1.0
1780677900,AUDCAD,bearish_exhaustion,0.9842,0.98475,0.9842,0.98474,0.0,1.77683221585836,43.87220918452696,0.06193293936910846,-5.469614683085019,-1.8437651970422109,0.41041685748184376,10.93997819579019,-35.513455022810355,0.11169780555853466,1,0.9320772201346681,90.74074074074075,0.00018278936572091453,0.0006499177447856219,0.00022340922476993264,1.0
1780678200,AUDCAD,bearish_exhaustion,0.98474,0.98516,0.98456,0.98492,0.0,1.4812660355520717,36.53102210762354,0.061849980222205905,-4.995298335867721,-1.6617249398776963,3.6472888862410593,5.754597254595893,-3.686195058828538,0.0942901126463075,1,0.856340665435225,72.68518518518519,0.0004670430085691457,4.0612435527664914e-05,-0.00014214352434716027,1.0
1780678500,AUDCAD,bearish_exhaustion,0.98493,0.98539,0.98475,0.98538,0.0,1.2433497087479919,30.831654473592675,0.0620445682134168,-4.0547960707628095,-1.4330728383446516,9.818526434473167,6.1963897616086,34.87911216805572,0.10648412921758132,1,0.822639857711348,65.27777777777779,-0.0004262315045973075,-0.0006089021494246616,-0.0010046885465506694,0.0
1780678800,AUDCAD,bearish_exhaustion,0.98536,0.98549,0.9849,0.98496,0.0,1.115864648510288,27.579308681226813,0.061916016614146356,-4.565071972995766,-1.3003359923084543,23.98557041296675,-5.536789754179949,41.223416697076644,0.01588051558101633,1,0.7386517940797824,48.61111111111111,-0.0001827485380117011,-0.0005787037037036091,-0.0007614522417153102,0.0
1780684500,AUDCAD,bearish_exhaustion,0.98293,0.98317,0.98287,0.9831,0.0,1.80319142115286,30.553149910927843,0.04533380668093888,-4.150093987549678,-1.4577083861981175,3.5578085991212554,11.940211375456613,-68.32942377968803,0.06454386589356466,0,0.7644306926030605,51.85185185185185,-7.120333638488408e-05,-1.0171905197808861e-05,0.00043739192350722433,0.0
1780684800,AUDCAD,bearish_exhaustion,0.9831,0.9831,0.98289,0.98303,0.0,1.7838970679454513,28.729720493859705,0.04362456962688222,-4.209936166227821,-1.4412358477641642,13.059297817525756,3.0821979771647747,-64.86531565341717,0.04170131583988312,0,0.7958514891603332,57.870370370370374,6.103577713800767e-05,0.000508631476150434,0.0008545008799325515,1.0
1780685100,AUDCAD,bearish_exhaustion,0.983,0.98311,0.98286,0.98309,0.0,1.7323683351613781,26.87341181443751,0.04232248673963077,-3.923395865047206,-1.3975431444580166,17.789534015169856,0.008475294518660803,-57.580826452137444,0.04397397477727394,0,0.8643323800281891,74.53703703703704,0.00044756838132831156,0.0007934166759910877,0.0007222126153252351,1.0
1780685400,AUDCAD,bearish_exhaustion,0.98309,0.98355,0.98305,0.98353,0.0,1.5232919426772713,24.366219912495456,0.04291310566133015,-2.5749693994086913,-1.2109072437938595,14.524709560788423,5.934824985169236,-13.826694948577481,0.09875240234273854,1,0.9033368741545605,85.64814814814815,0.00034569357314984117,0.00027452136691308304,-5.083729016908123e-05,1.0
1780686300,AUDCAD,bearish_exhaustion,0.9838,0.98382,0.98346,0.98348,0.0,1.2947146938711105,20.753435316457928,0.04241361015905573,-2.1964408619524622,-0.7736850188676901,3.9268171525498587,-4.282502354692866,27.686862074827737,-0.02709889492977764,1,0.6091384106195197,31.01851851851852,0.0001830235490298815,8.134379956881155e-05,0.00021352747386815807,1.0
1780691700,AUDCAD,bearish_exhaustion,0.98264,0.98272,0.98244,0.98257,0.0,1.3137377993463084,17.679704264422245,0.03539024041828056,-2.8579325802707003,-0.8923982023354259,1.4586909932350096,6.575810322150222,-108.52713178297232,0.016491641077615464,0,0.6025328785929919,64.375,-0.00023408001465552442,-2.035478388306977e-05,-0.00019337044688927385,0.0
1780692000,AUDCAD,bearish_exhaustion,0.98257,0.98259,0.9821,0.98234,0.0,1.2738271116829931,17.969171826292357,0.03643298151507539,-3.3132553207508524,-0.9129060176432551,1.6828408829309325,3.3659234627773245,-129.69342059940269,-0.019302105007141114,0,0.6490787606047689,78.125,0.0002137752712909613,4.071909929348472e-05,6.10786489403381e-05,1.0
1780692600,AUDCAD,bearish_exhaustion,0.98255,0.98255,0.98226,0.98238,0.0,1.2824385588604608,18.000228252088764,0.03615458555979188,-3.0345568598619055,-0.9095774311524745,0.8974579138894541,4.868866995955813,-95.40558963870558,0.004778277765073013,0,0.6643574533954247,79.375,2.0358720657975837e-05,-9.161424296100229e-05,-0.0002850220892119948,0.0
1780692900,AUDCAD,bearish_exhaustion,0.98235,0.98284,0.98227,0.9824,0.0,1.1882543644272912,17.767656564894487,0.03771580116543855,-2.728597420841948,-0.8660281639524037,1.0986435094985296,3.1076906652941787,-70.61769616026163,0.01690684892539789,1,0.6148672125571164,68.125,-0.00011197068403911992,-0.0003053745928339735,-0.0003053745928339735,0.0
1780693200,AUDCAD,bearish_exhaustion,0.98237,0.98243,0.98213,0.98229,0.0,1.1570596492036815,16.984915486180657,0.037207228578413465,-2.923255895381898,-0.8872972032225727,0.8742790310261768,-9.337625466657627,-98.4072810011746,0.0014761921164244182,1,0.5587324820833712,55.625,-0.0001934255667878082,-0.0001934255667878082,-0.00023414673874311287,0.0
1780693500,AUDCAD,bearish_exhaustion,0.98229,0.9824,0.98195,0.9821,0.0,1.1394130112750376,17.141229794023367,0.03782912354602914,-3.21059585049695,-0.9109219586608532,0.5996181536515479,-11.502187218028165,-112.67193444544795,-0.021927096416185232,0,0.5328861362946253,46.25,0.0,-4.072904999485871e-05,-5.091131249368441e-05,0.0
1780694700,AUDCAD,bearish_exhaustion,0.98207,0.98222,0.98202,0.98222,0.0,1.1837167199264451,15.528010561672023,0.03416304059759055,-2.585557814520342,-0.9957734199405515,0.8962039752320692,13.660774908556103,-85.55734339453896,0.052355741909973455,0,0.6243324445039169,71.25,-0.0002036203701818451,-4.072407403632461e-05,-3.054305552729897e-05,0.0
1780695000,AUDCAD,bearish_exhaustion,0.98221,0.98223,0.9819,0.98202,0.0,1.1006696998322967,14.474384146375739,0.03412958439637215,-3.0451187358248872,-0.9933212306209956,1.1017306285500439,11.224729510204973,-100.2722676001781,0.004125782403388087,0,0.5455856516030247,48.75,0.0001629294719049934,0.00017311256389884733,0.00030549275982161284,1.0
1780700100,AUDCAD,bearish_exhaustion,0.98163,0.98172,0.98143,0.98154,0.0,1.1220048332092287,13.74509331272004,0.031328371122810256,-3.1141413394043562,-0.9437024412034118,10.142199394466495,9.088164251209207,-55.9293987865694,0.029408295732458383,1,0.5861129696724683,61.25000000000001,0.0,0.0,0.0,0.0
1780700400,AUDCAD,bearish_exhaustion,0.98154,0.98154,0.98154,0.98154,0.0,1.2484163917785582,13.7646830735192,0.029090630328323812,-3.2143037801452965,-0.9660225516087273,17.97610365018962,3.902247108763582,-55.53414450619604,0.026047587988770125,1,0.7561367467486839,94.375,0.0,0.0,0.0,0.0
1780700700,AUDCAD,bearish_exhaustion,0.98154,0.98154,0.98154,0.98154,0.0,1.3415495897944065,13.31284986999757,0.027012728162014967,-3.285802198038409,-0.986059362960318,15.440553801572996,-3.9606592238242015,-50.72131898328063,0.02254749814613224,1,0.8092676093920574,97.5,0.0,0.0,0.0,0.0
1780701000,AUDCAD,bearish_exhaustion,0.98154,0.98154,0.98154,0.98154,0.0,1.4779917691627795,13.200471551969049,0.025083247579013895,-3.354967208635066,-1.0040163959750752,10.946527889025589,-3.5813416391260446,-46.644455021371535,0.01898254080498735,1,0.8159666316760982,98.75,0.0,0.0,0.0,0.0
1780701300,AUDCAD,bearish_exhaustion,0.98154,0.98154,0.98154,0.98154,0.0,1.5676766813939789,12.601742296937198,0.023291587037655763,-3.443324884795123,-1.02007910494767,7.086389438632338,-5.1344343777095105,-42.98874104400187,0.015412007976598726,1,0.7207879151353929,90.625,0.0,0.0,0.0,0.0
1780701600,AUDCAD,bearish_exhaustion,0.98154,0.98154,0.98154,0.98154,0.0,1.6301211603818673,11.793721501362763,0.021627902249251776,-3.508465959070232,-1.0344164812868344,4.349757466375948,-2.935892500318637,-39.59827833569756,0.011882512208772374,1,0.6380839053792302,76.25,0.0,0.0,0.0,0.0
1780701900,AUDCAD,bearish_exhaustion,0.98154,0.98154,0.98154,0.98154,0.0,1.5539177629901475,10.118561551959848,0.020083052088590934,-3.5733999733506354,-1.047182514724113,2.57816010671786,-0.8771929824520441,-35.899718142707904,0.008430138945731752,1,0.4718687600350543,31.874999999999996,0.0,0.0,0.0,0.0
1780702200,AUDCAD,bearish_exhaustion,0.98154,0.98154,0.98154,0.98154,0.0,1.4028959356021629,8.221946389370268,0.018648548367977295,-3.613359366753732,-1.058517524831112,1.4907207401238765,2.3895946763520968,-30.416666666732937,0.005082265652179031,1,0.37959496108788704,16.875,0.0,0.0,0.0,0.0
1780702500,AUDCAD,bearish_exhaustion,0.98154,0.98154,0.98154,0.98154,0.0,1.1891051521059088,6.272283355743641,0.01731650919883606,-3.665385824572354,-1.0685493743549215,0.8461807134443973,1.3409961685847236,-23.041181337981914,0.001859096971898468,1,0.3019268314347623,7.5,0.0,0.0,0.0,0.0
1780631100,AUDCHF,bearish_exhaustion,0.56147,0.56157,0.56145,0.56147,0.0,2.1692270294530553,33.52513785083958,0.03775681538650178,-4.430330964954399,-1.6474580410292916,0.13755546006241062,12.820025823203721,-37.39594980744102,0.11751558441965078,1,0.8984510577957592,88.59649122807018,0.0003740182022191618,0.0007302260138564165,0.0007302260138564165,1.0
1780631400,AUDCHF,bearish_exhaustion,0.56147,0.56168,0.56141,0.56168,0.0,2.06666766288313,32.72096908896855,0.038480368684223894,-3.3080941201223677,-1.4254280183272419,0.4351476528367144,5.588698809035606,-19.840809112878627,0.14804869546512447,1,0.7274791958797923,72.80701754385966,0.0003560746332433862,0.0003560746332433862,0.0003026634382565785,1.0
1780631700,AUDCHF,bearish_exhaustion,0.56168,0.5619,0.56167,0.56188,0.0,2.010624576071162,31.94427298975617,0.03864290993415073,-2.3285934353916597,-1.1807462033185137,2.5114013301236184,1.697739857952115,19.260285508581106,0.15677979471983364,1,0.5721584268816603,47.368421052631575,0.0,-5.3392183384515235e-05,7.118957784557622e-05,0.0
1780632000,AUDCHF,bearish_exhaustion,0.56189,0.56195,0.56176,0.56188,0.0,2.0067569337554962,31.410409448428585,0.03829806275862147,-2.307737115910944,-0.9895118007592965,7.448128954786577,1.144292099401639,30.204323363906738,0.09578571674107197,1,0.5402540131443292,38.59649122807017,-5.3392183384515235e-05,7.118957784557622e-05,-1.77973944616161e-05,1.0
1780632300,AUDCHF,bearish_exhaustion,0.56187,0.56197,0.56181,0.56185,0.0,2.0203217046589033,30.763197574152734,0.03759848225080142,-2.4596790563124915,-0.8467102550380153,16.01655468976461,-4.293680856179705,35.77948156261347,0.04256542774262731,1,0.47779859860260737,28.947368421052634,0.0001245884132776709,3.559668950781081e-05,0.00021358013704730894,1.0
1780632600,AUDCHF,bearish_exhaustion,0.56184,0.56195,0.56184,0.56192,0.0,2.0155295968825295,29.201173099939002,0.03630679434336871,-2.094942574201679,-0.7085350921738259,22.366861425354166,-3.7391012743153027,45.9472776545736,0.03622418969170591,1,0.6551760846489366,62.28070175438597,-8.898063781315191e-05,8.898063781326293e-05,0.00037371867881552667,1.0
1780632900,AUDCHF,bearish_exhaustion,0.56192,0.56194,0.5618,0.56187,0.0,1.9345062315717527,27.154559714435614,0.035496223123109,-2.278349431077772,-0.6017250738976873,18.362722752913008,-5.655926298536485,47.458188441764634,-0.009549171544533757,1,0.8325506044918024,81.57894736842105,0.00017797711214329048,0.00046274049157291053,0.0006763130261449035,1.0
1780671300,AUDCHF,bullish_exhaustion,0.56304,0.56327,0.56284,0.56327,0.0,1.124821996564152,26.55230724451789,0.05253825296891685,2.701970088827408,0.9040369004415763,-0.2533515498657266,-11.458262888572044,64.1559010291058,-0.04636182606986335,1,0.719399045320248,46.2962962962963,-0.0004083299305840393,-0.0008521668116534542,-0.0008876737621390518,1.0
1780685700,AUDCHF,bearish_exhaustion,0.56132,0.56146,0.56126,0.56146,0.0,1.261299627303823,16.57249755460559,0.03614579153012278,-2.0439119691869507,-0.8962723779537524,2.4091943213804727,18.717393717403468,5.698005697973847,0.10224689354155517,1,0.6798594369679346,42.129629629629626,0.00014248566238039828,1.781070779771632e-05,5.343212339270487e-05,1.0
1780696200,AUDCHF,bearish_exhaustion,0.56076,0.56086,0.5607,0.56074,0.0,1.1589669457891814,14.551532349612774,0.0319898841987608,-2.625709659513194,-1.0261894986846956,1.6444125934895162,4.063492063489726,-35.21779425388446,0.04418287169547844,1,0.5312625048673616,45.0,-1.783357705897881e-05,-0.0002496700788244821,-0.0002853372329422177,0.0
1780696500,AUDCHF,bearish_exhaustion,0.56074,0.56076,0.56065,0.56073,0.0,1.1275277664348884,13.626229998886856,0.03110665683929574,-2.648712646699591,-0.997128372660862,3.5230356974566437,0.7289829512008197,-50.964613638727435,0.031089762123531803,1,0.5213435428129373,41.25,-0.00023184063631331853,-0.00026750842651535045,-0.0004280134824244941,0.0
1780701000,AUDCHF,bearish_exhaustion,0.56068,0.56068,0.56068,0.56068,0.0,1.0650075045265852,8.961504246950097,0.02354845331925152,-2.257037692266532,-0.5527053587931212,8.497104111997174,-3.364197530864814,58.449261296281314,-0.0021871466230167446,1,0.5287739638583103,43.75,0.0,0.0,0.0,0.0
1780701300,AUDCHF,bearish_exhaustion,0.56068,0.56068,0.56068,0.56068,0.0,1.176231060766149,8.907671132899734,0.021866420939304982,-2.3017822701617225,-0.5114995674253563,5.1830928284574895,-5.471085120207746,58.642475295701665,-0.013468183171002205,1,0.438159394331242,23.125,0.0,0.0,0.0,0.0
1780701600,AUDCHF,bearish_exhaustion,0.56068,0.56068,0.56068,0.56068,0.0,1.3156052901926492,8.966820780305012,0.02030453372935463,-2.3365417799938273,-0.47392872759001325,3.058816800458189,-8.908382066276715,56.735323859757635,-0.022199157777309977,1,0.37522777593629425,16.25,0.0,0.0,0.0,0.0
1780701900,AUDCHF,bearish_exhaustion,0.56068,0.56068,0.56068,0.56068,0.0,1.3974258282421042,8.572115762326934,0.018854209891543586,-2.359245019962238,-0.4396702741761442,1.7630435933438235,-10.000000000000007,60.20870895485659,-0.02882074046789965,1,0.2798304479144967,3.75,0.0,0.0,0.0,0.0
1780702200,AUDCHF,bearish_exhaustion,0.56068,0.56068,0.56068,0.56068,0.0,1.5134706078005298,8.355608560764443,0.01750748061357619,-2.326791029495541,-0.40843027193157166,0.9983393932292586,-7.037037037037038,65.56445656497652,-0.033704811972163115,1,0.29339532548007785,5.0,0.0,0.0,0.0,0.0
1780702500,AUDCHF,bearish_exhaustion,0.56068,0.56068,0.56068,0.56068,0.0,1.6451379222089548,8.174305311436216,0.01625694628403503,-2.2819666839196766,-0.37994087435179325,0.5575784948933205,-1.8518518518518476,67.65790686953697,-0.0371646783423381,1,0.3078153161244864,8.75,0.0,0.0,0.0,0.0
1780702800,AUDCHF,bearish_exhaustion,0.56068,0.56068,0.56068,0.56068,0.0,1.8566755797467966,8.302788537954592,0.015095735835175386,-2.1857595086365538,-0.3539580081097139,0.3079936465859987,0.0,66.41518061276776,-0.03946381000417748,1,0.37053910122483136,14.374999999999998,0.0,0.0,0.0,0.0
1780703100,AUDCHF,bearish_exhaustion,0.56068,0.56068,0.56068,0.56068,0.0,2.0913455135991317,8.416904056751548,0.014017468989805713,-2.051069463241201,-0.3302592630090819,0.16859902286266504,0.0,60.77904633988342,-0.04082331498371949,1,0.402663683509943,18.125,0.0,0.0,0.0,0.0
1780631400,AUDJPY,bearish_exhaustion,113.781,113.836,113.773,113.835,0.0,2.1838171437449456,39.863752181093105,0.04301480383336267,-3.4125788225459797,-1.548266583008109,0.08749175672145523,10.968739017478157,-23.768994112426885,0.17066049906055034,1,0.8042314218361195,77.19298245614034,0.00028989326657002934,0.00034260113321904484,0.00036017042210234607,1.0
1780631700,AUDJPY,bearish_exhaustion,113.835,113.885,113.835,113.868,0.0,2.118221951080641,38.52270112643127,0.04306720596707343,-2.6492785418265172,-1.316258659953338,1.923561832603222,1.3535849131899482,10.65956029313199,0.15834521954570466,1,0.5953233613321268,53.50877192982456,5.269259142171023e-05,7.02567885622063e-05,0.00022833456282711495,1.0
1780632000,AUDJPY,bearish_exhaustion,113.871,113.891,113.841,113.874,0.0,2.067445285696084,37.47281932458766,0.043125168367647244,-2.4464269245249213,-1.1100004870194096,5.827132112817582,-0.745185397859359,18.92367217725556,0.10655098398186795,1,0.5843862511747223,52.63157894736842,1.756327168633831e-05,0.00017563271686249493,9.659799427441662e-05,1.0
1780632300,AUDJPY,bearish_exhaustion,113.872,113.894,113.855,113.876,0.0,2.0575544349860264,36.385069698691204,0.042490365770704946,-2.369677604133927,-0.9478805320975314,12.059904546399611,-3.0377301883941072,27.659051830003,0.0634834137774244,1,0.5637244061630681,46.49122807017544,0.00015806666900841648,7.903333450420824e-05,0.0003863851909093885,1.0
1780632900,AUDJPY,bearish_exhaustion,113.894,113.903,113.87,113.885,0.0,1.9364534742466364,31.761778775993587,0.04039292048250015,-2.096454402313236,-0.6648758787507738,20.025437194530916,-3.893726697190658,49.28745220714742,0.0059311284090107445,1,0.8590612658334258,85.08771929824562,0.0003073275672826892,0.0006849014356586913,0.0007814900996618857,1.0
1780663200,AUDJPY,bullish_exhaustion,114.182,114.189,114.173,114.18,0.0,1.095515460020951,11.635409954085228,0.027893822550466477,2.846542302737159,0.9396922302619833,-3.1242739602955396,-19.33889569299386,63.1006274323008,-0.0510122877458442,1,0.4436620263281392,14.351851851851851,7.006480994919961e-05,9.633911368012171e-05,6.130670870541088e-05,0.0
1780663500,AUDJPY,bullish_exhaustion,114.181,114.197,114.18,114.188,0.0,1.1164333035374436,11.336477970078008,0.026963001218891527,3.0361974138476584,0.934975377701493,-10.103241410523154,-17.18129288551731,75.99200084202849,-0.024162059225138584,1,0.4110483301488139,10.185185185185185,2.6272462955834186e-05,-8.757487651944729e-06,-0.0003415420184257334,1.0
1780663800,AUDJPY,bullish_exhaustion,114.188,114.194,114.173,114.191,0.0,1.1708090052378988,11.561047664328767,0.02635000342870172,3.0436035846888854,0.9240186241439777,-19.429551065881704,-7.71367521367565,64.31332568706257,-0.015564237131479263,1,0.3782547135314527,8.333333333333332,-3.502903030894178e-05,-0.000367804818243167,-0.000367804818243167,1.0
1780664100,AUDJPY,bullish_exhaustion,114.191,114.195,114.167,114.187,0.0,1.0778141051986891,10.635508486564914,0.026220230311336773,2.7641863427055475,0.8816506290401165,-20.83300017442017,4.547720797716522,51.71635049678907,-0.023816118826460897,1,0.22873127559604245,1.3888888888888888,-0.00033278744515574665,-0.00033278744515574665,-0.0004816660390412064,1.0
1780677900,AUDJPY,bearish_exhaustion,113.341,113.377,113.328,113.376,0.0,2.1720028397291724,58.3893613686483,0.06620392030780671,-6.038687513443017,-2.0338802310218282,0.1635233032372419,15.942826790285977,-46.66697809128016,0.11264986585826056,1,0.9831160297884189,99.53703703703704,0.00045865086085239426,0.0008732006773919387,0.000679156082415977,1.0
1780678200,AUDJPY,bearish_exhaustion,113.376,113.449,113.361,113.428,0.0,1.9537411160495353,53.33883548973301,0.06698847582017543,-5.0829330395775285,-1.80530640806843,1.4713763511257394,5.862608221822953,-16.296296296294866,0.12308129405951436,1,0.9558838059495796,95.37037037037037,0.0004143597700743129,0.00022040413301827044,-0.00029974962090484336,1.0
1780678500,AUDJPY,bearish_exhaustion,113.429,113.475,113.401,113.475,0.0,1.766746181035258,48.02577080600349,0.06683586369515059,-4.284697340960206,-1.578636198536072,5.066215820334581,4.487555455297638,12.345679012344728,0.11931317981428892,1,0.9337408872522681,91.20370370370371,-0.00019387530293013544,-0.000713813615333625,-0.001269001982815543,0.0
1780678800,AUDJPY,bearish_exhaustion,113.474,113.487,113.43,113.453,0.0,1.5686016961205624,41.533710349024375,0.06566255581385656,-4.459291480924627,-1.4289097347880384,12.933866028377214,-2.5578138703881876,27.915499654977914,0.05241284150806215,1,0.8873262759775663,80.55555555555556,-0.0005200391351484202,-0.0010753351608154826,-0.0012604338360377998,0.0
1780679100,AUDJPY,bearish_exhaustion,113.454,113.462,113.387,113.394,0.0,1.3176298234324106,34.889570281793375,0.06572845960717458,-5.035948960316038,-1.3355074735720087,22.550425250033108,-13.111309333633187,10.215164638768115,-0.026448348325891408,1,0.8671889684316362,75.46296296296296,-0.0005555849515848088,-0.0007407799354463007,-0.0007319611266909387,0.0
1780679400,AUDJPY,bearish_exhaustion,113.396,113.4,113.331,113.331,0.0,1.2667143994827665,30.279489270311835,0.06115847392768133,-6.103421640928836,-1.3385550273043074,20.091254624231304,-21.538233487918703,5.893469139352239,-0.025073060814294345,1,0.8971053609483713,81.94444444444444,-0.0001852979326044668,-0.00017647422152800019,-0.0003441247319797558,0.0
1780680900,AUDJPY,bearish_exhaustion,113.253,113.265,113.183,113.203,0.0,1.0569996553211447,25.894167352726413,0.06203250080541859,-6.589326770885941,-1.4089191038381343,1.29363540774753,-2.263616109771263,-146.25798983342617,-0.08670119649513121,0,0.8268612759959008,65.74074074074075,0.00015900638675647727,-0.0003533475261257024,-0.00032684646166625253,0.0
1780684800,AUDJPY,bearish_exhaustion,113.035,113.037,113.014,113.029,0.0,2.713979600087435,46.95426671543627,0.04732350527287379,-6.722467901999319,-2.1588637224183054,1.7962649778654176,0.6409441478076019,-73.96904828098018,0.060437321636062,0,0.9279208134039642,89.35185185185185,0.00023887674844513818,0.0005485317927258482,0.0010882162984722221,1.0
1780685100,AUDJPY,bearish_exhaustion,113.025,113.056,113.012,113.056,0.0,2.5202527695964734,43.1688627416347,0.04671267223281203,-5.953251217783778,-2.0528583777898075,4.53473168734507,9.101812478916912,-59.77052832431629,0.086495216746437,0,0.9013669814450573,84.25925925925925,0.0003095810925559661,0.0008491367110106118,0.0007783753184262832,1.0
1780685400,AUDJPY,bearish_exhaustion,113.055,113.095,113.047,113.091,0.0,2.2045561350120746,37.7316165094452,0.04639432109375039,-4.989726873938879,-1.8840962111979913,11.788744208629645,14.374135810970905,-32.13939106687247,0.10774532750647808,1,0.8971353633584137,82.4074074074074,0.000539388633931992,0.00046864914095734456,8.842436621847583e-05,1.0
1780685700,AUDJPY,bearish_exhaustion,113.091,113.153,113.082,113.152,0.0,1.9315823774647636,34.60547861747337,0.04753917749612054,-3.4247027289909453,-1.5870832558230723,23.173079456280472,17.179902024229804,9.701957379350036,0.1424136450689705,1,0.8968135645985456,81.48148148148148,-7.070135746600759e-05,-0.0004507211538461453,-0.000415370475113086,0.0
1780686000,AUDJPY,bearish_exhaustion,113.15,113.163,113.103,113.144,0.0,1.688068544073183,30.80248784899131,0.04793448371514785,-3.2916018345085813,-1.3731634572138847,20.225893404123063,6.172706704533198,25.17998368620965,0.07487454702538979,1,0.9342934419642186,91.66666666666666,-0.0003800466661953994,-0.00034469348794452515,-0.0004153998444461626,0.0
1780686300,AUDJPY,bearish_exhaustion,113.143,113.144,113.098,113.101,0.0,1.4833058764028226,26.774863422883843,0.04743262970459248,-3.8734851509126296,-1.277179935165981,14.432623540052951,-8.157052372087406,16.63959041008936,-0.013128638662399132,1,0.8456569554332611,70.83333333333334,3.5366619216548045e-05,-3.5366619216548045e-05,0.00030945791814396273,0.0
1780686600,AUDJPY,bearish_exhaustion,113.101,113.114,113.076,113.105,0.0,1.3353476411699348,23.489953240985464,0.04644281993271081,-3.6585399643326832,-1.1945668329309949,9.37615018902217,-14.987694131427943,10.80524826347649,-0.013618686126347927,1,0.7378320676387334,47.68518518518518,-7.073073692598353e-05,0.0002740816055877282,0.00019450952654609388,1.0
1780686900,AUDJPY,bearish_exhaustion,113.106,113.114,113.077,113.097,0.0,1.2579461376799799,21.562869082007637,0.04546533186453155,-3.6565591054097824,-1.1309692095547623,5.767994304008937,-19.53937218500178,16.994729482661953,-0.029360701418295,1,0.6217547753271127,31.944444444444443,0.0003448367330698421,0.0002652590254383913,0.0003271527980406308,1.0
1780687200,AUDJPY,bearish_exhaustion,113.097,113.136,113.089,113.136,0.0,1.1100948238691972,18.971910568334266,0.045170606484027896,-2.676100077194267,-0.9936609341283612,3.423956756753398,-4.803227525310923,59.95717344753991,0.019867407692680063,1,0.6429826838885857,37.5,-7.95502757743316e-05,-1.767783906092557e-05,0.00010606703436577547,0.0
1780687500,AUDJPY,bearish_exhaustion,113.136,113.143,113.101,113.127,0.0,1.0756453740989467,18.143222571852235,0.04459935834271021,-2.6499429638377894,-0.8947194550995683,1.981958180751164,6.6694577655947,73.68983141354884,-0.011426138622852038,1,0.6403943321418762,36.574074074074076,6.187735907436931e-05,0.00018563207722288588,-0.0004596603816948708,1.0
1780687800,AUDJPY,bearish_exhaustion,113.127,113.14,113.111,113.134,0.0,1.0672176848857338,17.29602449772443,0.043242078891317724,-2.3474344650327694,-0.810520857951596,1.1259689915628144,16.650940698803204,88.10256000638513,-0.011846703542243153,1,0.6361941845852649,34.72222222222222,0.0001237470610073732,-0.0005215054713878509,-0.0007513214418299885,0.0
1780690200,AUDJPY,bearish_exhaustion,113.014,113.025,112.941,112.945,0.0,1.0515946661020343,18.776916657929757,0.045223800320293724,-4.510354830980943,-0.9363945582281498,0.008616750785392924,-11.768816609508502,-185.97127867564095,-0.1213310251721049,0,0.45589619177279583,27.500000000000004,-6.197706848454221e-05,-0.00039842401168699304,-0.00038957014476070917,0.0
1780695000,AUDJPY,bearish_exhaustion,112.823,112.826,112.774,112.791,0.0,1.8890918241686419,33.17702854741454,0.044630111326573414,-4.317548705412289,-1.5659957791643762,6.5122323617863485,16.120420996281133,-54.42043222005657,0.05016282088624323,1,0.7329579327683785,91.875,0.0001063914674042099,0.00013298933425542891,0.0005053594701704966,1.0
1780695300,AUDJPY,bearish_exhaustion,112.791,112.806,112.777,112.803,0.0,1.657492171157763,27.905710039744353,0.04327416160807633,-4.0061823761441895,-1.5184154914880588,12.81781700262918,11.638646009103283,-51.469357317889404,0.05886835661492675,1,0.6042505156573896,65.625,2.6595037366128338e-05,0.00039892556049037076,0.0004698456601330836,1.0
1780695600,AUDJPY,bearish_exhaustion,112.803,112.816,112.778,112.806,0.0,1.480988220897779,24.437744937941996,0.04258823509538849,-3.821649330597209,-1.443463588577628,23.325238245832683,-1.5498227927020878,-42.33144162475549,0.04892227478652957,1,0.6351849855114475,75.0,0.00037232062124359366,0.0004432388348136751,0.00027480807758450965,1.0
1780695900,AUDJPY,bearish_exhaustion,112.807,112.856,112.801,112.848,0.0,1.1897770754229375,19.99037079286396,0.04301279459741953,-2.7709631971287547,-1.2663231251487341,20.120783995175394,4.83402089842285,6.13199223574722,0.08994644817441462,1,0.5012030868796254,36.875,7.089181908392916e-05,-9.747625124056913e-05,-0.0003101517084928007,0.0
1780696200,AUDJPY,bearish_exhaustion,112.849,112.883,112.841,112.856,0.0,1.0760014268349898,17.873683038042877,0.0425958756427185,-2.479613839459434,-1.122338601874034,14.289474433717224,4.483368279145893,53.55782416577662,0.06653636349177908,1,0.5278924193665657,42.5,-0.0001683561352519014,-0.0003810165166229229,-0.0006822853902317405,0.0
1780613700,AUDUSD,bearish_exhaustion,0.71331,0.71336,0.71328,0.71329,0.0,1.1843008195544953,6.039192334439588,0.014707989280666845,-3.3342669299764536,-0.9934150687759021,0.6820523967637179,-1.2860823517257813e-12,-60.31746031758023,0.024218808551964306,0,0.6864031516015973,66.66666666666666,-0.00030842995135216267,5.6078172973261786e-05,0.00040656675405514875,1.0
1780631400,AUDUSD,bearish_exhaustion,0.71143,0.71178,0.71135,0.7117,0.0,1.7997231412653776,37.108768046928866,0.048483506264433394,-2.900969025539946,-1.274021095705083,0.09855364831341552,11.374225727835068,-25.98071686170993,0.13668484083059226,1,0.8313710720257532,80.7017543859649,0.00033722073907549444,0.00047772938035683943,0.00044962765210065925,1.0
1780631700,AUDUSD,bearish_exhaustion,0.71175,0.71206,0.7117,0.71194,0.0,1.7607029575604043,36.236965718504045,0.048617083332580885,-2.1125348768976844,-1.0769340622055528,1.6859731419254265,2.0260894544882433,9.806201550390005,0.13756432985874356,1,0.6097880858477992,55.26315789473685,0.00014046127482658655,0.00011236901986122483,0.0002106919122397688,1.0
1780678200,AUDUSD,bearish_exhaustion,0.70768,0.70808,0.70757,0.70787,0.0,1.9671225391864937,61.24044833265886,0.0766998893361723,-6.232784481010684,-2.057265507425561,0.827335620026401,7.781648156987913,-36.143451629485575,0.109851209437656,1,0.9831386904002075,100.0,0.00032491841722337433,9.888821393766456e-05,-0.00043793351886645127,1.0
1780678500,AUDUSD,bearish_exhaustion,0.70788,0.70813,0.70772,0.7081,0.0,1.771001645986557,53.73128657620079,0.07533400837625374,-5.689110969095184,-1.8955125541649465,2.9348067892196976,8.933451806716775,-19.284022286735155,0.1050722853120241,1,0.9665929638275156,98.14814814814815,-0.00022595678576464717,-0.0007626041519559479,-0.0014404745092500004,0.0
1780678800,AUDUSD,bearish_exhaustion,0.7081,0.70821,0.70785,0.70794,0.0,1.6209729027141706,47.5649040485983,0.07360108678559636,-5.897305354135489,-1.7838456658125028,7.357651340050442,-0.5373186351014283,-10.150317681723156,0.04897269813832771,1,0.9280389648198042,89.81481481481481,-0.0005367686527107951,-0.0012147922140294254,-0.0012430431957510812,0.0
1780679100,AUDUSD,bearish_exhaustion,0.70795,0.70799,0.70754,0.70756,0.0,1.4263260498201489,41.300787015184774,0.07292334561500513,-6.4367281992269385,-1.7156065817964261,13.041502320602877,-13.559945956335923,-32.40563544570437,-0.018429743183563316,1,0.9058468918648093,86.11111111111111,-0.0006783876985696491,-0.0007066538526767641,-0.0006925207756232066,0.0
1780679400,AUDUSD,bearish_exhaustion,0.70755,0.70759,0.70707,0.70708,0.0,1.4160770869792731,36.98845865939603,0.0678164442193469,-7.657628304247671,-1.7531921850120336,22.220051562675867,-26.985194137272032,-42.051661122744335,-0.016344187342071045,1,0.8645734640000714,75.0,-2.8285342535516733e-05,-1.4142671267869389e-05,-7.071335633879183e-05,0.0
1780680000,AUDUSD,bearish_exhaustion,0.70706,0.70739,0.70683,0.70707,0.0,1.0975295821624436,30.72179588048463,0.07092516994644538,-6.8037167712593485,-1.6392968153546355,13.311317717721394,-9.733497390818721,-86.07582579834735,-0.04504101807869244,0,0.9372633169863477,92.5925925925926,-5.6571485142820066e-05,-0.0005515719801434393,-0.0011031439602867676,0.0
1780680300,AUDUSD,bearish_exhaustion,0.70707,0.70726,0.70699,0.70703,0.0,1.0781018263324904,28.80882528844691,0.0685905203944094,-6.835677943330013,-1.6595038178707815,8.664744096224894,1.9233378859142203,-81.87134502923153,-0.032144005905396116,0,0.9011259702505796,83.79629629629629,-0.000495028499498007,-0.001046631684652799,-0.0008344766134394943,0.0
1780684200,AUDUSD,bearish_exhaustion,0.70524,0.70526,0.705,0.70511,0.0,2.5472614327477383,56.36416158749075,0.05845808688164487,-7.423692152013488,-2.223504265274681,0.15089475519819961,8.537387070737232,-97.79709572259739,0.04399622309656151,0,0.9689429685662809,98.61111111111111,4.254655302005084e-05,-4.254655302005084e-05,0.0002978258711405779,0.0
1780684500,AUDUSD,bearish_exhaustion,0.7051,0.70523,0.705,0.70514,0.0,2.5015884546230485,53.08771578399978,0.056610030969992016,-7.161681942464057,-2.2258610727277848,1.6188315185850404,6.590437481778366,-89.80512820512025,0.05367741906575616,0,0.9653716027074887,97.68518518518519,-8.508948577579112e-05,0.0002552684573275954,0.0006665343052443262,1.0
1780684800,AUDUSD,bearish_exhaustion,0.70513,0.70515,0.70494,0.70508,0.0,2.433616230845194,49.38554927193368,0.054698348728041656,-7.173025328165842,-2.2331332903048775,4.106024877937516,-3.085548248886468,-86.81506849313836,0.04294789050808583,0,0.9498443003026241,94.44444444444444,0.0003403869064502185,0.0007516877517443898,0.0013757304135699755,1.0
1780685100,AUDUSD,bearish_exhaustion,0.70506,0.70533,0.70497,0.70532,0.0,2.256819236426964,45.828273165888554,0.05441980259975024,-6.212064440558042,-2.1126808296699053,7.547095494620278,6.328680897642869,-67.61142857140888,0.08257403162337686,0,0.9400184023007674,93.05555555555556,0.000411160891510276,0.0010349912096636604,0.000907389553677973,1.0
1780685400,AUDUSD,bearish_exhaustion,0.70531,0.70569,0.70525,0.70561,0.0,1.9581169808724288,40.67400992942072,0.05496600481503597,-5.059229408685066,-1.9056870959132186,18.820189951916774,17.48508069197336,-33.10026840328163,0.10967793471239748,1,0.9456236690732753,93.51851851851852,0.0006235739289408571,0.0004960247162031362,4.2516404246129014e-05,1.0
1780685700,AUDUSD,bearish_exhaustion,0.70561,0.70606,0.70553,0.70605,0.0,1.7281687806914563,37.50121824626387,0.056369876126538085,-3.5150797010382226,-1.6063629040868102,21.11467837789241,23.151407341059446,10.341107763266487,0.14173496938370372,1,0.9704434932187229,99.07407407407408,-0.00012746972594002148,-0.0005806954181714064,-0.0005665321152892311,0.0
1780686000,AUDUSD,bearish_exhaustion,0.70601,0.70611,0.70565,0.70596,0.0,1.5177444996806175,33.60107202869784,0.05700437939713807,-3.456020943781725,-1.3941607855462863,16.409630889913224,13.143744824781606,22.412298566102695,0.06940239100503691,1,0.9590339989181217,96.29629629629629,-0.00045328347215134457,-0.00043911836364673995,-0.0004957787976657135,0.0
1780686300,AUDUSD,bearish_exhaustion,0.70596,0.70596,0.70561,0.70564,0.0,1.3181236646147343,28.88129717924916,0.056499525438877575,-4.059864553361557,-1.3014107516201345,11.130961295440116,-4.384506801924886,11.17589893097658,-0.016361553537078802,1,0.8625045847268644,73.61111111111111,1.4171532225937256e-05,-4.251459667836688e-05,0.0002409160478431538,0.0
1780686600,AUDUSD,bearish_exhaustion,0.70564,0.70574,0.70544,0.70565,0.0,1.1917625526288755,25.5299053641782,0.05549981543854929,-3.8612538021210923,-1.223279419185729,7.028553572961812,-15.083603712120635,1.7834394904122808,-0.01828153168572712,1,0.7379574306449372,48.148148148148145,-5.6685325586447455e-05,0.00022674130234534573,0.00014171331396584108,1.0
1780686900,AUDUSD,bearish_exhaustion,0.70566,0.70576,0.70545,0.70561,0.0,1.1338346378947297,23.853827485774932,0.05467657993334675,-3.760464374036312,-1.1551194221661842,4.245813249101772,-19.578691183603127,9.063634928158764,-0.027999019279452447,1,0.6365136707827478,35.18518518518518,0.00028344269497337926,0.00019840988648134328,0.00012754921273794295,1.0
1780690800,AUDUSD,bearish_exhaustion,0.70477,0.70502,0.70469,0.70477,0.0,1.1551176243092485,23.068062576593615,0.05134854697623871,-3.588944249259695,-1.0561649537233266,0.0016791732498973033,3.9852704366729306,-123.12438648157824,-0.00013532423285162837,0,0.5500337501448695,50.0,-0.00017026831448563318,5.67561048285814e-05,-0.00014189026207134248,1.0
1780691100,AUDUSD,bearish_exhaustion,0.70473,0.7048,0.70458,0.70465,0.0,1.2972375955575035,24.93509156358092,0.04991899736259831,-3.8742961483124954,-1.11206102234181,0.0598772651167252,5.035756337284724,-135.50627668385496,-0.009625217496893731,0,0.6812496157931138,83.75,0.00022706308096220873,2.8382885120192825e-05,-0.00022706308096220873,1.0
1780691400,AUDUSD,bearish_exhaustion,0.70465,0.70481,0.70454,0.70481,0.0,1.3657147463533603,25.718682209587982,0.049079131700155564,-3.3621012394515692,-1.1013376646711193,0.05945747180425087,9.910093323009377,-109.93001259186778,0.03648331866632655,0,0.7163731043611069,89.375,-0.0001986350931456604,-0.0004540230700473824,-0.00028376441877964176,0.0
1780691700,AUDUSD,bearish_exhaustion,0.70481,0.70493,0.7046,0.70467,0.0,1.3432149354205705,25.281678219260954,0.04892756453138353,-3.65568707677467,-1.1015826041268826,0.044488155525073125,5.194402547345234,-96.39600521061074,0.008316720470938371,0,0.5577013079811645,55.00000000000001,-0.0002554387159948712,-8.514623866495707e-05,-0.0003122028751046946,0.0
1780692000,AUDUSD,bearish_exhaustion,0.70468,0.70474,0.7043,0.70449,0.0,1.3071876556202522,25.407932211567623,0.04990552737018371,-3.9308327062443,-1.1062004470017237,0.029623787574010407,1.4059931964977608,-120.54444917056684,-0.016874994356403702,0,0.5895640591908218,61.875,0.000170335987735859,-5.677866257847164e-05,-0.00015614132209107456,0.0
1780692300,AUDUSD,bearish_exhaustion,0.70452,0.70466,0.70422,0.70461,0.0,1.28753787398688,25.738637944506372,0.0507933755351257,-3.3758485407567305,-1.0675046292425892,0.018501748692742126,0.21139608179219493,-109.10393672579123,0.02245506177565642,0,0.6755818195618214,82.5,-0.00022707597110449562,-0.0003264217084627541,-0.00039738294943292285,0.0
1780692600,AUDUSD,bearish_exhaustion,0.70464,0.70469,0.70432,0.70445,0.0,1.307017220093215,26.260697369762187,0.0509276501795193,-3.657042634402391,-1.0733859710997529,0.011095801799243077,0.4387865655486678,-98.81910896404533,-0.004145354123803338,0,0.6654543677832027,80.0,-9.936830151180409e-05,-0.00017034565973450544,-0.00041166867769182325,0.0
1780692900,AUDUSD,bearish_exhaustion,0.70445,0.70485,0.7043,0.70438,0.0,1.2611664554101605,26.742899177422224,0.05287200711431175,-3.53364629253894,-1.0436061003259283,0.006470364626053993,-0.590332116148808,-86.5000201914323,-0.004352191368843618,1,0.6664498287581062,80.625,-7.098441182318282e-05,-0.0003123314120219156,-0.00034072517675121095,0.0
1780693200,AUDUSD,bearish_exhaustion,0.70438,0.70446,0.70416,0.70433,0.0,1.2524649290594185,26.037047698236858,0.05214132547703112,-3.526781724554527,-1.0647262361449727,0.003696414176246776,-7.159718914666865,-109.2438137128712,-0.0008863458820441,0,0.5424046145753214,48.125,-0.00024136413328978978,-0.00026975991367683694,-0.00032655147445093125,0.0
1780693500,AUDUSD,bearish_exhaustion,0.70433,0.70442,0.70399,0.70416,0.0,1.2122335351126015,25.641210868650298,0.05279046737065535,-3.7295951509163006,-1.0813514554414947,0.0020788230197297253,-6.171749442091194,-121.77280550775413,-0.019197150530856535,0,0.5528000663319828,52.5,-2.8402635764646078e-05,-8.520790729382721e-05,-2.8402635764646078e-05,0.0
1780693800,AUDUSD,bearish_exhaustion,0.70416,0.70423,0.70403,0.70414,0.0,1.229672644587403,24.80744103526198,0.05104992935134312,-3.701076610532093,-1.1338184070279038,0.0011547194756786894,-2.5348473268580385,-125.91709464415678,-0.003959761883647866,0,0.555622903494864,54.37499999999999,-5.680688499454245e-05,0.0,0.0003124378674694839,0.0
1780694100,AUDUSD,bearish_exhaustion,0.70414,0.70414,0.70393,0.7041,0.0,1.1612604129485502,22.471316129189017,0.04953657803223123,-3.730643139424144,-1.1769246018385193,0.0006350137207391526,-1.9346879313568799,-136.123377492308,0.0028486098783813483,0,0.4549912612114324,26.875,5.681011220004528e-05,0.00036926572929996127,0.00012782275244993535,1.0
1780694400,AUDUSD,bearish_exhaustion,0.7041,0.70424,0.70395,0.70414,0.0,1.1623931247024202,22.15910836670094,0.04893742312835753,-3.4621057600766862,-1.1750932215093302,0.00034633385180882215,3.7278865564544965,-116.51538205921973,0.02204823203785598,0,0.5775382186915342,59.375,0.0003124378674694839,7.100860624298377e-05,0.00015621893373474194,1.0
1780694700,AUDUSD,bearish_exhaustion,0.70415,0.7044,0.70413,0.70436,0.0,1.1477640017973856,21.45254934349851,0.048165747485135545,-2.7088348123825265,-1.115345085068464,0.000187580421624034,17.83129808892857,-69.6904247660014,0.06733524625670086,0,0.5709153270346636,57.49999999999999,-0.00024135385314327795,-0.00015617014026914067,-2.8394570958045762e-05,0.0
1780701000,AUDUSD,bearish_exhaustion,0.70403,0.70403,0.70403,0.70403,0.0,1.1159483602892972,11.97867937918243,0.030978098113278483,-2.574106384441677,-0.6992743211634747,0.0016820419113798835,-12.51686909581403,-42.870953762030524,-0.008969837817699113,0,0.3701387876480095,13.750000000000002,0.0,0.0,0.0,0.0
1780701300,AUDUSD,bearish_exhaustion,0.70403,0.70403,0.70403,0.70403,0.0,1.2364099556290722,11.944738042699663,0.028765376819472877,-2.6131154779329466,-0.7160488013534743,0.0009251230430038504,-7.829188355503037,-39.7417793019548,-0.007148794537810546,0,0.4265119294051959,22.5,0.0,0.0,0.0,0.0
1780701600,AUDUSD,bearish_exhaustion,0.70403,0.70403,0.70403,0.70403,0.0,1.3397734269387849,11.649239279365093,0.02671070704665339,-2.6418310326352774,-0.7311098062633313,0.0005046125651517741,6.195617248247274,-36.612948826635154,-0.0060338041172114856,0,0.4727838107771679,32.5,0.0,0.0,0.0,0.0
1780701900,AUDUSD,bearish_exhaustion,0.70403,0.70403,0.70403,0.70403,0.0,1.296254246844205,10.144133242287207,0.024802799400463864,-2.6640835422628353,-0.7446100594291982,0.00027333180440791693,13.15789473683903,-31.801531801444522,-0.005485670903173084,0,0.3714196862014879,15.0,0.0,0.0,0.0,0.0
1780702200,AUDUSD,bearish_exhaustion,0.70403,0.70403,0.70403,0.70403,0.0,1.2034281935135076,8.476220540816682,0.023031170871859304,-2.6494583068623414,-0.7566887272211689,0.00014717866312707883,12.957393483705424,-23.910907304158346,-0.005388153373443067,0,0.3127388174353067,9.375,0.0,0.0,0.0,0.0
1780704300,AUDUSD,bearish_exhaustion,0.70403,0.70403,0.70403,0.70403,0.0,1.0950212090786773,3.6890260707741085,0.013709551074051845,-2.3062732436921842,-0.8107875586745493,1.7247499215500284e-06,0.0,-25.132275131922423,-0.010974452541626573,0,0.4087967867082263,18.75,0.0,0.0,0.0,0.0
1780704600,AUDUSD,bearish_exhaustion,0.70403,0.70403,0.70403,0.70403,0.0,1.2150658361463094,3.6841087223827156,0.012730297425905283,-2.2649901715977387,-0.8152285343589701,9.034404229169013e-07,0.0,-23.715415019612383,-0.012101753171412937,0,0.4251754165659227,21.875,0.0,0.0,0.0,0.0
1780704900,AUDUSD,bearish_exhaustion,0.70403,0.70403,0.70403,0.70403,0.0,1.1146160797237086,3.041555988074139,0.011820990466912047,-2.210918788190949,-0.8190576643402085,4.7225294963482156e-07,0.0,-33.17940824329942,-0.013228115239000946,0,0.295859357258462,6.25,0.0,0.0,0.0,0.0
1780705200,AUDUSD,bearish_exhaustion,0.70403,0.70403,0.70403,0.70403,0.0,1.2412140330125299,3.0483161439328565,0.01097663400498976,-2.220531478575487,-0.8223298746114329,2.4639284390559624e-07,0.0,-39.21568627431087,-0.01433878673303003,0,0.41863028143819503,20.625,0.0,0.0,0.0,0.0
1780705500,AUDUSD,bearish_exhaustion,0.70403,0.70403,0.70403,0.70403,0.0,1.1764359615356743,2.6003298905213534,0.01019258871891906,-2.196243793404572,-0.8250952143088895,1.2832960294417717e-07,0.0,-37.037037036803405,-0.015422382275659336,0,0.3190509140978037,10.0,0.0,0.0,0.0,0.0
1780608600,CADCHF,bullish_exhaustion,0.56779,0.56792,0.56778,0.56791,0.0,1.187031636045792,8.693962572954357,0.018891976153966806,2.350651125015831,0.6077312840965985,-2.017925275890491,0.3120336453679329,59.636650868862425,0.027116678032218747,0,0.3520517278776106,14.912280701754385,-1.760842387010797e-05,-8.804211934987372e-05,-0.0001232589670898676,1.0
1780650900,CADCHF,bearish_exhaustion,0.5672,0.5672,0.56692,0.56697,0.0,1.126399946297867,11.741556759454559,0.023163772666115034,-3.525426114789983,-0.8442670054726276,1.0484584902662666,-10.407239819008275,-97.46410021388363,-0.05381539360528122,0,0.9642232488955229,93.85964912280701,-8.818808755317598e-05,1.7637617510724013e-05,0.00014110094008512597,1.0
1780587000,CADJPY,bullish_exhaustion,115.086,115.112,115.076,115.111,0.0,1.2268938186388807,11.819916418033065,0.02388069027566366,2.568271889334668,0.7092594242456024,-16.09175664122914,18.65210301907466,82.54655521479135,0.03988885630409908,1,0.484029019579115,30.701754385964914,0.00022586894388898493,0.0005125487572863463,0.0002779925463247679,0.0
1780587300,CADJPY,bullish_exhaustion,115.11,115.137,115.099,115.137,0.0,1.1498827974720423,11.488441459792377,0.02452735920697245,3.3151481099606377,0.7861703073934666,-14.555884057883958,26.16818075937335,132.69424823416466,0.07684920162219426,1,0.49966706005020073,35.08771929824561,0.00028661507595306723,5.2111831991386026e-05,0.00015633549597438012,0.0
1780587600,CADJPY,bullish_exhaustion,115.136,115.172,115.136,115.17,0.0,1.2153871867833845,12.448634479818885,0.02500160336965949,4.267504371723572,0.9272600084011318,-0.5421160146028257,22.197064989514786,204.78967719885725,0.11013596885761867,1,0.46094314320060514,26.31578947368421,-0.0002344360510549981,-0.00013024225058611005,-6.077971694018469e-05,1.0
1780613400,CADJPY,bearish_exhaustion,115.08,115.08,115.055,115.055,0.0,1.4334707890506868,8.154378054868582,0.014524840288552221,-2.932102968135529,-0.7887428307176834,1.0042169191111807,-19.07920937349359,-68.29161176980263,-0.045855662928992326,1,0.7112393496261531,68.42105263157895,-8.691495371782043e-05,-0.0002433618704098528,-5.214897223071446e-05,0.0
1780655700,CADJPY,bullish_exhaustion,115.173,115.179,115.15,115.157,0.0,1.59820420069242,11.72541714740564,0.017955412873041338,3.4066977919015478,1.336436279222572,-0.38879251099514534,-14.755734110578157,14.652014652050024,-0.11191863051055931,0,0.14660844250117286,1.7543859649122806,6.078657832353507e-05,-4.341898451676318e-05,-1.7367593806660864e-05,1.0
1780656000,CADJPY,bullish_exhaustion,115.157,115.175,115.153,115.164,0.0,1.433374109599361,10.559535100317445,0.018036383668302725,3.613618943336312,1.2161901070172996,-3.2692628711982223,-1.829155363823805,12.032085561550018,-0.051916752087783555,0,0.3216308390214506,11.403508771929824,-0.00010419922892568323,-7.814942169426242e-05,8.683269077103262e-06,1.0
1780656300,CADJPY,bullish_exhaustion,115.163,115.17,115.141,115.152,0.0,1.1547455154568504,8.819132279372022,0.01854868047332038,2.851233515011794,1.0374428451582751,-6.3692676931436125,2.205164838754232,-27.26065631518374,-0.06779564475068929,0,0.4112778343617056,19.298245614035086,2.605252188403462e-05,0.00011289426149785342,0.00030394608864803274,0.0
1780662600,CADJPY,bullish_exhaustion,115.268,115.281,115.263,115.278,0.0,1.606111649127546,15.515825034671495,0.023725892625443994,3.6664463251324997,1.1975324548472974,-0.7913063347484552,-20.683491838460558,59.302259404705055,-0.04336809163688459,1,0.39351029747471983,9.25925925925926,-0.00014746959523936898,-8.67468207290667e-05,-3.4698728291648884e-05,1.0
1780662900,CADJPY,bullish_exhaustion,115.277,115.279,115.259,115.261,0.0,1.5265300430816082,14.331439818029363,0.023273858491960932,2.9352468985897398,1.1174853465147592,-1.4443273920094413,-11.810943211484263,41.68842884951364,-0.07832083008643854,0,0.32397281009061435,3.7037037037037033,6.073173059406578e-05,0.00011278749967469359,0.0,0.0
1780663200,CADJPY,bullish_exhaustion,115.261,115.276,115.255,115.268,0.0,1.4835616842690411,13.616091975017419,0.02291144280369282,3.084488880818812,1.0609450341787519,-5.207597313910426,0.4048046460526429,37.381521835366954,-0.038868863946414096,0,0.44336377182438597,13.425925925925927,5.20526078355843e-05,-6.072804247492236e-05,-0.0002342367352604624,1.0
1780663500,CADJPY,bullish_exhaustion,115.268,115.283,115.267,115.274,0.0,1.4991118551372888,13.215007225597915,0.02226523045603727,3.2580039398102723,1.0381120949626956,-9.578951810067466,10.397359841803379,51.163329088991965,-0.01381382928796062,0,0.4813535393118024,17.59259259259259,-0.00011277478008919761,-0.0002862744417648777,-0.0004944740357756272,1.0
1780663800,CADJPY,bullish_exhaustion,115.274,115.275,115.258,115.261,0.0,1.4549120370153528,12.40089222803539,0.021730698329791354,2.6813568823187848,0.9672345396081536,-15.040570061639102,8.517988602735361,22.85891143830278,-0.04463683628357015,0,0.33474143399330014,4.62962962962963,-0.00017351923026864835,-0.0003817423065910486,-0.00041644615264491147,1.0
1780685400,CADJPY,bearish_exhaustion,115.001,115.002,114.981,114.985,0.0,1.3718625800965745,15.434015826741112,0.03159063594896565,-3.820562642697268,-1.113366839843084,0.5905479462231692,9.429303517352068,-65.31619270226973,0.023161796807571137,0,0.6111505997871086,31.48148148148148,0.00020002609035962848,0.00020002609035962848,0.00012175501152311696,1.0
1780685700,CADJPY,bearish_exhaustion,114.985,115.015,114.978,115.008,0.0,1.1414023171905892,13.026436328136139,0.03162627231502791,-3.0071968783299963,-1.017431017154114,0.2505928001146688,13.642537273060022,-38.90006706912169,0.06206631358165672,0,0.4785583247056246,16.666666666666664,0.0,-7.825542570949473e-05,-0.0002086811352254303,0.0
1780695000,CADJPY,bearish_exhaustion,114.867,114.868,114.85,114.857,0.0,1.9173293244979634,20.328401058374123,0.027159604554275976,-3.2210592646591163,-1.309016411098794,2.9791935707654575,2.182789945092466,-24.98954412380581,0.07640086435975679,1,0.667633072386001,81.25,-6.965182792506575e-05,-3.4825913962643895e-05,0.00016542309132239197,0.0
1780695300,CADJPY,bearish_exhaustion,114.856,114.862,114.844,114.849,0.0,1.8231702733836965,18.5408461739711,0.026340871867642515,-3.4199134105124975,-1.2616362741186518,6.9257432894035285,-3.5867061770631494,-27.950384496321213,0.03769981300877357,1,0.6350313120717788,74.375,3.4828339819936716e-05,0.0002350912937858496,0.00038311173802130227,1.0
1780695600,CADJPY,bearish_exhaustion,114.849,114.858,114.842,114.853,0.0,1.7082633866472774,16.587701035823276,0.025453589937105888,-3.261931641605523,-1.208299244220827,12.419038212785804,-8.104164097506327,-23.195948403689744,0.0360416176765695,1,0.6253291893859435,71.875,0.00020025597938233552,0.0003482712684910183,0.000304737359929641,1.0
1780695900,CADJPY,bearish_exhaustion,114.853,114.878,114.851,114.876,0.0,1.430964531525425,13.85162263281573,0.02530957302134699,-2.3766428544773115,-1.0613533914892799,22.505655056192133,1.810258473907055,18.77885383040062,0.0736103007677934,1,0.4141776979778246,20.0,0.0001479856540964608,0.00010446046171530554,-2.6115115428826385e-05,1.0
1780610700,CHFJPY,bearish_exhaustion,202.691,202.7,202.681,202.69,0.0,1.0660094960528232,6.436512285097797,0.015639656909906454,-2.3110395083341753,-0.7032404143431561,2.760546620737469,2.3918152567582496,-57.45643671806163,0.014074633766762065,0,0.7125120995419575,69.2982456140351,-7.893828013216808e-05,-5.920371009915382e-05,-0.0001085401351818005,0.0
1780611000,CHFJPY,bearish_exhaustion,202.691,202.692,202.674,202.674,0.0,1.137159542069849,6.583495210173086,0.015158060575779075,-2.7856760156555103,-0.7344894085971289,2.7300954947886753,-16.20767157724441,-77.29949406990583,-0.020403710893313214,0,0.7271070108585584,71.9298245614035,1.9736127969016692e-05,-2.960419195363606e-05,-7.401047988397913e-05,0.0
1780653600,CHFJPY,bullish_exhaustion,203.012,203.057,202.989,203.012,0.0,1.4594915873781635,16.115483549011344,0.026169215812262555,3.8907028055881248,1.3980698866230523,-0.49069992456439593,-11.526339226904234,44.12034101316076,-0.083528227234209,0,0.3536441773321071,15.789473684210526,0.0001527003329853116,0.00010344216105440118,0.0004137686442180488,0.0
1780653900,CHFJPY,bullish_exhaustion,203.013,203.074,203.013,203.043,0.0,1.318368018244127,14.711508560513872,0.02647737633556466,4.276749181092787,1.3282225025377965,-1.3151923728191122,5.236065440666788,58.39193838096873,-0.023343661078020515,0,0.5509276624368992,43.859649122807014,-4.925065133998263e-05,0.0002610284521011863,0.0002413281915654153,0.0
1780654200,CHFJPY,bullish_exhaustion,203.041,203.041,202.995,203.033,0.0,1.244667373623609,13.676907626534318,0.026276023040211934,3.9854544327337775,1.2661280587518537,-1.3535416170533523,11.993016635399066,34.72776890309065,-0.033668695152923325,0,0.5754162682397753,49.122807017543856,0.00031029438564189604,0.0002905931548073948,0.00042850177064823747,0.0
1780654500,CHFJPY,bullish_exhaustion,203.033,203.099,203.011,203.096,0.0,1.1856628395547804,13.781047997373172,0.027486543034188942,4.792556377211899,1.2320664088616162,-2.2965250960962322,20.463878789921274,74.78498007132904,0.04722400440627856,0,0.7254043520747468,71.05263157894737,-1.9695119549356654e-05,0.00011817071729636197,-0.00026096033402922547,0.0
1780677300,CHFJPY,bearish_exhaustion,201.705,201.716,201.623,201.701,0.0,1.3607876312830183,33.264274273392104,0.061377420131360605,-5.741732529314041,-1.7308402016708397,0.5322944241014743,21.55116872231493,-84.11855678321594,0.06568525532122148,0,0.9189986619604367,87.5,-0.00029747001750113355,4.957833624974484e-06,0.00015369284237554126,1.0
1780677600,CHFJPY,bearish_exhaustion,201.702,201.704,201.633,201.641,0.0,1.4695288949312413,34.399978211372606,0.059525355611813,-6.17958269678484,-1.7292904419271935,1.5680131021136696,14.676740783320085,-83.83503109381674,0.021888402034537315,0,0.9016150299038199,84.72222222222221,0.0003025178411137919,0.00045129710723523786,0.0008678790523752866,1.0
1780677900,CHFJPY,bearish_exhaustion,201.638,201.704,201.617,201.702,0.0,1.4893630954094803,33.94833056054065,0.058337752512540544,-5.549492681786799,-1.6578026850939354,1.7267268051326132,4.24306086070505,-69.72067883735622,0.05714384143746701,0,0.8708179925081148,76.85185185185185,0.00014873427135086992,0.0005651902311329948,0.00043132938691736733,1.0
1780678200,CHFJPY,bearish_exhaustion,201.702,201.771,201.689,201.732,0.0,1.4300099115275855,31.662832527115647,0.05706614208267023,-5.181693272936922,-1.5693800390458519,4.417669873671494,1.1865274365281309,-38.64757744883869,0.060010219545995884,0,0.8008280842054216,60.18518518518518,0.0004163940277199796,0.00028255309023839104,-7.435607637851227e-05,1.0
1780678500,CHFJPY,bearish_exhaustion,201.73,201.831,201.712,201.816,0.0,1.2764598564259697,28.449563099841832,0.057179690789798614,-4.223998627663122,-1.3919158989862812,10.467364091481393,12.009116167997448,-4.355990851522395,0.08700053141723883,1,0.8374030321363727,69.9074074074074,-0.00013378523011065013,-0.0004905458437387544,-0.0005153208863519776,0.0
1780678800,CHFJPY,bearish_exhaustion,201.815,201.826,201.761,201.789,0.0,1.226817907202623,26.191144301284247,0.05540337898697641,-4.374320923393663,-1.2991591077435543,22.938823948725812,6.854762579062694,6.605128205119868,0.03847127523259629,1,0.8123885264085289,62.03703703703704,-0.00035680834931528516,-0.00038158670690668917,-0.0005104341663816347,0.0
1780679100,CHFJPY,bearish_exhaustion,201.79,201.807,201.686,201.717,0.0,1.1695632249127568,25.278720370345074,0.05574900258113978,-4.757271572040914,-1.2207640802698836,20.321982925855465,-6.619360439452279,-22.042142979962406,-0.022178991191228563,1,0.9233753239505802,88.88888888888889,-2.4787201872045195e-05,-0.00015368065160603628,7.931904599023376e-05,0.0
1780684200,CHFJPY,bearish_exhaustion,201.406,201.406,201.358,201.387,0.0,1.9400267049872506,30.27666149281201,0.04217917296073211,-4.6120138058488145,-1.5202994323390469,7.806620771208415,-1.0534006065296992,-81.3352591878949,0.029748007527039832,0,0.8140614244143095,62.5,0.00014400135063330488,9.931127629880798e-05,0.000248278190747131,1.0
1780684500,CHFJPY,bearish_exhaustion,201.386,201.421,201.375,201.416,0.0,1.8827284164432858,28.165806831715685,0.04079204317913376,-4.103371681288807,-1.4886151060394748,18.669492409736385,3.829273600449511,-65.24815547352723,0.053259266885435516,0,0.8733401052728844,77.31481481481481,-4.468363982990109e-05,0.00010426182627010228,0.00017873455932004845,1.0
1780684800,CHFJPY,bearish_exhaustion,201.416,201.427,201.393,201.407,0.0,1.8348006558318062,25.94458838062661,0.039085821317243356,-4.158961232941762,-1.4770843672804002,16.717837216934285,1.9393794267546056,-57.669495391916804,0.036304132676873435,0,0.9357138101061395,92.12962962962963,0.00014895212182297612,0.0002234281827344642,0.0005362276385625364,1.0
1780685100,CHFJPY,bearish_exhaustion,201.407,201.451,201.407,201.437,0.0,1.7857997404136874,24.28795857076918,0.03784879007989903,-3.685920668247262,-1.4144110669181678,12.050464114500187,9.842877634340091,-40.78134845617938,0.05530663899299026,0,0.9121729266278757,87.03703703703704,7.446496919616408e-05,0.00038721783982076374,0.00012907261327343988,1.0
1780685400,CHFJPY,bearish_exhaustion,201.439,201.459,201.41,201.452,0.0,1.681405775688106,22.218313100789114,0.03688007474847633,-3.375433233783068,-1.3297880347759319,7.871004810266612,12.373892106192962,-31.099146988340266,0.05183969916418529,0,0.8342650032843938,67.5925925925926,0.00031272958322570155,5.460357802355986e-05,-0.00018863054226325726,1.0
1780685700,CHFJPY,bearish_exhaustion,201.452,201.532,201.452,201.515,0.0,1.5030465325439117,20.263357142666226,0.037070740085634164,-2.3257401047519672,-1.1453854317857046,4.858388781641565,11.918034731000375,17.74535671790132,0.08616265884125437,1,0.7475045912628645,49.53703703703704,-0.00025804530680095805,-0.0005012033843634356,-0.00048631615512484405,0.0
1780686000,CHFJPY,bearish_exhaustion,201.512,201.524,201.436,201.463,0.0,1.1845259753054542,16.442919260903594,0.03755174911544721,-2.804123241591826,-1.035898244204092,2.8906375790749053,-2.2217103855745535,9.893236159018816,0.0042103588059976774,1,0.5301058377520534,23.14814814814815,-0.00024322083955863327,-0.00022832976774889158,-0.0003474583422266031,0.0
1780689300,CHFJPY,bearish_exhaustion,201.269,201.304,201.247,201.292,0.0,1.0683076142500507,12.561604768949483,0.03153687789157875,-3.7929332393464827,-1.2107511681167382,0.0038898987548208197,3.3610186310991956,-148.6884656844471,0.016738935612602705,0,0.500010880689741,36.25,-0.00030801025376081537,-0.0002036842000675554,-0.0003378176976730485,0.0
1780689600,CHFJPY,bearish_exhaustion,201.293,201.297,201.228,201.23,0.0,1.1897942232122014,14.222241186775642,0.03174248937575715,-4.536330863182926,-1.2546534709364594,0.0020576064057848953,0.8836789521929962,-155.79241369393702,-0.04039431075869589,0,0.5526188298040624,51.24999999999999,0.00010435819708809468,-2.9816627739376322e-05,-2.9816627739376322e-05,0.0
1780689900,CHFJPY,bearish_exhaustion,201.227,201.251,201.221,201.251,0.0,1.3330273370593926,15.135880040714191,0.03053686149637129,-4.190007371891827,-1.3037678687696799,0.0010851317170903485,2.4002939035168893,-140.615878575635,0.009357499263793484,0,0.6226949072009093,70.0,-0.00013416082404571483,-0.00013416082404571483,-0.0004074513915458544,0.0
1780690200,CHFJPY,bearish_exhaustion,201.254,201.27,201.221,201.224,0.0,1.4601767479332342,16.343548774420768,0.03009881697904592,-4.514741004993996,-1.3431795017477266,0.000570730115640572,-4.734223948652122,-122.37370743596625,-0.008842797776039881,0,0.603744715468324,65.0,0.0,-0.0002733272373075524,-0.00028823599570626524,0.0
1780690500,CHFJPY,bearish_exhaustion,201.224,201.232,201.188,201.224,0.0,1.5666495196947436,17.151909298669832,0.029510771408015484,-4.43630480796875,-1.3705217093358175,0.000299447186378643,3.36362282844458,-126.49259428923529,0.008853620670199402,0,0.6867048859712668,86.25,-0.0002733272373075524,-0.00028823599570626524,-0.00020872261758042576,0.0
1780690800,CHFJPY,bearish_exhaustion,201.224,201.255,201.158,201.169,0.0,1.582823469890546,18.647263538132787,0.030854505790612947,-4.969574466338902,-1.3673694548016793,0.0001567646574471837,-2.0277797364378074,-126.0747019942793,-0.03772300782327262,0,0.6866758799035018,85.625,-1.491283448251668e-05,6.46222827571652e-05,-0.0004573269241285871,1.0
1780691700,CHFJPY,bearish_exhaustion,201.182,201.188,201.046,201.077,0.0,1.5220849427862126,19.779548852854287,0.03273047607952448,-5.655682036321769,-1.4135144580659669,0.3874865815965478,2.063297137760024,-151.1342633701013,-0.07213087742556752,0,0.5689652175760376,56.25,1.4919657643552853e-05,0.00012930369957775412,0.00015914301486508187,1.0
1780693200,CHFJPY,bearish_exhaustion,201.145,201.145,201.062,201.066,0.0,1.4102201057331145,18.708610420410203,0.033129944971065625,-4.859708044379787,-1.3811253454778758,12.736159754160298,2.933874275127863,-100.29977601385193,-0.01599545296320476,1,0.4132288939210119,19.375,0.0001591517213253013,0.00013925775615963865,0.00020391314294809781,1.0
1780693500,CHFJPY,bearish_exhaustion,201.066,201.098,201.056,201.098,0.0,1.3839321603470793,17.6806129172457,0.03225043500545569,-4.276618401698301,-1.3794324481774873,14.507533747630525,-1.9190988223262195,-96.02878096033426,0.03490229307954,1,0.7489124548970285,93.75,-1.9890799510813295e-05,4.475429889905236e-05,0.00017404449571856162,1.0
1780693800,CHFJPY,bearish_exhaustion,201.098,201.115,201.079,201.094,0.0,1.3877561264740133,16.95079651184877,0.031226147872371282,-4.2593302573666945,-1.3818893407000872,13.122323321761563,-9.60522273425893,-78.3696355402345,0.0307609598038209,1,0.7578896862078733,95.0,6.464638427794434e-05,0.00019393915283405505,0.0003679871105055632,1.0
1780694100,CHFJPY,bearish_exhaustion,201.095,201.107,201.078,201.107,0.0,1.323216270376103,15.310123452411343,0.03002384755492841,-4.012251786464381,-1.3686916888013776,9.495439884853923,-2.281105990786749,-70.82424103213096,0.04472101037681856,1,0.7199869487356992,90.0,0.00012928441078630115,0.00030332111761399716,0.00023867891222084658,1.0
1780694400,CHFJPY,bearish_exhaustion,201.106,201.133,201.104,201.133,0.0,1.2906721209043384,14.185042418352234,0.02890556313944948,-3.5205510173425703,-1.3138953868238445,6.214859054413537,8.299828267658846,-41.339745212203184,0.06634239795573975,1,0.7113922364613693,88.125,0.0001740142095032482,0.00010938036025898157,0.00014418320215980884,1.0
1780694700,CHFJPY,bearish_exhaustion,201.133,201.17,201.132,201.168,0.0,1.2611092114255553,13.427339190826,0.028185473336446523,-2.8098689609509444,-1.1962221173436833,3.8409990832000602,17.81246994091694,-1.7259137599649124,0.0869915049624286,1,0.6335023223196166,73.75,-6.462260399275888e-05,-2.9825817227435714e-05,4.473872584109806e-05,0.0
1780695000,CHFJPY,bearish_exhaustion,201.168,201.171,201.133,201.155,0.0,1.205604275957965,12.464059105890431,0.027523267026457854,-2.903669493674051,-1.1086879468229025,2.2872843195966652,15.426334653845885,0.8255933952450794,0.04066783288310341,1,0.46996563058854884,30.0,3.4799035569577086e-05,0.00010936839750441685,0.00026347841216978196,1.0
1780695300,CHFJPY,bearish_exhaustion,201.155,201.162,201.132,201.162,0.0,1.0880367952403605,10.773161686850797,0.02662166957235348,-2.678110453345092,-1.0284295531595427,1.3270345487966608,4.985715340468488,8.605932700225631,0.031582506829647146,1,0.28779191917263097,4.375,7.456676708317289e-05,0.0002286714190553596,0.000392718306638562,1.0
1780597200,EURAUD,bearish_exhaustion,1.62841,1.62844,1.6282,1.62823,0.0,1.3406148282549537,11.426471922183644,0.022526393803576687,-2.082984000535307,-0.6004846065415285,0.3964499827836423,17.246874463203106,-39.16127042862117,0.002680011512847548,1,0.6782991210770374,63.1578947368421,-3.684983079799142e-05,-0.0001105494923936412,-0.00011669113085999161,0.0
1780614000,EURAUD,bearish_exhaustion,1.62759,1.62759,1.62534,1.62534,0.0,1.2839425434225267,12.045399654840542,0.020269636640973566,-6.790701235198324,-0.5473239904480527,0.0008925688668881548,-27.335066367324075,-567.7575757573798,-0.4551222917218766,0,0.9999843216537389,99.12280701754386,-0.0002891702659135742,-0.0003076279424611972,-0.00016611908892905092,0.0
1780631700,EURAUD,bullish_exhaustion,1.63181,1.63184,1.63112,1.63131,0.0,2.2427909950215295,35.651115983844136,0.037470838515264615,3.175379415940634,1.4928292718267537,-1.1967532108262446,-2.474471289636706,1.112065915178,-0.16945155398526202,0,0.5815829824395152,51.75438596491229,-3.678025635833748e-05,-4.291029908476407e-05,-0.0001655111536127407,1.0
1780632000,EURAUD,bullish_exhaustion,1.6313,1.63163,1.63104,1.63125,0.0,2.2087265916776184,34.792470407349704,0.037379100011750814,2.968446387721516,1.2891506664122343,-4.282980722783606,-0.13069291888619006,-8.704939919900212,-0.11547488381699302,0,0.5747822700780079,48.24561403508772,-6.1302681992891905e-06,-0.00012873563218396278,5.5172413793158626e-05,1.0
1780632300,EURAUD,bullish_exhaustion,1.63126,1.63146,1.63103,1.63124,0.0,2.2293154715758745,33.95418939972986,0.036592256706737714,2.892575345647258,1.134549805820941,-9.0540781636209,2.475391111173101,-15.97086018493039,-0.0707438229012511,0,0.5552901308970554,44.73684210526316,-0.00012260611559300472,6.130305779650236e-05,-0.00023908192540655904,0.0
1780632600,EURAUD,bullish_exhaustion,1.63122,1.63124,1.63092,1.63104,0.0,2.1878918934077407,31.705734259233182,0.0353840751384697,2.5294197124782887,0.984669196448801,-18.362544767462552,0.998609773330994,-32.156393377221846,-0.058682798920482004,0,0.6163635319264194,56.14035087719298,0.00018393172454378437,-0.00011649009221115225,-0.0004169119089660889,1.0
1780632900,EURAUD,bullish_exhaustion,1.63104,1.63152,1.63098,1.63134,0.0,2.024883642369642,29.087981319758622,0.03521500050265616,2.9331057493015447,0.871025587265221,-21.366546880098582,7.5016327382848615,-27.458681066914476,0.009993504100423961,0,0.347794835166243,14.035087719298245,-0.0003003665698138036,-0.0006007331396274962,-0.0007907609695096962,1.0
1780677600,EURAUD,bullish_exhaustion,1.63392,1.63405,1.63312,1.63321,0.0,1.2256982603476578,26.396406377904132,0.05154724485753754,2.142836548333466,0.9531216432685812,-0.14238701046937763,-20.747042105174238,7.275228029555096,-0.10963988965274273,0,0.6246089631812812,32.407407407407405,-9.79665811501329e-05,-0.0006796431567280825,-0.00047146417178445255,1.0
1780682100,EURAUD,bullish_exhaustion,1.63325,1.6339,1.63322,1.63388,0.0,1.220528021106934,17.545167034230943,0.03846091573478517,2.4684709408778134,0.3347158609699815,-0.08017499629652637,10.845099397531854,50.91487669052698,0.07717857382306423,1,0.6967962856612829,43.98148148148148,0.00022033441868440917,0.0004529096384067177,0.00046515043944483914,0.0
1780695000,EURAUD,bullish_exhaustion,1.63573,1.63631,1.63568,1.63608,0.0,1.4439699959176062,17.729007609360615,0.030636406843387917,3.324979818090038,1.09600662240344,-0.9284722009395523,-6.711251276240169,70.30487143319876,-0.02180012798999931,0,0.2755822413720193,3.125,1.8336511661942723e-05,4.278519387801438e-05,-0.00014669209329620791,0.0
1780695300,EURAUD,bullish_exhaustion,1.63608,1.63631,1.63593,1.63611,0.0,1.229109569469883,14.723089256574731,0.030106557741414252,3.3253724575603707,1.0908653045227925,-0.15784119351172876,-2.3070065965438076,76.52188425754645,-0.02036677712508224,0,0.25574440452327174,1.25,2.444823392067086e-05,-0.00016502557896469483,-6.112058480178817e-05,1.0
1780608300,EURCAD,bearish_exhaustion,1.6142,1.61427,1.61414,1.61427,0.0,2.0038887002948393,10.565957323966503,0.01388850662628844,-2.948286835922062,-1.1003892862141813,0.07703700743225633,3.045763760055749,-45.24007771291381,0.06275577468410054,0,0.6470436468604813,60.526315789473685,-0.0001424792630725369,-0.0001734530159143155,-8.053175738886864e-05,0.0
1780608600,EURCAD,bearish_exhaustion,1.61426,1.61427,1.61398,1.61404,0.0,1.8859925701816194,10.305290460907036,0.0141816893673663,-3.7352859376341754,-1.0849693804644986,2.02483240028503,-10.976702508961594,-62.34589644237185,-0.01854493364684344,0,0.6377825252485269,59.64912280701754,-3.0978166588147005e-05,6.195633317629401e-05,8.054323312944867e-05,1.0
1780608900,EURCAD,bearish_exhaustion,1.61402,1.61417,1.61396,1.61399,0.0,1.7849954297443287,9.707180832414533,0.01409849329853146,-3.8330328434338057,-1.1021515720077586,0.19347595672918771,-18.304007820136185,-69.23876331515282,-0.01774644077806908,0,0.679148097824008,64.03508771929825,9.293737879412234e-05,0.00011152485455312444,0.000179678932335392,1.0
1780609500,EURCAD,bearish_exhaustion,1.61414,1.61419,1.61401,1.61417,0.0,1.4144830157901236,7.398252428846304,0.013650048608457957,-2.8819753098962977,-1.0105854506832437,3.0503356455233854,6.81329423264571,-47.66739182974314,0.04125095156523876,0,0.41501909123639874,20.175438596491226,6.814647775632565e-05,9.912214946372622e-05,0.00022921997063507504,1.0
1780609800,EURCAD,bearish_exhaustion,1.61416,1.61428,1.61407,1.61428,0.0,1.0722211606425593,5.605374659386092,0.01360338826465288,-2.2987587022658933,-0.9081760167368146,13.64838846163252,25.57836428804589,-13.423710792230308,0.062319928264301584,1,0.3672227579784026,16.666666666666664,3.097356096848358e-05,0.00016106251703562613,0.00024159377555332817,1.0
1780678200,EURCAD,bearish_exhaustion,1.60817,1.60817,1.60753,1.60758,0.0,1.1805964009941041,22.207328679383743,0.0483760942939633,-5.5652394561779985,-1.4785548966912165,1.5532549079732265,-2.2003399566242976,-96.15517360393332,-0.0041884879550760715,0,0.7508095774365365,50.0,0.0006344940842757385,0.00014307219547382566,4.9764241903949014e-05,1.0
1780703400,EURCAD,bearish_exhaustion,1.60574,1.60574,1.60574,1.60574,0.0,2.4974498027171594,8.455467270530164,0.011524282690712198,-3.9394754580390985,-1.3688432651789113,0.502194836928318,0.0,-57.374812389225895,0.05011868428487964,0,0.7600882708538533,95.625,0.0,0.0,0.0,0.0
1780703700,EURCAD,bearish_exhaustion,1.60574,1.60574,1.60574,1.60574,0.0,2.6860937378893084,8.184908868729176,0.010701119641375613,-4.190135339983744,-1.41060374599126,2.2333320219879873,0.0,-53.07797537625279,0.04628574528433093,0,0.7381597325697109,92.5,0.0,0.0,0.0,0.0
1780704000,EURCAD,bearish_exhaustion,1.60574,1.60574,1.60574,1.60574,0.0,2.8623809276554257,7.850036611380375,0.009936753952705926,-4.4610616121807265,-1.4481925600253613,6.241815356912763,0.0,-49.46967856861497,0.04187430325781859,0,0.7231443481269736,91.25,0.0,0.0,0.0,0.0
1780704300,EURCAD,bearish_exhaustion,1.60574,1.60574,1.60574,1.60574,0.0,3.0094061314815486,7.428078556447859,0.009226985813226932,-4.677331549631205,-1.4819812986757341,15.326770656416802,0.0,-46.38075788522423,0.03706528450493959,0,0.6819579109272992,84.375,0.0,0.0,0.0,0.0
1780704600,EURCAD,bearish_exhaustion,1.60574,1.60574,1.60574,1.60574,0.0,2.3922113282962716,5.314375132754545,0.008567915397996437,-4.954264466554134,-1.5123085680794934,22.729240653875223,0.0,-44.06130268213913,0.0320056081773302,0,0.3262279758381069,10.625,0.0,0.0,0.0,0.0
1780704900,EURCAD,bearish_exhaustion,1.60574,1.60574,1.60574,1.60574,0.0,2.1784285838141995,4.355591637479992,0.007955921440996694,-5.246125929575635,-1.5394829168109019,18.897547989771013,0.0,-41.666666666832405,0.02681368988271442,0,0.6369265801180247,75.625,0.0,0.0,0.0,0.0
1780705200,EURCAD,bearish_exhaustion,1.60574,1.60574,1.60574,1.60574,0.0,1.682024855041697,3.0268237358939944,0.0073876413380683575,-5.535028349174501,-1.5637855037185788,13.215237826302229,0.0,-39.2156862748623,0.021584112690185984,0,0.38684589478057946,17.5,0.0,0.0,0.0,0.0
1780705500,EURCAD,bearish_exhaustion,1.60574,1.60574,1.60574,1.60574,0.0,1.609032783783157,2.605951426111779,0.006859952671063474,-5.797390690148503,-1.5854725289843064,8.490850828859465,0.0,-37.037037037602985,0.01639158707641185,0,0.5114555052685368,40.0,0.0,0.0,0.0,0.0
1780614000,EURCHF,bearish_exhaustion,0.91666,0.91666,0.91583,0.91588,0.0,1.1768991657529055,7.803782453690494,0.014786701750968866,-6.100638651801928,-0.48822185792728556,1.259803442923058,-21.371476340024863,-492.6084883174672,-0.3943003268145957,0,0.9999645904659221,98.24561403508771,-5.459230466875464e-05,0.00012010307027110478,0.0001637769140061529,1.0
1780650900,EURCHF,bearish_exhaustion,0.91628,0.91628,0.91582,0.9159,0.0,1.1992603966204305,10.73309712903851,0.019575283442382577,-3.2528302277433965,-0.7681902426132181,1.7742357915192981,-8.491153096416213,-86.82570384698083,-0.05595349767897799,0,0.8822472742150751,86.8421052631579,-9.826400262036294e-05,-5.4591112566892974e-05,0.0002183644502675719,0.0
1780659600,EURCHF,bullish_exhaustion,0.9168,0.91688,0.91677,0.91687,0.0,1.1960566290864887,10.103797602696424,0.021088103279073765,2.0139591831130743,0.7522578830294586,-1.9764646005374544,-3.99204235682385,-1.242937853092798,-0.04134156846530424,0,0.377781729360267,7.87037037037037,1.0906671611188301e-05,1.0906671611188301e-05,-7.634670127720788e-05,0.0
1780659900,EURCHF,bullish_exhaustion,0.91687,0.91692,0.91681,0.91688,0.0,1.2132866776085336,9.806530229944238,0.020438540040704115,2.103556833689604,0.7092051808020876,-2.976542037778472,6.191458912270846,4.094412331336179,-0.024006536474144337,0,0.4288276129876928,11.574074074074074,0.0,-8.725242125473542e-05,1.0906552656786417e-05,1.0
1780660200,EURCHF,bullish_exhaustion,0.91688,0.91691,0.91685,0.91688,0.0,1.298341160510709,9.784404015453909,0.019446068008803545,2.1828733151195054,0.681773988809634,-4.88725915296564,10.102259215762018,5.432098765450496,-0.014791813417191435,0,0.48513255143594197,18.055555555555554,-8.725242125473542e-05,1.0906552656786417e-05,-8.725242125473542e-05,0.0
1780673700,EURCHF,bullish_exhaustion,0.91787,0.91851,0.91786,0.91842,0.0,1.1148844622627077,22.151044031713734,0.044883269139302615,2.5845615432060747,0.812869061459874,-4.762188271250537,-5.443972968727422,19.12492208121637,-0.010602526138242443,0,0.6695296248700982,41.2037037037037,-3.2664793885084364e-05,6.532958777016873e-05,-0.00025043008645286857,0.0
1780704300,EURCHF,bearish_exhaustion,0.91731,0.91731,0.91731,0.91731,0.0,2.2193437210289284,3.601681998381128,0.0059423090895266185,-2.8728992229265637,-0.7550678083905535,0.7313251467040676,0.0,-47.619047619300964,0.019004767787377183,0,0.5773415987302436,58.75,0.0,0.0,0.0,0.0
1780704600,EURCHF,bearish_exhaustion,0.91731,0.91731,0.91731,0.91731,0.0,2.4580185003704575,3.5901138105545645,0.0055178584402747165,-2.9081789559908025,-0.7729704460425725,2.8185705378556207,0.0,-44.44444444463305,0.01695212437833764,0,0.6052444134394149,66.875,0.0,0.0,0.0,0.0
1780704900,EURCHF,bearish_exhaustion,0.91731,0.91731,0.91731,0.91731,0.0,2.6892636261995184,3.535098833518927,0.0051237256945408085,-2.953163329476306,-0.7890421534660855,7.55601848604446,0.0,-41.6666666668358,0.014698767413192223,0,0.6208627577807233,69.375,0.0,0.0,0.0,0.0
1780705200,EURCHF,bearish_exhaustion,0.91731,0.91731,0.91731,0.91731,0.0,2.3683165664733576,2.8019240734557442,0.004757745287787894,-2.9832776086064565,-0.8034461285474956,18.37025439790535,0.0,-39.21568627470945,0.012316763938391278,0,0.3624534766472663,11.875,0.0,0.0,0.0,0.0
1780705500,EURCHF,bearish_exhaustion,0.91731,0.91731,0.91731,0.91731,0.0,2.231318753265584,2.375881406779888,0.004417906338660188,-3.010420746487639,-0.8163310821892553,22.171033049695104,0.0,-37.03703703736991,0.009864269153792756,0,0.613068356787253,67.5,0.0,0.0,0.0,0.0
1780615800,EURGBP,bearish_exhaustion,0.86465,0.86481,0.86434,0.86456,0.0,1.1284042666609233,13.451968679637682,0.025515830368451342,-2.068906152093842,-0.7414716172668385,0.49489375002049446,7.73425310010807,-50.76051563408689,0.05843945326419738,1,0.6296439763532783,57.89473684210527,-0.00024289812158795332,0.00019663181271400987,5.7832886092290536e-05,1.0
1780616100,EURGBP,bearish_exhaustion,0.86456,0.86473,0.86427,0.86435,0.0,1.065871446448898,13.704321441742325,0.027500397651706025,-2.735384332750042,-0.7200806563844276,0.1424396840125317,-2.7072362974006765,-72.82731132483592,-0.013502948559786718,1,0.7989781862196326,76.31578947368422,0.0004396367212355923,0.00030080407242438767,0.00030080407242438767,1.0
1780627200,EURGBP,bullish_exhaustion,0.86515,0.86516,0.86513,0.86514,0.0,1.0561858516861373,4.012439128244199,0.010447933521446785,2.537912359635286,0.732752895992263,-1.4878418453756694,-15.616482283161128,19.6509752164154,-0.05228426109496733,0,0.22946402797531662,4.385964912280701,-3.4676468548378026e-05,-3.4676468548378026e-05,-8.091175994640043e-05,1.0
1780627800,EURGBP,bullish_exhaustion,0.86511,0.86514,0.86511,0.86511,0.0,1.0543347418048217,3.6977014417464362,0.009793365665778249,2.2567558932508436,0.5891355904486943,-4.334455277439986,-0.23206163554706727,-11.367435640392872,-0.035939141893302676,0,0.3734614940488808,18.421052631578945,-4.623689473015613e-05,9.247378946031226e-05,4.623689473004511e-05,0.0
1780665300,EURGBP,bearish_exhaustion,0.86397,0.86404,0.8639,0.86391,0.0,1.7277490303332927,13.090968738661322,0.018767587780551574,-4.2606452154189185,-1.325781893711368,2.0881437782707692,0.27871305648909583,-23.041870862364494,0.04459341936847503,1,0.4872749253224887,18.51851851851852,3.472583949726271e-05,4.6301119329683615e-05,-9.260223865903416e-05,1.0
1780665600,EURGBP,bearish_exhaustion,0.8639,0.86395,0.86383,0.86394,0.0,1.6094473621240337,11.869677220205242,0.01841857303859171,-4.0081591009293875,-1.2444817727526727,5.13034535927655,5.7419432419478085,-29.240623930327985,0.04390654717201009,1,0.489036459081204,18.98148148148148,1.1574877885056623e-05,-0.00012732365673551183,-3.472463365516987e-05,0.0
1780665900,EURGBP,bearish_exhaustion,0.86394,0.86397,0.86386,0.86395,0.0,1.4675987737347946,10.488926543097108,0.018012206880564968,-3.8774818215644444,-1.1676932477852862,11.585463299477887,-2.8806584362159953,-17.175024412653798,0.03277796659419532,1,0.38844615761676293,8.796296296296296,-0.00013889692690549627,-4.6298975635239437e-05,1.1574743908671081e-05,0.0
1780666200,EURGBP,bearish_exhaustion,0.86396,0.86397,0.8638,0.86383,0.0,1.3163868752441348,9.503790873710551,0.018133643999731566,-4.44830722066094,-1.1263170457237477,23.195377687787953,-11.07236385014049,-33.43674594962962,-0.030305471252636787,1,0.46924863820070717,16.203703703703702,9.261081462774712e-05,0.0001504925737703111,0.00013891622194184272,1.0
1780666500,EURGBP,bearish_exhaustion,0.86383,0.86392,0.86378,0.86391,0.0,1.1659514181671564,8.331919899842887,0.01799435242524837,-3.809462299473937,-1.0543258349380427,20.299011862918483,-7.130832130837575,-26.436197254631864,0.01287370331429229,1,0.7123980333511677,45.370370370370374,5.7876399161882475e-05,4.6301119329683615e-05,0.0003125325554744762,1.0
1780678800,EURGBP,bearish_exhaustion,0.86346,0.86351,0.86328,0.8634,0.0,1.4245960338917647,16.100467259221784,0.028431459941431873,-2.128099662664851,-0.8300517150850483,0.7545283767743927,5.978260869562362,-47.2908290254904,0.04451215796067311,0,0.5587511953987002,25.925925925925924,-0.00013898540653223268,-9.265693768811811e-05,-0.00023164234422046182,0.0
1780679100,EURGBP,bearish_exhaustion,0.8634,0.86342,0.86325,0.86328,0.0,1.4072806153123003,15.42313634792767,0.02781090663140414,-2.6265588736672734,-0.8396486277940497,1.0435431296534583,-6.917233357785371,-63.52303523034839,0.0035731906683938467,0,0.5087003729422818,20.833333333333336,4.633490872008039e-05,-9.266981744060487e-05,0.00011583727180064507,0.0
1780610100,EURJPY,bearish_exhaustion,185.816,185.831,185.804,185.812,0.0,1.4073258224660603,6.597846755822928,0.012075206010575995,-4.222455425850885,-1.3136534346051474,0.308063411400886,16.827117477523593,-61.739943872831,0.05254782349082217,0,0.8058108558359348,78.0701754385965,0.0,-6.996318859930906e-05,-0.0001183992422449931,0.0
1780610400,EURJPY,bearish_exhaustion,185.813,185.827,185.796,185.812,0.0,1.2899719223306547,6.303746546298115,0.012404371980467009,-3.942068741901571,-1.2193091820252293,0.589003200182325,15.584591560208587,-65.74923547409567,0.04265168937756379,0,0.8184568712661857,78.94736842105263,-6.996318859930906e-05,-0.0001183992422449931,-9.149032355293407e-05,0.0
1780610700,EURJPY,bearish_exhaustion,185.812,185.813,185.794,185.799,0.0,1.3431235114973286,6.456521845498917,0.012249587366549977,-4.371779497376585,-1.2190985459718244,1.3892248775921314,-4.808039747053591,-83.62472714945889,-0.0010742976570001757,0,0.8636394760001987,85.96491228070175,-4.843944262356015e-05,-2.1528641166113083e-05,-3.767512204055912e-05,0.0
1780611000,EURJPY,bearish_exhaustion,185.8,185.804,185.79,185.79,0.0,1.3932261293342452,6.447619685809273,0.01191340994845565,-4.702284076969217,-1.2590596832706211,0.3169411786877707,-16.89250225836343,-96.77778520054892,-0.01820167510016434,0,0.8568469922779766,84.21052631578947,2.691210506489128e-05,1.076484202600092e-05,0.0,1.0
1780656600,EURJPY,bullish_exhaustion,186.121,186.144,186.116,186.132,0.0,1.7586916062386866,12.976366501129773,0.018394073614620348,6.018589614116474,1.820426043981363,-0.1989493632192847,1.680413445129112,67.51635485956115,-0.037132178889781264,0,0.5469441272034791,42.10526315789473,-5.372531321856666e-05,3.760771925298556e-05,0.00020415619023039788,0.0
1780656900,EURJPY,bullish_exhaustion,186.132,186.144,186.121,186.122,0.0,1.564272596839549,11.160527777472893,0.01796380647043886,5.666585613484791,1.7589464754401023,-0.16933924011456725,-3.8410959979493384,60.07326007329916,-0.05321805594856104,0,0.45936270898143755,25.438596491228072,9.133793963100878e-05,0.00025789535895803795,0.0003062507387627811,0.0
1780657200,EURJPY,bullish_exhaustion,186.121,186.155,186.099,186.139,0.0,1.2844051637279752,9.793024681417627,0.018828085709598142,5.701011812148366,1.6190052234764742,-1.7168094704952068,6.225510147078516,58.06433628820839,-0.00757708993318542,0,0.4435501562203537,13.88888888888889,0.00016654220770484507,0.00021489317123224438,-2.686164640419708e-05,0.0
1780657500,EURJPY,bullish_exhaustion,186.137,186.172,186.137,186.17,0.0,1.1185401759461833,8.516576886394578,0.018823169912555043,6.380714867809966,1.6250094893752995,-3.2045233608447035,11.747484350213504,105.365379946649,0.045859742946023074,1,0.6832913674814742,43.05555555555556,4.8342912392085324e-05,-0.00019337164956756414,4.2971477681730263e-05,1.0
1780678800,EURJPY,bearish_exhaustion,185.255,185.261,185.191,185.203,0.0,1.6063559653232675,29.556187638550384,0.04648967881260237,-5.365836217929462,-1.6362287570566119,3.445302529610791,9.265623262638485,-34.551963549582666,0.045979525020828686,1,0.8479310644808213,71.75925925925925,-0.000340167275908132,-0.000680334551816153,-0.0008639168911950268,0.0
1780679100,EURJPY,bearish_exhaustion,185.204,185.214,185.131,185.14,0.0,1.4799779825794448,27.162723801794794,0.04638588705330908,-5.880378114272867,-1.593764492101726,6.928759256863875,-3.9391291684905525,-61.358237077099204,-0.014108351724237836,1,0.8342480055648065,67.12962962962963,-0.00034028302905897423,-0.0005239278383925017,-0.0003780922545100207,0.0
1780679400,EURJPY,bearish_exhaustion,185.138,185.139,185.06,185.077,0.0,1.3509416881917964,24.651589567020707,0.04617478928756439,-6.408693598270184,-1.605396512320473,9.336494632154661,-22.295867729189155,-101.27564409757788,-0.05191306260648102,0,0.7586947132104304,50.92592592592593,-0.00018370732181738347,-3.782209566827177e-05,-0.00018911047834146988,0.0
1780679700,EURJPY,bearish_exhaustion,185.078,185.086,185.013,185.043,0.0,1.2694971345374548,22.85281845790734,0.04570234609587654,-6.633164057360096,-1.6388831415675293,11.1468157458774,-21.96487079687657,-133.65904270339632,-0.05216923223263927,0,0.7886140938130549,56.481481481481474,0.00014591203125746688,-5.404149305832107e-06,-0.0002756116145977705,0.0
1780680000,EURJPY,bearish_exhaustion,185.044,185.11,185.034,185.07,0.0,1.201114707989045,21.433111286051776,0.04536495456238677,-6.121949106476429,-1.6194589915471067,7.853832362545042,-7.040450588838471,-113.56128917064663,-0.003570811062698342,0,0.8534446312356251,72.22222222222221,-0.00015129410493319728,-0.0004214621494569304,-0.0008699411033663562,0.0
1780680300,EURJPY,bearish_exhaustion,185.07,185.079,185.037,185.042,0.0,1.123794453963824,19.06951018539735,0.04375222838644822,-6.435770874133877,-1.6623685202598866,4.926653574380104,0.7719976665570929,-126.61943651808905,-0.015358303953607336,0,0.8284826920143785,66.20370370370371,-0.00027020892554130427,-0.0007187557419396917,-0.0006755223138530386,0.0
1780680600,EURJPY,bearish_exhaustion,185.042,185.06,184.984,184.992,0.0,1.0800981346433332,18.270294408822643,0.04357253981102902,-6.809194790452124,-1.6867224316241924,1.3202399257073196,-0.877868720914412,-158.91197926249174,-0.039669226682693244,0,0.817622163622578,63.888888888888886,-0.00044866805051024805,-0.00040542293720802203,-0.000827062791904476,0.0
1780684200,EURJPY,bearish_exhaustion,184.765,184.765,184.72,184.745,0.0,2.5060248162746777,35.583573416646196,0.03764824201608592,-7.057902216184521,-2.168038370797456,1.1317839445283329,6.73380754026082,-83.97506417308658,0.0459508282911465,0,0.8941837692140239,81.01851851851852,2.165146553356756e-05,8.660586213427024e-05,0.00017321172426854048,1.0
1780684500,EURJPY,bearish_exhaustion,184.743,184.756,184.728,184.749,0.0,2.41687136644371,32.35412702250863,0.03604087481099936,-6.928571307305548,-2.180800801574582,2.761408708049405,5.259291549613522,-77.71431367033459,0.05110016428219782,0,0.8630808032961742,74.07407407407408,6.495299027320378e-05,0.00015155697730429019,0.00021109721838818984,1.0
1780684800,EURJPY,bearish_exhaustion,184.749,184.771,184.742,184.761,0.0,2.294428012404692,29.08645920441439,0.03458549251115333,-6.691653239505588,-2.1630670436782786,5.973345478609376,-0.5333674688498107,-66.12539467749026,0.06015929963852238,0,0.8006483317737147,59.72222222222222,8.659836220847872e-05,0.00014613473622682172,0.00039510502757611476,1.0
1780685100,EURJPY,bearish_exhaustion,184.758,184.793,184.757,184.777,0.0,2.1499758873216885,26.20692590591553,0.03350395819365727,-6.334277924825557,-2.0982025636062054,12.66007778750573,5.807305000851848,-52.13879199558896,0.06697314196512372,1,0.8351589096840947,68.98148148148148,5.9531218712383094e-05,0.0003084799515091774,0.00019482944305848626,1.0
1780685400,EURJPY,bearish_exhaustion,184.778,184.794,184.769,184.788,0.0,2.0795123038862355,23.94002493305484,0.03207532472769679,-6.106154044759653,-2.0416849096814005,22.483306307092796,14.817928527607954,-42.22769006446933,0.06345138439657505,1,0.8836718071389853,79.16666666666666,0.00024893391345748306,0.00013529017035729396,-6.493928177153663e-05,1.0
1780685700,EURJPY,bearish_exhaustion,184.789,184.837,184.782,184.834,0.0,1.882340197410309,21.744714757916615,0.031902276936973215,-5.053398799965981,-1.8486262968638085,19.318286860216375,16.434226895907642,-12.725924190947143,0.09342866412884082,1,0.8972476197978111,82.87037037037037,-0.00011361546035915104,-0.0003137950809916079,-0.00018935910059836303,0.0
1780686000,EURJPY,bearish_exhaustion,184.832,184.854,184.785,184.813,0.0,1.5319738082821077,18.216465917647962,0.032293697227464786,-5.0500184170223426,-1.676064298764531,13.697460283443164,4.389956798216119,-3.7853270458303765,0.03319393673537668,1,0.7600863631604253,51.388888888888886,-0.00020020236671647318,-7.575224686562354e-05,-0.00011903924507472574,0.0
1780686300,EURJPY,bearish_exhaustion,184.815,184.815,184.772,184.776,0.0,1.2459078364389324,14.493951237454539,0.03165525356342408,-5.4931235550234065,-1.620976891538431,8.867888568389077,-16.56364575178923,-24.523981682308506,-0.024257894000179216,1,0.5754113130688852,28.240740740740737,0.0001244750400484218,8.11793739445843e-05,0.00016235874788939064,1.0
1780690800,EURJPY,bearish_exhaustion,184.679,184.712,184.63,184.636,0.0,1.0840620785548225,11.255348890900553,0.02695045780947474,-4.999573225482448,-1.266591012818155,0.0011949238576818288,-0.8226668804112656,-155.58611021246338,-0.0635126317034201,0,0.5315911303118521,45.625,-1.6248185619183175e-05,-1.0832123746196132e-05,-0.0004549491973396824,0.0
1780691100,EURJPY,bearish_exhaustion,184.636,184.654,184.611,184.633,0.0,1.2174214369687417,12.509840601460805,0.02668936348069373,-4.880942061602195,-1.3142985487120507,0.0006282718413643806,1.7647165864969523,-163.8926269565219,-0.03358036551138996,0,0.6243143978945304,70.625,5.416149875481224e-06,-0.00043870813993174274,-0.00036288204167189697,0.0
1780691400,EURJPY,bearish_exhaustion,184.634,184.635,184.605,184.634,0.0,1.350455357147861,13.366904507237532,0.025943443406144878,-4.782004268825885,-1.3634544998126572,0.0003295408769332653,2.8107952914133527,-148.6594959062356,-0.0076878734380546885,0,0.6829715676338225,85.0,-0.0004441218843765915,-0.00036829619680012193,-0.0004278735227529751,0.0
1780691700,EURJPY,bearish_exhaustion,184.634,184.639,184.508,184.552,0.0,1.2874839865762187,15.122288826830538,0.029171237254096413,-5.569496863665654,-1.3287358974179335,0.0001724729165886174,4.429920116191017,-189.74057758196045,-0.08986257572339854,0,0.6281333886346239,72.5,7.58593783867223e-05,1.6255581082980086e-05,2.7092635138004084e-05,1.0
1780694100,EURJPY,bearish_exhaustion,184.52,184.528,184.502,184.507,0.0,1.8336036961326958,17.92462862248576,0.025523323803752718,-5.15880306805551,-1.6893663266689722,2.284081409780356,-1.8824245628330623,-96.05366445440833,0.022769084767268608,0,0.6381106224449482,76.875,8.129772854137407e-05,0.00032519091416594037,0.00026015273133261907,1.0
1780694400,EURJPY,bearish_exhaustion,184.508,184.525,184.498,184.522,0.0,1.8642852138057338,17.493707316410255,0.024743474167915155,-4.749310542440649,-1.6892908634772674,8.18302757215713,5.39738739051549,-84.67841345803366,0.05406733927158543,0,0.8256330316104392,100.0,0.00024387335927422704,0.00017884046346794413,0.00028722862314523034,1.0
1780694700,EURJPY,bearish_exhaustion,184.522,184.567,184.522,184.567,0.0,1.790189936179946,16.864722327487794,0.024712009121487483,-3.5588519809168218,-1.551346858230071,7.612007219712041,18.765432098766155,-47.18561789609282,0.11245805545808708,0,0.8119152024812467,98.125,-6.501703988248675e-05,4.3344693254843136e-05,0.00011377981979432406,1.0
1780695000,EURJPY,bearish_exhaustion,184.566,184.567,184.546,184.555,0.0,1.7987922150243627,16.070380783295292,0.023761123489255638,-3.740279185915451,-1.5031510082056123,5.5662503266727725,23.407992973210305,-38.884056570318485,0.06565408313489708,0,0.7863816665636085,96.875,0.00010836877895470387,0.00017880848527540572,0.00032510633686433366,1.0
1780695300,EURJPY,bearish_exhaustion,184.555,184.577,184.551,184.575,0.0,1.625789327224247,13.988940444039606,0.0230676820852056,-3.1631972413132257,-1.4039821448587773,3.6632485217447623,19.00897311647688,-21.78697385746013,0.07849489357242226,0,0.5542159815245506,53.75,7.043207368284676e-05,0.0002167140728701611,0.0004225924420966365,1.0
1780695600,EURJPY,bearish_exhaustion,184.575,184.597,184.559,184.588,0.0,1.5020629405682833,12.869186609077945,0.02288893817250146,-2.688742556255639,-1.2603360942222994,2.2716859400765657,3.624429953541423,1.147521461918806,0.07064747447209124,1,0.5110318248214036,39.375,0.00014627169696845854,0.0003521355667757131,0.00014627169696845854,1.0
1780595700,EURUSD,bearish_exhaustion,1.16268,1.16296,1.16267,1.1628,0.0,1.0653172566871547,10.665510873505998,0.024985372572515437,-2.001170879276676,-0.8036933909346077,0.2298450034503669,11.697066778775351,8.0819578827714,0.09205202451359054,1,0.4234158113254889,21.052631578947366,-6.01995184038584e-05,8.599931200503619e-06,-5.159958720324376e-05,1.0
1780603200,EURUSD,bearish_exhaustion,1.16206,1.16224,1.162,1.16206,0.0,1.5265055117296114,8.676959968169324,0.0152776724965632,-3.166686663338577,-1.0723835766359584,0.07350861806300031,6.1558731124118395,-51.85185185192386,0.04078485130619444,1,0.5770798317841318,50.0,-5.163244582906401e-05,-1.7210815276391678e-05,-7.744866874359602e-05,0.0
1780603500,EURUSD,bearish_exhaustion,1.16206,1.16212,1.16199,1.162,0.0,1.3801924410516024,7.678532831708419,0.014986257518909968,-3.38807248000914,-1.0674405833220009,0.7850451421101499,5.353535353545663,-67.10504130840356,0.012205132855695815,1,0.6956200208489383,67.54385964912281,3.442340791748322e-05,-2.581755593800139e-05,-0.0001204819277108582,0.0
1780603800,EURUSD,bearish_exhaustion,1.162,1.16208,1.16196,1.16204,0.0,1.291162715119264,6.998340958706001,0.014652950604149584,-3.075059154123425,-1.039788378629356,0.5508631054965052,-1.6368816368923476,-67.5227704289019,0.03035051787324584,1,0.6544982413636053,61.40350877192983,-6.023889022754858e-05,-0.00015490000344231536,-0.00033561667412473906,0.0
1780604100,EURUSD,bearish_exhaustion,1.16204,1.16205,1.16193,1.16197,0.0,1.1663152423322705,6.171364037609643,0.014344794453791514,-3.4004829094295523,-1.0420508744640036,2.970994693049472,-7.446006800859379,-83.33333333326456,-0.0014965956694637532,0,0.5777602615209558,50.877192982456144,-9.46668158386954e-05,-0.00027539437334855865,-0.00031842474418442013,0.0
1780610100,EURUSD,bearish_exhaustion,1.16131,1.16131,1.16118,1.16123,0.0,1.528613109592738,7.692099465720762,0.01313362885815455,-4.7996337048735045,-1.5208749537181394,4.156555711940073,20.05633255632727,-49.08174874031881,0.05547792166022748,1,0.7693218214478421,74.56140350877193,1.7223116867359778e-05,-0.0001291733765059755,-0.00018945428554195676,0.0
1780610400,EURUSD,bearish_exhaustion,1.16122,1.16131,1.16114,1.16125,0.0,1.3164280689767869,6.732890858281589,0.013240973698687555,-4.444565640595232,-1.4080050467285286,9.89958537656836,17.430154386652376,-45.83946980849454,0.04994764981837404,1,0.7802510637858073,75.43859649122807,-0.0001463939720128815,-0.00020667384284156487,-0.00018945102260481406,0.0
1780610700,EURUSD,bearish_exhaustion,1.16125,1.16127,1.16108,1.16108,0.0,1.2509171439901106,6.5768269990852986,0.013465852555922406,-5.23827027526934,-1.378204440505665,19.013985470899083,-13.526570048321929,-74.97058329123591,-0.034591687703355446,1,0.9077803223564576,90.35087719298247,-6.028869673047055e-05,-4.3063354807526544e-05,-0.00012057739346105212,0.0
1780611000,EURUSD,bearish_exhaustion,1.16108,1.16111,1.16101,1.16101,0.0,1.2958619630957624,6.578324305334338,0.013119987714711078,-5.6103957860048785,-1.4299404774035203,21.303662598217834,-25.213675213674115,-110.8726752502526,-0.045988723522006204,0,0.9583340706571615,92.98245614035088,1.7226380478962966e-05,-6.029233167670345e-05,-8.613190239536994e-05,0.0
1780611300,EURUSD,bearish_exhaustion,1.16101,1.16106,1.16092,1.16103,0.0,1.1609871922336925,5.8643109024503985,0.013043940059167914,-5.275875557011849,-1.4233990297760857,14.118392374469998,-18.518518518504084,-127.74835499916225,-0.012795710331049042,0,0.9690747377733638,94.73684210526315,-7.751737681194193e-05,-0.00010335650241588556,-7.751737681194193e-05,0.0
1780656600,EURUSD,bullish_exhaustion,1.16374,1.16385,1.16366,1.16372,0.0,1.41047527851976,12.27043053683568,0.02153052465627864,4.997704665242287,1.5783141892087258,-0.6157206500630679,-8.373442566986057,55.594270228404795,-0.05186619172426233,1,0.5383944585513213,37.719298245614034,-6.874505894893801e-05,-4.296566184314177e-05,0.00023201457395249925,1.0
1780656900,EURUSD,bullish_exhaustion,1.16372,1.16377,1.16362,1.16364,0.0,1.223192605000955,10.207387729096352,0.020914760578200842,4.64144431769289,1.500178025317259,-2.2443274939569307,-12.281804217283938,32.949732809984965,-0.06082706454784429,1,0.4558025028034507,23.684210526315788,2.578116943374731e-05,0.0003007803100616435,0.00048124849609831877,0.0
1780678800,EURUSD,bearish_exhaustion,1.15587,1.15601,1.15543,1.15551,0.0,1.7603383904075283,40.03722447177819,0.05616921225272307,-7.090154490557333,-2.046395730517762,1.0463181134254698,5.87883243115197,-64.22764227642371,0.03676303457257898,1,0.9299340811963982,90.27777777777779,-0.00035482168047007434,-0.0007442601102544133,-0.0008134936088826095,0.0
1780679100,EURUSD,bearish_exhaustion,1.15551,1.15557,1.15507,1.1551,0.0,1.7505747719599003,38.86630806783299,0.05526751696525142,-7.570860251473056,-2.0413776050298624,1.6198190374055164,-6.735727037905349,-82.97244306552022,-0.006856702418912143,1,0.9068708408091465,86.57407407407408,-0.0003895766600294781,-0.00045883473292351873,-0.00031166132802351587,0.0
1780679400,EURUSD,bearish_exhaustion,1.15511,1.15511,1.15459,1.15465,0.0,1.737031917060856,37.83946539084025,0.05455664456176038,-8.097935986572633,-2.0711127520441797,0.8925917909244725,-21.602920376727198,-107.11272262889551,-0.03915825356451636,0,0.8354331263390312,69.44444444444444,-6.928506473813378e-05,7.79456978305948e-05,-1.7321266184477935e-05,1.0
1780680600,EURUSD,bearish_exhaustion,1.15463,1.1548,1.15413,1.15422,0.0,1.3728296577732326,28.34044834343968,0.05236722535156673,-7.9413269819804,-2.025465665825976,0.7972619568395927,1.559153973897411,-134.37814369670176,-0.023937822898623153,0,0.8032884561411974,60.64814814814815,-0.0006064701703314412,-0.00047651227668910057,-0.0007624196427024055,0.0
1780684200,EURUSD,bearish_exhaustion,1.15264,1.15265,1.15226,1.15243,0.0,2.280800126769193,36.8251496419559,0.04277454982100461,-8.059694164350537,-2.3750100860603176,4.2223073448619255,4.627482018788296,-96.13560929347499,0.025465132745254863,0,0.8756815131160214,77.77777777777779,0.0,4.338658313285393e-05,0.00020825559903858704,1.0
1780684500,EURUSD,bearish_exhaustion,1.15242,1.15248,1.15228,1.15243,0.0,2.226119343185308,33.89671178384154,0.040958841494733625,-7.947511307719812,-2.4046022211670275,9.787591594321182,1.2609558986336715,-93.87409262209908,0.033401947489268946,0,0.8790611283517027,78.24074074074075,4.338658313285393e-05,0.00020825559903858704,0.00039047924819723967,1.0
1780684800,EURUSD,bearish_exhaustion,1.15243,1.15252,1.15221,1.15248,0.0,2.1030232079185596,31.084789846642877,0.03995288236480644,-7.558709349281539,-2.367492272160821,19.245876914007678,-2.871477771083505,-88.62982630822549,0.04335551510455832,0,0.8790718985873235,78.70370370370371,0.00016486186311270856,0.0003470776065528369,0.0005987088713037547,1.0
1780685100,EURUSD,bearish_exhaustion,1.15245,1.15279,1.15243,1.15267,0.0,1.9579607943622919,28.494005620951107,0.03932383523727452,-6.889871566159087,-2.2664863362457384,21.495226129915956,5.892278181433536,-65.07340597622307,0.06674507130510449,1,0.9501513823862252,94.9074074074074,0.0001821857079649103,0.0004337754951546646,0.0002689408069957988,1.0
1780685400,EURUSD,bearish_exhaustion,1.15269,1.15293,1.15258,1.15288,0.0,1.852013266663111,26.50716216695607,0.03867682097494642,-6.182140577963174,-2.129864713539875,16.683756901414036,19.57202027482915,-44.502268481473244,0.08095550095015643,1,0.9607690373725681,96.75925925925925,0.00025154395947546426,8.673929637081912e-05,-9.541322600781221e-05,1.0
1780685700,EURUSD,bearish_exhaustion,1.15288,1.15331,1.15279,1.15317,0.0,1.647123573012828,24.189517181523303,0.03912609426641088,-5.141953588555071,-1.8948020217680246,11.309950368935048,20.08287748247509,-8.686027315013224,0.09440616940442212,1,0.8976748469702853,83.33333333333334,-0.00016476321791247805,-0.0003468699324470359,-0.00023413720440179642,0.0
1780686000,EURUSD,bearish_exhaustion,1.1532,1.15331,1.15277,1.15298,0.0,1.362431361281855,20.56130544044059,0.039682728707198495,-5.200051553924198,-1.7180564341200129,7.139011143581541,9.322137032976329,-8.22022129643588,0.029126491526367898,1,0.7659993999268564,53.24074074074075,-0.00018213672396727443,-6.938541865419978e-05,-0.00017346354663561048,0.0
1780686300,EURUSD,bearish_exhaustion,1.15298,1.15309,1.15274,1.15277,0.0,1.1035673214811328,16.330401262442116,0.03902365005797955,-5.4946846644979805,-1.644810809874983,4.311523551347776,-10.47334117615128,-20.231926967623235,-0.01667183642558328,1,0.5558947076954909,25.462962962962965,0.00011277184520763761,8.67475732357903e-06,9.54223305602575e-05,1.0
1780604700,GBPAUD,bearish_exhaustion,1.88066,1.88097,1.88066,1.88086,0.0,1.2539705987992134,7.70125031849242,0.016569514380856513,-2.371896353611351,-0.8774190106354502,0.4046871458773422,-2.24673202613954,-45.305855413654804,0.05788849980674977,1,0.6019897707389366,54.385964912280706,0.0,8.506746913639063e-05,0.00013823463734663477,1.0
1780605000,GBPAUD,bearish_exhaustion,1.88087,1.88104,1.88071,1.88086,0.0,1.163944436999937,7.250446702346569,0.016639203747180444,-2.2654643115049713,-0.8061568031282931,7.631636691425245,3.9624183006564166,-33.00046529942737,0.04134109496540742,1,0.5429175046352007,40.35087719298245,8.506746913639063e-05,0.00013823463734663477,0.0001329179205258324,1.0
1780614000,GBPAUD,bearish_exhaustion,1.88157,1.88157,1.87853,1.87903,0.0,1.157161931395709,11.837813871660233,0.02193291438958177,-5.143572081849266,-0.19273629918853313,1.2709976573432868e-06,-24.30082525827222,-420.7728837190541,-0.4208939507747887,0,0.9998797051491605,97.36842105263158,-0.0004842924274758298,-0.0004470391638238258,-0.00027141663517882275,0.0
1780631700,GBPAUD,bullish_exhaustion,1.88595,1.88598,1.88526,1.8855,0.0,2.383641405896841,33.93809301308763,0.0339100279647472,3.6279259613534727,1.6152532558485289,-1.0802102639408986,-2.930521866971871,6.527690040009037,-0.16592575364807757,0,0.4792917227329307,29.82456140350877,-3.182179793159712e-05,-6.894722885175675e-05,-0.00014850172368074954,1.0
1780632000,GBPAUD,bullish_exhaustion,1.88551,1.88592,1.8852,1.88544,0.0,2.287295195462075,32.80193264924365,0.0342165546222597,3.367679721725879,1.3990587463490556,-3.796192425202179,-0.054140501490327786,-0.6407838652167954,-0.11314845054143657,0,0.4743539201209024,28.07017543859649,-3.7126612355775634e-05,-0.00011668363883232669,0.0,1.0
1780632300,GBPAUD,bullish_exhaustion,1.88546,1.88562,1.88515,1.88537,0.0,2.2783334759450344,31.676360096652484,0.03355432278586129,3.1617560088042356,1.24042585985891,-8.101926811464764,2.541420319738787,-12.228284402853777,-0.07673477161151289,0,0.4949317221130726,33.33333333333333,-7.955998026920597e-05,3.712799079225171e-05,-0.00015381596185359836,0.0
1780632600,GBPAUD,bullish_exhaustion,1.88533,1.8854,1.88502,1.88522,0.0,2.207283611173377,29.3973487029867,0.032599835872135254,2.8842526008947846,1.0925795038638422,-16.127250034871437,1.743600370050224,-27.757541795072832,-0.05718904823793168,0,0.533412662214256,36.84210526315789,0.0001166972554926815,-7.426188985892868e-05,-0.0003819182907033314,1.0
1780632900,GBPAUD,bullish_exhaustion,1.88522,1.88568,1.88517,1.88544,0.0,2.0360792808575296,26.606485087655116,0.032199843218758704,3.1483652342505133,0.9761812496450353,-21.75541759086476,7.207620370172032,-24.265882231507366,-0.0009605359414154908,0,0.3417276632082633,13.157894736842104,-0.00019093686354376693,-0.0004985573659198606,-0.0006470638153428521,1.0
1780633200,GBPAUD,bullish_exhaustion,1.88544,1.88546,1.88493,1.88508,0.0,1.889314274582466,24.3426291283854,0.03191381575237751,2.4567780027335155,0.8234971291811108,-17.723605082146896,3.877908628662098,-51.23258306535854,-0.02524834216312823,0,0.24779014221226905,6.140350877192982,-0.00030767924968699845,-0.00045621405988083286,-0.0003129840643368853,1.0
1780648800,GBPAUD,bullish_exhaustion,1.88561,1.88592,1.88546,1.88571,0.0,1.331929816351858,13.242401094679499,0.024691219184586582,2.2405267815232373,0.7946025681282144,-0.31463944191560245,-15.553180360750424,46.59902292370068,-0.058443395264695865,0,0.20947458099502905,3.508771929824561,-7.954563533107972e-05,-0.000196212567149745,-7.954563533107972e-05,1.0
1780677900,GBPAUD,bullish_exhaustion,1.8919,1.89199,1.89118,1.89126,0.0,1.8649691533236687,40.124540727234766,0.05251967710182408,3.08149642342982,1.3300672589896847,-0.3785559560481744,-15.69882665376176,21.0526315789401,-0.12877304917186044,0,0.7224890982287948,46.75925925925926,-0.0004970231485887933,-0.0004705857470680419,-0.0004758732273721922,1.0
1780678200,GBPAUD,bullish_exhaustion,1.89126,1.89133,1.88996,1.89032,0.0,1.5676255684279556,34.894176447927684,0.05396927272716987,2.016679299874071,1.0841786525963535,-2.410427996538644,-11.971469726055748,-26.49749210757516,-0.14381447220035207,0,0.7908600779207239,56.94444444444444,2.6450548055390044e-05,2.1160438444356444e-05,0.00031211646705320284,0.0
1780678500,GBPAUD,bullish_exhaustion,1.89033,1.89077,1.89011,1.89037,0.0,1.492885478024187,31.989603241297093,0.05260684201207471,2.0525630726193618,0.9341283141143615,-7.758363048967212,-2.1515267475320936,-42.664835630617915,-0.0874988383951779,0,0.8189001685496893,64.35185185185185,-5.289969688515583e-06,0.00028565836317762106,0.0004655173325855966,0.0
1780678800,GBPAUD,bullish_exhaustion,1.89038,1.89088,1.89015,1.89036,0.0,1.401445808639147,29.189421912108838,0.051607824781173324,2.0068192152912823,0.7983084999383663,-15.672457247183118,3.260201449179286,-50.52068674359394,-0.049242186433155956,0,0.7873857627974001,55.55555555555556,0.00029094987198208244,0.00047080979284364055,0.0006242197253432114,0.0
1780679100,GBPAUD,bullish_exhaustion,1.89038,1.89103,1.89033,1.89091,0.0,1.252024707193468,25.3213099614382,0.05055184236665328,2.5360662831934984,0.7282958684474712,-22.363019930499668,9.149619692173347,-46.727820885606825,0.016295323129691362,0,0.663529834066385,39.81481481481482,0.00017980760586167044,0.0003331729167437292,0.0002697114087926167,0.0
1780679400,GBPAUD,bullish_exhaustion,1.89091,1.89126,1.89079,1.89125,0.0,1.2129893125055577,23.28314954615248,0.04870764971178796,2.9045246873539097,0.7062812531802366,-18.444905618703885,21.711658220364082,-34.85423448375019,0.04573128755378614,0,0.5163881882143675,22.22222222222222,0.00015333773959014252,8.988764044937092e-05,0.00029081295439525867,0.0
1780679700,GBPAUD,bullish_exhaustion,1.89125,1.89202,1.89122,1.89154,0.0,1.0652105710081254,20.20266218411467,0.04824256776135771,3.148179212465734,0.6910937432782482,-12.85415063607897,22.39901239213443,-8.512284774610936,0.05936073965437668,0,0.5229862732375443,22.685185185185187,-6.344037133754199e-05,0.0001374541378982297,0.0001533142307326152,0.0
1780680900,GBPAUD,bullish_exhaustion,1.89184,1.89234,1.89165,1.8921,0.0,1.0665225827774532,18.32118940260668,0.0447095568563049,3.553639916058663,0.7100307430284124,-1.711308871436692,4.103531294706926,22.030237581002925,0.050864589922028296,1,0.7018441415933204,44.907407407407405,-0.0002906823106599843,-0.00021140531684371577,-0.00024311611437022318,1.0
1780681200,GBPAUD,bullish_exhaustion,1.89211,1.89218,1.89138,1.89155,0.0,1.0683397486938475,18.32449872227381,0.04454904265442096,2.7885260002510397,0.6620878073915236,-0.9691449928035656,-9.09765950489755,-7.2251849303125635,-0.009397529331835843,1,0.6353808735375749,34.25925925925926,7.930004493661436e-05,4.7580026961924204e-05,0.00048637360894510095,0.0
1780681500,GBPAUD,bullish_exhaustion,1.89154,1.89186,1.89134,1.8917,0.0,1.0965559160042524,18.133581337220168,0.04332715249430283,2.907445822548499,0.6467015766269499,-0.5413177749443926,-13.342552977603965,-11.10541602595172,0.006774765708798756,1,0.58859233280893,29.629629629629626,-3.171750277530805e-05,0.00040704128561630526,0.0004440450388538686,0.0
1780681800,GBPAUD,bullish_exhaustion,1.89169,1.89183,1.89155,1.89164,0.0,1.132841545882484,17.531454387780308,0.04129091562480659,2.8253351524782233,0.6367973467394042,-0.2990315267435012,-15.471407981241065,-2.63694114821914,0.0007790117155734878,1,0.564474355617474,26.851851851851855,0.00043877270516601286,0.00047577763210759905,0.0004334862870314371,0.0
1780682100,GBPAUD,bullish_exhaustion,1.89164,1.89248,1.89153,1.89247,0.0,1.1203646045549522,17.85487035532216,0.04191038768014513,3.6646675904393775,0.6711778849331211,-0.16370208300740305,7.5828460039009045,52.44660719119249,0.06881325267460234,1,0.7430864060766399,49.074074074074076,3.698869731083576e-05,-5.284099615865401e-06,-0.00012681839078032553,1.0
1780607100,GBPCAD,bearish_exhaustion,1.86569,1.86585,1.86559,1.86582,0.0,1.1751983858299515,7.6800889321507055,0.017253754312252702,-2.1675923596851217,-0.8629937411733589,0.1427939453870154,5.860269360277485,-57.6695416877507,0.06519178841325945,1,0.7576521554733942,73.68421052631578,0.0,5.359573806762441e-06,3.7517016646893e-05,1.0
1780607400,GBPCAD,bearish_exhaustion,1.86582,1.86594,1.86573,1.86582,0.0,1.0890418470225949,6.895745314775975,0.01682527936095189,-2.1476164424714232,-0.8188128217723937,2.4533819904879834,5.993265993271606,-35.68949771687022,0.04915247885007803,1,0.6305301077398919,58.77192982456141,5.359573806762441e-06,3.7517016646893e-05,0.00012327019755375979,1.0
1780607700,GBPCAD,bearish_exhaustion,1.86582,1.86594,1.86571,1.86583,0.0,1.0587608401820963,6.555723102652586,0.016503886649612904,-2.0536837059654585,-0.76980796778714,5.643888677665969,6.3518518518570914,-30.84223013037622,0.038087290186926685,1,0.682450423004625,64.91228070175438,3.215727049088457e-05,0.00011790999179983608,0.0,1.0
1780641000,GBPCAD,bullish_exhaustion,1.86671,1.86695,1.86671,1.86693,0.0,1.5449866186395553,6.282442133648323,0.010520172145720081,2.181215530463941,0.6879127669388272,-0.2991784111345339,-5.610574342459671,65.1145182661977,-0.0033493511341153065,1,0.17358612401215384,2.631578947368421,5.892025946341306e-05,0.00010177135725486508,0.00013926606782255213,0.0
1780665900,GBPCAD,bullish_exhaustion,1.86953,1.86958,1.86929,1.86942,0.0,1.2585224165101152,13.219439721357935,0.026521189635921916,2.063766915206724,0.6982823481557856,-1.0026589872487506,-5.269604051281192,34.13148816930504,-0.03992912057211943,1,0.43919500071650336,12.5,8.023879064089634e-05,-0.00021931936108521288,-0.000165826833991356,1.0
1780666200,GBPCAD,bullish_exhaustion,1.86942,1.86957,1.86928,1.86957,0.0,1.2097359916637402,12.186562397706242,0.02573281366759649,2.3296952621187574,0.6912758011120265,-6.526952264162404,-4.041740152853919,34.99028047766636,-0.009630144694096347,1,0.513807275564169,21.75925925925926,-0.00029953411747085656,-0.0002460458822081124,3.209294115746886e-05,1.0
1780674600,GBPCAD,bearish_exhaustion,1.86368,1.86404,1.8633,1.86379,0.0,2.373125258700058,53.54229604685203,0.05443351407710678,-3.4364803394279884,-1.3425190107037088,0.33985345490854446,23.346937135342785,-25.572895645542733,0.10133836557548094,0,0.9610786997006387,97.22222222222221,-0.0005687336019616351,-0.000531175722586763,-0.0005419065452653138,0.0
1780674900,GBPCAD,bearish_exhaustion,1.86384,1.86393,1.86273,1.86273,0.0,2.1436897637341437,49.056403066451736,0.055175710214233564,-4.324684033582829,-1.2915060671811416,1.2112848630695046,8.409981687259162,-41.65635976847017,0.003985355025033189,0,0.919890713729217,87.96296296296296,3.7579251958241855e-05,2.684232282734733e-05,-0.00023621244087979054,1.0
1780684500,GBPCAD,bearish_exhaustion,1.86057,1.86064,1.86023,1.86061,0.0,1.3615876416328343,18.829218506227434,0.03655234886042581,-2.6063942217693246,-1.072417129067456,1.7632130024133428,14.653880070546279,-62.81356612482035,0.055730506648358845,1,0.7299334485099396,47.22222222222222,-0.00022035783963325617,-0.0001451136992706159,0.00024185616545113753,0.0
1780684800,GBPCAD,bearish_exhaustion,1.86061,1.86063,1.86004,1.8602,0.0,1.374915561548298,18.856521896162583,0.03621444912112247,-2.9786486916185217,-1.0637985098875398,7.587086854686044,-2.2277940856723077,-71.6802168021713,0.003863618133092807,1,0.765554644928327,52.77777777777778,7.526072465324773e-05,0.0004623158800127758,0.0005322008386194899,1.0
1780685100,GBPCAD,bearish_exhaustion,1.8602,1.86041,1.86003,1.86034,0.0,1.3981776262515038,18.400827803145393,0.03508419879148201,-2.709421788658527,-1.0531088953671972,8.904521847839124,-11.270798631783812,-67.51509624286263,0.02351663477094441,1,0.7971114266425117,58.79629629629629,0.00038702602750029236,0.0004569057269099286,0.0004515303654171188,1.0
1780691100,GBPCAD,bearish_exhaustion,1.86014,1.86017,1.85984,1.85992,0.0,1.4253835977838407,14.425549067879857,0.026980738869235733,-2.2003898838416642,-0.7683041369794289,15.216124828044158,15.625562556257648,-35.67409408059042,0.030358365295660918,1,0.7731814458796576,96.25,8.602520538514291e-05,9.140178072164495e-05,-5.3765753365686564e-05,1.0
1780692000,GBPCAD,bearish_exhaustion,1.86009,1.86013,1.85956,1.85982,0.0,1.2178479593988223,12.239317690306708,0.026490245159967278,-2.1101308143137274,-0.6096786368240705,5.442512652173733,-9.747575315080901,-45.33531304135847,-0.019496245876167103,1,0.47112575788894734,31.25,0.00013979847512124444,0.0001989439838263607,0.00022582830596507009,1.0
1780704000,GBPCAD,bearish_exhaustion,1.85902,1.85902,1.85902,1.85902,0.0,1.0533211121869634,2.8688462119088656,0.009899852168646259,-2.524448026897389,-0.8353971608978481,0.0008784093146374516,0.0,-40.62420056303629,0.009638242234640734,0,0.5952451091454292,63.74999999999999,0.0,0.0,0.0,0.0
1780704300,GBPCAD,bearish_exhaustion,1.85902,1.85902,1.85902,1.85902,0.0,1.129530166827358,2.7687882466623317,0.009192719870885812,-2.6004347568053547,-0.8485143650405885,0.0004761819920986454,0.0,-37.35224586322436,0.007464970534331818,0,0.6319064545273525,73.125,0.0,0.0,0.0,0.0
1780650900,GBPCHF,bearish_exhaustion,1.05912,1.05912,1.05855,1.05859,0.0,1.143064658343964,10.991750439134488,0.02133968463516733,-3.7627307416382783,-0.7885178802064844,1.0164102887365645,-6.817408541549284,-107.12103726832969,-0.09329137717557785,0,0.9783609823108876,95.6140350877193,-8.501875135791259e-05,-1.889305585722756e-05,0.0001228048630728118,0.0
1780664100,GBPCHF,bullish_exhaustion,1.06107,1.06128,1.06105,1.06125,0.0,1.2756457188914911,12.671527175260108,0.0252324878063193,4.7314999471957,1.2633774046521558,-0.7257135115137032,2.1965688632334093,78.0841745146043,-0.01259032452550856,1,0.6423138744255164,37.03703703703704,4.711425206105346e-05,-8.480565371016269e-05,-0.00023557126030626652,1.0
1780665000,GBPCHF,bullish_exhaustion,1.06117,1.06123,1.06098,1.061,0.0,1.2305069543730986,11.91100368756043,0.024681119691785776,3.367362354905797,1.0757109612247735,-1.4608710570371528,-12.277537277542642,30.374381916608307,-0.07381182253659725,1,0.4458042274016254,14.814814814814813,-1.8850141375925666e-05,6.597549481623943e-05,-5.6550424128110066e-05,0.0
1780665300,GBPCHF,bullish_exhaustion,1.061,1.06101,1.06076,1.06098,0.0,1.1094035927383816,10.7102272785654,0.024601694653515048,3.1499615399931757,0.9661351223408088,-9.273823727268066,-17.384159050820276,-13.713780137228122,-0.05304195765727462,0,0.3447207689025537,5.555555555555555,8.482723519764868e-05,-3.770099342126354e-05,0.000358159437501282,1.0
1780672500,GBPCHF,bullish_exhaustion,1.06204,1.06259,1.06203,1.06255,0.0,1.2305447814858583,25.82361934284612,0.04785203179070156,2.3573524282040514,0.7666973329037682,-3.5658660911558115,-10.273700861238769,47.576684273941055,-0.006646023714309258,1,0.6509611228941052,38.425925925925924,0.0004893887346475445,0.0006117359183095417,-0.0004611547691873996,0.0
1780672800,GBPCHF,bullish_exhaustion,1.06254,1.06309,1.06252,1.06307,0.0,1.2347367740316504,25.9688487021609,0.04824217279938208,3.2571049975791277,0.8185446808782135,-4.2618447566491255,17.047468704996525,93.5948292601464,0.055558068529116204,1,0.7806580309794986,55.092592592592595,0.00012228733761654453,-0.0009500785460976324,-0.0004891493504659561,1.0
1780673100,GBPCHF,bullish_exhaustion,1.06307,1.06329,1.06297,1.0632,0.0,1.3177630004247145,26.529317064817143,0.04694067009915606,3.4996869883437918,0.8993646340727233,-1.4033567361758656,27.19745934609604,109.11549905328182,0.04422940001275601,1,0.7771930005701274,54.166666666666664,-0.0010722347629795737,-0.0006113619262602121,-0.0005361173814898423,1.0
1780677600,GBPCHF,bullish_exhaustion,1.0635,1.06362,1.06341,1.06351,0.0,1.1290334526711228,19.227726858631893,0.04403367754533356,2.827232011105382,0.8232633649652229,-4.02501765041805,2.4350716379665798,78.9585660337078,-0.009796486248811754,1,0.6267891805774695,33.33333333333333,-0.00037611305958562546,-0.0004889469774612687,-0.0004889469774612687,1.0
1780697400,GBPCHF,bearish_exhaustion,1.06187,1.06187,1.06175,1.06175,0.0,1.1527921888205763,7.980298827713227,0.018083040903585573,-2.1250366702322543,-0.7791371590594651,1.9986247514723654,4.365079365062996,-29.231944975097296,0.018325169589210825,1,0.591920267829888,62.5,-8.476571697657587e-05,8.476571697668689e-05,5.651047798438391e-05,1.0
1780605600,GBPJPY,bearish_exhaustion,214.85,214.858,214.826,214.833,0.0,1.1497138744662267,6.922308970088819,0.015968761153372292,-2.3517636383818314,-0.8588841656017683,3.6384692946190524,16.076980848845807,-13.440307207059343,0.03831253816155769,1,0.456098257504112,24.561403508771928,6.516689707813939e-05,-5.120256198998252e-05,-9.309556725511925e-06,0.0
1780659300,GBPJPY,bullish_exhaustion,215.256,215.284,215.249,215.274,0.0,1.2161336214075316,13.214057989094583,0.0260884341747534,4.786187082424989,1.39766180759171,-1.1710175019818507,-6.160677001775987,78.25314736454608,-0.03356577965337228,1,0.6798983651143194,42.592592592592595,4.645242806833316e-05,0.00020439068350097678,0.0002926502968310096,0.0
1780659600,GBPJPY,bullish_exhaustion,215.274,215.287,215.256,215.284,0.0,1.0894743695029991,11.281130083887259,0.02525239103462231,4.942576575580315,1.3973079638270256,-1.826901833711588,-2.8116211209739177,76.20238722135085,-0.019264692768388443,1,0.6505270631601194,37.96296296296296,0.00015793091915794477,0.0002461864328049401,0.00031121681128176704,0.0
1780660800,GBPJPY,bullish_exhaustion,215.35,215.374,215.339,215.37,0.0,1.2082497573778765,11.35630193901686,0.02365867740217306,6.087095528645068,1.5274463986105575,-8.995091524745952,6.965300647196969,131.1408980879989,0.026729134838580908,1,0.5469775643578988,25.0,8.82202720899894e-05,0.00016715419974921986,0.0004132423271578922,0.0
1780661100,GBPJPY,bullish_exhaustion,215.37,215.392,215.365,215.389,0.0,1.3512253963223944,12.107493755278062,0.022862223889062127,6.426128156211856,1.6123073405412267,-1.3127104669904597,3.869117310718181,143.74789349510655,0.028135368988153005,1,0.5438356860748549,24.537037037037038,7.892696470102045e-05,0.0003249933840632213,0.0005014183639833192,0.0
1780664100,GBPJPY,bullish_exhaustion,215.471,215.494,215.451,215.466,0.0,1.9555150256271214,18.326882152596237,0.02353528718686978,5.019469138227695,1.7207741484537422,-2.832363566037259,-11.2566283153505,49.77959893212818,-0.09568441098186498,0,0.4285693565490241,11.11111111111111,-0.0002831073115944216,-0.00023669627690692252,-0.0005105213815637111,1.0
1780664400,GBPJPY,bullish_exhaustion,215.466,215.482,215.4,215.405,0.0,1.765518178162427,17.579500850355135,0.024579514488348678,3.451095730759538,1.4417331624731853,-7.079151979461315,-7.872531055020206,14.251781472683925,-0.14070685496291968,0,0.344018346173078,5.092592592592593,4.642417771161256e-05,-0.00022747847078763428,-5.1066595482929245e-05,1.0
1780664700,GBPJPY,bullish_exhaustion,215.405,215.415,215.362,215.415,0.0,1.7062216849668297,16.968930449998123,0.02458018049502967,3.4376218501436187,1.2785643607219634,-17.015155189149468,2.5110726953281723,-15.608799215372018,-0.07789733119025916,0,0.4412890340364823,12.962962962962962,-0.00027388993338439693,-9.748624747574208e-05,-6.034862938986141e-05,1.0
1780665000,GBPJPY,bullish_exhaustion,215.415,215.423,215.356,215.356,0.0,1.5468440771500143,15.769538887899568,0.025052940432645526,2.101087579051498,1.027867876418475,-22.203692611040864,-0.18389793839183355,-38.31125084213497,-0.11466546039862521,0,0.2708705801743461,2.314814814814815,0.00017645201433902358,0.00021359980683133273,0.0002414606512006756,0.0
1780665300,GBPJPY,bullish_exhaustion,215.356,215.394,215.334,215.394,0.0,1.4113566719393709,14.521437250749234,0.025249049753861948,2.606236296688623,0.8874535473305691,-17.9499038137535,6.0962680237488875,-50.491380699153716,-0.016715840868716206,0,0.21437983833983534,0.4629629629629629,3.714123884601683e-05,6.499716798047395e-05,0.00016713557480718677,0.0
1780665600,GBPJPY,bullish_exhaustion,215.394,215.419,215.386,215.402,0.0,1.339726210183136,13.226520667465216,0.024538974865230382,2.653930894036285,0.8081576484881872,-12.398980660993285,6.900227122948486,-31.998024377774833,0.011145603137304536,0,0.30154766965880664,3.2407407407407405,2.7854894569134814e-05,0.0001299895079898139,-0.00030640384026137113,0.0
1780665900,GBPJPY,bullish_exhaustion,215.401,215.438,215.375,215.408,0.0,1.226685252600478,12.334099283733627,0.02487461515919406,2.546008483042358,0.715970455874072,-7.91150470755491,17.390790145279112,-34.394687553189165,0.026606092385827142,0,0.4192483337422117,10.648148148148149,0.00010213176855100592,-0.0003342494243481209,-0.0003713882492757392,1.0
1780666200,GBPJPY,bullish_exhaustion,215.406,215.444,215.4,215.43,0.0,1.1718355759694454,11.561403017177806,0.024554374416863957,2.813744156081613,0.6856572714095517,-4.811759542306588,18.966588966591225,-21.163698463063145,0.05574811543672324,0,0.5114103856624355,21.296296296296298,-0.0004363366290673909,-0.00047347166132849505,-0.000626653669405508,1.0
1780677900,GBPJPY,bearish_exhaustion,214.463,214.47,214.412,214.451,0.0,1.0963356205240222,21.67442253859243,0.05001370308672379,-4.788965959585452,-1.3018987444915902,0.6406766231851762,0.32022826063726484,-92.81265638095738,0.012506836967988703,0,0.7775784375972157,54.629629629629626,-1.8652279541675476e-05,0.00041035014991774865,0.00020983814484432095,1.0
1780678200,GBPJPY,bearish_exhaustion,214.451,214.478,214.422,214.447,0.0,1.1655793250463793,21.95687154545733,0.048307424721147955,-4.791984552594983,-1.2986479754012872,0.2008974225926008,-15.230622566250759,-81.69133394181274,0.012007602374760012,0,0.7131744328150339,45.83333333333333,0.0004290104314819132,0.00022849468633268089,3.264209804765272e-05,1.0
1780684500,GBPJPY,bearish_exhaustion,213.949,213.958,213.894,213.939,0.0,2.5958223502633215,38.03655858160667,0.038405639785647656,-6.108953798234694,-2.05467383433341,0.03406065611941686,18.141046524919453,-78.19296965767859,0.07193471640444844,0,0.9219233893593636,88.42592592592592,-0.00017762072366411807,4.6742295701118763e-05,0.00030382492205727196,1.0
1780684800,GBPJPY,bearish_exhaustion,213.94,213.941,213.881,213.901,0.0,2.512368142334434,35.953110185872085,0.03767231242868763,-6.370944936280678,-2.0507324974065693,0.26217834857285216,-1.899587163195875,-80.30336400808625,0.0348489051994191,0,0.860808986586547,73.14814814814815,0.00022440287796698932,0.0004815311756372065,0.0007480095932230757,1.0
1780685400,GBPJPY,bearish_exhaustion,213.95,214.008,213.936,214.004,0.0,2.212278640114844,31.043418386121346,0.03688483783434607,-4.695253903176429,-1.823024471108126,1.8963958750517185,6.903499324812174,-38.926723977519735,0.10671055112982337,1,0.8345046835190365,68.05555555555556,0.00026635016167930736,0.00026635016167930736,0.00011682024635062405,1.0
1780685700,GBPJPY,bearish_exhaustion,214.004,214.061,213.981,214.061,0.0,2.0096869342183408,28.386720973788588,0.03691055248828252,-3.7541561679562454,-1.6156352140522647,9.602164309034269,19.007682633419975,-9.734969406747009,0.11977811770472757,1,0.7885359649227088,56.018518518518526,0.0,-0.00014949009861675577,-0.00010277444279915837,0.0
1780686000,GBPJPY,bearish_exhaustion,214.059,214.084,214.015,214.061,0.0,1.811541619216206,25.366669948787536,0.03657649891870837,-3.5922643620147574,-1.4492301198882978,24.428252730832398,12.570526492703308,8.315569126716948,0.07561647688691571,1,0.7645840920809002,52.31481481481482,-0.00014949009861675577,-0.00010277444279915837,-0.00017284792652560999,0.0
1780686300,GBPJPY,bearish_exhaustion,214.061,214.071,214.012,214.029,0.0,1.5596697927108598,21.37712730099103,0.03593799543702989,-3.883889855382232,-1.347096591204442,22.02771165357384,-3.123623537470337,9.662984990089651,0.016533419207830233,1,0.8476612700528663,71.29629629629629,4.672264038974028e-05,-2.336132019487014e-05,7.008396058494348e-05,0.0
1780686600,GBPJPY,bearish_exhaustion,214.029,214.062,214.017,214.039,0.0,1.3759404125034231,18.13127926624479,0.0348711656454126,-3.7190223926088906,-1.2583050650350773,15.920648470865743,-9.573179315337029,23.404255319119486,0.0119698241522657,1,0.7917071729834944,57.407407407407405,-7.008068623004515e-05,2.336022874338539e-05,-0.00015417750970614374,1.0
1780686900,GBPJPY,bearish_exhaustion,214.038,214.048,214.004,214.024,0.0,1.2335813639058264,15.645050292452664,0.03385109764276142,-3.8865707021647946,-1.193177730167407,10.413720557472274,-13.805573472464474,23.897667419160868,-0.014717343609994759,1,0.6602878757127849,39.351851851851855,9.344746383588287e-05,-8.410271745229458e-05,-0.0002055844204388313,0.0
1780687200,GBPJPY,bearish_exhaustion,214.024,214.057,214.022,214.044,0.0,1.1179964119814623,13.493084350535932,0.03259820917482469,-3.574371170439473,-1.1180341296450356,6.433558439755842,-9.991951030054771,50.20576131686422,-0.0011877419624983653,1,0.5774576565144175,28.703703703703702,-0.00017753359122429924,-0.0002990039431145508,-0.0002242529573358576,0.0
1780687500,GBPJPY,bearish_exhaustion,214.043,214.054,213.996,214.006,0.0,1.0638607905242286,12.709419361769521,0.03221100079303837,-3.9475741290821142,-1.0668858056898194,3.830128300387784,-14.891679244008358,36.22710622712186,-0.04701980832812791,1,0.481068202322604,17.12962962962963,-0.00012149192078736437,-4.672766184121713e-05,-0.0004485855536761063,0.0
1780689600,GBPJPY,bearish_exhaustion,213.891,213.899,213.796,213.802,0.0,1.096587551889911,13.592221218650524,0.03207497111396267,-5.3729439534714425,-1.2392634835539178,0.15758364822929138,1.2604943772466566,-148.60079954318374,-0.07650806181279675,0,0.44184585492179085,23.75,3.7417797775551875e-05,-0.00013096229221420952,-4.209502249741259e-05,0.0
1780694100,GBPJPY,bearish_exhaustion,213.583,213.59,213.528,213.534,0.0,1.8444961550901426,22.122104021226257,0.030766840959585783,-5.914365343923908,-1.8001298446584546,0.9548033870337742,-4.770058789572307,-100.43134690735441,0.004102243637434507,0,0.6795932082423677,83.125,4.683094963797707e-05,0.0003652814071763988,0.00018264070358831042,1.0
1780694700,GBPJPY,bearish_exhaustion,213.544,213.613,213.544,213.612,0.0,1.7827386645004266,20.37496745180877,0.029602368856051022,-4.413433653452327,-1.7163455267237828,0.5077589671376093,12.08620049922703,-59.875819547555544,0.10663177902779003,1,0.7402923143117279,93.125,-0.00018257401269583529,-3.7451079527239806e-05,-1.4044154822645538e-05,0.0
1780695000,GBPJPY,bearish_exhaustion,213.612,213.612,213.56,213.573,0.0,1.71058504106636,19.26169970101517,0.02923205107153836,-4.846250676286657,-1.6672542559048602,13.260787817275457,18.224871667497027,-59.930160492102466,0.04001641210275547,1,0.6698380841840488,81.875,0.000145149433683045,0.0001685606326642386,0.0004073548622718359,1.0
1780695300,GBPJPY,bearish_exhaustion,213.573,213.612,213.567,213.604,0.0,1.5345266657180956,16.845170865890417,0.028644895282030684,-4.1927451992583755,-1.5844993183643648,24.54204535108879,19.834455667790415,-46.658135643248755,0.06793128095440125,1,0.7006012746317757,86.875,2.3407801351904567e-05,0.000262167375142619,0.0004072957435252711,1.0
1780695600,GBPJPY,bearish_exhaustion,213.606,213.626,213.576,213.609,0.0,1.4435247547854282,15.613579006243103,0.028270155401992358,-3.941206717423514,-1.4879365121517116,21.226848396769924,3.66250149826449,-34.34708555532113,0.054505649743337756,1,0.8197514041468373,99.375,0.00023875398508477197,0.0003838789564110101,0.00017789512614152514,1.0
1780695900,GBPJPY,bearish_exhaustion,213.61,213.662,213.605,213.66,0.0,1.2850278359391218,13.881187129353894,0.028150156834100926,-2.9219082806432373,-1.3168043181452687,15.091337058997723,7.7894794580629565,8.46506003284005,0.09107325472561699,1,0.6194985583166884,68.75,0.00014509033043164088,-6.0844332116505306e-05,-8.424599831513557e-05,0.0
1780696200,GBPJPY,bearish_exhaustion,213.661,213.717,213.654,213.691,0.0,1.172693694483154,12.784496333384809,0.028241483737621045,-2.232992483323204,-1.1181240645474253,9.784624959805257,3.2920566757628507,67.13950716947345,0.08678178776937534,1,0.44249216338032865,25.0,-0.00020590478775428522,-0.0002293030590900802,-0.0003322554529671118,0.0
1780604700,GBPUSD,bearish_exhaustion,1.34274,1.34283,1.34247,1.34247,0.0,1.1537085913785454,9.34266687673607,0.021490519231828528,-3.3760390308841735,-0.9785558087247707,0.11614756367171716,-5.070603337607373,-103.83189122369909,-0.025414778688103695,0,0.9058625365002895,89.47368421052632,4.469373617288497e-05,0.0001564280766050974,0.00012663225248976673,1.0
1780657500,GBPUSD,bullish_exhaustion,1.34531,1.34595,1.34529,1.34591,0.0,1.4166494445321456,15.330207227202603,0.02636616775027627,5.627493915177398,1.4478405236816094,-1.2000474248701636,6.497243678610928,90.60155905283679,0.04565019143064822,1,0.6872332502484902,43.51851851851852,0.0004235052863861277,0.00012630859418538698,0.00027490694028564633,0.0
1780660800,GBPUSD,bullish_exhaustion,1.34641,1.34661,1.34632,1.34649,0.0,1.139187795595626,11.842916002351803,0.026378723695169224,5.153343549999169,1.3444386877495023,-18.444100655665366,11.318810116541997,95.66517189830164,0.006442339436751491,1,0.5359127838155213,24.074074074074073,8.912060245536146e-05,0.0002896419579796472,0.0005421503316029863,0.0
1780661100,GBPUSD,bullish_exhaustion,1.34649,1.34671,1.34646,1.34661,0.0,1.213611861388268,12.256157181329362,0.025818427632988313,5.3763080809704915,1.3741726408491906,-15.506216300024533,2.655098275592053,107.51722072478456,0.017246563460797656,1,0.3302650926367271,4.166666666666666,0.00020050348653288808,0.00045298935846305177,0.0006609189000525983,0.0
1780661400,GBPUSD,bullish_exhaustion,1.34666,1.34695,1.3466,1.34688,0.0,1.260731731873296,12.769418957281244,0.02582558987401393,5.899844011823262,1.4203168232737733,-10.895191136108195,2.9530056067177384,136.42096306089726,0.050687336978879526,1,0.39710470331426817,9.722222222222223,0.0002524352577808475,0.0004603231171298461,0.0007498812069375305,0.0
1780661700,GBPUSD,bullish_exhaustion,1.34688,1.34723,1.3468,1.34722,0.0,1.3983075156184492,14.532523224760903,0.026254679814922983,6.497444410765121,1.4935733429347413,-2.1332521659010872,5.287619062015153,170.89168054987326,0.08051523596662151,1,0.5729351335106904,27.77777777777778,0.00020783539436752818,0.0004973204079512517,0.000608660797790872,0.0
1780664100,GBPUSD,bullish_exhaustion,1.34731,1.34757,1.34728,1.34744,0.0,1.7404883365153532,19.265704123369982,0.027584741714892533,4.777126908491747,1.5509247649689135,-1.900775160178938,-6.344104516301709,60.28171107892128,-0.05972555847769331,0,0.5921349807079269,30.555555555555557,-0.00023748738348261522,-0.00020780146054744097,-0.0005417680935699831,1.0
1780664400,GBPUSD,bullish_exhaustion,1.34739,1.34751,1.34708,1.34712,0.0,1.6743412225667935,18.817704867683847,0.02790048383069518,3.6775015981358736,1.3864547280705326,-4.941931873120325,-3.9950887340154697,34.07576622879616,-0.10188530136353843,0,0.4664080458541272,15.74074074074074,2.9692974642170356e-05,-0.0003043529900825792,-0.00013361838588998864,1.0
1780664700,GBPUSD,bullish_exhaustion,1.3471,1.34716,1.34677,1.34716,0.0,1.6282372927116024,18.354799258662815,0.027974665068634778,3.577953310351517,1.26036325525031,-11.691455756043112,4.323611272482218,6.438786117237296,-0.0616784400555355,0,0.5071415873132752,20.37037037037037,-0.00033403604620074745,-0.00016330651147589137,-8.165325573783466e-05,1.0
1780665000,GBPUSD,bullish_exhaustion,1.34712,1.34722,1.34671,1.34671,0.0,1.4944216626683415,17.42456715444066,0.028690159580448828,2.1616403416585204,1.0289066264997258,-21.93269576221917,-3.488859311841704,-17.027360759127777,-0.11298712204642165,0,0.35349314710076024,6.018518518518518,0.0001707865836000355,0.0002524671235826226,0.0003267221599305703,0.0
1780665300,GBPUSD,bullish_exhaustion,1.34671,1.34697,1.34662,1.34694,0.0,1.4280264134011702,16.4690977569392,0.02849237226133884,2.6088191918775125,0.9137760167872399,-19.300467502846473,2.897810717580171,-28.21857159498842,-0.027244599710977025,0,0.21718075957800415,0.9259259259259258,8.166659242436758e-05,0.00015590894917361098,0.00018560589187344156,0.0
1780665600,GBPUSD,bullish_exhaustion,1.34693,1.34713,1.34682,1.34705,0.0,1.3452369597526213,15.200676484970911,0.02809884597654896,2.764556887368853,0.8421314125023989,-13.817293562291688,4.972382002343238,-13.95904831681695,0.009444508051834494,0,0.24998628809225845,1.8518518518518516,7.423629412417476e-05,0.00010393081177384467,-0.00018559073531054793,0.0
1780665900,GBPUSD,bullish_exhaustion,1.34706,1.34731,1.34683,1.34715,0.0,1.1975354616005789,13.884862461486243,0.02863490417045706,2.7971113479602905,0.7727110334170608,-8.992176686580066,18.015764086674544,-6.454900628501387,0.030763174097420996,0,0.3571301209220162,6.481481481481481,2.9692313402440718e-05,-0.00025980774227074566,-0.0002895000556731864,1.0
1780666200,GBPUSD,bullish_exhaustion,1.3471,1.34734,1.347,1.34719,0.0,1.1244214739180354,12.868186258855726,0.028391458463914127,2.760356052956321,0.7364266303414678,-5.537853296007144,18.641834053736694,-0.2199494115823857,0.03375278308201393,0,0.4583777345512455,15.277777777777779,-0.00028949146000201154,-0.00031918289179710957,-0.0002969143179508693,1.0
1780678800,GBPUSD,bearish_exhaustion,1.33859,1.33879,1.33821,1.33829,0.0,1.2211860857645125,27.87951385961814,0.0573466368656719,-5.894997280819462,-1.5957250306776405,1.0762683237775925,2.7498337753126236,-70.26159587015066,0.016394544099859572,0,0.8206044762496922,64.81481481481481,-0.00022416666043978406,-0.0006650277593048814,-0.000582833317143483,0.0
1780679100,GBPUSD,bearish_exhaustion,1.3383,1.33844,1.33787,1.33799,0.0,1.2377843942817186,27.542506827117325,0.056305332116645054,-6.156156108185106,-1.5912549224409553,1.8541873692913273,-0.7808359322218479,-89.3271774933745,-0.007752763437511465,0,0.8172661723382822,63.42592592592593,-0.00044095994738380107,-0.0003587470758377176,-0.000403590460317349,0.0
1780679400,GBPUSD,bearish_exhaustion,1.33798,1.33798,1.3374,1.3374,0.0,1.297246574995677,28.268442289441364,0.05545769121022443,-6.777753674157836,-1.6339945560992997,1.7378084552986826,-13.622412163871811,-120.67687747035733,-0.048372954600121906,0,0.7986385688891425,59.25925925925925,8.224914012266993e-05,3.7385972783132715e-05,9.720352923592301e-05,1.0
1780680600,GBPUSD,bearish_exhaustion,1.33753,1.33765,1.33693,1.33696,0.0,1.2170601840449322,24.110775628159672,0.05147820077367304,-6.8252060977740925,-1.6741763489737487,2.1115057750652095,1.1063994129703119,-138.1776975105419,-0.033176313504699594,0,0.7969905112145151,58.333333333333336,-0.0003964217328864539,-0.000538535184298583,-0.0008377213977980302,0.0
1780684200,GBPUSD,bearish_exhaustion,1.33472,1.33489,1.33438,1.3346,0.0,2.4284203926957013,41.71198405492597,0.04485580778452463,-7.12775626144814,-2.268055049742195,0.42697963707002484,13.765991686367538,-90.40731821253907,0.0649622727007335,1,0.9564080255239121,95.83333333333334,-6.743593586089336e-05,-0.00025475797991902915,3.746440881147173e-05,0.0
1780684500,GBPUSD,bearish_exhaustion,1.33459,1.33461,1.33425,1.33451,0.0,2.4048579440306184,39.774243056768086,0.04358150149813999,-7.081849332498915,-2.267589578396358,0.9266362580018987,11.440288106955826,-91.37719962245042,0.053253883887456485,1,0.9491841848969519,93.98148148148148,-0.0001873346771474882,0.00010490741920232693,0.0004720833864113594,1.0
1780684800,GBPUSD,bearish_exhaustion,1.3345,1.33452,1.33403,1.33426,0.0,2.3282601229165727,38.07807496841829,0.04309929657828868,-7.1770317306647575,-2.2488915809997523,1.7454944893930764,-4.129784153939788,-93.99961036429944,0.024524925986294972,0,0.8872739277818363,80.0925925925926,0.0002922968536867021,0.0006595416185750658,0.0009968072189827648,1.0
1780685100,GBPUSD,bearish_exhaustion,1.33426,1.33467,1.33415,1.33465,0.0,2.1907420577034586,35.66178925056671,0.04279204697235362,-6.220364856667081,-2.148995434164625,1.9872043425973693,-1.9311472210063627,-73.65960258168309,0.0762167284826232,0,0.8703353808146707,76.38888888888889,0.00036713745176641943,0.0007043044993071401,0.0005994080845166394,1.0
1780685400,GBPUSD,bearish_exhaustion,1.33464,1.33522,1.33454,1.33514,0.0,2.016881969816236,33.65864133123246,0.04335881691333997,-5.0164025642079215,-1.9392594365807314,6.324405407103718,12.965477998152572,-39.13509163962453,0.11378253610332194,1,0.883974238982032,79.62962962962963,0.0003370433063198952,0.0002321853887981007,6.740866126397904e-05,1.0
1780686000,GBPUSD,bearish_exhaustion,1.33559,1.33568,1.33515,1.33545,0.0,1.618698209405053,27.51459064845758,0.04372424209015702,-3.9868789826569,-1.5717488640834845,5.621640335670804,14.834455667792554,5.500276395794204,0.06025007148995191,1,0.8676107659783591,75.92592592592592,-0.0001647384776667371,-0.0001497622524242459,-0.00026208394174254135,0.0
1780686300,GBPUSD,bearish_exhaustion,1.33545,1.33562,1.33515,1.33523,0.0,1.3764790211426026,22.997531345378466,0.0431220521820692,-4.245034629886061,-1.4636280426055719,3.3226326406983304,-1.8583280674759948,7.758620689654745,0.007490704361647612,1,0.6704895311426871,41.66666666666667,1.4978692809641814e-05,-9.736150326156157e-05,-7.489346404598862e-06,0.0
1780686600,GBPUSD,bearish_exhaustion,1.33523,1.33546,1.33501,1.33525,0.0,1.1990432998027138,19.64740425700539,0.04244855968950926,-4.075199097751333,-1.3633381091645318,1.9172225567806152,-10.34751912460726,9.423112595072961,-0.0010394139709115247,1,0.5349396082022597,23.61111111111111,-0.00011233851338710021,-2.2467702677331225e-05,-0.00020220932409664716,0.0
1780686900,GBPUSD,bearish_exhaustion,1.33525,1.33537,1.335,1.3351,0.0,1.1039042517824404,17.504174483487862,0.041400468195556366,-4.238538837141226,-1.3045141821727382,1.086564396606036,-18.00079744816582,9.735921094528381,-0.027360709655724694,1,0.43385179611623903,12.037037037037036,8.98809077971574e-05,-8.988090779704638e-05,-0.0003445434798891034,0.0
1780689600,GBPUSD,bearish_exhaustion,1.33415,1.33424,1.33353,1.33356,0.0,1.0698774278994654,16.75250857693346,0.040043931390134783,-5.12724623447472,-1.3010958614492785,0.004371371993258322,1.3172798216273023,-140.59794528446827,-0.055146027960569596,0,0.4735298937866143,33.125,7.498725216548152e-06,2.9994900866636698e-05,0.00032994390953544617,1.0
1780613100,USDCAD,bullish_exhaustion,1.39067,1.39073,1.39064,1.39073,0.0,1.5901660990563513,8.721382912290562,0.01457693666079753,2.7909615493369273,1.045070116754831,-0.8312503811846597,-7.805597805606476,37.16884143934007,-0.058905480812467756,0,0.3180590393247393,10.526315789473683,0.0001150474930431411,0.00017976170788003287,-0.0010929511839106176,0.0
1780613400,USDCAD,bullish_exhaustion,1.39072,1.3909,1.39067,1.39089,0.0,1.5761042136374217,8.822414938532047,0.014715325161254284,3.43473058434959,1.0337205778247631,-1.2218247088553085,14.32527765860086,59.09270216963816,0.005264655929419151,0,0.4514659883892097,22.807017543859647,6.47067704850901e-05,-0.001207859715721571,-0.0010640668924213337,1.0
1780614000,USDCAD,bearish_exhaustion,1.39098,1.39098,1.38899,1.38921,0.0,1.141503808770374,12.27147932532862,0.023842615461260746,-2.9943482514611013,0.22951077946128803,0.5147829976207277,7.220404484092207,-186.1901129636188,-0.3379388482770177,0,0.9961845945636578,96.49122807017544,0.00014396671489547153,0.000986171997034102,0.0010365603472475282,1.0
1780655700,USDCAD,bearish_exhaustion,1.38863,1.38884,1.38852,1.38878,0.0,1.4067763453763396,12.05822182815802,0.020884384384166857,-3.327838039643968,-1.2407510543571865,1.089043587671482,16.462297392526906,-15.495963626189168,0.08843730001119458,1,0.5424087742043049,39.473684210526315,-7.200564524190156e-06,4.3203387145585026e-05,0.00012961016143675508,1.0
1780656000,USDCAD,bearish_exhaustion,1.38878,1.38885,1.38859,1.38877,0.0,1.2851047279008017,10.876453311318592,0.020730039607790393,-3.268580347633686,-1.1270544912899954,5.198425611621742,6.3542835765043435,-2.490942028932604,0.05581151477772141,1,0.48753991366899885,31.57894736842105,5.040431460923145e-05,0.00013681171108248513,6.480554735488475e-05,1.0
1780663200,USDCAD,bearish_exhaustion,1.38744,1.38758,1.38734,1.38739,0.0,1.28770738583919,12.450157716702257,0.024026165463627968,-3.1565689043949816,-1.1125666750375196,3.0979709669125595,7.261257352499207,-44.059570823677994,0.051970974911676134,1,0.6375433373993702,35.648148148148145,-2.1623335904052965e-05,0.00011532445815531922,0.00015857112996342515,1.0
1780663500,USDCAD,bearish_exhaustion,1.3874,1.38743,1.38721,1.38736,0.0,1.2427467998015045,11.602443346025034,0.023443168635474427,-3.168110854979811,-1.0748872075130318,6.916368618014111,4.241706294259259,-60.74502738807584,0.03391366229907709,1,0.6676273778818873,40.74074074074074,0.00013695075539166268,0.0001801983623572756,0.0003748125937033109,1.0
1780663800,USDCAD,bearish_exhaustion,1.38736,1.38759,1.38736,1.38755,0.0,1.182687443693679,10.72196944053571,0.022949674281774704,-2.4978158596228783,-0.9854308517837204,10.740055373326687,1.4419910306053083,-18.170909402613706,0.0642314019950218,1,0.6335793751166268,33.7962962962963,4.3241684984263173e-05,0.0002378292674136695,0.0002378292674136695,1.0
1780685400,USDCAD,bullish_exhaustion,1.39399,1.39405,1.39381,1.39391,0.0,1.7476222396854246,18.554270684205438,0.028849358184665583,5.559339690359024,1.7942561830118038,-3.450681044696026,-26.268204323511448,57.93381812598525,-0.07366384464290814,0,0.37367488547369976,7.4074074074074066,-0.0001936997367117943,-0.00015065535077585235,-4.3044385935941953e-05,1.0
1780685700,USDCAD,bullish_exhaustion,1.39391,1.39407,1.39346,1.39364,0.0,1.4289797419503638,16.155400506788514,0.029920327614501467,4.432329296276088,1.5678355635257661,-8.902671907305134,-23.028108346351,24.952741020757124,-0.09377619156772697,0,0.27960659772678287,2.7777777777777777,4.305272523752457e-05,0.00015068453833122497,0.00025831635142492537,0.0
1780686000,USDCAD,bullish_exhaustion,1.39359,1.39399,1.3935,1.3937,0.0,1.18924342253686,13.772466786810503,0.030293266120848403,4.281411118417445,1.4163908384221178,-20.913789791027952,-5.514858363401299,17.626079523672477,-0.05133598927657931,0,0.3711215229350632,6.944444444444445,0.00010762717945045353,0.000215254358900685,0.00025830523068104405,0.0
1780692900,USDCAD,bullish_exhaustion,1.39466,1.39494,1.39446,1.39491,0.0,1.052584475980814,9.760956083601558,0.023913178964603442,3.729981649543237,0.9396652354538981,-6.530679054848727e-05,8.922986478546306,131.67938931297184,0.06010276005341634,1,0.5369934079392651,46.875,-0.00011470274067870712,-5.0182449046864974e-05,-7.168921292488584e-06,1.0
1780653600,USDCHF,bearish_exhaustion,0.78784,0.78792,0.7876,0.78778,0.0,1.440029500570809,18.792761617249393,0.031010769417735857,-3.3770419531750737,-1.2801742633653588,1.2240326232709735,12.826266579691307,-30.222643297013477,0.08937791048030687,1,0.8213914937730435,79.82456140350878,-0.00013963289243201782,-0.000126938993119885,-0.0004315925766077422,0.0
1780653900,USDCHF,bearish_exhaustion,0.78778,0.78778,0.78749,0.78767,0.0,1.3034606549215013,17.229472397096366,0.03142955363057704,-3.6467755340434405,-1.1933685476431235,2.466057140315751,-2.352467471963948,-47.07778292102206,0.033606859784850854,1,0.8430951370105265,83.33333333333334,1.269567204542632e-05,-0.00029200045704413924,-0.00029200045704413924,0.0
1780654200,USDCHF,bearish_exhaustion,0.78767,0.78785,0.78762,0.78768,0.0,1.2282279977899249,16.04650183707903,0.031269906071951105,-3.50376040571409,-1.1274753361863563,3.254314980141328,-11.482488901285663,-27.284311520870478,0.028374568558605536,1,0.7211505598553151,70.17543859649122,-0.00030469226081664136,-0.00030469226081664136,-0.0004062563477555958,0.0
1780654500,USDCHF,bearish_exhaustion,0.78768,0.78779,0.78744,0.78744,0.0,1.166019138993076,15.783261474084338,0.0322200362650582,-4.215779592955473,-1.1028064612356212,4.768999862568281,-21.554362150555193,-58.14602263670295,-0.040455148386667514,1,0.8961957370206184,87.71929824561403,0.0,-0.00010159504216200599,0.0002412882251345838,0.0
1780654800,USDCHF,bearish_exhaustion,0.78744,0.78763,0.78737,0.78744,0.0,1.1348421111007703,15.32406290190058,0.032277061439170904,-4.0721980235006265,-1.0947614456178245,3.6237382391562196,-19.217572550905764,-71.57268769246393,-0.02084486711889604,1,0.913933177628165,91.22807017543859,-0.00010159504216200599,0.0002412882251345838,0.00029208574621542027,1.0
1780655100,USDCHF,bearish_exhaustion,0.78744,0.78751,0.78728,0.78736,0.0,1.0880517385071318,14.494597523745368,0.03206114106232001,-4.2806787876700705,-1.1101564866765883,3.2809407060363167,-14.328219379530257,-89.9883481222219,-0.028028749867616175,0,0.9164807238304206,92.10526315789474,0.0003429181060761177,0.00039372078845767433,0.0005080268238164543,1.0
1780678200,USDCHF,bullish_exhaustion,0.79425,0.7944,0.794,0.79438,0.0,1.439293576073765,41.11818298050533,0.07218432545123792,6.054921438500517,1.7430703653775907,-1.5956305684459835,-2.304564578662479,60.130139012130364,-0.04145596142136962,0,0.9031073040226868,85.18518518518519,-0.00033988771117099414,-0.00021400337370025557,0.00021400337370014455,1.0
1780678500,USDCHF,bullish_exhaustion,0.79434,0.79442,0.79393,0.79411,0.0,1.299410243600337,36.61390821767728,0.07145854189644524,5.411488211488981,1.6340366880213224,-3.5137514666861023,-16.007219019268007,44.68613693930445,-0.06461257849040564,0,0.8384828940485821,70.37037037037037,0.0001259271385576355,0.0005540794096534629,0.0005918575512209312,0.0
1780678800,USDCHF,bullish_exhaustion,0.79412,0.79429,0.79402,0.79421,0.0,1.3013642564750234,34.769410847603446,0.06877429459732944,5.561939671215744,1.5892121991232242,-8.80945874616296,-8.262570762572174,41.02859436489935,-0.03457867070186732,0,0.8141211339666176,62.96296296296296,0.0004280983618942802,0.0004658717467671547,0.0004910540033491451,0.0
1780679100,USDCHF,bullish_exhaustion,0.79421,0.79461,0.79414,0.79455,0.0,1.308325329504558,34.555166356911805,0.06805973036470718,5.989623055397218,1.5512994366279276,-18.77904782077188,5.750858913508139,62.863901018926775,0.016512277410216727,0,0.8346351565816436,68.51851851851852,3.775722106857948e-05,6.292870178081778e-05,-0.00021395758605502468,0.0
1780679400,USDCHF,bullish_exhaustion,0.7945,0.79474,0.79448,0.79458,0.0,1.2037279453586904,30.185918890519357,0.06553319848191308,6.017894419179442,1.5534184083380136,-21.520289804669204,16.43387889483288,77.2699426551237,0.012405788551203388,1,0.7746062909396652,53.70370370370371,2.5170530343121555e-05,-0.00025170530343066044,-5.0341060686021066e-05,1.0
1780679700,USDCHF,bullish_exhaustion,0.79458,0.79478,0.79443,0.7946,0.0,1.1801581016623748,28.71343626954088,0.06399696118863649,5.9293653504874655,1.529445158674864,-16.825527849476234,17.39725456500959,74.09386410187278,0.008392418115897887,1,0.6646257301907231,40.27777777777778,-0.00027686886483768713,-7.550969041025812e-05,0.0003272086584444889,1.0
1780682400,USDCHF,bullish_exhaustion,0.79552,0.79575,0.79551,0.79563,0.0,1.1911697052276609,24.320666167308396,0.05523277266074363,6.2023193694606675,1.616445132364464,-0.3754744878971512,-3.3856176388681547,152.06445115808862,0.012225792012181158,1,0.8052298496340876,61.57407407407407,0.0003267850634089964,0.0001633925317046092,0.0002765104382691508,0.0
1780682700,USDCHF,bullish_exhaustion,0.79563,0.79591,0.7956,0.79589,0.0,1.3700712217312832,27.3115595916537,0.05405297051610509,6.574118136067817,1.6792448692912512,-0.41059313481882653,-0.012994253412827561,147.03793323463546,0.03380220509925862,1,0.8285877199428898,66.66666666666666,-0.00016333915490829298,-5.0258201510278155e-05,3.7693651132597594e-05,1.0
1780683300,USDCHF,bullish_exhaustion,0.7958,0.79602,0.79577,0.79585,0.0,1.557388618001539,29.436438389349853,0.05160967006772794,6.0389219882138825,1.7168076762927136,-0.21407622913983193,-3.5564857256029256,118.49124886905066,-0.008391553576732862,1,0.8049902126840471,61.111111111111114,8.795627316704469e-05,-7.5391091285959e-05,0.00018847772821528608,1.0
1780683600,USDCHF,bullish_exhaustion,0.79585,0.79611,0.79584,0.79592,0.0,1.6942537120354213,31.120462145237358,0.05034212223448658,5.97829177850314,1.7378934226433131,-0.6405006858246383,-7.450441035000722,112.09646052119214,-0.00826902985807772,1,0.7564163619308946,50.46296296296296,-0.00016333299829118797,0.00010051261433319247,-5.0256307166485215e-05,0.0
1780683900,USDCHF,bullish_exhaustion,0.79592,0.79594,0.7955,0.79579,0.0,1.647437019741116,30.878545665816095,0.05070324772286864,5.244721773092519,1.66332272745406,-0.5869816285396803,-8.826871367856278,79.24213305377552,-0.039082256849604695,0,0.6262944395905684,32.870370370370374,0.00026388871435933936,0.000113095163296828,0.00012566129255198177,0.0
1780684200,USDCHF,bullish_exhaustion,0.79578,0.79607,0.79578,0.796,0.0,1.7038659192248835,31.22525399559946,0.049671463349781265,5.498946177489225,1.6704999482927443,-0.4268564570835207,-0.9029847656876626,94.62048636700254,-0.0024428859350384053,0,0.6978822423906315,44.44444444444444,-0.000150753768844214,-0.0001381909547739646,-0.0003391959798995092,1.0
1780684500,USDCHF,bullish_exhaustion,0.79595,0.79607,0.79585,0.79588,0.0,1.6792065253968664,29.55104916073997,0.04810491017521912,4.98671360131418,1.6587114243644647,-0.28011104994860064,-0.3940877352716754,85.9996091861861,-0.03293209226531838,0,0.6514235642121111,38.88888888888889,1.256470824739786e-05,-0.00018847062371207812,-0.0003643765391767584,1.0
1780684800,USDCHF,bullish_exhaustion,0.79588,0.79608,0.79587,0.79589,0.0,1.6356364097195768,27.630586401950183,0.04655296647538322,4.899187650568553,1.6428109502878545,-0.17339693567772047,2.972070431088113,82.0787110406703,-0.029233458864684717,0,0.6389191218835027,36.11111111111111,-0.0002010328060410016,-0.0003769365113268641,-0.0007790021234089783,1.0
1780685100,USDCHF,bullish_exhaustion,0.79594,0.79596,0.79567,0.79573,0.0,1.5787540525616879,26.30333823041731,0.045839626716995444,4.278433620737839,1.5580593880952098,-0.10336917319057032,-7.581182086552559,56.67482131721597,-0.05443871839819886,0,0.5615002191241991,26.38888888888889,-0.00017593907481183724,-0.000578085531524497,-0.00023877445867315217,1.0
1780685400,USDCHF,bullish_exhaustion,0.79577,0.79581,0.79552,0.79559,0.0,1.4920655228484354,24.54755647944932,0.04517649616526221,3.7159901157728097,1.4441347162617355,-0.06001993927114019,-15.76691162615532,30.950587426800386,-0.06401982710608585,0,0.5034235509007344,19.90740740740741,-0.0004022172224387166,-6.284644100607029e-05,0.00020110861121924728,1.0
1780685700,USDCHF,bullish_exhaustion,0.79559,0.79562,0.79522,0.79527,0.0,1.343941219420378,22.601818528735805,0.04555915345853502,2.588332006741461,1.2392666343964964,-0.03417764597349761,-18.448447494388017,-20.251729897430526,-0.09667678461260276,0,0.5663823550796334,27.314814814814813,0.0003395073371308399,0.000603568599343518,0.000603568599343518,0.0
1780686000,USDCHF,bullish_exhaustion,0.79528,0.79571,0.79524,0.79554,0.0,1.062987526604492,18.599992943819394,0.046510525072152885,3.082080269131725,1.10957779731952,-0.01917266115571256,-7.001356990842147,-8.779002060435714,-0.007438801190957573,0,0.5900480297256698,30.09259259259259,0.0002639716419035043,0.0002639716419035043,0.0004902330492495555,0.0
1780689600,USDCHF,bullish_exhaustion,0.79637,0.7967,0.79633,0.79665,0.0,1.0978486882851752,17.82793171643524,0.04201998870942947,4.189367036872686,1.2087286636848005,-1.0785820113104895e-05,-0.9426158133040019,139.5159650193181,0.025789059441065448,1,0.5729657976642687,58.12500000000001,-8.786794702819734e-05,-6.276281930583938e-05,-0.0002510512772233575,1.0
1780689900,USDCHF,bullish_exhaustion,0.79665,0.79678,0.79655,0.79658,0.0,1.189638200904555,18.760687075513786,0.0410843778644578,3.8830331038067936,1.228633034263898,-5.647284833037281e-06,-1.865884600886858,133.1421849727665,-0.008997060368782608,1,0.5814851664333534,60.0,2.5107333852192326e-05,-0.00016319767003936114,-0.00026362700544824147,1.0
1780690200,USDCHF,bullish_exhaustion,0.79656,0.79676,0.79646,0.7966,0.0,1.257922637754871,19.749325855830296,0.04083882557570704,3.7777945562863726,1.2207153141033842,-2.9508298047610573e-06,-0.507208197800395,109.2316755028368,-0.013238574706736752,1,0.5496164678766801,49.375,-0.00018830027617366962,-0.0002887270901330563,-0.00016319357268390622,1.0
1780690500,USDCHF,bullish_exhaustion,0.7966,0.79668,0.79638,0.79645,0.0,1.2831247027844812,20.063983610702646,0.04061941919920673,3.173902884973521,1.164530237455669,-1.539008596501737e-06,-13.745242277854274,78.95752895752686,-0.04877041462316284,1,0.5016870979430462,37.5,-0.00010044572791756412,2.5111431979363275e-05,-0.0002385586038043952,0.0
1780690800,USDCHF,bullish_exhaustion,0.79645,0.79646,0.79618,0.79637,0.0,1.3011847002470203,20.141739853173384,0.04023321656621395,2.8133120566081216,1.0926636143896047,-8.013011453114727e-07,-13.7674402891776,42.674071591550856,-0.05502841662296768,0,0.42034491533765106,21.25,0.0001255697728441696,-0.0001381267501288086,3.767093185325088e-05,1.0
1780691100,USDCHF,bullish_exhaustion,0.79637,0.79653,0.79629,0.79647,0.0,1.3199794757409637,19.98018138678439,0.039507079165286126,3.0585196107591592,1.0589338062354252,-4.1654899618603847e-07,-6.104917626652622,55.40382364415752,-0.020019926913694988,0,0.4608563023146107,28.749999999999996,-0.00026366341481798283,-8.78878049392906e-05,0.0,1.0
1780691400,USDCHF,bullish_exhaustion,0.79647,0.79655,0.79626,0.79626,0.0,1.2543706074003718,18.915199592558555,0.03929626750200777,2.3029688128135906,0.9569332442297926,-2.1622370985817029e-07,-4.6079737908803295,36.44639010490902,-0.05929556413640979,0,0.4757049272914058,33.75,0.00017582196769905245,0.00026373295154846765,-8.791098384952623e-05,0.0
1780691700,USDCHF,bullish_exhaustion,0.79626,0.79642,0.79613,0.7964,0.0,1.0509933149763224,15.793665267185984,0.03908396691315692,2.6524047437915472,0.9018490177367909,-1.1208646081166066e-07,2.2645243035034923,21.393643031790234,-0.008952568149158126,0,0.3072516255962398,8.125,8.789552988441862e-05,-0.0002636865896534779,-0.00027624309392260127,1.0
1780594800,USDJPY,bullish_exhaustion,159.977,159.998,159.968,159.991,0.0,1.3116862501359396,7.816528934733072,0.015296435724222738,3.9897159017702437,1.1293241969848171,-1.1349733509880906,9.166666666676697,47.31916382408556,-0.01857520774601093,0,0.3310028620353301,12.280701754385964,-8.125457056962215e-05,-7.50042189873179e-05,-0.00013750773481024936,1.0
1780595100,USDJPY,bullish_exhaustion,159.991,159.996,159.967,159.978,0.0,1.1678293885299433,7.110032734832058,0.015499808287658838,3.2738777424772696,1.0204851301775641,-1.264217625516494,5.5199430199479735,26.99095358146394,-0.049533316852827115,0,0.28873833927698517,7.894736842105263,6.2508594931287575e-06,-5.625773543871393e-05,-6.25085949323978e-06,1.0
1780608300,USDJPY,bullish_exhaustion,160.016,160.026,160.014,160.025,0.0,1.3734268408323833,4.692220870120988,0.008981639806890469,2.6076909026772968,0.8493575143121616,-0.185786309809842,-7.383655216452411,68.82821387938897,-0.011683943977211416,1,0.31095291172225753,8.771929824561402,-6.249023590076952e-05,-4.999218872059341e-05,-4.999218872059341e-05,1.0
1780609200,USDJPY,bullish_exhaustion,160.017,160.02,160.014,160.017,0.0,1.276138261759917,4.216626777271456,0.008711764201686048,2.005695181133406,0.7144127086218065,-9.17533213463821,1.3636050911740583,40.64171122989928,-0.02884179423460335,1,0.2858451641240205,7.017543859649122,-1.8748008024038754e-05,-7.49920320965991e-05,-3.124668004017561e-05,1.0
1780680300,USDJPY,bullish_exhaustion,160.268,160.27,160.249,160.255,0.0,1.1268797835896438,13.662922469357135,0.0329994339283367,3.318631584769136,0.9971711084745949,-0.17541372217037576,-13.975095785433787,65.02453756136595,-0.0449590751102215,1,0.49848597372661385,19.444444444444446,0.00013104115316231457,0.0002371220866743684,0.0002121618670243297,0.0
1780680600,USDJPY,bullish_exhaustion,160.255,160.28,160.248,160.276,0.0,1.0801637895897758,12.649179663223572,0.03206442801097296,3.678812566029035,0.9947845445973564,-2.6953070511484327,-3.3285440613008817,73.80705858289859,-0.00874017684676542,1,0.5779469239747158,29.166666666666668,0.00010606703436577547,8.111008510303108e-05,-6.239237315641688e-05,0.0
1780705500,USDJPY,bullish_exhaustion,160.314,160.314,160.314,160.314,0.0,2.8337375536516136,3.6978855816220046,0.005680292140207657,8.4908217309261,2.1861667992268385,-0.08716593987931276,0.0,37.037037037248986,-0.041918256010703946,1,0.25879004550382406,1.875,0.0,0.0,0.0,0.0
1780928100,AUDCAD,bullish_exhaustion,0.98521,0.98522,0.98494,0.98516,0.0,1.4200768510194168,26.305919837999447,0.04660728189580205,2.5738512230181114,1.0353665995284995,-2.3192013120633703,-21.868063349544045,8.300200249586483,-0.08479518083023435,0,0.36373692610014774,12.5,2.030127085950184e-05,7.105444800847849e-05,0.0,0.0
1780928400,AUDCAD,bullish_exhaustion,0.98517,0.98537,0.98507,0.98518,0.0,1.4088080850924947,25.202473230075977,0.04545240375377997,2.6150768282018775,0.9613531113524334,-6.647470605329602,-24.07355315934737,15.258972705766462,-0.05609882246809472,0,0.49802728712435135,35.625,5.075214681582452e-05,-2.0300858726285398e-05,-0.000375565886436946,1.0
1780928700,AUDCAD,bullish_exhaustion,0.98514,0.98532,0.98487,0.98523,0.0,1.3265159324515985,23.779889897041013,0.0454661339913328,2.6547843299033156,0.8804123306307031,-11.503054789669491,-1.115920135466169,0.12368583792296278,-0.02913363067055149,0,0.47794193572642585,34.375,-7.104939963253898e-05,-0.00042629639779556694,-0.000152248713498504,1.0
1780929000,AUDCAD,bullish_exhaustion,0.98523,0.98534,0.98507,0.98516,0.0,1.272517832475027,21.924620390965153,0.04417917535510184,2.4947409862361374,0.8179737111618196,-19.394238089487658,4.781415876425196,0.51652892557741,-0.028142947367119257,0,0.4442198442597506,25.624999999999996,-0.0003552722400422814,-8.120508343834043e-05,-0.0002334646148849373,1.0
1781031900,AUDCAD,bearish_exhaustion,0.97993,0.98002,0.97972,0.97986,0.0,1.4065379704383756,33.93394469609003,0.059122428933609764,-2.8927166076648017,-1.1115341012569766,1.025449605583088,20.37145647583238,-33.21163207787953,0.09227029524186796,1,0.7250084851471799,96.22641509433963,-6.123323740125919e-05,0.00045924928050955494,0.0007654154675158509,1.0
1781032200,AUDCAD,bearish_exhaustion,0.97986,0.98003,0.97946,0.9798,0.0,1.381454934990635,33.21132024495602,0.0590581271537577,-2.888785242520726,-1.0279467668838247,2.0701436688989077,11.778379559142323,-37.79230494032594,0.05964121856172773,1,0.7992339454729803,100.0,0.0005205143906918952,0.00082669932639301,0.0007552561747294906,1.0
1781046000,AUDCAD,bearish_exhaustion,0.98015,0.98015,0.97844,0.97854,0.0,1.0712302625989112,15.678913830825094,0.03524382560787484,-5.454731064336369,-0.6168735748797121,2.4120120077045897,-8.173521043487678,-490.2309058614287,-0.3107654917657733,0,0.5916806974590532,70.75471698113208,0.00010219306313485887,0.00010219306313485887,0.0008686410366465225,1.0
1781049300,AUDCAD,bearish_exhaustion,0.97924,0.97945,0.97909,0.97909,0.0,1.4411560868167432,30.734492776611187,0.04970828786719137,-2.125793400469075,-0.6726706619090619,3.6280204916828565,-4.006106677253555,-22.028303428418305,0.02014447278154099,0,0.6500164886497781,84.90566037735849,0.0006230275051322121,0.000786444555658683,0.0006332410707901026,1.0
1781031000,AUDCHF,bearish_exhaustion,0.56013,0.56022,0.55996,0.56,0.0,1.1413760782749411,23.537059963583406,0.050173833269762644,-3.091395110737498,-0.9592353889766825,0.39573565839091923,13.802062932500345,-72.26705796036256,0.02860824826320997,0,0.5437203711654921,59.43396226415094,0.00014285714285700024,0.0006607142857142367,0.00044642857142851433,1.0
1781058900,AUDCHF,bullish_exhaustion,0.56118,0.56123,0.56103,0.56114,0.0,1.3642959537540773,20.42010715309374,0.038966513652626815,2.1824165989159043,0.844263792936297,-0.3760566081051451,-22.198201081056336,18.375499334217064,-0.1036054466965495,0,0.3699088304993812,14.150943396226415,-0.00016038778201499237,0.00019602951135189173,0.0004277007520405718,0.0
1781059500,AUDCHF,bullish_exhaustion,0.56105,0.56126,0.5609,0.56125,0.0,1.2200095238918247,20.0347136243422,0.04136446652974814,2.5043282105651485,0.6422875250513933,-3.4813540785035144,6.3086009597634245,14.295824486893437,-0.0043045405721569025,0,0.617642690829422,76.41509433962264,0.00023162583518931967,0.00039198218262814777,0.00021380846325169678,0.0
1781059800,AUDCHF,bullish_exhaustion,0.56125,0.5614,0.56109,0.56138,0.0,1.1645024877811123,19.78330095033117,0.042345328720255454,2.9614896172696494,0.6385366411471695,-3.6449121121032277,20.33939284041324,52.26295705936184,0.031390421538986184,0,0.6180915273907098,77.35849056603774,0.0001603192133670106,-1.7813245929643173e-05,-1.7813245929643173e-05,1.0
1781060400,AUDCHF,bullish_exhaustion,0.56146,0.56153,0.56131,0.56137,0.0,1.0536277928427327,18.447811409851674,0.04332374625141991,2.784464889278118,0.6025599312209281,-0.32329387202153725,10.314827976517606,71.09737248842488,-0.006544984393504181,1,0.5386448977851324,58.490566037735846,0.0,0.00010688137948222654,0.0001781356324705996,0.0
1780929000,AUDJPY,bullish_exhaustion,113.118,113.132,113.097,113.103,0.0,1.4153722239520177,25.40267265836772,0.0470466072363827,2.967048759547417,0.9748031571841629,-0.3897448472531977,-8.925086056995372,19.964193521527626,-0.054163988340475595,0,0.5521877567936209,50.625,-0.0002475619568003129,-1.7682996914292204e-05,-0.00010609798148586425,1.0
1780929300,AUDJPY,bullish_exhaustion,113.103,113.119,113.071,113.075,0.0,1.2029401792206973,21.47177317578545,0.04672907453165464,2.41526597866996,0.8519190469125338,-2.360990207625477,-13.405057899258003,-23.79382349710255,-0.06953650938314339,0,0.37282527391316816,15.625,0.00022993588326336578,0.00014149900508497737,-0.00022109219544552694,0.0
1780979400,AUDJPY,bullish_exhaustion,112.957,112.986,112.949,112.956,0.0,1.415038917566398,23.88050746925874,0.040520552455194224,2.1004843745444792,0.932290378826162,-5.232714605341556,2.4269735929513345,-9.218397567866413,-0.06425581618144716,0,0.47092858511698954,30.625000000000004,-0.00018591309890580998,-2.6559014129401426e-05,-0.00018591309890580998,1.0
1780994100,AUDJPY,bullish_exhaustion,113.069,113.112,113.062,113.09,0.0,1.1722873392850073,19.15498579044608,0.0398881382388121,2.592802216357265,0.7996362726983209,-0.26185351869978035,-19.70869694035635,71.37200807213104,-0.03612929459835017,1,0.5527462853054949,51.87500000000001,-0.00022106287028034188,-0.000468653284994236,-0.0005305508886727095,1.0
1781025300,AUDJPY,bearish_exhaustion,112.885,112.891,112.82,112.83,0.0,1.145937762622873,30.408244867218443,0.06361436632158807,-2.101256853184009,-0.6464880882586674,2.956389811987604,-6.322943156605845,-22.209002577849475,0.007247071524097898,1,0.5817750221741471,67.9245283018868,-0.00014180625720117135,-0.0012496676415847396,-0.0014623770273862746,0.0
1781025600,AUDJPY,bearish_exhaustion,112.829,112.858,112.806,112.814,0.0,1.188929280300049,30.586328600911614,0.06237125861838503,-2.3139834279366833,-0.6436431338053589,2.729470298906425,-21.173369633420506,-39.40086821093677,-0.008432583511703326,1,0.4895259919102181,43.39622641509434,-0.0011080185083411909,-0.0013207580619425396,-0.001763965465279127,0.0
1781025900,AUDJPY,bearish_exhaustion,112.777,112.782,112.679,112.689,0.0,1.1936753988577784,29.205747575283382,0.06027860620457536,-4.157374545271051,-0.689200462450585,1.9158756182279166,-28.874971684673763,-82.38236122850599,-0.038480223571769265,1,0.11901594957719468,0.9433962264150944,-0.00021297553443533346,-0.0006566745645093519,-0.0001242357284206852,0.0
1781031600,AUDJPY,bearish_exhaustion,112.54,112.579,112.527,112.564,0.0,1.0813399643495705,30.26472110169749,0.06913035116765157,-2.8151063266826286,-1.0305749789660583,1.3609291462521411,12.930637586645275,-27.823240589218624,0.08144035342062134,1,0.4385812254936419,28.30188679245283,-3.553533989542057e-05,4.441917486941449e-05,0.0004974947585374423,1.0
1780927200,AUDUSD,bullish_exhaustion,0.70696,0.70746,0.70694,0.70743,0.0,1.6746211113001854,40.11510299859305,0.060119724452724406,4.325366840389629,1.2458644813794886,-0.019416167639974447,16.343604983555238,70.61568927122302,0.011089142858141282,0,0.5194867346025883,40.625,9.894971940682673e-05,-0.0004099345518284725,-0.0003675275292255309,1.0
1780928100,AUDUSD,bullish_exhaustion,0.70712,0.70723,0.70696,0.70717,0.0,1.539082582445327,34.70680776435699,0.0575258795380247,3.555013556641426,1.1673674524737019,-0.523662338742966,-10.46094681823655,37.424523225913305,-0.045741612757328916,0,0.4642107298230901,29.375,8.484522816298856e-05,1.4140871360535101e-05,-0.00014140871360490692,0.0
1780928400,AUDUSD,bullish_exhaustion,0.70716,0.70732,0.70706,0.70723,0.0,1.5418704979095612,33.558593576926214,0.056038295384584595,3.6975205496549473,1.1414509851429777,-1.675533754422915,-15.725565916867438,43.65313572473535,-0.026614433629222483,0,0.5925889150802559,63.125,-7.069835838413585e-05,-0.00022623474682925693,-0.000494888508688951,1.0
1780928700,AUDUSD,bullish_exhaustion,0.70723,0.70725,0.707,0.70718,0.0,1.497670572002531,31.45289247472648,0.05456435898143989,3.560282706639678,1.1029610176305635,-2.8652891707779133,-4.952805170557966,31.81505779444096,-0.030719865440103633,0,0.5838714831158571,60.62499999999999,-0.0001555473853899203,-0.000424220141972409,-2.8281342798197606e-05,1.0
1780929000,AUDUSD,bullish_exhaustion,0.70718,0.70728,0.70705,0.70707,0.0,1.4156184168443742,28.596677741979697,0.05299825881034581,3.2684448771694243,1.0433770245435374,-6.789529694354059,-4.849325919084691,25.847659980906762,-0.04201361052235831,0,0.5536348943332123,53.125,-0.0002687145544288949,0.00012728584157151168,-2.8285742571521055e-05,0.0
1780929300,AUDUSD,bullish_exhaustion,0.70708,0.70717,0.70688,0.70688,0.0,1.208496445831198,23.952333411115045,0.052156278812872554,2.7232118005097603,0.9337653468013984,-14.406881797878995,-12.142513412428762,-16.805390408215015,-0.06045946776475772,0,0.2966902022975305,6.875000000000001,0.0003961068356723718,0.00024049343594390038,-8.488003621542894e-05,0.0
1780995600,AUDUSD,bullish_exhaustion,0.70591,0.70612,0.70585,0.70602,0.0,1.202660474440884,21.95869196228308,0.04486008587879269,2.117951200974478,0.5271319437275325,-17.52527042067959,10.014325364852532,-2.631199538670666,0.015490909966497863,0,0.4596437425300234,32.075471698113205,-0.0006232118070309545,-0.0008498342823148874,-0.0009773094246621206,1.0
1781025300,AUDUSD,bearish_exhaustion,0.7044,0.70446,0.70403,0.7041,0.0,1.1943591779315443,34.15220665993607,0.06918019712455538,-2.43565065999663,-0.7426213040768909,1.1882133591963397,-3.8685872603282974,-43.09788033585922,0.013719082849725344,1,0.6440634408164838,83.01886792452831,-0.0001846328646498696,-0.001391847748899222,-0.0016474932537990927,0.0
1781025600,AUDUSD,bearish_exhaustion,0.7041,0.70427,0.70391,0.70397,0.0,1.2499376244896485,34.723818934969565,0.06790337030800667,-2.6848285200286623,-0.7488873751699145,0.45128384266243904,-21.334290981352254,-58.39668279198422,-0.0038955999853167132,1,0.570214969981753,64.15094339622641,-0.001207437816952428,-0.0014631305311305631,-0.0019034902055485858,0.0
1781031600,AUDUSD,bearish_exhaustion,0.7016,0.70215,0.70155,0.70204,0.0,1.314226315861132,44.17063933896264,0.08168982780011581,-3.024610837344269,-1.2075359402087673,0.09400133611892662,14.424607973613739,-33.919356249475534,0.12116587142374062,1,0.713921468738006,94.33962264150944,-0.00015668622870479432,-0.0002279072417527006,0.0004985470913336787,0.0
1781031900,AUDUSD,bearish_exhaustion,0.70203,0.7021,0.70179,0.70193,0.0,1.2254273082492628,39.23660326294928,0.07902129508378991,-3.1788031144087623,-1.1392522013610928,2.592417402467294,15.50140308582938,-24.136913543824694,0.07444042186013324,1,0.5128374406743725,50.943396226415096,-7.12321741486166e-05,0.0006553360021652743,0.0011539612212043693,1.0
1781032200,AUDUSD,bearish_exhaustion,0.70193,0.70208,0.70158,0.70188,0.0,1.1948382438447653,37.83782260326555,0.07847051892836242,-3.1425159778192975,-1.0552894650627465,5.216647212350475,7.3647761860874255,-30.173854898040997,0.045581357845946496,1,0.6817820677910877,90.56603773584906,0.0007266199350315361,0.0012252806747592437,0.0010400638285747998,1.0
1781032500,AUDUSD,bearish_exhaustion,0.70188,0.70244,0.70177,0.70239,0.0,1.156477781187191,37.37597538852449,0.07962604634896589,-2.048685745657597,-0.883621079506999,7.483803041484111,1.754964728600143,17.21117965119241,0.08787763885509244,1,0.6288557014002193,79.24528301886792,0.0004982986659833877,0.0003132163043324532,0.0005410099802105606,1.0
1781043900,CADCHF,bullish_exhaustion,0.57229,0.57233,0.57223,0.57225,0.0,1.789608978127341,15.321878923471075,0.02246924882257996,2.676926894786519,1.2454230748624902,-1.6332719928634845,-15.837928445687435,21.12999540654,-0.10925769425468553,0,0.4035600602369149,20.754716981132077,0.0001048492791611011,0.0,1.7474879860035486e-05,0.0
1781044200,CADCHF,bullish_exhaustion,0.57225,0.57231,0.57224,0.57231,0.0,1.768236235677559,14.489725615975638,0.02173576749156669,3.117464312529688,1.1925986933621537,-4.77402977173756,-7.305136311223503,22.56410256415484,-0.045096881509441133,0,0.44824866442863404,29.245283018867923,-0.00010483828694229924,-8.736523911867522e-05,-0.00010483828694229924,1.0
1781044500,CADCHF,bullish_exhaustion,0.57231,0.57232,0.57225,0.57225,0.0,1.653205695601041,13.000859907409433,0.02105907285905041,2.612219548699741,1.1007028204880798,-7.4213338539989735,-0.06119969354789134,10.315461197077036,-0.06330185193722652,0,0.41761389807425475,25.471698113207548,1.7474879860035486e-05,0.0,1.7474879860035486e-05,0.0
1781044800,CADCHF,bullish_exhaustion,0.57225,0.57227,0.57223,0.57226,0.0,1.5382469007770596,11.316826624308762,0.020053785213350033,2.703037332055136,1.0423982237841727,-11.402031966553963,2.6871837159930507,-9.974820840568205,-0.03444591831115413,0,0.3973451209704927,18.867924528301888,-1.747457449408074e-05,0.0,-3.4949148988272505e-05,0.0
1781045100,CADCHF,bullish_exhaustion,0.57226,0.57227,0.57223,0.57225,0.0,1.3063432057191264,9.014564780766726,0.019120979671782418,2.688727117082033,0.9802875573779413,-21.54220454198814,-1.405059953148184,-29.026885558026724,-0.024088076752805186,0,0.29570307648260385,6.60377358490566,1.7474879860035486e-05,-1.7474879860368553e-05,-0.0017649628658804595,1.0
1781045400,CADCHF,bullish_exhaustion,0.57225,0.5723,0.57224,0.57226,0.0,1.0917484909747355,7.2380041999708675,0.01850379548049006,2.823689755567787,0.9174865441383301,-18.691696550349647,4.094424094416453,-34.564791491724556,-0.002897911291594703,0,0.23877143020073677,4.716981132075472,-3.4949148988272505e-05,-0.0017824065983993442,-0.0007863558522349656,1.0
1781045700,CADCHF,bullish_exhaustion,0.5722,0.57224,0.57219,0.57224,0.0,1.0526560420404847,6.795892068717352,0.018056455585774397,2.6692149328312795,0.8374313177011183,-13.306145414852612,7.683739262678241,-83.10749774173786,-0.00635120289101771,0,0.30034668520474145,8.49056603773585,-0.0017475185236963675,-0.0007514329651893137,-0.0006640570390045175,1.0
1781024400,CADJPY,bearish_exhaustion,114.899,114.899,114.861,114.879,0.0,1.4566549664380926,20.098824092906714,0.032183790527053696,-2.5581232819428688,-1.0219919523183942,0.7424542628167465,13.796354970451134,-29.152232172056653,0.07927881237398057,1,0.6691325290403997,87.73584905660378,0.00037430687941220064,0.00045265017975437694,0.00010445773378942036,1.0
1781025300,CADJPY,bearish_exhaustion,114.931,114.935,114.89,114.891,0.0,1.2102403654649245,16.505214556846983,0.03234857168743793,-2.164367194838668,-0.6195245615767458,7.176618629566841,-9.885251528344995,21.804306350554256,-0.014310741381959651,1,0.48503030107553946,42.45283018867924,-0.00013926243134798622,-0.00026111705877740476,-0.00041778729404395865,0.0
1781025600,CADJPY,bearish_exhaustion,114.891,114.908,114.872,114.875,0.0,1.1236671598798884,15.201089836864954,0.03228060111713897,-2.559708978313143,-0.6066710110784461,9.104560140599894,-22.94621253886732,-4.444444444437313,-0.04254380258522664,1,0.4757111078569241,37.735849056603776,-0.00012187159956467131,-0.00027856365614797873,-0.0005048966267683364,0.0
1781025900,CADJPY,bearish_exhaustion,114.875,114.881,114.857,114.861,0.0,1.0880521497252842,14.157144854852456,0.03147098461451388,-2.957849185282642,-0.6347084409014212,12.51158131540615,-28.059916886591164,-32.03034801250163,-0.05648864800220818,1,0.47056662313321684,36.79245283018868,-0.00015671115522242207,-0.00038307171276596996,-0.0001305926293519999,0.0
1780978800,CHFJPY,bullish_exhaustion,200.862,200.884,200.844,200.861,0.0,1.4967478509700378,11.954472472284507,0.019824964216160795,2.6217571800017168,1.1422056695351124,-0.21760405339085764,-21.829825035327154,44.7621156055799,-0.0991746943963073,0,0.2667847053593401,2.5,3.982853814332721e-05,3.982853814332721e-05,-1.991426907155258e-05,0.0
1780979700,CHFJPY,bullish_exhaustion,200.869,200.879,200.849,200.857,0.0,1.267522482521395,9.248610322794784,0.018619024331647974,2.457910837116291,1.0231072918608086,-2.7168837066757163,1.4444090531064049,25.865990771453852,-0.05539961319917858,0,0.5095456435012267,38.75,0.00022403998864861663,0.00011450932753143128,4.978666414401367e-05,0.0
1780980000,CHFJPY,bullish_exhaustion,200.857,200.903,200.854,200.902,0.0,1.13595412422272,8.567972239845316,0.019027364376789768,3.495494089657823,1.0085527714012532,-4.896354659929926,15.40332173740211,68.94062443602685,0.03919605506041862,0,0.4424554515022948,24.375,-0.00010950612736548848,-0.0001742142935361457,-0.0001244387810971359,1.0
1781025900,CHFJPY,bearish_exhaustion,201.107,201.126,201.061,201.069,0.0,1.2545988285377183,19.501326911939064,0.03881905121154124,-2.1692930524187335,-0.5291115201982598,1.1020723736152505,-23.18761740482904,-38.79827339785389,-0.029618076953266643,1,0.3764731785450544,15.09433962264151,-0.0004376607035395663,-0.0008902416583361772,-0.0004177670351966922,0.0
1781030100,CHFJPY,bearish_exhaustion,200.949,200.981,200.789,200.806,0.0,1.0784771753547413,18.976752754961534,0.04297042333736823,-3.838345026367642,-0.8029042342364788,0.42075686246957783,3.7943232567909604,-121.83098064737071,-0.07125047573442408,0,0.6553764267176012,85.84905660377359,0.0002041771660208358,0.00022409688953506368,0.00011453841020681033,1.0
1780927500,EURAUD,bearish_exhaustion,1.63139,1.63164,1.63093,1.63093,0.0,1.0516065940649046,16.241947586642958,0.03925009380403145,-2.4682040838627595,-0.6667858720173231,19.878926998539725,-11.228135008623589,-70.88775317049799,-0.03483207604011267,1,0.5422089065927106,47.5,0.00032496796306391573,0.00034336237606780173,0.000349493847068727,1.0
1780993800,EURAUD,bearish_exhaustion,1.63533,1.63544,1.63508,1.63528,0.0,1.2332202874376834,17.04484244795324,0.03331089677251684,-2.2881210183366805,-0.8895999614199832,0.18450178540738124,22.403545856545136,-44.203062532998686,0.09406025118891406,0,0.7075972864623614,87.5,-0.000195685142605595,7.338192847705649e-05,0.0001651093390733216,1.0
1780994100,EURAUD,bearish_exhaustion,1.63529,1.63536,1.63484,1.63496,0.0,1.2408996454263843,17.014589894837115,0.03320939099270593,-2.835198294085328,-0.8676962955510669,0.3826489296287965,14.104355834296754,-60.461192350969924,0.032389679990104094,0,0.6437347960863224,77.5,0.0002691197338160478,0.0003608650976170136,0.00047095953417808367,1.0
1780995300,EURAUD,bearish_exhaustion,1.63573,1.63581,1.6352,1.63521,0.0,1.0935896068739372,15.563760912307165,0.03445077784914913,-2.139018203142641,-0.5133374211809172,8.451409443893906,-12.974684262224862,-7.20893141950208,-0.021057046880622363,1,0.4927305768532752,35.0,-0.00014065471713109456,0.00033634823661787827,0.00034246365910184373,1.0
1781007600,EURAUD,bullish_exhaustion,1.63898,1.63927,1.63893,1.63906,0.0,1.1252231858655564,17.52685136219298,0.03790288720935689,3.1098538332935677,1.05817445122794,-1.6992970613602836,-22.715710215712107,31.64501016531609,-0.0766172562731657,0,0.3635805755077851,13.20754716981132,-0.00026234549070802693,-7.931375300473942e-05,0.0001708296218565497,1.0
1781007900,EURAUD,bullish_exhaustion,1.63906,1.63908,1.63855,1.63863,0.0,1.075014343820723,16.460499383110612,0.037515066245313144,2.306366666725578,0.9223477821620698,-3.78845973252254,-17.32784658440941,-10.956047954797803,-0.09885362537189377,0,0.35003409618156184,12.264150943396226,0.00018307976785481017,0.00043328878392312475,0.0003356462410673,0.0
1781008200,EURAUD,bullish_exhaustion,1.63863,1.639,1.63857,1.63893,0.0,1.081993920207393,16.04583972810073,0.03670308716315088,2.70905620833743,0.8538882226254471,-8.830282676797253,0.23820852659437364,-6.47867877436188,-0.031553709155875395,0,0.5228672234371828,54.71698113207547,0.0002501632162448253,0.0001525385464906659,0.0001342339209118304,0.0
1781020500,EURAUD,bullish_exhaustion,1.64002,1.64081,1.63985,1.64063,0.0,1.1626654544715125,17.7114062115732,0.03491437241565245,2.056857145298822,0.6995621328447279,-1.5145495425989424,-10.473457748091008,69.11458470618739,-0.00615259813528726,0,0.5080666064981303,49.056603773584904,-0.000353522732121192,-0.00030476097596654483,0.00023161834173457407,1.0
1781025600,EURAUD,bullish_exhaustion,1.6417,1.64261,1.64147,1.64261,0.0,1.299816859287492,26.1660244134455,0.04819300782959209,2.881926778100239,0.7482732604211701,-6.250259211649578,17.014133507281755,51.11163857899795,0.03622340631830701,0,0.672474392198776,89.62264150943396,0.0006818417031431157,0.0005905236179009066,0.0005418206391047953,0.0
1781025900,EURAUD,bullish_exhaustion,1.64261,1.64387,1.64241,1.64373,0.0,1.2548832512079318,27.19664989147822,0.05106461330904029,3.945842979409957,0.8162557995517377,-5.135660772917575,29.846806939828717,125.64334263152296,0.10336686835822978,1,0.7659446292534818,99.05660377358491,-9.125586318914358e-05,-0.00013992565689013858,-0.00013384193267740319,1.0
1781031000,EURAUD,bullish_exhaustion,1.64477,1.6454,1.64453,1.6453,0.0,1.1144777240915904,23.672587804437793,0.05232634920278764,3.6109980207131955,1.0270497358257633,-1.057347268572613,-11.026276823580268,93.28347392523834,-0.00861468950744952,0,0.2981677143887765,7.547169811320755,-0.0002856621892664002,-0.0006017139731355758,-0.0004497660001215875,1.0
1781046300,EURAUD,bearish_exhaustion,1.64252,1.64252,1.63956,1.63967,0.0,1.2296425756962819,15.944904683928941,0.03067132320224388,-6.1693132878301205,-0.6132617064103194,1.2295987799307997,-12.793762783782483,-472.5369035361463,-0.3634577973008999,0,0.7527376932721068,98.11320754716981,0.0008355339793983951,0.000378124866589058,0.001195362481474893,1.0
1780928100,EURCAD,bullish_exhaustion,1.60744,1.60744,1.60715,1.60734,0.0,1.1067498189464997,12.341650004211035,0.028189544893965773,2.222017064030014,0.9147119348882832,-0.5656380006856949,-26.34477805723443,-6.2927425435988935,-0.09814217984780006,0,0.23989459322911205,0.625,0.0,0.0001555364764145306,0.00012442918113153567,0.0
1781009400,EURCAD,bullish_exhaustion,1.61139,1.61171,1.61138,1.61149,0.0,1.1012674615765379,8.009170779572669,0.018803262228080046,5.424195261921935,1.5260000550817705,-0.9293186103763276,-18.933559966990053,91.11840863621337,-0.03336814760207951,1,0.5235713279956568,55.660377358490564,-0.00010549243246937845,0.0001675468045101436,0.00010549243246926743,0.0
1781019900,EURCAD,bullish_exhaustion,1.61157,1.61233,1.61151,1.61223,0.0,1.134106714242756,11.624646058960957,0.024253018924821,2.208614046360933,0.5604094964709249,-1.892404907192926,8.176899414737484,103.70669901605866,0.060824517982806414,1,0.5783347341193035,66.0377358490566,-9.924142337025543e-05,-9.303883440958671e-05,0.00028531909218898477,1.0
1781024400,EURCAD,bullish_exhaustion,1.61255,1.61301,1.61249,1.61296,0.0,1.1196141661695074,14.773181967126463,0.031202891286445905,2.277016524058958,0.7942285359975663,-2.6444438115871094,-6.42794665105232,40.161725067429586,-0.028239939506697048,0,0.4680008782568948,35.84905660377358,-0.00019219323479813255,-0.00035338756075786737,-0.0004463842872731716,1.0
1781043900,EURCAD,bearish_exhaustion,1.61019,1.61038,1.61009,1.61031,0.0,1.9349613972039996,14.373810535523342,0.019179021505304695,-2.271713946883485,-1.136710471560097,0.666168244154715,20.033255086073495,-28.276923417587465,0.11766962545006107,1,0.608679077687849,75.47169811320755,-6.830982854222345e-05,-8.07297973681731e-05,-6.209984412941516e-05,0.0
1781044200,EURCAD,bearish_exhaustion,1.61031,1.61037,1.61019,1.6102,0.0,1.8998560483607299,13.55158421015631,0.018608789128355865,-2.59045290744827,-1.0779066948000748,2.6160844335666216,10.065789473690373,-24.205202312122438,0.06003789214463797,1,0.4908121149278164,44.339622641509436,-1.2420817289804376e-05,6.210408644902188e-06,3.726245186919108e-05,1.0
1781044500,EURCAD,bearish_exhaustion,1.6102,1.61027,1.61016,1.61018,0.0,1.8610757920094514,12.456413120092861,0.01776777127438403,-2.66976030292064,-1.0447526418476625,4.304993506684392,-3.2437408833304886,-26.268446752928,0.039133359319536605,1,0.4129398765834813,23.58490566037736,1.8631457352480396e-05,4.9683886273577116e-05,3.726291470518284e-05,1.0
1781044800,EURCAD,bearish_exhaustion,1.61018,1.61026,1.61018,1.61021,0.0,1.7957335209071583,11.174384264872911,0.016853215656770937,-2.5735874680419744,-1.010517363323884,5.589894223083364,-9.914909951008127,-18.07276582949018,0.03472709483469485,1,0.39720674506074166,17.92452830188679,3.1051850379881785e-05,1.863111022792907e-05,3.1051850379881785e-05,1.0
1781045100,EURCAD,bearish_exhaustion,1.61021,1.6103,1.61018,1.61026,0.0,1.5977042577911784,9.42445517029005,0.01618122951639445,-2.359534522599388,-0.9509678637613154,10.67507183137452,-7.567068252350651,-2.8612303290236714,0.03437506442407707,1,0.33469510775424477,10.377358490566039,-1.2420354477016282e-05,0.0,-0.000639648255561287,0.0
1781045400,EURCAD,bearish_exhaustion,1.61026,1.61031,1.61017,1.61024,0.0,1.3732444181730472,7.7681865203792055,0.015646639468734118,-2.494954847047597,-0.8963695208703627,21.679534897778332,-8.554277177323812,9.145607701622884,0.014160638948088448,1,0.4146958741185881,24.528301886792452,1.2420508744170888e-05,-0.0006272356915738575,-0.0005030306041334809,0.0
1781045700,EURCAD,bearish_exhaustion,1.61024,1.6103,1.61014,1.61026,0.0,1.257149279095652,6.900111028504778,0.015238576449755388,-2.4688168107179314,-0.833302332952747,19.010766939934697,-0.6159330591155765,20.041845611794486,0.00973246500841786,1,0.6318271704595556,82.0754716981132,-0.000639648255561287,-0.0005154447107921234,-0.0005092345335535597,0.0
1781049900,EURCAD,bearish_exhaustion,1.60942,1.60946,1.60926,1.60938,0.0,1.4775773185858025,14.759549703901394,0.023818157271244093,-2.156918370698725,-0.9463169079038419,3.8480682290536032,15.898629276145833,-6.385863622436195,0.10487637395601683,1,0.6008503001304719,73.58490566037736,1.2427145857252242e-05,9.94171668593502e-05,0.00014291217736017714,1.0
1781050200,EURCAD,bearish_exhaustion,1.60938,1.60958,1.60938,1.6094,0.0,1.4824558784547928,14.06469514440923,0.023004227721934105,-2.092752921933325,-0.8521109724587875,8.328863662288047,16.980676328497964,11.302709752245457,0.07444193343710326,1,0.48388031919989843,41.509433962264154,8.698893997771684e-05,0.00013048340996646424,0.00016776438424259688,1.0
1781071800,EURCAD,bullish_exhaustion,1.6105,1.61064,1.61046,1.61064,0.0,1.2263526038178771,6.208839252830718,0.012775878227321935,3.083974820515676,0.9855621059532162,-0.16206566765863784,-11.230907457320967,57.344325193074646,-0.019456138064540066,0,0.396620733785984,16.9811320754717,-3.104356032390676e-05,0.0,2.483484825899218e-05,0.0
1780993800,EURCHF,bearish_exhaustion,0.9196,0.91973,0.91957,0.9196,0.0,1.3839428321020864,9.906962434599134,0.016664533719470537,-2.4705206061116445,-0.9292922355169846,0.3843311634560615,2.2932022932007925,-21.360867546197515,0.05706347570167153,1,0.5701327677622261,56.875,3.2622879512889114e-05,0.00023923444976081676,0.0001196172248805194,1.0
1780994100,EURCHF,bearish_exhaustion,0.9196,0.91967,0.91953,0.91963,0.0,1.2838775382338161,9.053564360617779,0.016561098928725163,-2.219291851194477,-0.8479100271647528,1.1551396625864148,5.578305578297886,-23.97901835892401,0.05359062473831969,1,0.5240926987744586,41.875,0.00020660483020340514,8.69915074541705e-05,0.0,1.0
1781009700,EURCHF,bullish_exhaustion,0.92089,0.92096,0.92085,0.92085,0.0,1.4321371403110428,9.651420593289386,0.017633254314226715,4.444011365394183,1.4354223122567487,-0.2591909697554797,-26.795787771395936,66.59273792261472,-0.07540844851187527,0,0.3487135530391035,11.320754716981133,-0.00016289297931260105,-0.00022805017103755265,-4.3438127816597394e-05,1.0
1781010000,EURCHF,bullish_exhaustion,0.92085,0.92088,0.92067,0.9207,0.0,1.2681494629375503,8.848462909668203,0.018005598927704702,3.318905377914794,1.2459126779592558,-2.022715404762181,-24.523146690391748,14.039855072321078,-0.11376477755408977,0,0.46022740349923585,33.0188679245283,-6.51678071031947e-05,0.00011947431302283817,0.00013033561420661144,0.0
1781010300,EURCHF,bullish_exhaustion,0.9207,0.92072,0.92064,0.92064,0.0,1.2303349579601819,8.153637911388628,0.017341260592444018,2.9075998069397433,1.118792462729815,-9.551833212066583,-15.7148048472068,-27.82646801056749,-0.10149465682909528,0,0.45619625629061533,31.132075471698112,0.0001846541536323354,0.00019551616266944016,8.689607229750429e-05,0.0
1781041500,EURCHF,bullish_exhaustion,0.92156,0.92163,0.92153,0.92161,0.0,1.6585573376537244,8.047888009511695,0.012972730597419718,2.2399173563507975,0.865202106166231,-0.6195153425737772,-10.286935286929172,47.28180916216298,-0.04750139727917125,1,0.3813930650812346,16.037735849056602,1.0850576708021364e-05,2.1701153416264773e-05,6.510346024879432e-05,0.0
1781041800,EURCHF,bullish_exhaustion,0.9216,0.92165,0.92155,0.92162,0.0,1.5509265291127348,7.446107888185832,0.012821009061415357,2.307022093391788,0.841967531979455,-0.5442510755539871,2.1111111111219394,50.447518307572025,-0.034345187639137735,1,0.4772331777485911,38.67924528301887,1.0850458974420718e-05,5.425229487210359e-05,-2.1700917948841436e-05,0.0
1781042100,EURCHF,bullish_exhaustion,0.92162,0.92167,0.92152,0.92163,0.0,1.3036660013647074,6.481745139997444,0.01306763008593156,2.290028180476615,0.797555229627782,-0.25443662379241516,16.073870573857356,46.1690469774296,-0.023502389278598195,0,0.4776574912512833,39.62264150943396,4.340136497305025e-05,-3.2551023729676665e-05,-8.680272994587845e-05,1.0
1781042400,EURCHF,bullish_exhaustion,0.92163,0.92172,0.92163,0.92167,0.0,1.2206033417771331,5.938583691358323,0.012831192982711955,2.599329733607203,0.8071919120043074,-0.0006016950454323933,17.528998778984743,79.62046204623283,6.27809645552912e-05,0,0.5003970987346571,46.22641509433962,-7.594909240837833e-05,-0.00013019844412864856,-4.339948137621619e-05,1.0
1781066700,EURCHF,bullish_exhaustion,0.92225,0.92237,0.92222,0.92237,0.0,1.0660256705426376,4.807770202459213,0.011782917596887526,3.5387613091788994,0.8654068311150429,-8.83264303043373,8.009678230273153,141.4061988074681,0.07027149735343549,1,0.4507495279600347,30.18867924528302,7.589145353814608e-05,0.0001734661795156356,0.00016262454329596387,0.0
1781069700,EURCHF,bullish_exhaustion,0.92265,0.92266,0.92261,0.92262,0.0,1.0585789742244158,8.919147569676063,0.018455517978662225,2.6815555845356225,0.6620894330726481,-15.362586856648448,-6.00509930220241,83.77581120951365,-0.22866277956710174,0,0.548820277664353,60.37735849056604,4.335479395645159e-05,1.0838698488946363e-05,-3.251609546728318e-05,0.0
1781070000,EURCHF,bullish_exhaustion,0.92262,0.92267,0.92261,0.92266,0.0,1.1085944899906668,8.694682881799027,0.017601019255440664,2.9741825389711964,0.7331338788977682,-16.463021900480726,9.358561460009042,82.90939922482005,0.05375439889099346,0,0.20451816832321199,1.8867924528301887,-3.2514685799900356e-05,-7.586760019939742e-05,-5.419114299953787e-05,1.0
1781070300,EURCHF,bullish_exhaustion,0.92266,0.92266,0.92256,0.92263,0.0,1.139653969520686,8.538445501228823,0.017118519383325183,2.7782597559957054,0.7614419552015942,-12.551885816684319,23.488114980651062,66.7554203119413,0.01828880794579148,0,0.24101520313280622,5.660377358490567,-4.335432405178086e-05,-2.1677162025834917e-05,3.251574303897442e-05,1.0
1781070600,EURCHF,bullish_exhaustion,0.92263,0.92265,0.92257,0.92259,0.0,1.1530897193157144,8.17502344922658,0.01651583151796898,2.533250387952139,0.7655145631622022,-9.48704261972928,10.417818315828612,57.328725350661884,-0.010150987322298273,0,0.22986235279415526,3.7735849056603774,2.1678101865374444e-05,7.587335652892158e-05,-6.503430559623435e-05,0.0
1781070900,EURCHF,bullish_exhaustion,0.92259,0.92262,0.92256,0.92261,0.0,1.1502465174237935,7.638452734137584,0.015800317500051397,2.6918138738214257,0.7825412806002212,-7.809515922322987,-10.05285022697656,51.07283167120145,-0.002727904357777062,0,0.20678605737733102,2.8301886792452833,5.4194079838643106e-05,-8.67105277420066e-05,7.587171177414476e-05,1.0
1781071200,EURCHF,bullish_exhaustion,0.92261,0.92267,0.92259,0.92266,0.0,1.1604145906926937,7.337741484550902,0.015290255664010915,3.021043683500352,0.8133933555144109,-6.555946547107514,-5.82818232070872,68.46525833542913,0.016145288732052898,1,0.40324973541279213,19.81132075471698,-0.0001408969717989761,2.167645719963751e-05,2.167645719963751e-05,0.0
1781072700,EURCHF,bullish_exhaustion,0.92266,0.92272,0.92262,0.9227,0.0,1.0879420072596357,6.104573729680369,0.014144989554230667,2.9421720989018674,0.7987070201119096,-3.283671723337739,7.116156404089409,85.03620850369646,0.01034666141715038,1,0.5964437623682957,72.64150943396226,0.0,-4.335103500585635e-05,-6.502655250884004e-05,1.0
1781073000,EURCHF,bullish_exhaustion,0.9227,0.92273,0.92264,0.9227,0.0,1.1302413349885485,6.148695340045284,0.01383134622009597,2.8960562267832928,0.8067674844435571,-2.4647345187209444,-0.12334758464368178,87.84279219814286,0.0011824643421822379,1,0.5542644321426275,62.264150943396224,-4.335103500585635e-05,-6.502655250884004e-05,5.418879375751473e-05,1.0
1781073300,EURCHF,bullish_exhaustion,0.92268,0.92272,0.92265,0.92266,0.0,1.177575087030138,6.122915282724384,0.013385861147170339,2.5585804304418502,0.7901795577925905,-1.6438165878865094,-9.29596719069528,72.11759301796502,-0.025492357433377702,1,0.5067456167782848,48.113207547169814,-2.1676457199859556e-05,9.754405739914596e-05,2.167645719963751e-05,0.0
1781073600,EURCHF,bullish_exhaustion,0.92267,0.92267,0.92262,0.92264,0.0,1.2448340666184299,6.0951901837666105,0.012817085629948988,2.394813425596481,0.7667938694071008,-1.0276329582062735,-20.691121743744738,38.33658219608583,-0.03175149655387269,1,0.5833290050111062,68.86792452830188,0.00011922309893352967,4.335385415754622e-05,3.251539061821518e-05,0.0
1781073900,EURCHF,bullish_exhaustion,0.92264,0.92286,0.92263,0.92275,0.0,1.1520372766280398,6.225459277353154,0.013680553199908355,2.986438921828856,0.7367239144562976,-0.6166788112346462,-14.990379990373633,128.8353413652964,0.034752839104171075,1,0.6902719008123593,91.50943396226415,-7.586020048766517e-05,-8.669737198585548e-05,,1.0
1780979700,EURJPY,bullish_exhaustion,184.837,184.851,184.834,184.838,0.0,1.0953922150910012,5.543382816829669,0.013472774898852485,3.436560292419115,1.2015856032386474,-0.2678324236202059,-5.679629012962906,46.9691987285839,-0.04623924716576238,1,0.5285215746909597,43.125,0.00010820285871959712,3.787100055197001e-05,9.197242991154653e-05,0.0
1781010000,EURJPY,bullish_exhaustion,185.24,185.283,185.239,185.28,0.0,1.736502947719768,12.713195583097464,0.01868410818719952,6.868697769363947,1.8417906256282968,-2.626016191636907,-2.7764094143427016,83.94796835189987,0.007756037784662071,0,0.5170818430935713,52.83018867924528,-8.635578583759962e-05,5.397236614967937e-06,0.00012953367875656596,0.0
1781010300,EURJPY,bullish_exhaustion,185.28,185.288,185.26,185.264,0.0,1.5569482615619452,11.199747866382763,0.0184305679401203,6.277894216910355,1.7876232663202802,-2.461768377880759,1.8646232439422974,85.04480016106393,-0.035993002655327254,1,0.5507685054623939,61.32075471698113,9.176094654117506e-05,0.00021590810950855577,0.0002968736505741809,0.0
1781010600,EURJPY,bullish_exhaustion,185.264,185.284,185.264,185.281,0.0,1.4228289426015746,9.825541513525074,0.017883558180415537,6.740941884460107,1.7977483182759526,-4.830814352377942,15.18518518518325,89.80927981778392,0.0004955348883864693,1,0.5920004818164841,71.69811320754717,0.0001241357721515346,0.00020509388442402354,0.0002644631667576558,0.0
1781010900,EURJPY,bullish_exhaustion,185.28,185.304,185.263,185.304,0.0,1.2847580770396398,9.121955749820629,0.01818451458218931,7.065394358442278,1.7678851688075428,-6.755241966510482,10.91954022988422,112.3137407173837,0.035392849564079336,1,0.6040400607811571,74.52830188679245,8.094806372227481e-05,0.00014030997711866888,0.0001349134395371987,0.0
1781011200,EURJPY,bullish_exhaustion,185.304,185.327,185.302,185.319,0.0,1.2327661755280963,8.54261885326087,0.017847843360365743,7.378887909225373,1.8168270698045967,-7.0460117342069,8.70776732845269,158.99820089422803,0.041348449949786294,1,0.6302708938511138,80.18867924528303,5.935710855342613e-05,5.396100777588231e-05,-1.6188302332631466e-05,0.0
1781011500,EURJPY,bullish_exhaustion,185.319,185.344,185.31,185.33,0.0,1.1595817380455729,8.082860702997916,0.01788241757486423,7.405823962502662,1.831327430978655,-1.618928301841109,2.565888772788469,175.6620978597148,0.034942997731954285,1,0.6459553424762593,83.9622641509434,-5.395780499628522e-06,-7.554092699513237e-05,-0.0002859763664815329,1.0
1781012400,EURJPY,bullish_exhaustion,185.316,185.316,185.274,185.277,0.0,1.0667808372988423,7.444872140055711,0.01778714118314852,5.026781345877775,1.6117974717301535,-1.664345289727592,-20.39691447099601,51.447477253945216,-0.10963261591385019,1,0.7126703453042452,93.39622641509435,0.000172714368216198,0.0004749645125947666,0.0003670180324595318,0.0
1781030100,EURJPY,bearish_exhaustion,185.155,185.174,184.994,185.02,0.0,1.1222361698281658,17.754518560382678,0.03772148681115588,-3.5556933664763846,-0.7318581134766323,0.09066090347420659,2.137323241623136,-118.12557969347466,-0.07605448440660269,0,0.7152721006001488,95.28301886792453,0.00015133499081176893,0.00022159766511720136,0.00017295427521335505,1.0
1781052000,EURJPY,bearish_exhaustion,185.054,185.06,185.04,185.042,0.0,1.2296207598646915,7.578840876088707,0.016294995639236483,-2.0469222887353395,-0.4261757228836906,10.155103066827877,-19.171939171926738,34.70689963626727,-0.04565773532326807,1,0.5367106155521589,57.54716981132076,-7.56584991515874e-05,-2.7020892554130427e-05,-5.404178510803881e-06,0.0
1781069700,EURJPY,bullish_exhaustion,185.155,185.156,185.145,185.151,0.0,1.1123504818712375,9.386382599009789,0.020167063740977164,2.036983861041544,0.6137646861592205,-3.4339507700017293,-3.8781029653212755,59.849032020483854,-0.2474277192497037,0,0.40642943579355817,21.69811320754717,-0.00010801994048104113,0.00026464885417842865,0.0004590847470442583,0.0
1781072400,EURJPY,bullish_exhaustion,185.173,185.184,185.165,185.184,0.0,1.1280020681225742,7.915168699803813,0.018022809797522348,2.47008570886622,0.7863277341224374,-0.9598162050747305,-12.129545813758998,31.002847200305617,-0.029225016786121615,1,0.4664520699033298,34.90566037735849,1.620010368075242e-05,-4.8600311041924193e-05,-0.00014040089856581783,1.0
1781072700,EURJPY,bullish_exhaustion,185.184,185.194,185.176,185.187,0.0,1.08287765253629,7.259574926709969,0.017429474039012682,2.5900699867419923,0.7749615742811106,-1.1587077265950683,8.925818333709334,45.09790061497964,-0.017637795884546687,1,0.536037147453561,56.60377358490566,-6.479936496617267e-05,-0.0001565984653352226,-0.0002969970894285412,1.0
1781073000,EURJPY,bullish_exhaustion,185.187,185.189,185.168,185.175,0.0,1.0891020349838008,7.065154751258977,0.01699560497414145,2.196265036385599,0.7246907490868284,-0.9526445728773751,9.503046164632817,16.05862176492916,-0.03927846782082391,1,0.5226071294041134,53.77358490566038,-9.180504927785993e-05,-0.0002322127717024891,-0.00021061158363722132,1.0
1780990200,EURUSD,bullish_exhaustion,1.15419,1.15463,1.15414,1.15462,0.0,1.1017462856695135,10.60708149110547,0.022707355580100515,2.605806847577791,0.529942727322288,-13.722702353007818,19.58694330259553,72.34798047054475,0.10356709493545012,0,0.36860228260854255,13.125,0.0,-7.794772306035647e-05,6.062600682477104e-05,1.0
1780990500,EURUSD,bullish_exhaustion,1.15463,1.15474,1.15455,1.15462,0.0,1.1057766450124473,10.309005991863575,0.022260803783227198,2.5724854516807802,0.6069901375465606,-11.641126493692951,17.295446175301485,105.3472730904905,0.06354127126827758,1,0.45084395935606975,26.25,-7.794772306035647e-05,6.062600682477104e-05,6.062600682477104e-05,0.0
1781010000,EURUSD,bullish_exhaustion,1.15655,1.15686,1.15653,1.15686,0.0,1.3197774568738698,12.135087116431084,0.02321909453497198,6.149380651196265,1.5716832892972947,-0.7356744723547024,-2.630679160353985,100.38482682794215,0.016894694070053097,1,0.6316511981385025,81.13207547169812,-3.4576353232007584e-05,-4.322044154014826e-05,0.00012101723631219308,1.0
1781012400,EURUSD,bullish_exhaustion,1.15701,1.15701,1.1567,1.15675,0.0,1.1373733160248312,10.149125015040624,0.022518618251121173,4.166856751514899,1.3590074756434867,-2.336238019432926,-22.657578120567926,34.18308227103926,-0.10440964969032598,0,0.48173309830242206,40.56603773584906,0.00019018802679937608,0.0005359844391614743,0.00041495569483473993,0.0
1781031900,EURUSD,bearish_exhaustion,1.15444,1.15452,1.15429,1.15447,0.0,1.2497965201488213,23.87319424544993,0.04709341670414993,-2.525385514433439,-0.9889187628847097,0.9439213785301387,19.634744037803856,-22.362869198321683,0.09055755328466805,0,0.6643058429815542,86.79245283018868,-0.00015591570157735823,6.929586736759141e-05,0.0005976768560462808,1.0
1781032200,EURUSD,bearish_exhaustion,1.15447,1.15447,1.15407,1.15429,0.0,1.2429907157107294,23.092472641428376,0.046211658754468574,-2.796313657081509,-0.9354268529209843,2.3566387224315988,10.064541720480292,-34.35708435711499,0.04204890962509067,0,0.669477383779164,88.67924528301887,0.00022524668844048357,0.0007537100728585155,0.0006930667336630947,1.0
1781032500,EURUSD,bearish_exhaustion,1.15426,1.15459,1.15417,1.15455,0.0,1.2626148546861833,22.94891254942082,0.04549957760834776,-2.226852781220594,-0.8418529365995847,3.035229478899372,1.7760477946026896,-11.870815115250362,0.061648159386245606,1,0.7353807268913807,97.16981132075472,0.0005283443765968787,0.0004677146940366139,0.0003464553289160843,1.0
1781050500,EURUSD,bearish_exhaustion,1.1539,1.15398,1.15383,1.15391,0.0,1.3650133697767781,9.988221052600743,0.01860448579933723,-2.0095116691243846,-0.7502007213796652,1.889520404215625,8.005280305585387,-25.246796891410263,0.0664645617693118,1,0.4257150477306802,27.358490566037734,4.333093568842372e-05,7.799568423871861e-05,-8.666187137684744e-06,1.0
1781052000,EURUSD,bearish_exhaustion,1.15388,1.15394,1.15371,1.15372,0.0,1.264048220373375,7.742762749880805,0.016199752246291044,-2.6677398747563568,-0.5923701458058683,13.559613996913697,-28.536354690843616,-43.66701524227814,-0.06458634106085015,1,0.49962464115930166,45.28301886792453,-8.667614325830186e-05,-7.80085289325827e-05,-8.667614325830186e-05,0.0
1780926600,USDCAD,bearish_exhaustion,1.39371,1.39375,1.39347,1.3936,0.0,1.1668587348095056,12.271084290666677,0.026203854905105926,-2.3139468821598794,-0.7891272105798028,0.10573811686598661,10.511513753575954,-49.27860482465252,0.0471420657382335,1,0.6605352008573799,78.75,0.00014351320321459582,-5.022962112510854e-05,0.0,0.0
1780994700,USDCAD,bearish_exhaustion,1.39364,1.3938,1.39359,1.3936,0.0,1.6978511499901499,13.34206370642415,0.018916244468644372,-2.7069596711943644,-1.0195330415962913,1.2526429267153172,-0.15708787638260446,-19.14341336795061,0.06572245914056396,1,0.6046988093677721,66.25,0.00010763490241116891,6.458094144679016e-05,0.00012198622273240645,1.0
1780995000,USDCAD,bearish_exhaustion,1.3936,1.39381,1.39354,1.39375,0.0,1.514235541171216,11.883005369202206,0.018946922116055635,-2.063825394646339,-0.8878180499063468,3.073824721990972,2.9620585176166685,-6.556565844012965,0.0818668077198421,1,0.5297589478529129,44.375,-4.3049327354216516e-05,1.4349775784738839e-05,0.00019372197309408534,1.0
1780995300,USDCAD,bearish_exhaustion,1.3938,1.3938,1.39355,1.39369,0.0,1.3386652505527863,10.415524971681739,0.018875613099565553,-2.225284112746888,-0.7970430952589839,8.569944973963562,-1.0063144566003785,-1.8980873119898543,0.03671658742069677,1,0.45702847077586356,28.125,5.740157423805847e-05,0.00023678149373251856,0.00017220472271439746,1.0
1781015400,USDCAD,bearish_exhaustion,1.39239,1.39244,1.39212,1.39221,0.0,1.650537757740241,13.26903756109342,0.019957344312641723,-3.635798994966962,-1.1559948688015085,0.4043183116381462,7.599843115247069,-61.232518075419506,0.03584756198430395,1,0.7074283008137389,92.45283018867924,-7.901106873253738e-05,-0.00011492519088351916,-6.464541987194483e-05,0.0
1781025000,USDCAD,bullish_exhaustion,1.39445,1.39445,1.39416,1.39431,0.0,1.2504344833828456,18.14168943168207,0.03492700808941309,2.136796160421674,0.9063040165010593,-0.7867761053745568,-1.682905860051921,-8.228544938278182,-0.09247924950029092,0,0.501852737973197,47.16981132075472,0.0003442562988145159,0.0004303203735180894,0.000717200622530223,0.0
1781025300,USDCAD,bullish_exhaustion,1.39436,1.39479,1.3942,1.39479,0.0,1.1749884669900497,17.33025265627016,0.035442508828207174,3.0152813092233814,0.8586080793448356,-2.6159703082811774,8.924713058394417,20.404342942743423,0.003381731775328656,0,0.589086497412719,69.81132075471697,8.603445680011035e-05,0.0003728159794664787,0.0006237498117995788,0.0
1781025600,USDCAD,bullish_exhaustion,1.39474,1.39504,1.39456,1.39491,0.0,1.122660848057106,16.447574971661194,0.035365985698536606,3.1983058839609266,0.8431354663029034,-2.2846919282006155,21.212719081914756,46.4308564116672,0.016328062870608964,0,0.6219975061042401,78.30188679245283,0.0002867568516964347,0.0005376690969307596,0.0006738786014868214,0.0
1781029800,USDCAD,bullish_exhaustion,1.39608,1.39624,1.39591,1.3962,0.0,1.473803402602976,20.421796367966124,0.03484525993337871,3.8671391325158515,1.169541736124133,-0.8818254494674846,-22.604760595542473,62.33371341692967,-0.054680549335604366,1,0.5103741915041523,50.0,0.00025784271594320174,1.4324595330128531e-05,-0.00015757054863207998,0.0
1781030100,USDCAD,bullish_exhaustion,1.3962,1.3968,1.396,1.39656,0.0,1.3793016229947375,20.362371405153176,0.03643965861764402,4.240504630474085,1.1178265407769687,-1.1642552014173333,-8.821382153397124,91.72349244550998,0.0028475831629300075,1,0.5793630554110603,66.98113207547169,-0.00024345534742509223,-0.0004153061809016867,-0.00020049263905597137,1.0
1781030700,USDCAD,bullish_exhaustion,1.39627,1.39627,1.39577,1.39598,0.0,1.1981605630324668,17.98957393351418,0.036984619498527674,2.750737556745389,0.936484340620496,-0.6567907748710695,-0.7820079562803954,25.946850805583615,-0.06763252238142126,0,0.46082409803082175,33.9622641509434,0.0002149027923035174,4.2980558460747886e-05,-2.1490279230373943e-05,0.0
1780928400,USDCHF,bearish_exhaustion,0.79642,0.79648,0.79618,0.79619,0.0,1.2421701263701255,22.83435514400407,0.04676576228416106,-3.139030001665114,-0.8790836469490603,0.010399755500956067,12.398132839410728,-42.753349292386126,0.004652706652588864,0,0.507886467580751,38.125,-8.79187128699499e-05,-7.535889674570306e-05,-7.535889674570306e-05,0.0
1780955700,USDCHF,bullish_exhaustion,0.79782,0.79823,0.79782,0.79815,0.0,1.0848531847936085,12.79914322535924,0.02963705854531174,3.070833144711821,0.5990713357298593,-6.1389686606337435,9.766909766907887,167.23940435282444,0.0948388235689123,1,0.33759780303240267,11.25,-0.00018793459875965368,-0.00012528973250636177,-0.00025057946501283457,1.0
1780989900,USDCHF,bearish_exhaustion,0.79703,0.79709,0.79675,0.79676,0.0,1.2608744442214093,12.256088443774797,0.024415606981958434,-3.197332578531428,-0.6221638099607021,1.958842980616251,-15.669515669510723,-56.169780149987794,0.00034107809680906465,1,0.2957473238649628,5.625,-0.0003639740950851511,-0.0004518299111401225,-0.0004518299111401225,0.0
1780994100,USDCHF,bearish_exhaustion,0.79626,0.79646,0.79617,0.79635,0.0,1.4672834798312853,19.725065220336404,0.032131820348660814,-2.72391445006023,-1.0364901839463676,0.016311300974613772,19.69609150099621,-42.45202920698219,0.08449251587837435,1,0.711614784359228,88.75,0.0003139323161926999,0.0002762604382495759,0.00018835938971561994,1.0
1781031900,USDCHF,bullish_exhaustion,0.79821,0.79835,0.79814,0.79817,0.0,1.1941267164494105,26.005382517130315,0.05433480468268777,2.8984229983594796,1.009324105159932,-0.2042959524701473,-17.859130237800873,47.68997695707644,-0.07074652197789873,1,0.41829092443455285,26.41509433962264,0.00017540123031434263,-0.0003382738013205655,-0.0009647067667289955,1.0
1781032200,USDCHF,bullish_exhaustion,0.79817,0.79846,0.79813,0.79831,0.0,1.20788628947663,25.671307651550112,0.05339756518650524,3.1509946011304226,0.9760133214896312,-1.3551622953069398,-7.03166935051004,54.33373031622594,-0.03153611256788374,1,0.5597115952155427,63.20754716981132,-0.000513584948202972,-0.001139908055767802,-0.0009645375856496274,1.0
1781032500,USDCHF,bullish_exhaustion,0.79826,0.79832,0.79787,0.7979,0.0,1.1947550532730287,25.547809785836954,0.053637363564402366,2.0613472846370424,0.8449691739738656,-1.8375828476265355,-2.9771319715375864,9.282940229249498,-0.08635685432993785,0,0.5160106813387583,51.886792452830186,-0.000626644942975374,-0.00045118435894220266,-0.00041358566236382455,1.0
1781031900,USDJPY,bullish_exhaustion,160.337,160.364,160.33,160.355,0.0,1.440140073141069,15.770527562869887,0.02580879812252497,2.43707377947279,0.9767055879581391,-1.268779662771422,-21.700623074423785,30.138090918204988,-0.08798262558597426,0,0.33065616708788875,9.433962264150944,0.00018084874185397837,-8.730628917075212e-05,-0.0004115867918057514,1.0
1781032200,USDJPY,bullish_exhaustion,160.355,160.399,160.355,160.384,0.0,1.4421190560635495,15.795551293796366,0.02592056194516576,3.0322977910626507,0.9479904146584174,-2.1521982211267385,-7.772735405588779,60.014439258478156,-0.01918462350804544,0,0.4069011324493235,22.641509433962266,-0.00026810654429354486,-0.0005923284118116712,-0.0004863328012767454,1.0
1781035200,USDJPY,bullish_exhaustion,160.357,160.372,160.335,160.366,0.0,1.1268029836017055,10.456421568632566,0.02340632653162444,2.1760565278650352,0.33054086219118445,-1.9149671252050817,10.689388858401927,7.422334172896303,0.07209998843424929,0,0.5772795845496157,65.09433962264151,-6.235735754478444e-05,-6.859309329920737e-05,-0.00016836486537052942,1.0
