timestamp,asset,side,open,high,low,close,tick_volume,kc_bb_ratio,bb_width_bps,atr_pct,d_sma50,ema_12_26_ratio,stc_delta,stoch_diff,cci_20,macd_hist_accel,psar_bull_flag,p_decay,p_decay_pct,fwd_5m_ret,fwd_10m_ret,fwd_15m_ret,target_decay_realized
1775467800,AUDCAD,bullish_exhaustion,0.96513,0.96532,0.96513,0.96522,79.0,1.2568528881564354,12.351069285110327,0.029304940102478222,5.294545454546245,1.5500728737090959,-10.082350027837066,-1.9616638926058414,157.76829925964685,0.019245463049532063,1,,,-0.0002797289737054287,-0.0003315306355027303,-0.0004040529620190636,1.0
1775555400,AUDCAD,bullish_exhaustion,0.96589,0.96619,0.96583,0.96613,174.0,1.4673566525020096,24.73562542769073,0.049608822237765283,4.540923994038841,1.4888798717093923,-1.7345968671414624,-11.986138184965661,40.3909996311517,-0.0461661510825349,0,,,-0.0002587643484832647,-0.00036227008787648174,-0.0005278792709055846,1.0
1775555700,AUDCAD,bullish_exhaustion,0.96612,0.96616,0.96588,0.96588,178.0,1.3034180683328538,20.944708153420077,0.046589638464406134,4.107111111111476,1.4500259587147888,-2.9047068014345143,-2.2868916812565523,24.869749752625932,-0.07302874490959148,0,,,-0.00010353252992090223,-0.00026918457779423477,-0.00021741831283383917,1.0
1775607000,AUDCAD,bullish_exhaustion,0.97885,0.97902,0.97814,0.97827,1541.0,1.580099808759916,63.79759438487947,0.10587202773409247,5.677627586206576,1.9137949213711491,-1.01883441242299,-23.55265644269391,37.05986277169395,-0.08833997557377213,0,,,-0.000521328467601001,-0.0007564373843621519,-0.000879102906150675,1.0
1775607300,AUDCAD,bullish_exhaustion,0.97827,0.97854,0.97768,0.97776,1689.0,1.5136569408812508,56.7716733265823,0.10249374663955163,5.174511760512748,1.790069841538128,-5.34153367989947,-21.64867307174827,3.7669592976875244,-0.09597914605670012,0,,,-0.00023523154966453852,-0.0003579610538373412,-0.0006443298969071032,1.0
1775607600,AUDCAD,bullish_exhaustion,0.97777,0.97799,0.97725,0.97753,1410.0,1.3447550040039986,50.59568744636097,0.09732985907630406,5.020450450449996,1.6897054392797688,-14.001253301643345,-9.43969472442399,-34.994964753273855,-0.07922188357910903,0,,,-0.00012275838081698964,-0.0004091946027231508,-0.00019436743629352993,1.0
1775611200,AUDCAD,bullish_exhaustion,0.97748,0.97801,0.97731,0.97792,760.0,1.2209349181130882,36.115222621348146,0.07523256357517054,4.110291262135685,0.5811072297131764,-0.0995661975145375,20.299600500459754,0.4620004619977128,0.11806190852350185,1,,,-0.00028632198952882604,-0.0005010634816753345,-0.0005215150523559808,1.0
1775753400,AUDCAD,bullish_exhaustion,0.97887,0.97916,0.97887,0.979,305.0,1.8287046041461366,34.54417327725825,0.052677659419232484,5.72759002770084,1.7885254593507425,-0.3579469589062967,-18.072038757021257,68.70371615813917,-0.05936689409717803,0,,,-0.0001736465781410068,-0.00011235955056176916,0.00029622063329926007,1.0
1775753700,AUDCAD,bullish_exhaustion,0.97901,0.9791,0.97863,0.97883,349.0,1.764908715211579,32.18128021980379,0.05188410069747956,5.271561181434291,1.6990589158569034,-0.5387762109772041,-7.860210160254983,49.12764003672725,-0.07073033903651638,0,,,6.129767171025868e-05,0.00046994881644413233,0.0005005976522991507,0.0
1775754000,AUDCAD,bullish_exhaustion,0.97887,0.97891,0.9786,0.97889,300.0,1.6701138144406982,29.76716596525579,0.050786386329704745,5.2926436781611415,1.6317724527512127,-1.8838915351820162,5.8668290443975835,38.558027923222205,-0.04519774788381977,0,,,0.0004086260969056177,0.0004392730541735723,0.0006844487123169873,0.0
1775754300,AUDCAD,bullish_exhaustion,0.97891,0.97934,0.97883,0.97929,274.0,1.5350191026335493,24.532121935808945,0.04908804191958243,6.082199108469463,1.650497121556271,-4.413778786343855,15.712694118267187,73.7508826287987,0.01893677886031749,1,,,3.063443923645437e-05,0.00027570995312919955,0.00014296071643737918,0.0
1775754600,AUDCAD,bullish_exhaustion,0.9793,0.97944,0.97919,0.97932,197.0,1.5736142739582737,24.182339235402665,0.044929134501490414,6.4559090909085795,1.7564044779879677,-5.503511161308836,18.678256550110703,88.94339965477076,0.011472872864220562,1,,,0.0002450680063716959,0.00011232283625384198,0.0002144345055752339,0.0
1775754900,AUDCAD,bullish_exhaustion,0.97929,0.97966,0.97929,0.97956,294.0,1.540111367435946,23.287553970204932,0.04302223155585821,7.013288135593207,1.820040242257526,-8.635190634758857,16.95185958806084,109.24430867699631,0.037674954019575435,1,,,-0.00013271264649428183,-3.062599534486843e-05,-0.00015312997672423112,1.0
1775755200,AUDCAD,bullish_exhaustion,0.97957,0.97958,0.97931,0.97943,305.0,1.539827713660088,22.02288755959804,0.04200693989652784,6.579027777777672,1.8067794868279692,-12.054750264297311,2.004029556749387,97.20381747848154,-0.0038460001703190887,1,,,0.0001021002011374339,-2.0420040227508984e-05,0.00041861082466332356,1.0
1775755500,AUDCAD,bullish_exhaustion,0.97945,0.97958,0.97931,0.97953,235.0,1.3938786768167764,19.591875906757036,0.03697108379966337,7.440710059171566,2.000129081708329,-17.55223897448615,-1.9661365649072877,100.55950860548431,0.006728082767949727,1,,,-0.00012250773330069187,0.0003164783110267688,0.0,0.0
1776061800,AUDCAD,bearish_exhaustion,0.97578,0.9758,0.97546,0.97546,148.0,1.3559862277374357,16.39885918430321,0.029290210333000426,-7.632099999999524,-2.089882580932399,0.8430202448752122,1.6052455309070268,-40.664541678734984,-0.02113590916857405,1,0.8593224847804789,98.38709677419355,0.00021528304594764514,0.0001230188833987178,0.00017427675148140587,1.0
1776105000,AUDCAD,bullish_exhaustion,0.97806,0.97838,0.97802,0.97838,319.0,1.5023886452183746,14.873628995626888,0.02562545081811634,7.549629629629269,2.000648803214952,-0.2003027689285375,6.414303380911662,123.29183115708453,0.03728531741105878,1,0.3862369023857408,25.57603686635945,1.0220977534336484e-05,7.154684274013334e-05,0.0003270712810972132,0.0
1776107400,AUDCAD,bullish_exhaustion,0.97856,0.97858,0.97845,0.97853,116.0,1.5011605454586607,16.204583517164597,0.026059497409379906,6.122352941176068,1.832124676875844,-2.9378147798594227,-22.59895877543045,55.94405594401593,-0.08772752186178226,1,0.41143897079281955,29.723502304147466,3.065823224623898e-05,9.197469673893899e-05,2.0438821497492654e-05,0.0
1776107700,AUDCAD,bullish_exhaustion,0.97853,0.97862,0.97846,0.97856,89.0,1.4253472433901337,15.094039998223778,0.026204685602168293,5.939275766015896,1.7097452749240898,-6.455017579716497,-17.99792799793012,54.02581117084279,-0.05666169134301001,0,0.4474769992987051,38.94009216589861,6.131458469593731e-05,-1.021909744924887e-05,-5.109548724657742e-05,1.0
1776108000,AUDCAD,bullish_exhaustion,0.97855,0.97863,0.97847,0.97862,116.0,1.4892620562928502,14.552442008753545,0.0256191663479486,6.0570940170935055,1.657988654638204,-10.662873337259654,-2.380196343043167,53.05676855892496,-0.027159264109926123,0,0.46947996946229353,46.774193548387096,-7.152929635612093e-05,-0.00011240317998817417,-0.00024524330179231946,1.0
1776108300,AUDCAD,bullish_exhaustion,0.97858,0.97863,0.97851,0.97855,99.0,1.4045918026137059,13.26508000246281,0.024015124418783812,5.888510638296897,1.6491032723665027,-14.228289992717492,4.113857132434987,44.560791157627314,-0.041549925710466125,0,0.4508013438971901,40.55299539170507,-4.08768075214061e-05,-0.0001737264319656706,-0.0002554800470083718,1.0
1776108600,AUDCAD,bullish_exhaustion,0.97855,0.97869,0.97847,0.97851,147.0,1.2480123085219221,12.245118846033368,0.02408910340357191,5.415878787878491,1.518292675127412,-19.729188529469823,3.1505531505528204,37.14515378430109,-0.03827703806678699,0,0.47172030651644137,48.15668202764977,-0.00013285505513482843,-0.0002146120121409023,-0.0002861493495212031,1.0
1776109200,AUDCAD,bullish_exhaustion,0.97838,0.97839,0.97823,0.9783,206.0,1.2944750369195006,11.060106840581538,0.022926067084300176,4.149171974521424,1.2512824543387793,-11.493542235021401,-5.223202934877403,-42.57428196163029,-0.055327192907456794,0,0.6075560098970482,78.3410138248848,-7.155269344771842e-05,0.00019421445364420364,3.0665440049260084e-05,0.0
1776109800,AUDCAD,bullish_exhaustion,0.9783,0.97859,0.97828,0.97849,228.0,1.212695036561349,10.410723934441636,0.024308592101824122,4.188228228227376,0.9573269806031989,-4.513905195067126,10.224586288419369,-6.201550387615771,0.05551591122692082,0,0.5788668442356357,73.963133640553,-0.00016351725618035662,8.175862809034484e-05,0.00017373708469170523,0.0
1776361800,AUDCAD,bearish_exhaustion,0.98072,0.98073,0.98056,0.98059,134.0,2.3066228291033712,30.568191566240664,0.0364212216260449,-4.184880000000932,-1.408701152498763,4.496710834125928,13.115588115585354,-39.85803985803481,0.038082913259239404,0,0.5909611525521609,76.036866359447,8.158353644249772e-05,0.0003467300298800602,-0.00012237530466352453,1.0
1777393200,AUDCAD,bullish_exhaustion,0.9815,0.98167,0.98142,0.98167,161.0,1.3105805717578665,16.99010936452614,0.032233700879987635,4.560270880361741,1.300285057952966,-0.6969561134364142,-4.098589582454167,84.03972306223072,-0.005586025166340452,0,0.5632005940912507,80.5739514348786,2.037344525129825e-05,0.00016298756201171827,0.00041765562765472275,0.0
1777395900,AUDCAD,bullish_exhaustion,0.98196,0.98233,0.98187,0.98232,209.0,1.2000787326148898,15.401946640592444,0.030976231196119114,4.959154929576994,1.4233205728683205,-3.095392585740342,-14.250304433255891,93.42683099588125,-0.0023894441057076624,1,0.4534914376128975,29.13907284768212,3.053994624968581e-05,-0.00021377962374780068,-0.00011197980291544063,1.0
1777433700,AUDCAD,bearish_exhaustion,0.98029,0.98031,0.98011,0.98015,209.0,1.5842496475503258,19.132444781150856,0.030899060639406662,-4.970660377359166,-1.4112292239384177,2.065049134809355,-0.9854412671334103,-40.00808244090869,0.027807272592993277,1,0.4643326104062231,34.87858719646799,0.00012243024026936666,0.00014283528031433512,0.0001734428403816768,1.0
1777434000,AUDCAD,bearish_exhaustion,0.98015,0.98037,0.98011,0.98027,224.0,1.4191461018127771,17.02367333841913,0.030312348347175062,-4.49278846153844,-1.3209997719342297,4.5611711617651345,10.594837261505212,-25.46658085871971,0.04635700016984304,1,0.4490032341153311,26.490066225165563,2.040254215684989e-05,5.100635539179166e-05,-0.00024483050588108846,1.0
1777434300,AUDCAD,bearish_exhaustion,0.98024,0.98032,0.98013,0.98029,195.0,1.2375946620402198,14.341634238545035,0.02951021782183988,-4.371456790123283,-1.2414477540701188,15.696163212341265,7.50841750842185,-19.320952916927567,0.033992673550481106,1,0.4979145714662349,52.317880794701985,3.060318885217406e-05,-0.000265227636719767,-0.00020402125901519685,0.0
1777477500,AUDCAD,bearish_exhaustion,0.97583,0.97595,0.97563,0.97572,316.0,1.2846099450839887,21.263376958422903,0.04385040204742616,-4.24113522537507,-1.1997346412658894,0.010693982192401252,10.762768118378737,-77.40025377134086,0.025726296425308423,0,0.6296986344346395,79.56989247311827,-0.001250358709465882,-0.0011478702906572158,-0.00045094904275810865,0.0
1777482000,AUDCAD,bearish_exhaustion,0.97458,0.97458,0.97407,0.97453,340.0,1.2707185954010554,20.019054306957123,0.04199826729661471,-4.129144851658288,-1.2396717762937026,6.2742098849866,3.282238213551281,-98.52216748767772,0.020055050959900723,0,0.5861720297350543,67.74193548387096,0.00010261356756591233,0.0004001929135071247,0.00032836341621078624,1.0
1777648500,AUDCAD,bullish_exhaustion,0.97955,0.97987,0.9795,0.97979,883.0,1.897399508997312,38.98763459918673,0.05081263769350096,4.458307030129456,1.2249474531940714,-2.0441678015968705,15.683626271971583,53.61889572415188,0.023602437224579057,0,0.559940509154638,59.56989247311828,2.041253738038762e-05,9.185641821196633e-05,-9.185641821207735e-05,0.0
1777987800,AUDCAD,bullish_exhaustion,0.97733,0.9776,0.97705,0.97755,536.0,1.646305845081256,22.44078025806833,0.03580379520229237,4.086285714286063,1.2229195462553872,-6.667865848183013,-1.4898856418915898,34.142920889930856,-0.012636487804867808,0,0.35867214792703966,4.946236559139785,-2.0459311544152037e-05,-7.160759040458764e-05,-2.0459311544152037e-05,1.0
1777988100,AUDCAD,bullish_exhaustion,0.97756,0.97768,0.97734,0.97753,424.0,1.4974235551570474,20.777768019250207,0.03397776611897949,4.057892473118941,1.2278361050467999,-9.413875937561045,9.794644739617702,49.77096943759661,-0.01710353452213691,0,0.5038600359989176,39.784946236559136,-5.1149325340338336e-05,0.0,-6.137919040849482e-05,0.0
1778031300,AUDCAD,bullish_exhaustion,0.98214,0.9825,0.98194,0.98244,341.0,1.844410995197095,35.250840892975276,0.04645867141286472,5.529014084507235,1.6979091989606154,-0.4596318298626585,-20.75726712530539,66.03888781146358,-0.06019806000409685,0,0.42729838980529833,18.064516129032256,0.0003867920687268267,0.0009160864785635603,0.0006107243190425216,0.0
1778031600,AUDCAD,bullish_exhaustion,0.98246,0.98287,0.98245,0.98282,354.0,1.8563085922202862,34.94429043711515,0.047385511661776084,6.019141104294961,1.6646208512301985,-2.441148623688605e-06,-3.1795354676701635,94.08131450821516,-0.00022393792845388168,0,0.5166898292090248,46.236559139784944,0.0005290897621130775,0.00022384566858635324,1.0174803117601883e-05,0.0
1778033100,AUDCAD,bullish_exhaustion,0.98282,0.98309,0.98271,0.98307,228.0,1.4571687885160423,27.888057179494,0.04570231156333888,5.608457869634979,1.605038669409501,-0.4377386831930181,-11.321499500139915,82.1660317745742,-0.012484319858735602,1,0.5343298701020569,51.182795698924735,-6.103329366169419e-05,0.0002543053902570591,0.00024413317464677675,0.0
1778033700,AUDCAD,bullish_exhaustion,0.98303,0.98334,0.98296,0.98332,319.0,1.280979252809642,22.05936967072977,0.046053893224702415,5.673312302838969,1.5291804899734458,-0.8894822533618907,10.366105870922595,100.11761938365797,0.017985943779288076,1,0.5852184083615114,67.0967741935484,-1.0169629418688153e-05,-2.0339258837376306e-05,0.0001423748118618562,1.0
1778034600,AUDCAD,bullish_exhaustion,0.98331,0.9835,0.98323,0.98346,480.0,1.334202468795125,18.788677734581906,0.04110850611979279,5.926501766784614,1.6218082516212085,-0.5543174930732704,1.1738486618286572,108.70060357589414,0.008142200542145666,1,0.5422284827865228,55.053763440860216,-0.00010168181725744851,-9.151363553172587e-05,0.00024403636141778762,1.0
1778034900,AUDCAD,bullish_exhaustion,0.98349,0.98371,0.98335,0.98336,335.0,1.3874297891256084,18.294762924794444,0.03944202965924444,5.652081031307731,1.6337798219991289,-0.20351643571659395,-5.227192857713945,114.15240133143584,-0.021341703325463895,1,0.6471519920148885,81.50537634408602,1.016921575014429e-05,0.0003457533355026854,0.0001728766677513427,0.0
1778035200,AUDCAD,bullish_exhaustion,0.98341,0.98345,0.98328,0.98337,375.0,1.4322624347942596,17.66076368769236,0.036172985317255206,5.900240963855186,1.714894594851449,-16.713970099167483,-9.93626497604857,89.13998744505015,-0.02234932196760202,1,0.5542526397020483,58.06451612903226,0.00033558070716011024,0.0001627057974109558,0.00043727183054187435,0.0
1778035500,AUDCAD,bullish_exhaustion,0.98334,0.98382,0.98328,0.9837,369.0,1.3424800482235466,17.37178821558516,0.03601562613456538,6.545564516128819,1.724167805107274,-24.57930288514399,-5.481063727734295,124.77455320544888,0.037362412712058854,1,0.5287710962160513,49.24731182795699,-0.00017281691572634816,0.00010165700925068855,0.0007827589712310346,0.0
1778035800,AUDCAD,bullish_exhaustion,0.9837,0.98374,0.98351,0.98353,218.0,1.231687544575628,15.586112700885181,0.03456935731497759,6.007647058823562,1.7381768963127835,-15.741801145971536,-1.33543309049319,114.07407407409235,-0.017568059006208683,1,0.6178517540905442,76.12903225806451,0.00027452136691308304,0.0009557410551788159,0.0009049037650097347,0.0
1778036100,AUDCAD,bullish_exhaustion,0.98354,0.9838,0.98354,0.9838,336.0,1.350936917681882,16.489562085846764,0.032309122063136776,6.928269662921555,1.856864953579371,-14.257180626361734,13.156511519870499,126.27515853322123,0.03305228640441932,1,0.5372586882914177,52.68817204301075,0.0006810327302295693,0.0006302093921528584,0.00034559869892247796,0.0
1778036400,AUDCAD,bullish_exhaustion,0.98381,0.98457,0.9838,0.98447,780.0,1.4052217217803122,20.352461849375977,0.035116792356728245,7.998512396694355,1.8406577121897927,-9.33217819673619,9.294782349210209,205.08326029799213,0.13280825468519447,1,0.51285839096093,43.87096774193549,-5.078874927622046e-05,-0.00033520574522327706,-0.00023362824667072513,1.0
1778038200,AUDCAD,bullish_exhaustion,0.98404,0.9841,0.98379,0.98398,385.0,1.4843250109288832,20.40227359030478,0.03186766281544635,5.5521640091115865,1.773782832491694,-7.667455005160733,-13.2180488513497,54.57983628637607,-0.07091550758181085,0,0.35942212562878784,5.161290322580645,0.00016260493099462536,0.0002540702046789356,-0.000365861094737574,0.0
1778038500,AUDCAD,bullish_exhaustion,0.98399,0.98427,0.98397,0.98414,464.0,1.526654068189931,19.492800130595025,0.032515698985916115,5.663749999999892,1.6674740712419995,-19.61264259896808,0.049185639461001074,71.98232471789801,-0.019465610764409388,0,0.4524139882333346,23.225806451612904,9.145040339797461e-05,-0.000528380108521076,-0.0006096693559859423,1.0
1778038800,AUDCAD,bullish_exhaustion,0.98413,0.98424,0.98399,0.98423,369.0,1.4328979737262717,18.410934428626565,0.03236757958723287,5.693542600896905,1.6227800285030853,-19.758358384385822,18.975970017637565,68.30113113603713,-0.0005861977838836965,0,0.5483239444324606,56.344086021505376,-0.0006197738333519887,-0.0007010556475621765,-0.0007518567814434052,1.0
1778249700,AUDCAD,bullish_exhaustion,0.99174,0.99196,0.99173,0.99193,447.0,1.2980317473748333,26.96118276296354,0.05739172263019656,4.449435382684736,1.4607190484364612,-5.098512384433377,-3.288759375189006,12.684452262304083,-0.04936708101179381,0,0.538306683253539,70.73791348600508,5.040678273671162e-05,-0.0003528474791567593,0.00012097627856810789,1.0
1778250000,AUDCAD,bullish_exhaustion,0.99193,0.99204,0.99183,0.99198,432.0,1.536812719064673,26.527400313048986,0.05206038140169847,4.8235131396955655,1.4964401168984753,-8.646932880600957,8.02240472113802,18.521311574327687,-0.029229803694830626,0,0.5832907988641433,88.29516539440203,-0.0004032339361680348,7.056593882937001e-05,4.0323393616814585e-05,0.0
1778250300,AUDCAD,bullish_exhaustion,0.992,0.99209,0.99154,0.99158,572.0,1.4325902976035125,25.825528308733578,0.04919997810132748,4.116778916544925,1.4062519626660446,-13.597616957831235,2.848587853520069,-12.014727730782631,-0.07065579501041824,0,0.5519292891089773,76.84478371501272,0.00047399100425571383,0.00044373625930327343,0.0005143306641925971,0.0
1778250600,AUDCAD,bullish_exhaustion,0.99155,0.99218,0.9915,0.99205,762.0,1.3502868259493412,25.375522556465185,0.05119269622066744,4.702897327707696,1.275466479322447,-21.049380121046696,10.245772985555597,6.043345373681028,0.022036323297988374,0,0.46200302181884995,34.096692111959285,-3.024041126953314e-05,4.0320548359451536e-05,-0.00013104178216816198,0.0
1778250900,AUDCAD,bullish_exhaustion,0.99206,0.99208,0.99171,0.99202,399.0,1.3177998243376654,23.43499211270375,0.050114197006395717,4.566494252873658,1.2229409071555555,-17.650009236398294,13.025309420350041,3.1990012873996854,0.015622361117760627,0,0.5754214093250001,86.51399491094148,7.05630934860757e-05,-0.00010080441926574313,-0.0004637003286224184,1.0
1778251200,AUDCAD,bullish_exhaustion,0.99203,0.99222,0.99198,0.99209,425.0,1.2993513831851966,22.477159028022406,0.04406282264137833,5.160326797386533,1.3164265060776155,-12.387684512039026,17.43979458555993,22.623670437272022,0.02751517530839002,0,0.5728938260243375,86.25954198473282,-0.00017135542138313475,-0.0005342257254886684,-0.0004939068028102511,1.0
1778688000,AUDCAD,bullish_exhaustion,0.995,0.99529,0.99493,0.9952,258.0,1.902248642426363,24.557952111246536,0.03832682590721184,4.815056179775473,1.4699104781660262,-0.2505364992108525,-9.497873053428297,70.53197848181075,-0.04069361175146842,0,0.45180989888313694,29.262086513994912,0.000200964630225009,-3.0144694533773553e-05,-0.00015072347266875674,1.0
1778688300,AUDCAD,bullish_exhaustion,0.99518,0.99544,0.99504,0.9954,242.0,1.7143763927113618,23.37136132718986,0.035592295990125755,5.598306451613167,1.5704789174126146,-6.345277256514237e-06,12.638257430528324,80.49689440993785,-0.004818252739930087,0,0.5077893327940017,54.4529262086514,-0.00023106288929064522,-0.00035161744022504937,-0.00024110910186847523,1.0
1778688900,AUDCAD,bullish_exhaustion,0.99519,0.99523,0.99502,0.99505,175.0,1.6113895118055843,21.316775843296266,0.03251810748921392,4.746401766004765,1.5168526219747003,-0.5255269047383138,1.7067655891196694,44.78687305349469,-0.07392835174142721,0,0.5205068823216619,61.32315521628499,0.0001105472086830872,0.00016079593990259156,3.0149238731791428e-05,0.0
1778689200,AUDCAD,bullish_exhaustion,0.99504,0.99551,0.99501,0.99516,373.0,1.3551503091625536,19.233428319510566,0.034093584376955324,4.700463157894837,1.369251404581737,-3.1531779419832304,-11.914924164639302,58.20188453332772,-0.029727448816393852,0,0.484640415801998,46.81933842239186,5.024317697666092e-05,-8.038908316254645e-05,-0.00019092407251097843,1.0
1778689500,AUDCAD,bullish_exhaustion,0.99519,0.99541,0.99513,0.99521,388.0,1.2947570150615315,17.125752819116215,0.034522505659250524,4.636590436590326,1.2885276525050675,-7.299185905100444,-6.833279075781512,57.94892485170243,-0.013294526273809597,0,0.4737413928622191,39.69465648854962,-0.000130625697089104,-0.0002411551330875339,-0.00021101074145157828,1.0
1778812500,AUDCAD,bearish_exhaustion,0.98787,0.98793,0.98769,0.98771,167.0,2.1073355692322453,31.129572047714728,0.039340639314318214,-4.727573529411131,-1.5010765452553303,0.04147753259228852,-0.016473825995745983,-57.75633293121571,0.04953891202311674,1,0.4737089477083915,38.44221105527638,0.00033410616476503563,0.0003847283109414956,0.0008707009142359112,1.0
1778826900,AUDCAD,bearish_exhaustion,0.98487,0.98523,0.98479,0.98482,376.0,1.865775806537956,35.68053696099135,0.0504080513625406,-4.12707913669034,-1.558621655354674,1.2494402612631952,18.072582427281,-21.865105442377015,0.10706036417939722,1,0.5118586118852094,63.81909547738693,1.0154139842732945e-05,0.00019292865701348028,-0.000528015271826443,1.0
1778827800,AUDCAD,bearish_exhaustion,0.98497,0.98497,0.9841,0.9843,429.0,1.5010932431447648,29.871850259778896,0.05631268051262028,-4.291649484536253,-1.1390845199075255,12.225900472496836,-11.84695031854114,-54.08751636068103,-0.039365962271822465,1,0.5586821838151931,88.19095477386935,0.00028446611805343913,0.0006095702529715918,0.0010769074469165751,1.0
1778828100,AUDCAD,bearish_exhaustion,0.98433,0.98464,0.98427,0.98458,325.0,1.3928278396407159,28.002310231830396,0.048969393766160135,-4.207466666667204,-1.2367885265989713,14.472946483390583,-11.585356629603986,-45.66530978805105,0.010255621894605918,1,0.48592379805946856,46.733668341708544,0.00032501168010723447,0.0007922159702613563,0.0006500233602144689,1.0
1779084600,AUDCAD,bearish_exhaustion,0.98105,0.98118,0.98095,0.98112,662.0,2.810408953580951,35.630013322518074,0.03268858913428219,-4.5136748329626935,-1.622115123916011,1.981678693217705,19.419071739353676,-13.361384859547778,0.10093748953599081,1,0.5028731649109329,58.5427135678392,0.00010192433137645729,0.000591161121983097,0.0002548108284410322,1.0
1779275400,AUDCAD,bullish_exhaustion,0.98049,0.98073,0.98049,0.98064,240.0,1.5221796446611118,17.327843684381026,0.0273873621891242,4.264787234041606,1.427553023069841,-8.009364537350478,-13.330510567731825,50.80080080078156,-0.04102135994880536,0,0.41279727100689445,11.557788944723619,2.0394844183480032e-05,0.00011217164300880711,0.0003059226627508682,0.0
1779275700,AUDCAD,bullish_exhaustion,0.98064,0.98071,0.98058,0.98066,209.0,1.4413251478475093,16.171365592600296,0.025857221521365655,4.457126760562897,1.4315902443170145,-12.913711167707689,-5.191328851506682,52.343914231643595,-0.0281501498117532,0,0.4283857321939191,16.834170854271356,9.177492708989377e-05,0.00028552199539100265,0.00020394428242198614,0.0
1779276000,AUDCAD,bullish_exhaustion,0.98066,0.98082,0.98056,0.98075,179.0,1.2148360687466397,13.926697062909957,0.026073340373620968,4.592625698324065,1.3690211469353812,-18.64815150223373,14.629041287361694,61.26561870215637,0.0009991744075323777,0,0.48901723366319344,49.497487437185924,0.00019372928880967422,0.00011215906194239622,0.0002854957940350289,0.0
1779276300,AUDCAD,bullish_exhaustion,0.98074,0.98099,0.98072,0.98094,353.0,1.2910210876061898,13.219257093694628,0.026650821806488798,5.0063387978146325,1.3430569591418131,-19.30806560655777,20.170868856728674,100.25369212648363,0.043523381489234333,1,0.5508586739826152,85.92964824120602,-8.155442738611018e-05,9.174873080919355e-05,-2.038860684649979e-05,0.0
1779276600,AUDCAD,bullish_exhaustion,0.98096,0.981,0.98077,0.98086,628.0,1.220638139220012,11.452244845104312,0.02679864026029648,4.4807608695648,1.2993424915956018,-14.646309544326332,13.85064664163707,96.69490639050967,0.0023466761388834523,1,0.5716390223797113,90.95477386934674,0.00017331729298786236,6.117080928991214e-05,-0.00038741512550199975,0.0
1779383400,AUDCAD,bullish_exhaustion,0.98361,0.98465,0.98357,0.98456,3298.0,1.2462908354074609,15.002003839158666,0.03155869481944129,5.267862068965405,0.9105960428908841,-17.444711569973848,12.011873800686331,175.23448203184506,0.1866966836284335,1,0.5534798687235445,87.1859296482412,0.000741447956447594,0.0012492890225075381,0.0015438368408222658,0.0
1779685200,AUDCAD,bullish_exhaustion,0.98961,0.98978,0.98955,0.98971,311.0,1.485267082152128,42.15185179577356,0.056870916011471526,7.69005076142125,0.5344817224653414,-9.316185241026176e-06,-2.2578738924856907,666.666666666543,0.5407267673555695,1,0.47183157930209507,37.93969849246231,-5.051984924875352e-05,8.083175879791682e-05,3.031190954927432e-05,0.0
1779690300,AUDCAD,bullish_exhaustion,0.98952,0.98955,0.98945,0.98951,220.0,5.402422487104273,57.016671703062194,0.025120658565494378,11.035862068965528,3.661073612146928,-0.6990978201295235,-22.966904543911795,23.786017981033925,-0.13548866824877231,1,0.46069659550699293,31.4070351758794,0.00013137815686548038,0.00010106012066568582,-0.00013137815686548038,0.0
1779690600,AUDCAD,bullish_exhaustion,0.9895,0.98968,0.98946,0.98964,275.0,3.9936405281093754,43.10772954146417,0.025766945555959476,10.939607843137166,3.3719313106623368,-2.47738825264652,-13.251155624037946,24.148851939850807,-0.062139204036071136,1,0.46308341407244646,32.663316582914575,-3.0314053595215107e-05,-0.00026272179782538263,-0.00014146558344441118,1.0
1775751900,AUDCHF,bullish_exhaustion,0.55873,0.55888,0.55867,0.55879,267.0,1.4437528082806739,26.574643360762597,0.05164219627613661,4.766930693069884,1.5063322715319494,-0.252045427062896,-7.573110208768803,60.48069345942321,-0.04985590070223576,0,,,0.00010737486354428505,-8.947905295364489e-05,-0.00021474972708890316,1.0
1775752200,AUDCHF,bullish_exhaustion,0.55877,0.55888,0.55872,0.55885,185.0,1.2811878262870018,22.6622297363211,0.050997584324952244,4.880701754386539,1.4643205668584098,-0.5429272015796158,-3.6497561987798974,64.00433402984972,-0.0275222917225701,0,,,-0.00019683278160498308,-0.0003220900062628207,-0.00030419611702603433,1.0
1775762400,AUDCHF,bullish_exhaustion,0.5596,0.55968,0.55956,0.55968,94.0,1.2551884507415274,14.362617896305824,0.029736379972225477,4.28171673819765,1.287535591773739,-3.7503855612804706,0.9783977525914906,133.52582611492798,0.029654162875970162,1,,,0.0,-0.00023227558604910215,-0.00012507146941087566,1.0
1775763600,AUDCHF,bullish_exhaustion,0.55959,0.55974,0.55958,0.55972,67.0,1.5554008412055556,15.459237171231583,0.026799113842632654,4.350666666666426,1.3517900791598285,-4.545753478262478,-3.8804332921964644,104.59852275439128,0.018164440797815273,1,,,-0.00016079468305585376,0.0001250625312656517,0.0005002501250626068,0.0
1775764200,AUDCHF,bullish_exhaustion,0.55965,0.55979,0.55958,0.55979,77.0,1.4414961424660837,14.63471402307884,0.025902570606834402,4.6979310344831475,1.3728834769719236,-2.6512808307353533,11.843711843702891,105.64949534670794,0.03601800546435536,1,,,0.00037514067775412663,0.00023222994337146474,0.0003036853105629067,0.0
1775764500,AUDCHF,bullish_exhaustion,0.55977,0.56001,0.55973,0.56,149.0,1.4012961789346772,15.126986722987958,0.027806122448979075,5.535779816514053,1.3929994682356805,-0.9518231768540479,6.694892409179289,169.1893710056505,0.09647446015444083,1,,,-0.0001428571428573333,-7.142857142861114e-05,-0.00010714285714297223,1.0
1775793300,AUDCHF,bearish_exhaustion,0.55879,0.55879,0.55864,0.55865,51.0,1.2968162213638275,12.901646798981318,0.023653961718938604,-4.784216216215402,-1.3552182882209616,0.5847636891258066,6.095437129910415,-84.12987407069068,-0.0028754998702967497,0,,,7.160118141946725e-05,5.370088606460044e-05,-3.5800590709733626e-05,1.0
1775793600,AUDCHF,bearish_exhaustion,0.55865,0.55874,0.55865,0.55869,38.0,1.2096565852248815,11.429048794084137,0.023013017697009492,-4.442666666665108,-1.343876310586822,5.003948225223986e-06,1.8634622082878707,-78.89992873021407,0.028354412526521024,0,,,-1.7899013764477445e-05,-0.00010739408258619854,-0.00026848520646505225,0.0
1776271800,AUDCHF,bullish_exhaustion,0.55989,0.55994,0.55977,0.55982,93.0,1.2001749546939962,13.723747484196789,0.027304694876411916,4.499626168224807,1.4426305440433727,-0.4206497488774943,-10.32058531136192,57.15005035249104,-0.07429883735480765,1,0.5002607342303906,56.68202764976959,0.0005358865349576192,0.00042870922796622857,0.00041084634346755244,0.0
1776273300,AUDCHF,bullish_exhaustion,0.55997,0.56006,0.55993,0.56005,79.0,1.3354696581195658,14.885506305351598,0.02831379851288363,4.8356756756775265,1.3258667075776465,-4.520480970851594,-5.334822001484767,72.31449692247105,-0.011219391407973721,1,0.5379451731612876,66.3594470046083,3.571109722333432e-05,8.927774305855785e-05,0.00021426658334067206,0.0
1776273600,AUDCHF,bullish_exhaustion,0.56006,0.56012,0.56003,0.56007,63.0,1.2675244006094155,14.036840139707289,0.02818525235365479,4.785339366516458,1.2988908145343425,-9.79651082871257,-2.973904785505688,91.50326797383984,-0.006903634894214254,1,0.5501694005945851,68.66359447004609,5.356473298001596e-05,0.0001785491099326464,0.00021425893191917567,0.0
1776273900,AUDCHF,bullish_exhaustion,0.56011,0.56015,0.56006,0.5601,82.0,1.2487941590658573,13.204155505232194,0.02652587548141451,5.083076923079006,1.353001953897734,-12.1086817919456,3.4221816830477394,99.51241134754557,0.000505277517820049,1,0.524010035071756,62.21198156682027,0.0001249776825564819,0.0001606855918585559,0.00024995536511318583,0.0
1776274200,AUDCHF,bullish_exhaustion,0.56008,0.5602,0.56008,0.56017,84.0,1.2075704730419135,12.163632263639496,0.02537494995141417,5.587336683418438,1.4151940834351535,-12.423627472808938,6.639039972362539,115.62891936722617,0.023858402081374068,1,0.49798544209767304,56.22119815668203,3.570344716785634e-05,0.00012496206508738616,0.00023207240659095518,0.0
1776278100,AUDCHF,bullish_exhaustion,0.56058,0.56063,0.56056,0.56061,48.0,1.5314326080661003,15.633626503077902,0.025609858648869166,5.215522388060546,1.574890338296309,-0.28828390092125744,-10.53600184034378,96.47058823527185,-0.021934668027408545,0,0.5252190743476249,62.903225806451616,-5.3513137475369454e-05,-1.7837712491863833e-05,0.00014270169993402249,1.0
1776278400,AUDCHF,bullish_exhaustion,0.5606,0.56062,0.56055,0.56058,43.0,1.6129236292350864,15.543657770401946,0.024974133932712066,4.928571428571299,1.5615093205341144,-0.9846121106325398,-7.895727460939611,82.72095053070942,-0.04240250296859315,0,0.4918638456955572,54.377880184331794,3.567733418963215e-05,0.00019622533804275477,0.00030325734061142917,0.0
1776278700,AUDCHF,bullish_exhaustion,0.56059,0.56062,0.56053,0.5606,93.0,1.669006739378948,15.249387469411062,0.02382651241017326,5.071443850266821,1.5859753010801758,-3.8801241519874026,4.292929292931717,76.3189395930181,-0.03119659865808574,0,0.5187038671330209,61.52073732718893,0.00016054227613282457,0.0002675704602210782,0.0003210845522654271,0.0
1776279000,AUDCHF,bullish_exhaustion,0.56061,0.5607,0.56059,0.56069,67.0,1.727171867774188,14.670324890532523,0.022930929492487876,5.735333333333251,1.6434596200239315,-6.701349641298819,15.81642758113373,96.25340808139921,0.01284458612321155,0,0.5058904797396239,58.75576036866359,0.00010701100429821864,0.00016051650644732796,0.0001248461716814031,0.0
1776279300,AUDCHF,bullish_exhaustion,0.5607,0.5608,0.56065,0.56075,90.0,1.8152426605624672,14.380956091541071,0.02356537800140142,5.7937297297290815,1.6138439855157019,-8.237517681686995,15.072448732581122,114.13129868065387,0.025103052624340358,1,0.5111637803970347,59.907834101382484,5.3499777084242695e-05,1.7833259028154913e-05,-5.3499777084242695e-05,0.0
1776279600,AUDCHF,bullish_exhaustion,0.56074,0.56083,0.56072,0.56078,120.0,1.7608579985789512,13.949219126390666,0.02305462289769834,5.881546961325136,1.661075321052186,-8.620903266219216,8.800972689859833,121.42763071243681,0.017675822372353177,1,0.45247604127361607,41.474654377880185,-3.566461000736876e-05,-0.00010699383002232832,-0.000160490745033548,1.0
1776279900,AUDCHF,bullish_exhaustion,0.56079,0.56081,0.56071,0.56076,94.0,1.8451219471895353,13.167462440435585,0.0222911762607893,5.67679999999972,1.6950568828830441,-8.367306813939344,-1.6894434541564323,108.51571268238592,-0.013320459625916357,1,0.3737874809647,22.119815668202765,-7.133176403462116e-05,-0.000124830587060476,-0.00010699764605193174,1.0
1776280200,AUDCHF,bullish_exhaustion,0.56079,0.56079,0.5607,0.56072,65.0,1.7778947570775132,12.306469791399552,0.020891506838147965,5.468536585365492,1.7416947674781005,-9.804767677294073,-8.008956669094871,95.17182728361205,-0.045406899806164636,1,0.3066289170924177,12.211981566820276,-5.350263946346523e-05,-3.566842630908784e-05,3.566842630897682e-05,1.0
1776280500,AUDCHF,bullish_exhaustion,0.56072,0.56074,0.56062,0.56069,73.0,1.589545708743397,11.115664597802366,0.019491290068616246,5.330980392155247,1.7674280273128609,-15.337572253494983,-14.146090534974874,66.95398545991873,-0.06102573914692531,1,0.3368578812275147,16.359447004608295,1.7835167382962425e-05,8.917583691525621e-05,7.134066953207174e-05,0.0
1776280800,AUDCHF,bullish_exhaustion,0.56068,0.56071,0.56065,0.5607,56.0,1.4397969295055595,9.965325662446128,0.018853983540985234,5.363513513511375,1.733283699696023,-12.886029477660095,-14.126984126986002,66.84394389689825,-0.043275594690248984,1,0.3307699929498978,15.43778801843318,7.133939718206861e-05,5.3504547886440434e-05,-3.5669698591034305e-05,0.0
1776281100,AUDCHF,bullish_exhaustion,0.56071,0.56076,0.56065,0.56074,34.0,1.2586724933222149,9.070591114671496,0.017578811672334386,5.896231884056294,1.791210000635955,-9.05173829291589,-2.287663603452131,79.17383820987057,-0.010743738341599026,1,0.3747045340554498,22.58064516129032,-1.783357705897881e-05,-0.00010700146235342878,-5.350073117660337e-05,1.0
1776281400,AUDCHF,bullish_exhaustion,0.56073,0.56077,0.5607,0.56073,40.0,1.2251950183765574,8.829108184830876,0.016942200345981075,5.745263157891638,1.7739574371487288,-5.830128341970422,7.970702901037583,82.22621184911226,-0.02041665791855011,1,0.47572708829468324,49.76958525345622,-8.916947550507981e-05,-3.56677902019209e-05,8.916947550519083e-05,1.0
1776869400,AUDCHF,bullish_exhaustion,0.56037,0.56076,0.56037,0.56076,317.0,1.7035087024163933,23.839883878830047,0.03744917611812891,5.04571428571299,1.1547396329452941,-3.669841149310642,25.324203755573883,100.95684436636235,0.1024979345004299,1,0.5762679552134226,88.30022075055187,-0.00028532705613815157,-0.00019616235109498614,-0.00014266352806924232,1.0
1776873300,AUDCHF,bullish_exhaustion,0.56088,0.561,0.56086,0.561,125.0,1.2652290543436961,13.180491989097586,0.032849503437740485,5.0801550387591075,1.1198488290056317,-5.1482069410028615,9.974747474743637,189.10585817061903,0.072304580073803,1,0.7096650698147672,99.77924944812362,5.347593582882837e-05,1.782531194294279e-05,-0.00021390374331553552,0.0
1776883200,AUDCHF,bullish_exhaustion,0.56152,0.56154,0.56147,0.56152,47.0,1.231904780694061,8.954056364861472,0.021243359859971268,4.471616766467346,1.2751806176639606,-9.832719908415609,20.282186948846842,110.57644110278235,0.01370533015163348,1,0.6351278550513031,96.24724061810154,5.342641401906434e-05,-3.561760934611691e-05,-0.00012466163271118713,1.0
1776883500,AUDCHF,bullish_exhaustion,0.56153,0.56157,0.5615,0.56155,44.0,1.5198949279104015,9.422430678332264,0.020224633349020953,4.7423899371064895,1.3457607885774816,-6.512773416999055,10.934744268068869,115.77551922229073,0.016027730819410377,1,0.6409429275392784,97.7924944812362,-8.903926631642634e-05,-0.00017807853263285267,-0.00017807853263285267,1.0
1776883800,AUDCHF,bullish_exhaustion,0.56153,0.56157,0.56149,0.5615,57.0,1.5678713785951812,9.607927829110269,0.019463172624347033,4.240261437908742,1.3513282424278423,-4.054546329470645,-6.084656084659443,93.88604959309761,-0.029778495848334037,1,0.501860394904999,56.5121412803532,-8.904719501334757e-05,-8.904719501334757e-05,-1.7809439002536287e-05,1.0
1776884700,AUDCHF,bullish_exhaustion,0.56146,0.5615,0.56144,0.56149,78.0,1.3354620343872023,8.27826177044787,0.015901568021817743,4.4777600000011795,1.3811109107494801,-0.806070726940114,-5.060961582693579,61.99261992625132,-0.007718086862923179,0,0.4730045500074685,38.41059602649007,1.7809756184261616e-05,0.00021371707421335984,0.00019590731802865413,0.0
1776885000,AUDCHF,bullish_exhaustion,0.56148,0.56152,0.56144,0.5615,39.0,1.2454851315092514,7.8090527978244495,0.01577407454522067,4.434838709677818,1.3369933569694703,-0.452906498554159,10.853462157816303,65.84195227473097,-0.0010119984629782175,0,0.4969590122438513,51.434878587196465,0.0001959038290295645,0.00017809439002669514,0.00014247551202140052,0.0
1777433400,AUDCHF,bearish_exhaustion,0.56495,0.56499,0.56492,0.56497,76.0,1.6213407754611506,18.820656877700156,0.03173366980295218,-5.991553784859874,-1.7664014510112696,0.521259035254169,-1.210041670312414,-50.2392344497532,0.04949732192915955,1,0.4411098532690332,22.516556291390728,-5.310016461046452e-05,0.00021240065844208011,0.0001770005487016224,1.0
1777433700,AUDCHF,bearish_exhaustion,0.56498,0.56501,0.56491,0.56494,41.0,1.576256097177494,17.740407168106046,0.02933307709036512,-6.450862068965211,-1.8076642385746504,2.4477275808813923,-0.9956703981320274,-47.83029932180598,0.02747186806414885,1,0.4918561391705734,48.78587196467991,0.00026551492193860327,0.0002301129323467599,0.0003540198959182117,1.0
1777434000,AUDCHF,bearish_exhaustion,0.56495,0.56513,0.56493,0.56509,55.0,1.3310409166797226,15.075556625393874,0.028819682326206974,-5.431754385965686,-1.6625096232069123,6.2495140703286705,8.383545834859099,-10.921959851104349,0.07968674311471047,1,0.4291712876459104,18.984547461368653,-3.5392592330429906e-05,8.848148082596374e-05,-0.00024774814631300934,1.0
1777477500,AUDCHF,bearish_exhaustion,0.56353,0.56364,0.5634,0.56343,265.0,1.361016634003763,20.473259089391604,0.042469466355307975,-4.200835820895732,-1.1921326985550516,0.0934617631814489,3.786030541248252,-64.98896247240684,0.01825382393533259,0,0.5675988072451827,63.01075268817205,-0.000550201444722509,-0.00030172337291234363,0.00010649060220435658,0.0
1778031300,AUDCHF,bullish_exhaustion,0.56431,0.56449,0.56421,0.56448,137.0,2.0817952655764578,35.43650945973564,0.043149700356337535,5.551554252198937,1.760561292197237,-0.0999490571277164,-21.204328726023704,64.28459602347623,-0.06188705280622717,0,0.4116507516299445,12.688172043010754,0.00014172335600903807,0.0007263321995465422,0.0005668934240361523,0.0
1778031600,AUDCHF,bullish_exhaustion,0.56448,0.56469,0.56447,0.56456,178.0,2.0075757466826962,34.59634555815042,0.04377618980141744,5.595953757224958,1.6993313207265224,-2.7201045469382734e-06,-6.55737704918284,84.22120750888985,-0.03470540359928109,0,0.524997999287719,47.74193548387097,0.000584526002550767,0.00042510982003696185,0.0004428227292052611,0.0
1778037300,AUDCHF,bullish_exhaustion,0.56551,0.56563,0.56547,0.56561,165.0,1.731982694685141,24.27181808465249,0.03397090877863811,7.220669144981116,2.08680509250329,-0.7583014917030795,-14.614149753467423,98.85844748858715,-0.04291447568873785,1,0.4480219242415726,22.58064516129032,-0.00014144021498907478,-0.00028288042997814955,-0.0003005604568516729,1.0
1778037600,AUDCHF,bullish_exhaustion,0.5656,0.56564,0.56548,0.56553,115.0,1.6681132348460552,22.902535204057166,0.03448092939366625,6.412307692307591,1.9637017916082773,-0.966451463912378,-17.883915392459507,85.93903638152472,-0.070715866349261,0,0.4589725249448766,25.376344086021508,-0.00014146022315342233,-0.00015914275104755848,-8.841263947090283e-05,1.0
1778037900,AUDCHF,bullish_exhaustion,0.56553,0.56558,0.56542,0.56545,170.0,1.691053631163657,22.617988166935387,0.033475234642445714,5.896905660377575,1.8915329753830672,-4.191589612648428,-15.044075545954652,63.37943475645611,-0.08718430595967715,0,0.43386025386480914,20.0,-1.7685029622294124e-05,5.305508886732646e-05,0.00019453532584656763,0.0
1778038200,AUDCHF,bullish_exhaustion,0.56544,0.56556,0.56532,0.56544,177.0,1.5110069596401263,21.705645368475142,0.03385479828603506,5.496567164179834,1.7430419306076979,-10.381374968548172,-10.296930957883419,47.630922693278386,-0.06683728811290382,0,0.4035078070569097,10.967741935483872,7.074136955287358e-05,0.00021222410865862074,-0.00022990945104706118,0.0
1778038500,AUDCHF,bullish_exhaustion,0.56543,0.56558,0.5654,0.56548,165.0,1.4962126194159175,20.644881184160987,0.034357663274686014,5.3529411764707735,1.6159780048937291,-20.363021766225337,3.1336471259454726,53.503632014416674,-0.03347238883711156,0,0.4814127623728356,32.68817204301075,0.00014147273113107595,-0.00030062955365350863,-0.0003713659192189356,1.0
1778038800,AUDCHF,bullish_exhaustion,0.56546,0.56556,0.5654,0.56556,136.0,1.3669525707503984,19.15017531258783,0.03384761500610877,5.574925373134068,1.5740893023452647,-20.925514365867492,18.232810235074,53.713846449521185,0.0023720776587064668,0,0.5413377943873079,54.40860215053763,-0.00044203974821410696,-0.0005127661079282753,-0.0006365372374282918,1.0
1778583000,AUDCHF,bullish_exhaustion,0.56401,0.5643,0.56399,0.56424,134.0,1.2309559396062777,14.406629920996588,0.027850357497315983,4.726909090907998,1.0976971339377635,-0.09917986420693126,13.318299817143618,108.6825176813407,0.05751872321994093,1,0.5860949805903485,89.05852417302799,-3.544590954185356e-05,0.00014178363816830242,0.00021267545725223158,0.0
1778665500,AUDCHF,bullish_exhaustion,0.5663,0.56634,0.56623,0.56631,105.0,1.3667661362841543,17.86571905493262,0.033172139439021135,4.08608365019108,1.2785623504805652,-0.668116867690884,-11.192570869994455,57.114353410635275,-0.03126838940861014,1,0.5101818348679413,55.470737913486005,-0.00010594903851235404,0.00026487259628105164,0.00040613798096456044,0.0
1778687700,AUDCHF,bullish_exhaustion,0.56825,0.56838,0.56814,0.56815,193.0,1.6566365276463726,23.21618298554747,0.03847072578921641,4.390326797385807,1.617267717293126,-0.07649806256308977,-25.99162702113815,54.630046525600335,-0.11648881703841447,0,0.48024527501408437,44.02035623409669,0.00036962069875912107,0.00026401478482784846,-3.520197131046121e-05,0.0
1778688000,AUDCHF,bullish_exhaustion,0.56816,0.56836,0.56813,0.56836,204.0,1.526241220879191,21.816937662082662,0.038833536088797305,5.1260841423952845,1.554061518802167,-1.6529068213935432,-3.741858245978463,59.94978028875123,-0.02291942160964694,0,0.5075917463502901,53.9440203562341,-0.00010556689422192012,-0.000404673094517527,-0.00047505102399880705,1.0
1778688300,AUDCHF,bullish_exhaustion,0.56834,0.56834,0.56823,0.5683,119.0,1.4273440298746671,19.59765959420771,0.03707800206128564,4.913762711864487,1.5475632563946389,-1.5463961326071285,6.554919873785586,54.70404984421805,-0.04359874652628351,0,0.5616441563228122,81.1704834605598,-0.0002991377793418737,-0.0003695231391871445,-0.0002639450994192938,1.0
1778688600,AUDCHF,bullish_exhaustion,0.56831,0.56831,0.5681,0.56813,223.0,1.4133091963095201,19.20546058795212,0.03570611354041144,4.103380281690535,1.4570242401624967,-2.4397709924256645,3.805613324084643,22.724775279649528,-0.08992692389575312,0,0.5343426795305131,68.95674300254453,-7.040642106570516e-05,3.520321053285258e-05,-0.00021121926319678241,0.0
1778689200,AUDCHF,bullish_exhaustion,0.56809,0.56825,0.56805,0.56815,267.0,1.3477115902939425,17.933525932340125,0.033693315397089606,4.1059701492542136,1.269302722868305,-19.614933849060662,-7.380289882412065,7.4107683000555555,-0.02586659110594061,0,0.3939982074276823,12.977099236641221,-0.0002464137991727844,-0.00022881281351772031,-7.04039426208114e-05,1.0
1778814600,AUDCHF,bearish_exhaustion,0.56462,0.56468,0.56456,0.56457,118.0,1.2681868836522527,15.543639257684072,0.03125007907408356,-4.059433198381293,-1.0783505278450665,18.876883439046143,-9.622584639740293,-2.035730581591538,-0.005101706304804865,1,0.5915099307590469,94.9748743718593,0.00017712595426599975,-0.00017712595426611077,-0.00017712595426611077,0.0
1778826900,AUDCHF,bearish_exhaustion,0.56284,0.56303,0.56281,0.56286,256.0,1.6562296480086665,27.53406078501573,0.0437815036471876,-4.328231884058285,-1.605058860869149,1.1601204802504064,20.049068757029737,-27.280477408334157,0.10207876895320725,1,0.5131462121972635,64.321608040201,0.00015989766549395767,5.329922183139324e-05,-0.0004086273673739038,1.0
1779084600,AUDCHF,bearish_exhaustion,0.56117,0.56124,0.5611,0.56116,158.0,2.9533222619506696,32.61900698603998,0.028257792531799206,-6.0981981981972115,-1.9561689200107715,0.9742857476784071,13.469571364301657,-30.53239255932698,0.07409756333310254,0,0.45906771710501343,30.15075376884422,-5.346068857359221e-05,0.0003029439019175406,0.0001782022952454554,1.0
1779084900,AUDCHF,bearish_exhaustion,0.56117,0.56132,0.56108,0.56113,172.0,2.661245632942211,30.72298281756531,0.029277656565453267,-5.837391304346253,-1.7810953383221362,2.7242879476914736,8.366750208857162,-24.741384990417306,0.04064883779227011,0,0.5464383776807287,83.16582914572864,0.0003564236451445435,0.00023167536934387556,0.00012474827580066794,1.0
1779085200,AUDCHF,bearish_exhaustion,0.56112,0.56137,0.56109,0.56133,159.0,2.1822258097464897,27.83850508323369,0.03143045471088047,-4.103643724695733,-1.471093423506679,5.01238662312551,7.095284507568557,0.6134969325467693,0.10048101211626746,0,0.5163007546052688,66.33165829145729,-0.00012470382840756855,-0.0002315928241853893,-0.000427555983111616,0.0
1779085500,AUDCHF,bearish_exhaustion,0.56135,0.56141,0.56123,0.56126,119.0,1.7571648998739595,23.044149106846778,0.031179845347967878,-4.355428571428088,-1.3500748517967518,14.123059123460244,4.197928684146376,27.7316506144642,0.03630594190558705,0,0.5665599123206255,90.20100502512562,-0.00010690232690724333,-0.00030288992623739297,-0.0001959875993299276,0.0
1779085800,AUDCHF,bearish_exhaustion,0.56127,0.56137,0.56119,0.5612,199.0,1.2395505072681798,16.96419763781706,0.030928622339885886,-4.530699588476237,-1.2681683827728416,22.822485546016864,-2.8936518786120473,41.2501581678314,-0.0035995373956215914,0,0.5265157722221975,71.35678391959799,-0.00019600855310064613,-8.909479686380894e-05,0.00014255167498222754,0.0
1779278100,AUDCHF,bullish_exhaustion,0.56307,0.56324,0.563,0.56313,250.0,1.9458308549431436,24.890682781242745,0.032091042159764195,4.0671936758896825,1.4383768426729044,-0.6217388211758106,-19.072807417545214,55.03128699474504,-0.07562867197451327,0,0.45764943503726674,29.145728643216078,0.00026636833413240524,0.0001775788894216035,0.00015982100047962078,0.0
1779278400,AUDCHF,bullish_exhaustion,0.56313,0.56332,0.56312,0.56328,218.0,1.9488046351988293,24.926973482736933,0.03297015440176982,4.600615384614882,1.3899822164747266,-1.5136176985685523,9.249126006992086,71.68532402178205,-0.007232905008854698,0,0.5050625110187862,59.04522613065326,-8.876580031247361e-05,-0.0001065189603748351,-0.00021303792074989225,1.0
1779278700,AUDCHF,bullish_exhaustion,0.56327,0.56327,0.56314,0.56323,153.0,1.9829888799385262,24.65812599957038,0.03170488584972972,4.3343999999995715,1.3988929369458736,-0.7618644222086743,16.65091069515853,60.863411181858496,-0.03532394377121422,0,0.510555296635991,62.562814070351756,-1.7754736075792366e-05,-0.00012428315253099065,3.5509472151806776e-05,1.0
1779279000,AUDCHF,bullish_exhaustion,0.56323,0.56327,0.56319,0.56322,131.0,2.007364911740986,23.96125592064164,0.03069087441091529,4.277520661156357,1.3862650186979717,-1.0061268348317753,12.38382288063925,58.55558004554271,-0.03770559873016268,0,0.5010757078056468,56.53266331658291,-0.00010653030787266538,5.3265153936221665e-05,0.00030183587230547815,0.0
1779279600,AUDCHF,bullish_exhaustion,0.56315,0.56326,0.56309,0.56325,190.0,1.7519087751388362,21.40714488330024,0.029167459260669323,4.350956521738398,1.3185854197703035,-10.694519910252183,-0.287580732229344,45.092838196270286,-0.007235372318982323,0,0.3935697539377371,5.778894472361809,0.0002485574789168332,0.0008344429649356222,0.0005326231691078487,0.0
1779279900,AUDCHF,bullish_exhaustion,0.56326,0.56339,0.56319,0.56339,287.0,1.5413766158043627,19.380414088818288,0.029286994799340146,4.9818181818173715,1.3299367145638896,-23.08008212947066,7.490348560773256,77.08172209329967,0.04430089937076178,1,0.41032173721961457,9.547738693467336,0.0005857398959869808,0.0002839951010846775,5.324908145354357e-05,0.0
1779280200,AUDCHF,bullish_exhaustion,0.56341,0.56373,0.56337,0.56372,239.0,1.2736788970790083,17.912413483340448,0.031930745760304705,6.185555555555528,1.3637163571507416,-16.268885651246457,14.031862745099176,170.93552961053763,0.13566321959026806,1,0.5457620681631257,82.41206030150754,-0.00030156815440285367,-0.0005321790960050032,-0.0005676577024054108,1.0
1779332700,AUDCHF,bearish_exhaustion,0.55971,0.56005,0.55969,0.56005,137.0,1.6100219986187034,40.1419280934226,0.06683076766105236,-4.011908396946738,-1.5643099600466028,0.8913009933769366,17.14673984574162,-4.225438114417619,0.1273647994506902,1,0.5472789831947613,83.66834170854271,-0.00019641103472911592,-0.0001249888402821142,-0.00010713329167044705,0.0
1779333000,AUDCHF,bearish_exhaustion,0.56005,0.56008,0.55983,0.55994,111.0,1.4606280348038942,35.48158232637624,0.06493042621913622,-4.280864440078894,-1.4581413568209123,4.964054381555417,6.459611057308223,12.045335989018177,0.06532436035336212,1,0.5634205179993218,89.69849246231156,7.143622531002869e-05,8.929528163736933e-05,1.785905632734064e-05,1.0
1779333300,AUDCHF,bearish_exhaustion,0.55993,0.56006,0.5598,0.55998,105.0,1.2682410045232388,29.1800166457224,0.0623746766466157,-4.190265848671049,-1.36716930326593,10.589122065822167,0.5922571307772699,26.147533161552268,0.04808800376390355,1,0.5594369591649665,88.44221105527639,1.7857780634900067e-05,-5.357334190525531e-05,-1.785778063512211e-05,0.0
1779334800,AUDCHF,bearish_exhaustion,0.56,0.56017,0.55998,0.56014,75.0,1.2180356915400237,17.843727554417818,0.04335650781182203,-4.237882352941032,-1.1445393650285833,6.400570603974884,3.8868538868602656,118.18181818177196,0.017307086423412454,1,0.5419696263110847,80.40201005025126,0.00023208483593406548,0.00016067411718512226,0.0004106116328062015,1.0
1779396900,AUDCHF,bearish_exhaustion,0.56251,0.56251,0.56199,0.56199,135.0,1.2903304774443958,10.552992709104283,0.021861090563379922,-6.329302325581969,-1.005708431422519,2.446641038988955,-14.814814814806589,-200.1682085786871,-0.23311810245910558,0,0.6585234182184773,98.99497487437185,-0.001387925052047212,-0.00014235128738937508,-0.0003202903966261772,0.0
1779720600,AUDCHF,bullish_exhaustion,0.56153,0.56159,0.56151,0.56159,70.0,3.539646727605878,21.942753489155244,0.018824104010809344,9.412162162161264,2.8821763382133434,-0.15248341215979622,4.166666666677273,58.640910658811066,-0.056615751634825955,0,0.4593760067837118,30.65326633165829,0.0007122633950034096,0.0009081358286293639,0.0008369094891289564,0.0
1779722400,AUDCHF,bullish_exhaustion,0.5618,0.56183,0.56173,0.56173,78.0,1.292361776724361,15.647210312213545,0.02594027125386084,6.147647058822414,2.0250126840751475,-1.053931336808958,-24.19943366237658,50.48963499934944,-0.11556793606312345,1,0.45425403909049156,26.38190954773869,-8.901073469458343e-05,-8.901073469458343e-05,-0.00017802146938916685,1.0
1779723900,AUDCHF,bullish_exhaustion,0.56165,0.56174,0.56165,0.5617,43.0,1.249724249420017,12.014354440893964,0.026450316640812238,4.733076923075838,1.2463117676097362,-18.026125971395693,14.367993662102847,-3.821656050923813,0.009805587618384686,0,0.5269975136560152,71.60804020100502,-0.00021363717286804196,-0.00033825885704119596,-0.00032045575930206294,1.0
1779726900,AUDCHF,bullish_exhaustion,0.56168,0.56177,0.56166,0.56176,55.0,1.330674025447109,11.560881339841863,0.02034422427472616,4.1807500000011935,0.6757727307642926,-0.10849091039399755,10.225611376934467,15.759992404745429,0.09970822254980768,1,0.4886344404756812,48.743718592964825,-1.78011962405078e-05,-0.00012460837368277744,-0.00017801196240385675,1.0
1775228700,AUDJPY,bearish_exhaustion,110.012,110.012,109.99,109.995,95.0,2.1635202983469934,16.358176987258307,0.02149448351548744,-5.446042296071745,-1.611852798703532,0.1970797692935762,-14.14742664742618,-66.83132734806152,0.020273813462756956,0,,,6.363925632979495e-05,-4.545661166421855e-05,-0.0001181871903268572,0.0
1775229300,AUDJPY,bearish_exhaustion,110.001,110.009,109.983,109.99,363.0,1.9259108632181292,14.703126186709463,0.019806995441146287,-5.773508196721572,-1.6394892706221154,0.24862164711591306,-15.25252525253195,-65.83048270620004,0.004982366814163719,0,,,-7.273388489859034e-05,-5.455041367397051e-05,-0.00019092644785889679,0.0
1775456400,AUDJPY,bullish_exhaustion,110.219,110.223,110.198,110.208,315.0,4.905674290732892,51.99865118497063,0.02501762900282312,5.823419689118731,2.1063386372646122,-0.0606726329888545,0.5565010071140435,12.827823669035148,-0.10312072102653574,1,,,3.629500580726308e-05,7.259001161430412e-05,0.0002268437862951167,0.0
1775456700,AUDJPY,bullish_exhaustion,110.207,110.215,110.196,110.212,306.0,3.4374907412926277,36.05431817740722,0.02482229054653358,5.847101827675068,1.958809111811925,-1.3687668396135706,-8.960866526900755,-5.480504066762845,-0.059669911291882614,1,,,3.629368852742232e-05,0.0001905418647696333,0.0005625521721772664,0.0
1775457000,AUDJPY,bullish_exhaustion,110.212,110.225,110.202,110.216,305.0,2.472897562186828,25.75407998409279,0.024367735044952845,5.932127659573188,1.853514374746794,-3.636579029092374,-4.093291404612106,-28.559065339666205,-0.028368588879025287,1,,,0.00015424257821017306,0.0005262393844813751,0.0006804819626915481,0.0
1775746200,AUDJPY,bullish_exhaustion,112.223,112.329,112.223,112.319,814.0,1.3895185297788892,32.80285202171031,0.056408214867603786,4.8360766629083205,1.2278156712011707,-0.5724017417492746,5.406401377652969,116.16942574736635,0.05414545310940194,1,,,0.0006143217087046793,0.0001958706897318141,0.00040064459263344787,0.0
1775749800,AUDJPY,bullish_exhaustion,112.461,112.532,112.454,112.506,1173.0,1.53336944870556,43.391339973142365,0.0703454545916302,4.382202166064956,1.3438272873701234,-0.3911747899947784,-8.866713352008375,75.47892720305403,-0.03203455137052223,1,,,0.000524416475565781,0.0005688585497660714,0.0002666524452028529,0.0
1775751000,AUDJPY,bullish_exhaustion,112.537,112.553,112.515,112.52,1011.0,1.5095107542005168,40.0610122070309,0.06500431669290545,4.247304687499978,1.3529264549389786,-0.03956486899168965,-8.034815436241423,62.57600884465218,-0.052575565396753586,1,,,0.00017774617845733864,-0.0001244223249199372,-0.00016885886953421636,1.0
1775751300,AUDJPY,bullish_exhaustion,112.523,112.57,112.508,112.54,1003.0,1.4969211653613541,37.75169249357487,0.06550052044987156,4.314767441860709,1.2915924416524276,-2.1014590683831926,-13.517506415316667,65.23135656994278,-0.024013801074511582,0,,,-0.00030211480362540843,-0.0003465434512173182,-0.00030211480362540843,1.0
1775757300,AUDJPY,bullish_exhaustion,112.576,112.576,112.556,112.564,486.0,1.2018356865107784,12.431832788273656,0.027857168239528052,4.137494305239189,1.2823270120508292,-0.002076418875971475,-11.86671642317878,86.75551702970313,-0.0402747632414072,1,,,-0.0003820049038768536,-0.0004619594186417997,-0.0007551259727798243,1.0
1776061200,AUDJPY,bearish_exhaustion,112.423,112.428,112.379,112.409,495.0,1.8615626466718471,29.667220831192157,0.03710938244649978,-5.074999999999473,-1.5527111992157006,0.09655939240651763,12.867727479600191,-47.280904195507475,0.043941009226824465,0,0.7154216450281266,92.16589861751152,0.0004003238174878909,0.00017792169666130953,0.0005337650899837065,1.0
1776102000,AUDJPY,bullish_exhaustion,112.988,112.988,112.964,112.972,441.0,2.208755111677253,24.644321205950373,0.03199275673871241,4.551936758893433,1.6310830134347272,-0.5120093152430769,-20.932613920277085,57.03392468097254,-0.09062618654021318,0,0.3653011260418324,20.737327188940093,0.00023014552278444178,0.00023899727366072376,0.00024784902453700575,0.0
1776102300,AUDJPY,bullish_exhaustion,112.972,112.999,112.964,112.998,351.0,1.859155521349097,21.00483084793779,0.03185897095523846,5.048333333333815,1.588504700615627,-3.073691555666187,-11.504375761601807,66.68412324346511,-0.022170860387779885,0,0.35304263574330097,18.433179723502306,8.849714154157695e-06,1.769942830831539e-05,4.4248570771232565e-05,0.0
1776102600,AUDJPY,bullish_exhaustion,112.998,113.002,112.984,112.999,460.0,1.6338846815455033,18.110909636803946,0.02914058657914789,5.300563991323455,1.6772899263235173,-4.284016482684208,0.9463959169167637,74.53177770957596,-0.02399686079224746,0,0.39714851514253696,27.64976958525346,8.849635837471226e-06,3.53985433498849e-05,-8.849635837482328e-05,0.0
1776102900,AUDJPY,bullish_exhaustion,113.0,113.006,112.991,113.0,356.0,1.5018222143059412,15.794918654345482,0.027180783817951495,5.504930232558498,1.730436073310502,-5.512267845608363,17.472794407208205,77.33345090609974,-0.023869738133617403,0,0.5582869694391045,69.81566820276498,2.6548672566351073e-05,-9.734513274328727e-05,-0.00015929203539821746,1.0
1776103200,AUDJPY,bullish_exhaustion,112.999,113.02,112.997,113.003,348.0,1.5068374183365798,13.925847746617553,0.025663035494632364,5.664827586207678,1.7638555693014237,-8.880295135503246,10.68738229755106,86.7119911336299,-0.017897523707442436,1,0.49706274115178234,55.99078341013824,-0.00012389051618100222,-0.00018583577427144782,-0.00023008238719324225,1.0
1776103500,AUDJPY,bullish_exhaustion,113.005,113.005,112.984,112.989,399.0,1.586716325617061,13.03422732088655,0.025034042504769795,5.032929292930667,1.6929833157396694,-17.17191555287424,-1.926957223564699,53.86510178945897,-0.05052164107102293,1,0.3783799756125922,23.502304147465438,-6.195293347144304e-05,-0.0001062050288080929,-0.00013275628601017164,1.0
1776103800,AUDJPY,bullish_exhaustion,112.988,112.991,112.974,112.982,274.0,1.3978300524726406,11.234666328346771,0.02459304516269316,4.619640102829373,1.591659761342914,-19.432145353125357,-16.813904387596132,25.549352903011737,-0.052582720074686104,1,0.23914099698204624,5.529953917050691,-4.425483705361444e-05,-7.080773928591633e-05,5.3105804464381734e-05,1.0
1776108300,AUDJPY,bullish_exhaustion,113.092,113.095,113.076,113.08,283.0,1.5559649854165087,16.132355351548814,0.02646672393754176,4.419188544152703,1.3798623516118145,-4.253432387923141,6.465527169749301,75.35762483127748,-0.046657536055053093,1,0.5455368380334061,67.74193548387096,5.305978068625983e-05,-6.190307746734014e-05,-9.727626459143934e-05,1.0
1776108600,AUDJPY,bullish_exhaustion,113.081,113.094,113.078,113.086,361.0,1.6373731210475293,16.164619550573853,0.026149504422677144,4.461739130434292,1.3452700036286778,-11.76667264394306,7.463298308366731,71.8551547088122,-0.026167782597641336,1,0.5128465195318347,60.36866359447005,-0.00011495675857320364,-0.00015032806890324935,-0.00014148524132084894,1.0
1776109800,AUDJPY,bullish_exhaustion,113.069,113.111,113.069,113.106,639.0,1.6752649011710634,14.046864356378181,0.02393456454248837,4.715672823218982,1.1913407102628555,-6.599158844464704,15.013227513224408,76.9971457064945,0.06524089441914419,0,0.4984648218558351,56.451612903225815,1.7682527894358202e-05,0.00026523791841293054,0.0003624918218310125,0.0
1776110100,AUDJPY,bullish_exhaustion,113.108,113.128,113.106,113.108,551.0,1.6121356889600857,12.718293678264446,0.023492085945669226,4.633548387096422,1.221366387298846,-4.032650745669761,18.309519994812,117.36641221369709,0.04350003536250388,1,0.6421244869574091,84.10138248847926,0.00024755101319096084,0.0003448031969446319,0.0002298687979629399,0.0
1776110400,AUDJPY,bullish_exhaustion,113.108,113.141,113.107,113.136,324.0,1.3741598569651445,11.326206122291328,0.022918055639734817,5.562203856748603,1.3296379069348108,-2.3828531195385048,17.15509837565463,151.44513907759114,0.09181732317878494,1,0.6282804313616096,80.64516129032258,9.722811483525717e-05,-1.767783906092557e-05,5.3033517182887735e-05,1.0
1776112500,AUDJPY,bullish_exhaustion,113.14,113.159,113.14,113.146,110.0,1.3668875697826262,10.779722698752241,0.01874947918113367,5.14747474747553,1.6530140854389845,-3.157129529311428,-12.677133655393625,97.5855520675157,-0.02594353715616098,1,0.40766189204741227,29.493087557603687,2.651441500356455e-05,-7.95432450109157e-05,0.0001325720750180448,1.0
1776112800,AUDJPY,bullish_exhaustion,113.145,113.151,113.129,113.149,93.0,1.541596475184119,11.06685448773442,0.019127749377243236,4.942970297030736,1.5828104966301755,-3.405724996087242,-4.41077441077465,76.33501967395155,-0.01962287725964976,1,0.37763760653469874,23.27188940092166,-0.0001060548480322776,0.0001060548480322776,-0.0007247081282203416,0.0
1776113100,AUDJPY,bullish_exhaustion,113.15,113.15,113.133,113.137,89.0,1.5297778876928836,10.711196043745183,0.018940374438576452,4.206533333334744,1.5060972234808785,-2.6165919299853133,-2.575757575761209,63.34143424760727,-0.059612112977307605,1,0.36823971899548735,21.19815668202765,0.00021213219371207792,-0.0006187188983268754,-0.0018208013293617986,1.0
1776113400,AUDJPY,bullish_exhaustion,113.135,113.162,113.132,113.161,104.0,1.6201708249332027,11.114586402072348,0.019820054107486638,4.8732484076444536,1.4386380792537672,-1.7651437774540355,9.234006734001788,82.44038999906681,0.02492221501367911,1,0.4286564318793344,33.6405529953917,-0.0008306748791545582,-0.002032502363888633,-0.0013608928871253756,1.0
1776132900,AUDJPY,bearish_exhaustion,112.744,112.779,112.727,112.758,366.0,1.6778831673637733,22.196967010978124,0.03699452430363076,-4.594589041095954,-1.4932904825841613,0.6116812889551329,19.484913621525223,-33.05631472287646,0.09028154914435256,1,0.619753610533534,80.18433179723502,3.547420138705348e-05,0.0001862395572820308,0.0001241597048546872,1.0
1776133200,AUDJPY,bearish_exhaustion,112.757,112.791,112.744,112.762,345.0,1.58194864595344,21.20931856794139,0.036296422046942216,-4.410610820243846,-1.3897061633661378,2.6820021387361708,6.774993615129873,-15.897062982225389,0.07004290062939315,1,0.4516377061691465,41.013824884792626,0.00015076000780411825,8.868235753189957e-05,0.00015962824355719718,1.0
1776133800,AUDJPY,bearish_exhaustion,112.78,112.78,112.745,112.772,205.0,1.6264515404044022,19.499698566465817,0.03420301898647806,-4.0677777777777075,-1.1853847479479485,13.150776056541357,-0.9375919868295313,-7.899572802536229,0.03371683081417979,1,0.3064811403060798,11.981566820276496,7.093959493498225e-05,2.660234810059059e-05,-0.00012414429113616343,1.0
1776280200,AUDJPY,bullish_exhaustion,114.082,114.089,114.059,114.061,311.0,2.1693944489022448,18.339153929218913,0.022732197182709586,5.060826446281157,1.908183702105567,-1.5334814971079709,-24.922289964464376,56.31209966207611,-0.11436565209285468,0,0.30048007033670676,11.059907834101383,2.6301715748466847e-05,-3.506895433147417e-05,1.7534477165792595e-05,1.0
1776280500,AUDJPY,bullish_exhaustion,114.06,114.068,114.038,114.064,265.0,1.7474678427792152,15.813377402663319,0.02185489850309535,5.173982808021878,1.849471220733966,-9.418543216002462,-19.832814489484168,30.986617416373008,-0.07855076126057689,0,0.2902081611415206,10.368663594470046,-6.136905596854092e-05,-8.767007995458265e-06,-6.136905596854092e-05,1.0
1776280800,AUDJPY,bullish_exhaustion,114.058,114.064,114.051,114.057,200.0,1.5388643222302756,12.791440980094253,0.020979485194744706,4.912119402985002,1.7710683810825558,-18.297857788684823,-8.401188799844189,25.115173131264108,-0.07729322082060819,0,0.32726061209646856,15.207373271889402,5.2605276309236615e-05,0.0,-7.014036841224147e-05,0.0
1776281100,AUDJPY,bullish_exhaustion,114.059,114.065,114.042,114.063,219.0,1.303443758281677,10.376918020441082,0.02003905110083143,5.218499999999869,1.7261976330885245,-22.26086300096013,5.9033832015547425,14.28468364474326,-0.036650864112366066,0,0.19849565173872813,4.6082949308755765,-5.260250913974307e-05,-0.0001227391879925488,-0.0001578075274191182,1.0
1776713400,AUDJPY,bullish_exhaustion,113.99,114.004,113.982,113.989,200.0,1.7579236271289496,16.351802128144968,0.022997206497369072,4.367084468667522,1.5902027982031235,-0.30629683581986455,-18.55296356574349,56.18432713002292,-0.09402517050783805,0,0.4142162251200605,30.87557603686636,8.772776320520315e-05,0.00014913719744891196,0.000228092184333617,0.0
1776713700,AUDJPY,bullish_exhaustion,113.99,114.004,113.986,113.999,280.0,1.7787260406630971,15.857791696473727,0.022305960077343697,4.728539325844825,1.5675847290346052,-1.2085689415488332,-14.389233954454358,56.85811696824999,-0.04872354667255204,0,0.38146938995258955,24.193548387096776,6.14040474040678e-05,0.00014035210835183776,0.0001842121422117593,0.0
1776714000,AUDJPY,bullish_exhaustion,113.998,114.012,113.997,114.006,245.0,1.8330783393007808,14.733042072221043,0.022053977108973565,4.877727272729274,1.5326842488280752,-1.8985900441255126,6.893868658566024,64.27200287247949,-0.023537789000040756,0,0.4931691479380488,54.83870967741935,7.894321351509248e-05,0.00012280055435676118,0.00026314404505023425,0.0
1776714300,AUDJPY,bullish_exhaustion,114.007,114.017,114.005,114.015,182.0,2.0437563397488776,14.273731978869609,0.02117515865706855,5.255384615385294,1.564705028798663,-2.6135970346208097,22.944288826639095,70.89029092186159,-0.0008628394016766532,0,0.540244185109072,66.58986175115207,4.385387887562153e-05,0.0001841862912774772,0.00020172784282768141,0.0
1776714600,AUDJPY,bullish_exhaustion,114.017,114.031,114.01,114.02,254.0,2.1580792997133713,13.556696216682445,0.02073571052697541,5.367371601209274,1.57128524580761,-2.5313114433348147,16.863189720331427,80.46302412632748,0.003789807345938026,1,0.4776008005674661,50.46082949308756,0.00014032625855109337,0.0001578670408699523,0.00032450447289944506,0.0
1776714900,AUDJPY,bullish_exhaustion,114.022,114.043,114.013,114.036,397.0,1.887011601880422,12.84650435478243,0.02079543803209974,5.836144578314145,1.5818145792712395,-2.6475400555774797,10.914190237496015,97.76010048149041,0.036376707359081085,1,0.4444496947720056,38.0184331797235,1.7538321231747034e-05,0.00018415237293489817,0.0001666140517029291,0.0
1776716400,AUDJPY,bullish_exhaustion,114.037,114.05,114.032,114.045,74.0,1.2048693344189336,8.15817777637765,0.017098513744575158,6.41948717948768,1.8554145839499687,-2.321295679467724,-11.572785036052991,105.79763663226427,-0.03183104717300145,1,0.4600459199282245,33.33333333333333,-0.00016660090315234743,-0.00016660090315234743,6.137928010874205e-05,1.0
1777270200,AUDJPY,bullish_exhaustion,114.152,114.196,114.151,114.181,491.0,2.961975383053383,33.95260455913377,0.026962204119522572,4.939953596287994,1.6275518539687357,-0.11055477601169628,-13.525228126676787,55.831636116759334,-0.042063993502269234,1,0.3488289764565073,2.207505518763797,0.00022770863803955876,0.00022770863803955876,-2.627407361999179e-05,0.0
1777399800,AUDJPY,bullish_exhaustion,114.619,114.63,114.611,114.626,254.0,1.3973056563307544,10.437891482519365,0.020626085829443024,4.021510574017913,1.261731303854452,-2.4151820340465804,-9.753168944336714,82.31649491047182,-0.020924637694578932,1,0.4136908035262247,11.920529801324504,0.00010468829061460738,0.00011341231483252834,0.00015703243592213312,0.0
1777400100,AUDJPY,bullish_exhaustion,114.624,114.649,114.624,114.638,386.0,1.339940539665405,10.008927856093282,0.019564691837411625,4.546878980891505,1.33179778259734,-3.7923133500752613,-2.1713849016390725,107.69230769231146,0.0100696514498165,1,0.5345670320968767,70.41942604856513,8.7231110101893e-06,5.233866606180193e-05,0.0,0.0
1777400400,AUDJPY,bullish_exhaustion,114.639,114.651,114.63,114.639,566.0,1.3042989369141305,9.332545633239173,0.01906606203573277,4.511111111109204,1.3561036570189313,-2.780656021102402,6.2785752259443655,106.933333333324,-0.0015852451656721113,1,0.5074600017239527,59.60264900662252,4.361517459172681e-05,-8.72303491827875e-06,4.361517459172681e-05,1.0
1777400700,AUDJPY,bullish_exhaustion,114.64,114.653,114.627,114.644,576.0,1.2313650065809145,8.853299339502495,0.019314449201754416,4.506193548385166,1.33323391897715,-4.101825500987914,7.3088023087994,102.1823326143831,0.002752246402309391,1,0.5044564661798545,57.836644591611474,-5.233592686926247e-05,0.0,4.361327239110757e-05,0.0
1777401000,AUDJPY,bullish_exhaustion,114.644,114.646,114.626,114.638,466.0,1.2282416661358566,8.659113498478339,0.01906622835110932,4.135032679736736,1.3091078852825508,-4.766788339060824,0.6607427660029686,83.40727595385438,-0.026659088820459132,0,0.5337345023917759,69.97792494481236,5.233866606180193e-05,9.595422111341456e-05,0.0002878626633402437,0.0
1777401300,AUDJPY,bullish_exhaustion,114.639,114.648,114.632,114.644,322.0,1.2489372946618553,8.586817122229865,0.01850448842877649,4.360269360267909,1.322425877260952,-12.492900882441234,-0.9817647567165295,91.64532070684612,-0.008804596715382206,0,0.49884010877165397,53.64238410596026,4.361327239110757e-05,0.00023551167091162561,0.00015700778060789844,0.0
1777432200,AUDJPY,bearish_exhaustion,114.371,114.377,114.332,114.335,391.0,1.3644234666195534,23.231780638861224,0.042106841424634264,-4.326290801187126,-1.3166803362959,0.034024433878604744,20.890269151137538,-72.25052957005362,0.037973459825520216,0,0.6629468722776358,98.67549668874173,-0.00012244719464726828,-5.247736913460699e-05,-0.00012244719464726828,0.0
1777433700,AUDJPY,bearish_exhaustion,114.346,114.352,114.319,114.323,191.0,1.4386140655150728,21.483679049250664,0.037987606543365485,-4.438552631579404,-1.2228381544604459,1.0570009966875988,-1.9204877652388035,-56.31673242822022,0.011321973481098667,0,0.5737738701554672,87.19646799116998,0.0001224600474096782,0.0001312071936530046,0.00020993150984494058,1.0
1777434000,AUDJPY,bearish_exhaustion,114.321,114.35,114.316,114.337,177.0,1.395051715404963,19.419547108473285,0.037733067286055334,-4.000662251656357,-1.1564910232408292,1.2037241958463676,8.403204693158777,-48.97732016140448,0.03341425573249869,0,0.5344424725951327,70.19867549668875,8.746075198740044e-06,8.746075198740044e-05,-0.0002711283311614965,1.0
1777434300,AUDJPY,bearish_exhaustion,114.342,114.351,114.327,114.338,187.0,1.2236785491524669,16.521519619539838,0.03617095178955587,-4.000759930916005,-1.1299040004408718,4.932348590934109,8.311136478940519,-38.657171922694715,0.026975270942201396,1,0.5271366587890133,67.3289183222958,7.871398835024301e-05,-0.00027987195857892555,-0.00018366597281749275,0.0
1777551600,AUDJPY,bearish_exhaustion,111.91,112.024,111.857,111.976,2389.0,1.4086816017196202,111.49174434198216,0.20986639994284348,-4.669361702127709,-1.5760326573091958,1.0100359077764582,-3.5601609642470606,-35.44672453105291,0.0693640129800342,1,0.8615617659698684,92.68817204301075,0.00010716582124747909,0.0005268986211330873,0.0013574337358004396,1.0
1777551900,AUDJPY,bearish_exhaustion,111.975,112.071,111.975,111.988,1845.0,1.3566247216544987,100.6741496320004,0.19613070788196624,-4.746250406504201,-1.5585895445558844,4.004249143942756,5.562869072451981,-15.048082372123325,0.05522339234442932,1,0.8732087706594825,94.6236559139785,0.00041968782369528057,0.0012501339429225045,0.002527056470336131,1.0
1777552200,AUDJPY,bearish_exhaustion,111.988,112.044,111.96,112.035,1544.0,1.6017513552195086,96.24056435363214,0.186867624275577,-4.558812691914022,-1.493706382313617,12.17539594774769,10.522783890865924,-8.90014471780368,0.05238806725209914,1,0.8882099129817698,96.55913978494624,0.0008300977373143503,0.0021064845807114985,0.0014638282679519943,1.0
1777552500,AUDJPY,bearish_exhaustion,112.034,112.152,112.034,112.128,1734.0,1.7865563527802917,90.00966798535036,0.17715722847358067,-4.1392880258899485,-1.402179559184413,23.746356727547933,8.017705248182324,25.970466855816976,0.06257663709800841,1,0.8655378397739776,93.76344086021506,0.0012753281963471252,0.0006332049086756886,-0.00011593892694072849,1.0
1777553400,AUDJPY,bearish_exhaustion,112.199,112.22,112.094,112.115,1452.0,1.5979640300591975,70.7742770713745,0.14169124814444467,-4.585629496402651,-1.190532986013131,9.590286650360866,-11.17545625492572,64.42281697755702,-0.038973046842746294,1,0.8989764917106067,98.06451612903226,1.7838826205318625e-05,-1.7838826205207603e-05,-0.0006332783302858136,0.0
1777553700,AUDJPY,bearish_exhaustion,112.115,112.188,112.115,112.117,1325.0,1.4968047153910704,65.44518862404439,0.12149298118419818,-5.073623492395994,-1.2640207597630038,5.898808204121082,-19.416313140468084,69.71858476171771,-0.046515745336635266,1,0.8769623357581616,95.6989247311828,-3.5677015974400206e-05,-0.0006511055415325817,-0.00033893165175669093,0.0
1777554000,AUDJPY,bearish_exhaustion,112.123,112.155,112.084,112.113,2048.0,1.4739487940338365,61.92298874809408,0.10932847089225171,-5.407948717948606,-1.2829831949046806,3.5012362309717844,-20.744304635457517,65.77659101023826,-0.05458035991901421,1,0.7196497967688466,87.95698924731182,-0.0006154504829948282,-0.00030326545538883476,0.0007224853496026196,0.0
1777554300,AUDJPY,bearish_exhaustion,112.111,112.204,112.044,112.044,1789.0,1.4301495998556264,60.90262517309305,0.11169081534295351,-5.571712328766821,-1.1928713006822367,2.0265348552643587,-17.67805202360149,59.816987508079976,-0.08715053901229751,1,0.7095449314465533,87.52688172043011,0.0003123772803541591,0.0013387597729463963,0.0010977830138161337,1.0
1777554600,AUDJPY,bearish_exhaustion,112.041,112.104,111.77,112.079,2477.0,1.26724591572086,61.52357721301667,0.11968598679757865,-4.692460063897581,-1.0327477145923263,1.1512257410261242,2.138590675243595,10.719322990128795,-0.04854784973242109,0,0.43557666043156323,20.43010752688172,0.001026061974143344,0.0007851604671704759,0.00018736783875650254,1.0
1777590300,AUDJPY,bullish_exhaustion,112.811,112.856,112.811,112.847,283.0,1.7280379207002623,19.24722833925906,0.030572367896355507,4.2191304347822545,1.1881360858070178,-0.696925196356915,10.143593608180183,105.55671756257446,0.0424395928460024,1,0.5142010119142196,44.73118279569893,0.0005316933547192537,0.0005051086869831689,8.861555911998664e-05,0.0
1777650900,AUDJPY,bullish_exhaustion,113.156,113.177,113.132,113.134,1042.0,1.2686209884331445,23.691668631043143,0.046278875366506225,4.038417462482307,1.3462629900605305,-0.31424573768291,-3.6757776930746076,65.01240694788376,-0.06534753568391093,1,0.5734871415457717,64.08602150537635,-0.0002121378188696399,-1.7678151572386724e-05,0.00014142521257975993,1.0
1777982700,AUDJPY,bullish_exhaustion,113.124,113.145,113.113,113.134,1220.0,1.9300690298654675,23.83393557679728,0.03339907922084877,7.446729678638756,2.184587616420685,-1.2695961822134905,-16.957250462408126,91.78884852985856,-0.034826488126726944,0,0.43344629002690493,19.56989247311828,7.955168207618435e-05,0.0005391836229602376,0.0006982869871126063,0.0
1777983000,AUDJPY,bullish_exhaustion,113.134,113.168,113.093,113.143,1486.0,1.7686652476675406,24.09190882964563,0.03491157208134911,7.0253164556957834,2.038229916999218,-2.7464480728025507,-5.799880745417276,86.12198729662346,-0.021013511366296728,0,0.4202972833656231,16.129032258064516,0.0004595953792987384,0.0006186860875174727,0.0008396454044881096,0.0
1777983300,AUDJPY,bullish_exhaustion,113.142,113.196,113.133,113.195,944.0,1.8433810584011734,25.62905312440932,0.03615757889356594,7.719301919720262,2.0070449830955,-5.504508185435611,11.218124230794132,114.99413295238911,0.0555404738475824,1,0.40859394019484424,11.827956989247312,0.00015901762445347245,0.0003798754361943324,0.000247360749149772,0.0
1777984800,AUDJPY,bullish_exhaustion,113.187,113.198,113.164,113.172,528.0,1.4854197145604384,23.74039091101059,0.03629115732816403,5.669147826087035,1.8644682380931894,-6.262291318832794,-24.179725542528416,66.01525262155066,-0.09008945525092613,1,0.41434008449165377,13.333333333333334,7.952497084073862e-05,0.00030042766762106154,0.00025624712826499696,0.0
1777985100,AUDJPY,bullish_exhaustion,113.171,113.201,113.171,113.181,610.0,1.385503357504118,21.504842420382705,0.03666693172882394,5.519036144578571,1.7417696184355669,-18.045389663564464,-22.244848031315744,68.6306601200508,-0.05226344209260474,1,0.4653213801081177,26.881720430107524,0.00022088513089668638,0.00017670810471726028,0.0007510094450482452,0.0
1777985400,AUDJPY,bullish_exhaustion,113.183,113.209,113.175,113.206,407.0,1.2472872429033557,19.490129188193666,0.036785026538220626,5.7921097770154635,1.683135897432539,-22.70082223862424,-6.04103045963576,77.19791483629727,-0.0013226639795720283,1,0.5055339527139517,40.64516129032258,-4.416727028611067e-05,0.0005300072434324399,0.0007950108651484378,0.0
1777986300,AUDJPY,bullish_exhaustion,113.267,113.305,113.266,113.296,787.0,1.3435535175130635,19.94438532640265,0.03915155244416617,6.565346215781272,1.636410730353049,-5.980822225171908,19.388688740207357,169.5475617206298,0.0844758382908856,1,0.6018299323503429,72.47311827956989,-0.0001765287388787451,-7.943793249542974e-05,0.0,1.0
1777987800,AUDJPY,bullish_exhaustion,113.27,113.272,113.236,113.261,855.0,1.3822633483025568,19.632393475332645,0.03613650897358219,4.929075043629995,1.6166586309385507,-1.959664046523752,-16.512072780295703,60.327017295305225,-0.05893370809881532,0,0.41739062708937474,14.623655913978496,-0.0002118999479079342,-0.00012360830294622094,9.712080945778467e-05,1.0
1777988100,AUDJPY,bullish_exhaustion,113.262,113.271,113.229,113.237,795.0,1.264586184829717,18.49630761024255,0.03576569495835944,4.1471604938265605,1.4950408796226384,-5.676179245629939,-21.94350578453871,39.65623081642701,-0.08425544157892184,0,0.48239296964356676,32.903225806451616,8.831035792189468e-05,0.00030908625272663137,0.00045038282540166286,0.0
1778006700,AUDJPY,bullish_exhaustion,113.49,113.502,113.49,113.499,192.0,1.2295880768356404,7.32540753620948,0.014852239100912056,4.078983050848676,1.3040547760175314,-6.0283143157116e-08,-7.43055555555901,100.98201094997093,-0.003888698784838337,1,0.5147117749248574,44.946236559139784,-9.691715345505614e-05,-0.0002114556075384355,-0.00029075146036527943,1.0
1778036100,AUDJPY,bullish_exhaustion,114.111,114.159,114.111,114.159,424.0,1.8232628484418738,27.31010417683789,0.03822988738764398,8.107626841243361,2.2071606300074755,-0.1375854105692298,7.183742183746034,116.11251938082401,0.022649760515715014,1,0.4312821856429003,18.9247311827957,0.000832172671449527,0.0011913208770224504,0.000832172671449527,0.0
1778038200,AUDJPY,bullish_exhaustion,114.24,114.256,114.204,114.223,455.0,1.996086207957777,34.48793339200292,0.040522236577323345,6.8301851851850195,2.201239826944,-0.17261906532260696,-18.316733053714355,75.69559174467848,-0.09659895205137663,0,0.3721364026051153,7.096774193548387,-0.00029766334275938,-0.0002451345175665809,-0.0007266487485007023,1.0
1778038500,AUDJPY,bullish_exhaustion,114.223,114.241,114.167,114.189,660.0,1.8234489638142108,32.84438709656642,0.04266110195753259,5.546627565982326,1.9249346697104186,-2.3622577805157334,-14.438483748222641,46.34146341462272,-0.11778875686100179,0,0.4200039058875515,15.913978494623656,5.2544465754200687e-05,-0.00042911313699212084,-0.0005166872465823813,1.0
1778038800,AUDJPY,bullish_exhaustion,114.191,114.197,114.145,114.195,521.0,1.6418386968956993,30.433425073705592,0.04365965485103938,5.29994269340931,1.7414674791806195,-7.084593519284184,1.309499100386212,23.784282757454182,-0.07334683473631794,0,0.48963812696590026,35.26881720430107,-0.000481632295634582,-0.0005692018039318292,-0.000796882525504583,1.0
1778040600,AUDJPY,bullish_exhaustion,114.129,114.196,114.129,114.196,295.0,1.3836452124998553,21.812646052668153,0.03921828635478911,4.509027113236788,0.934015096133761,-5.53749400310807,24.240599017384937,-6.040134272048935,0.12386454760317726,0,0.6327641162808714,80.0,-0.00030649059511711485,-8.756874146198523e-05,-0.005280395110161429,1.0
1778041200,AUDJPY,bullish_exhaustion,114.161,114.187,114.161,114.186,200.0,1.3100633598888853,19.917083244811945,0.03590632827141669,4.139512195121572,0.9214231795680016,-1.9000624621818885,16.219291633341413,-10.060503728751511,0.078616641144452,1,0.5667323851191588,62.58064516129033,-0.005193281137792716,-0.008153363809924263,-0.010430350480794548,1.0
1778047500,AUDJPY,bearish_exhaustion,113.312,113.316,113.264,113.308,1212.0,3.8213889967911365,80.25623188635933,0.07451245404435045,-5.000676818950905,-1.2834768163998473,15.032292319828372,-0.7335257335233507,60.95763030343957,-0.014347037684366007,1,0.6484623726055274,81.93548387096774,0.0001235570303950162,0.000255939562961105,0.0002912415716453953,1.0
1778047800,AUDJPY,bearish_exhaustion,113.307,113.344,113.262,113.322,1245.0,3.8724818738812665,81.05304071287036,0.06756978218830303,-5.157537313432625,-1.2657394957621797,9.798261125195978,-1.0008832308453322,68.37022198335656,-0.014334294108315422,1,0.4120329333795722,12.903225806451612,0.0001323661777943297,0.0001676638252059437,-8.824411852959013e-05,1.0
1778048100,AUDJPY,bearish_exhaustion,113.323,113.355,113.298,113.337,895.0,4.092674369595794,81.59787914196701,0.05583852959379107,-5.7934085778781,-1.35343939846794,6.040208699287234,0.20088811816435737,70.65297656887768,-0.016106355199576615,1,0.3429577528935114,4.301075268817205,3.5292975815393035e-05,-0.0002205810988468171,-0.0006176270767711545,0.0
1778048400,AUDJPY,bearish_exhaustion,113.333,113.349,113.303,113.341,848.0,4.153017202653064,80.87810311122455,0.05419801433600586,-5.684651162791008,-1.2295819969996065,3.5906381997618837,2.6090397058098773,67.14004733806722,-0.028175696334115877,1,0.3170871530309545,2.3655913978494625,-0.00025586504442343116,-0.0006528970099081155,-0.00031762557238768085,0.0
1778048700,AUDJPY,bearish_exhaustion,113.342,113.349,113.268,113.312,865.0,3.6454261265764396,71.61779216040547,0.05421188526243771,-5.913534883721149,-1.1241320227993932,2.0805893740811428,-3.1234188197258845,57.05094254497802,-0.07000084708955731,1,0.28519721984392116,0.8602150537634409,-0.0003971335780853513,-6.177633436876828e-05,-0.00045008472183005743,0.0
1778049000,AUDJPY,bearish_exhaustion,113.312,113.324,113.254,113.267,819.0,1.7405047092449066,35.84122090466561,0.05335055349622813,-6.49130023640684,-1.105132109363969,1.182929731185311,-17.21722657448361,39.2324600487275,-0.11260135338264274,1,0.3601871130851223,5.806451612903226,0.00033549047825065514,-5.297218077637833e-05,0.0005650365949483316,0.0
1778049300,AUDJPY,bearish_exhaustion,113.268,113.311,113.263,113.305,510.0,1.3607138925822388,27.58364155354596,0.051000144994232485,-5.858195302843223,-1.059239376648066,0.6627835398415982,-15.186249807774658,43.58596069432003,-0.048509677295157906,1,0.5979755906618961,71.61290322580646,-0.0003883323772120306,0.00022946913198884644,0.0002559463395259698,1.0
1778688000,AUDJPY,bullish_exhaustion,114.618,114.656,114.614,114.647,478.0,1.7315293158439735,25.685918485289353,0.039936251524865574,4.2677067082686255,1.4310362526394145,-1.2999453633815676,-10.245966231317214,43.67879594518121,-0.05933634334719634,0,0.4954827110003834,50.38167938931297,0.00023550550821216376,6.977940984054243e-05,-1.744485246024663e-05,0.0
1778688300,AUDJPY,bullish_exhaustion,114.649,114.674,114.629,114.674,480.0,1.5871273877944962,24.538952642299513,0.03899252290343499,4.8423003194892695,1.428830248142642,-1.7215977595542284,9.98877433097433,57.020980238509296,-0.008403632545709418,0,0.5318251957712198,67.43002544529261,-0.00016568707815201034,-0.0002528908034952204,-0.0001308055880147041,1.0
1778688600,AUDJPY,bullish_exhaustion,114.672,114.677,114.642,114.655,457.0,1.6350105593576094,24.07971574584418,0.03850059495256011,4.361747572815654,1.3675332426985378,-1.1086519236146017,19.104248268137656,50.52939424303635,-0.04106972515515507,0,0.586937534939755,89.31297709923665,-8.721817626800021e-05,3.4887270507155677e-05,-0.00018315817016267832,0.0
1778688900,AUDJPY,bullish_exhaustion,114.653,114.666,114.637,114.645,430.0,1.646272020241392,23.15277278635829,0.0361363962044331,4.284482758620474,1.3546575358208008,-2.1030320075834794,11.784485500327655,36.54548951722863,-0.048969754488771555,0,0.5473840844228671,75.31806615776081,0.0001221160975184432,-9.594836233584036e-05,-4.3612891970856715e-05,1.0
1778689200,AUDJPY,bullish_exhaustion,114.644,114.691,114.635,114.659,898.0,1.4617392015487498,21.780478890788974,0.036754949147347685,4.414983050848051,1.2640976291568264,-5.771759951680409,2.377025215338058,46.48241206030967,-0.012002785010277557,0,0.5128034252492911,57.25190839694656,-0.0002180378339250444,-0.00016570875378296712,-0.000279088427423968,1.0
1778813100,AUDJPY,bearish_exhaustion,113.98,113.996,113.98,113.989,450.0,2.09285486997429,24.893029897436005,0.038600215810295685,-4.355000000000212,-1.4168937976083789,1.7990690433435772,9.660493827161233,-19.957792089607324,0.07168440807029482,1,0.49543043972426126,53.266331658291456,0.0005439121318724371,0.00033336550017981637,0.00028072884225660566,1.0
1778825400,AUDJPY,bearish_exhaustion,113.646,113.648,113.544,113.569,1014.0,1.7261518642015845,42.13927014746489,0.060441544033014286,-4.479125910509972,-1.370982183617954,0.47698420180905976,11.145530309532951,-92.04253758708926,0.009289804757864277,1,0.5932712892126291,95.47738693467338,5.283131840561062e-05,-1.761043946857388e-05,7.92469776083049e-05,0.0
1778827800,AUDJPY,bearish_exhaustion,113.546,113.546,113.43,113.453,1064.0,1.2856379372624331,24.308458637110903,0.05974783768231083,-5.292265542677051,-1.225432377049746,3.392658765479659,-5.155973553274965,-157.96408016088614,-0.08011511594904759,0,0.5804553751722303,93.21608040201005,-0.00014102756207423628,0.00036138312781508475,0.0005905529161855938,1.0
1779278100,AUDJPY,bullish_exhaustion,113.33,113.355,113.326,113.355,373.0,1.312852799908062,17.982618344555824,0.030876450090423568,4.571428571428927,1.4713976909161885,-4.337033756659949,-16.1925133809254,59.065512371826635,-0.03645606187265717,0,0.4667513011732216,34.17085427135678,0.00036169555820197985,0.00017643685765955652,0.0002999426580212461,0.0
1779278400,AUDJPY,bullish_exhaustion,113.359,113.398,113.35,113.396,715.0,1.286632040162738,18.485227887659104,0.0326290168965396,5.239459459459859,1.4227018507296088,-4.787408389072951,11.165942212235496,100.02171238326838,0.03965759064185744,0,0.5347091595590373,78.89447236180904,-0.00018519171752096053,-6.173057250702385e-05,-0.00037038343504181004,1.0
1779278700,AUDJPY,bullish_exhaustion,113.396,113.397,113.366,113.375,338.0,1.270694883004726,18.210372262740826,0.032320050401638385,4.537309941520648,1.398877096562819,-1.8737536512258686,20.92321234261911,86.6073989102437,-0.02302949907653298,0,0.5485885373240759,84.42211055276381,0.0001234840132304793,-0.00018522601984560794,-9.702315325244015e-05,1.0
1779279000,AUDJPY,bullish_exhaustion,113.374,113.393,113.362,113.389,392.0,1.3252354521418568,18.1489203754287,0.03256803695999802,4.72912959381026,1.3731764926371073,-1.5341307898364107,18.266060768064136,80.48606147247578,-0.00026340998081844083,0,0.5340374604391012,78.14070351758794,-0.0003086719170289909,-0.00022047994073493005,-0.0003086719170289909,1.0
1779387900,AUDJPY,bullish_exhaustion,113.81,113.816,113.794,113.804,801.0,2.2890411400259945,35.015521941960806,0.040859723735545084,4.088602150537206,1.293737381893563,-1.4600811072699287,20.58685570115061,46.84138217071939,-0.024703836017464953,0,0.5087411756150709,60.80402010050251,-1.7574074724913125e-05,-0.00021088889669962363,-0.00018452778461219843,1.0
1779388200,AUDJPY,bullish_exhaustion,113.806,113.826,113.792,113.802,715.0,2.0647600725385433,31.871774170851957,0.038161518627590645,4.171907894736531,1.3165761427667815,-2.7024973764085587,16.95567977199527,45.29680365296782,-0.025851177429430296,0,0.5201969752657999,68.34170854271356,-0.00019331821936352522,-0.00016695664399579702,-0.0006590393841936493,1.0
1779690600,AUDJPY,bullish_exhaustion,113.867,113.892,113.855,113.886,333.0,3.273503814513511,35.30369844537279,0.026404850966253994,7.4422802850351975,2.3176842873797114,-1.2619245935638617,-0.8636336928282304,18.84802952420676,-0.034173763919557995,1,0.47362967138884166,38.19095477386934,0.000105368526421179,-0.00012292994749130148,-8.780710535083447e-05,1.0
1775148900,AUDNZD,bullish_exhaustion,1.20717,1.20729,1.20712,1.20719,733.0,1.2007222853178354,9.829570135402642,0.02278017544877023,4.727999999999743,1.4177536676069835,-17.937269400489058,-9.6477596477485,78.50112652674683,-0.022788913907518245,1,,,8.28370016319191e-05,5.798590114225455e-05,0.00020709250407979773,0.0
1775149500,AUDNZD,bullish_exhaustion,1.20731,1.20734,1.20721,1.20726,834.0,1.2524455967910657,9.50520453586523,0.02147720576228381,4.9011570247932505,1.4111478976327556,-9.197520982806303,2.873563218375324,82.56236840424289,-0.012015492138890081,1,,,0.0001490979573579576,0.0001159650779452015,0.0001739476169175802,0.0
1775149800,AUDNZD,bullish_exhaustion,1.20724,1.20745,1.20724,1.20744,895.0,1.2940946131274762,9.692291564285279,0.021059904780836372,5.475730337079452,1.4348727101255787,-5.777061399574162,9.283226352192436,105.02500056560622,0.03200325968989799,1,,,-3.312794010468245e-05,2.4845955078456328e-05,-0.00010766580534016246,0.0
1775150100,AUDNZD,bullish_exhaustion,1.20744,1.20751,1.20733,1.2074,1075.0,1.3771762364182687,9.812222519438253,0.019108355616556758,5.629473684211178,1.546143218115539,-3.4776811538725863,5.875548461758484,106.56038116171752,0.0035039928972036044,1,,,5.7975815802580044e-05,-7.454033460319032e-05,-0.00011595163160516009,1.0
1775150400,AUDNZD,bullish_exhaustion,1.20739,1.20752,1.20729,1.20747,458.0,1.305658940763656,9.388829213696727,0.01881147002765039,5.787547169811718,1.5490280336268936,-2.0334158039790458,7.656197311377397,105.1088470277651,0.014412252330034209,1,,,-0.0001325084681191857,-0.0001739173644066394,-0.0003064258325258251,1.0
1775172600,AUDNZD,bullish_exhaustion,1.20861,1.20872,1.2086,1.20871,71.0,1.5686573466047045,7.009529196338129,0.010577983375430963,4.315754189946569,1.2265440522905098,-9.211099075561762,11.707818930018107,137.15658623212818,0.044496800222642845,1,,,2.4819849260726556e-05,-6.618626469534483e-05,-6.618626469534483e-05,1.0
1775178600,AUDNZD,bullish_exhaustion,1.20914,1.20914,1.20901,1.20904,62.0,1.5742439995424966,7.031700112601966,0.011224962425915324,4.279578947368746,1.2994966434235566,-0.5943413398979942,-3.394636015349917,44.520159000439754,-0.08750345517283792,1,,,0.0001075233242904261,0.00013233639912679784,0.0002150466485808522,0.0
1775178900,AUDNZD,bullish_exhaustion,1.20907,1.20918,1.20905,1.20917,51.0,1.519646004696866,7.039102194817471,0.011578189998097644,4.6471428571441455,1.2339772484874028,-5.877069816875718,0.225240914897455,62.17765868544585,-0.0011913401736364574,1,,,2.4810407138753376e-05,0.0001075117642679313,4.962081427750675e-05,0.0
1775179200,AUDNZD,bullish_exhaustion,1.20918,1.20929,1.2091,1.2092,40.0,1.5012610039813812,6.755098347764264,0.012227683001748594,4.259516908214121,1.1521798959316603,-10.16385706160662,4.3184223184365536,77.88944723622707,0.005615523197092736,1,,,8.269930532578407e-05,2.4809791597801834e-05,4.961958319538162e-05,0.0
1775179500,AUDNZD,bullish_exhaustion,1.20923,1.20932,1.2092,1.2093,56.0,1.5143250884052346,6.513088813846364,0.012108539769169207,4.732682926829907,1.1918059429821817,-21.998757597728066,17.661546338988792,100.60349255260121,0.040350030832965636,1,,,-5.78847267014293e-05,-3.307698668653103e-05,-4.134623335827481e-05,1.0
1775179800,AUDNZD,bullish_exhaustion,1.20931,1.20934,1.20922,1.20923,54.0,1.3649205413209609,6.005831234100884,0.011341337639890802,4.3516666666673105,1.2410276474042976,-14.943674226563168,4.805039643742276,93.37028352163951,-0.014958889760161641,1,,,2.48091760872704e-05,1.653945072477292e-05,0.0001736642326108928,0.0
1775180100,AUDNZD,bullish_exhaustion,1.20926,1.2094,1.20926,1.20926,47.0,1.2184592143944848,5.643436296336249,0.011813600289196945,4.205600000001249,1.170889255383,-13.56637346845973,-3.4295334295491386,109.30761389478779,-0.003714616196992149,1,,,-8.269520202497382e-06,0.00014885136364384266,0.0001405818434414563,0.0
1775180400,AUDNZD,bullish_exhaustion,1.20925,1.20931,1.20923,1.20925,28.0,1.2746736442736466,5.482009319508264,0.010927670634101005,4.272648648647707,1.2280028272381422,-10.952067320638594,-10.550435227873265,85.4047163798797,-0.015743974278533485,1,,,0.00015712218317154303,0.00014885259458341515,0.00015712218317154303,0.0
1775566500,AUDNZD,bullish_exhaustion,1.21615,1.21663,1.21612,1.21663,721.0,1.971211783035256,19.7809457933795,0.027769917136448014,4.662325581394348,1.306581626484631,-0.05992305164515699,2.051048790184126,92.83014190990983,0.031162483304817596,1,,,-8.219425790989554e-06,2.4658277372635595e-05,6.57554063272503e-05,0.0
1775568900,AUDNZD,bullish_exhaustion,1.21659,1.21678,1.21652,1.21655,411.0,1.2528397394231818,10.587810365420289,0.020784771925292825,4.280677966102608,1.6127350852289766,-2.3478936542461213,-26.428864649306785,49.66139954850111,-0.10505697019204835,0,,,-4.93197977887716e-05,-0.0002794788541367055,-0.00045209814639768364,1.0
1775622600,AUDNZD,bearish_exhaustion,1.21173,1.21194,1.21165,1.21178,438.0,3.0612779218364063,62.7113167713936,0.07668765900458233,-4.289100691775896,-1.407273809090935,0.3569710249825967,0.3915504506008318,-31.705056923497,0.06678038642558393,1,,,7.427090726030983e-05,6.601858423138651e-05,2.4756969086769942e-05,1.0
1775622900,AUDNZD,bearish_exhaustion,1.21178,1.21197,1.21156,1.21187,406.0,2.777116431359753,56.99165293295203,0.06943224697604367,-4.493310696095195,-1.4357409486334074,1.2661469585570075,-0.8267994681885682,-26.001599868430098,0.05960726323589193,1,,,-8.25171016693993e-06,-4.9510261001528555e-05,-1.6503420333768837e-05,0.0
1775623200,AUDNZD,bearish_exhaustion,1.21187,1.21188,1.21149,1.21186,465.0,2.403226615152586,48.45548719338387,0.0666036387984473,-4.54392920354033,-1.383896775009258,3.113070328340913,-4.379617155383286,-22.24976869942567,0.0411727077412991,1,,,-4.125889129102944e-05,-8.251778258139275e-06,-0.00028881223903742814,0.0
1775623500,AUDNZD,bearish_exhaustion,1.21186,1.21189,1.21164,1.21181,233.0,2.0886498947590812,39.9826374329591,0.052047291713575396,-5.68530011325066,-1.644024376156119,6.322539615284148,-7.346067570346307,-11.729902652146233,0.028226962299920062,1,,,3.3008474926043974e-05,-0.00024756356194455265,-0.00027231991813914114,0.0
1775623800,AUDNZD,bearish_exhaustion,1.21186,1.21194,1.2117,1.21185,305.0,2.971018912312808,39.91031427142837,0.04420631973546975,-6.375413333333615,-1.790415989307492,14.659576462704827,-5.746306348709709,-3.0755314337568413,0.02309984881291378,1,,,-0.00028056277592114487,-0.00030531831497315753,-0.00039608862482987117,0.0
1775624100,AUDNZD,bearish_exhaustion,1.21182,1.21184,1.21121,1.21151,785.0,2.6095382885159,36.092007608205854,0.045633725091593504,-6.551059431524507,-1.6539927997155242,22.235275771249515,-9.914476361835717,-22.592625342682517,-0.02988638818309952,1,,,-2.476248648397572e-05,-0.00011555827025777621,-0.00010730410809667301,0.0
1775624400,AUDNZD,bearish_exhaustion,1.21151,1.21155,1.21113,1.21148,651.0,2.180864590044482,27.359422795058357,0.04516317703493851,-6.404908616188142,-1.5925447910402717,18.570417181329013,-9.391469929972935,-24.693407100083245,-0.026582258389831154,1,,,-9.07980321588342e-05,-8.254366559912185e-05,-0.0002558853633570779,0.0
1775624700,AUDNZD,bearish_exhaustion,1.21148,1.21149,1.21087,1.21137,613.0,1.742997154232277,21.408146033963906,0.04552106882526391,-6.294922279792641,-1.5168754829276092,13.011592856511015,-8.888760688697985,-30.915845217550196,-0.03295511902701577,1,,,8.255116108024652e-06,-0.00016510232216415677,0.00016510232216404575,0.0
1775720400,AUDNZD,bearish_exhaustion,1.20552,1.20556,1.20481,1.20488,649.0,1.2209162554814557,17.2526811600468,0.03201267227560081,-4.0351111111117115,-0.9648854880709237,0.6184618990700284,1.0569933693352027,-118.19989155978999,-0.06087285243251573,0,,,1.6599163402242212e-05,0.00012449372551626148,0.000506274483766056,1.0
1775762400,AUDNZD,bullish_exhaustion,1.20871,1.20881,1.2087,1.20873,718.0,1.5388294476063535,10.33994838386635,0.016900855797875196,4.267552447552996,1.507310553955983,-0.7158210653213928,-22.84752284752748,71.18644067799136,-0.07505542020370676,0,,,9.100460814237543e-05,-6.618516955825271e-05,1.6546292389563177e-05,1.0
1775762700,AUDNZD,bullish_exhaustion,1.20874,1.20892,1.20873,1.20884,559.0,1.604039835354552,10.193742711370177,0.01642660968956731,4.792230215826889,1.515752372737869,-1.8713365324724833,-14.090013109632515,82.11233211238054,-0.026970684137942125,0,,,-0.00015717547400806442,-7.445154031959778e-05,-4.13619668441223e-05,1.0
1775763600,AUDNZD,bullish_exhaustion,1.20874,1.20883,1.20874,1.20879,395.0,1.4102884599358978,9.055117511078373,0.01648638012274155,4.161863799283612,1.2654695323137914,-9.68199789528559,6.03602552133237,60.1531506597034,-0.01251950948236714,0,,,-1.6545471091089503e-05,0.00011581829763640528,4.136367772722416e-05,0.0
1775763900,AUDNZD,bullish_exhaustion,1.20881,1.20881,1.20872,1.20877,402.0,1.3877280227290607,8.404811899232485,0.015245722038573809,4.245581395349075,1.2984152124744224,-13.338893232301288,11.243635050917753,50.395858708970586,-0.020105797163913412,0,,,0.00013236595878463042,5.791010696820642e-05,0.00013236595878463042,0.0
1775764200,AUDNZD,bullish_exhaustion,1.20878,1.20893,1.20872,1.20893,601.0,1.2754383000145526,7.386755156001862,0.015184620165881735,4.968093385213862,1.3030400053637412,-20.007241256270625,17.02908876727993,74.82281863600836,0.03977505249871673,0,,,-7.444599770056737e-05,0.0,4.9630665133637564e-05,0.0
1775839500,AUDNZD,bullish_exhaustion,1.21112,1.21125,1.21111,1.21122,232.0,2.1056874533977012,13.493816462789889,0.017809670061121764,6.514172185429435,1.8627746053838983,-0.2882494488058569,10.504334121360657,53.57567683304844,-0.012979291748172863,0,,,0.0,-0.00015686663033953607,-0.00014861049190073583,1.0
1775840100,AUDNZD,bullish_exhaustion,1.21117,1.21129,1.21103,1.21103,360.0,1.4795586151779052,9.382833521172488,0.017694500903010033,5.304133333333851,1.6388925128905967,-0.15762215890424613,-2.547281323880334,26.57839186342652,-0.07026929852463323,0,,,8.257433754543797e-06,-6.605947003801571e-05,4.9544602528373005e-05,1.0
1776061200,AUDNZD,bearish_exhaustion,1.2085,1.20852,1.20831,1.20843,207.0,3.0601218085888124,27.140668874365225,0.02163373728131567,-6.4392349726781,-1.9760923814319682,0.29136000440121007,4.067374868395731,-31.108485922420236,0.03386991231701168,0,0.6376483368239558,82.94930875576037,-9.102720058240532e-05,-0.00016550400105919127,5.792640037083352e-05,0.0
1776061500,AUDNZD,bearish_exhaustion,1.2084,1.20845,1.20828,1.20832,189.0,2.211409339834965,18.73739985504206,0.020453427663439678,-7.033988439306885,-2.0142775469891268,0.5309361732578277,-7.566547721588314,-36.32181704921597,-8.018819049093395e-05,0,0.714228234679874,91.70506912442397,-7.44835805085442e-05,0.00014896716101686636,0.0001324152542372392,1.0
1776145500,AUDNZD,bearish_exhaustion,1.20655,1.20655,1.20613,1.20617,330.0,1.8999952608506445,18.828699603248232,0.02345085210684566,-5.363131313131329,-1.5505553681681847,0.3198979565128932,2.5353094501969267,-77.49535027898855,0.007640111989623792,1,0.7434167471004803,94.23963133640552,-0.00020726763225731304,-0.0003150468010314489,-0.00035650032748280047,0.0
1776733200,AUDNZD,bearish_exhaustion,1.21315,1.21329,1.21311,1.21316,235.0,2.1242529377632926,20.790365185312872,0.026612907024393537,-8.816902654868324,-2.4651567315728036,0.1274915176977704,2.558922558924536,-75.7344201052618,0.044675022613565166,0,0.4869479187648123,46.57836644591612,-8.24293580403701e-06,0.00022255926670844417,0.00013188697286414808,1.0
1776733500,AUDNZD,bearish_exhaustion,1.21317,1.21331,1.21309,1.21315,183.0,2.154101310176735,20.657760726580683,0.026200976207158846,-8.657977528091434,-2.397366809287054,1.1894206841796497,4.572390572389189,-70.08408547403008,0.039315155083124546,0,0.48207287816548616,43.26710816777042,0.00023080410501585824,0.000140131063759652,0.00016486007501126387,1.0
1776733800,AUDNZD,bearish_exhaustion,1.21314,1.21348,1.21312,1.21343,202.0,1.9596516346502908,19.50441128510064,0.02595947026198477,-7.56825396825515,-2.2363843983444402,3.537368540635141,11.967624967629604,-47.32574296440489,0.09189177672233947,1,0.39172163317774694,5.960264900662252,-9.065211837522291e-05,-6.592881336386913e-05,7.416991503417236e-05,0.0
1776734100,AUDNZD,bearish_exhaustion,1.21345,1.21348,1.21327,1.21332,288.0,1.928485237053622,18.813753751984848,0.023548139461501166,-8.392300000001567,-2.3103913814219705,11.272991304268864,10.275835275839725,-41.62986115829628,0.04406106038030204,1,0.5242972647814849,65.78366445916114,2.472554643451197e-05,0.0001648369762305979,0.0001648369762305979,1.0
1776734400,AUDNZD,bearish_exhaustion,1.21332,1.21344,1.21331,1.21335,112.0,2.334423956944382,18.004537954807272,0.022899999411310767,-8.199177377894165,-2.2149851528942635,23.786470754112838,7.860657860663068,-36.40788754777689,0.037147115998356614,1,0.5484405484708997,76.60044150110376,0.0001401079655498627,0.0001401079655498627,-0.0006428483125231477,1.0
1776734700,AUDNZD,bearish_exhaustion,1.21335,1.21357,1.21335,1.21352,171.0,2.1575158346563166,16.214183814501332,0.02254362751099517,-7.41744125326516,-2.0465683698378707,20.9682002476695,2.4313649313580044,-13.196974352234973,0.06207089051379826,1,0.39875627829489396,7.72626931567329,0.0,-0.0007828465950293628,-0.001153668666358909,0.0
1776735000,AUDNZD,bearish_exhaustion,1.21356,1.21368,1.21335,1.21352,246.0,1.6582862221113805,13.118974624339561,0.023014512680938102,-6.889002557545542,-1.82596862266547,15.021583344355193,0.39936914935884715,4.876081536929083,0.032453332851149326,1,0.4119412312004807,11.479028697571744,-0.0007828465950293628,-0.001153668666358909,-0.0006262772760233792,0.0
1776919500,AUDNZD,bullish_exhaustion,1.21425,1.21434,1.21421,1.21426,190.0,2.4390051962727735,16.554247551162675,0.023882858695829623,4.048275862068498,1.377765647031032,-1.1584214043122643,-2.1298253856467557,36.31185475259474,-0.06209701860855516,0,0.4722368869604027,38.18984547461369,-6.588374812632747e-05,9.059015367385292e-05,4.1177342579024057e-05,0.0
1776920100,AUDNZD,bullish_exhaustion,1.21419,1.21442,1.21416,1.21437,373.0,2.1285264821973082,14.515889977807237,0.021763195260563174,4.589729729729615,1.3220586537376664,-6.951966899970785,19.44585162670912,35.96225743280222,0.00128693484741256,0,0.46972177445794044,36.64459161147903,-4.9408335186074126e-05,-0.0001317555604963827,-1.6469445061950694e-05,1.0
1776920400,AUDNZD,bullish_exhaustion,1.21436,1.21439,1.21416,1.21431,266.0,1.906188448751646,12.810638355088969,0.020940757655433868,4.387977528090152,1.2906818004976437,-10.38313722092434,20.33268733851171,25.041590053408324,-0.015706628302861014,0,0.47301419801440037,38.63134657836645,-8.23512941505733e-05,3.294051766022932e-05,0.0,0.0
1776920700,AUDNZD,bullish_exhaustion,1.2143,1.21433,1.21418,1.21421,266.0,1.8230008813889313,11.350342512949549,0.01753050484324176,4.6077852348986745,1.408810727068424,-20.907282622553403,9.511220890331266,6.792259387397663,-0.041797860629914495,0,0.4326366753944765,20.08830022075055,0.00011530130702275265,8.235807644485504e-05,-9.882969173380385e-05,0.0
1776921000,AUDNZD,bullish_exhaustion,1.2142,1.21439,1.21419,1.21435,205.0,1.3587854456066146,8.638708273232357,0.017175561293811443,5.179041095890489,1.3685143509774444,-19.626333578104678,1.0781285746932099,14.849814377370969,0.019128645610482435,0,0.4442994850481217,24.282560706401764,-3.293943261828414e-05,-0.0002141063120189024,-0.00018116687940061826,1.0
1776954300,AUDNZD,bullish_exhaustion,1.21672,1.21697,1.21666,1.21693,1169.0,1.2451734162570636,14.657486247100502,0.027000027000029236,4.067304347826472,1.1941887040799097,-0.35817094753282674,1.2484045815488258,60.54257319367656,-0.020557539724180417,0,0.5476892164889439,76.15894039735099,0.0002136523875653218,0.00014791319139129122,4.930439713035639e-05,0.0
1776963000,AUDNZD,bullish_exhaustion,1.21767,1.21776,1.21765,1.2177,677.0,1.6009214972283234,7.311569940582095,0.0143126972395291,4.312459016391815,1.2850011868224063,-1.4263364321234215,0.9009334626121586,117.93532578910103,-0.007246158003333367,1,0.47554501201105565,40.397350993377486,7.390983000732376e-05,-0.0001231830500123543,0.00025457830335873233,1.0
1776963300,AUDNZD,bullish_exhaustion,1.21767,1.21785,1.21765,1.21779,778.0,1.6131954642655426,7.7384926599932635,0.01319720852645559,4.954133333330249,1.410518928206059,-1.872300732100383,-0.40450588838619694,124.65138838366643,0.01935269462402901,1,0.42067284947625105,15.011037527593817,-0.00019707831399506937,0.00018065512116227644,2.4634789249411426e-05,0.0
1777582800,AUDNZD,bearish_exhaustion,1.21619,1.21622,1.21615,1.21616,7.0,1.2788828399205443,17.131093480229286,0.029836299734998427,-7.037480314960788,-0.7747955428527102,8.331189202221182,-13.75396787161226,-571.216487643029,-0.3978828133996501,0,0.7785079383368902,89.6774193548387,0.0014142875937377397,0.001323838968556812,0.0016527430601236404,1.0
1777875600,AUDNZD,bearish_exhaustion,1.21796,1.21803,1.21783,1.21791,267.0,4.528796548075519,33.01307024061849,0.017418598840870936,-9.047676767675,-2.9144142929225225,0.5082223700948941,8.928571428573733,-23.947967180730803,0.09080094947835467,0,0.2941688380798474,1.2903225806451613,-1.642157466485994e-05,-8.210787332396663e-05,0.00021348047064218,0.0
1777875900,AUDNZD,bearish_exhaustion,1.21792,1.21803,1.21789,1.21789,296.0,3.5101175682296457,25.82103513627016,0.01677374100170824,-9.195944055943178,-2.8376234428631837,1.2782004040951152,-2.605132962273345,-13.860393015086796,0.06091713121560195,1,0.36356612893739765,6.021505376344086,-6.56873773492439e-05,0.00022990582072268673,0.0003202259645782579,1.0
1777876200,AUDNZD,bearish_exhaustion,1.2179,1.21796,1.21763,1.21781,623.0,2.372256616981933,19.322428475624626,0.01759598905294674,-8.847066666665583,-2.5630742841844385,2.804874698781457,-10.083575661078797,-25.801603206410707,0.016105542933044465,1,0.40188651407329157,10.53763440860215,0.0002956126160895689,0.0003859386932278941,0.00014780630804467343,1.0
1777982700,AUDNZD,bullish_exhaustion,1.21932,1.21939,1.21907,1.21934,765.0,1.9049369591685243,14.25037583650389,0.01997567770854908,4.980058651027056,1.6285433650051162,-0.15967328310104278,-3.8751208966280686,28.784463325868284,-0.06111599273241605,0,0.46598002303021974,27.09677419354839,-0.00012301737005271374,6.560926402787715e-05,5.7408106024503525e-05,0.0
1777983000,AUDNZD,bullish_exhaustion,1.21936,1.21942,1.2191,1.21919,876.0,1.4191413998640037,10.848494615063426,0.020036722273451792,4.200818713451861,1.470865724717202,-0.33404445811326866,4.785714285708451,15.055835027971193,-0.08385239711817148,0,0.5221623521238445,47.31182795698925,0.0001886498412879689,0.00018044767427571884,-0.0001476390062254973,0.0
1777983300,AUDNZD,bullish_exhaustion,1.21919,1.2195,1.21912,1.21942,510.0,1.3147863683670282,10.352419308565526,0.020325822346453,4.906051873199784,1.3890964996568798,-2.4152504126198835,8.414029483204231,33.8345864662103,0.005994460718034091,0,0.46712161015697884,28.172043010752688,-8.20061996675836e-06,-0.0003362254186416447,-0.00039362975840973036,1.0
1777983600,AUDNZD,bullish_exhaustion,1.2194,1.21953,1.21935,1.21941,342.0,1.2498215080243464,9.717614108929418,0.019740225659479648,4.8356083086074495,1.361834626797048,-3.127154486700803,8.727373609789865,51.648901924331945,5.092979719649063e-05,1,0.5299295337847615,49.67741935483871,-0.00032802748870375265,-0.00038543229922682887,-0.00024602061652778673,1.0
1778146500,AUDNZD,bearish_exhaustion,1.21474,1.21474,1.21445,1.21445,654.0,1.2174468611013316,8.859137015811495,0.01970321662363437,-4.074626865671198,-0.8246275734743016,5.949976570064918,-15.489578647459485,-93.02453818569201,-0.08571995139691828,1,0.5640521801669959,81.93384223918575,-8.234180081512221e-05,-9.88101609783465e-05,0.0002634937626084799,0.0
1778153700,AUDNZD,bearish_exhaustion,1.21336,1.21338,1.21302,1.21304,327.0,1.7245619345018477,18.757950698983546,0.02649777183180833,-4.038844444444921,-1.3181418128828144,1.1722024857111706,11.856761483932011,-57.57717736478099,0.03187712718901772,1,0.5128990971442734,57.50636132315522,5.770625865597623e-05,0.00040394381059161155,0.0005688188353227819,1.0
1778543700,AUDNZD,bearish_exhaustion,1.21482,1.21482,1.21466,1.21468,204.0,1.2536729890775273,3.962423049095822,0.008997078595652266,-4.1396078431421985,-0.9123238549894362,1.4078027425675401,-2.4777403666535918,-160.93928980540088,-0.06363011440191145,0,0.5698739708938049,84.22391857506362,-0.00023051338624169304,-0.00024697862811606797,-0.00032107221655075513,0.0
1778649000,AUDNZD,bullish_exhaustion,1.21779,1.21793,1.21777,1.21789,149.0,1.7328508276365866,13.720523088710138,0.02287328318414358,6.283487179489131,1.7195364898778343,-0.3156571711277536,-12.0973397489118,67.61865405512403,-0.03088267680887306,1,0.4526450258287426,30.025445292620866,-0.0001231638325299711,2.4632766505883197e-05,8.210922168627732e-06,0.0
1778649300,AUDNZD,bullish_exhaustion,1.21787,1.218,1.2177,1.21774,306.0,1.7461154981069724,13.595763306651596,0.023052070697704066,5.498829516541412,1.5895799375919828,-0.11396301062119107,-17.972789115650052,53.53478828575765,-0.062069163290554515,1,0.425777078489885,20.10178117048346,0.00014781480447378925,0.00013139093730996088,0.00018887447238324917,0.0
1778649600,AUDNZD,bullish_exhaustion,1.21773,1.21798,1.21765,1.21792,400.0,1.768740616142761,13.248438423069002,0.021641111778390943,6.311761517616738,1.6306655308047984,-2.7372029502363375,-2.000000000006878,55.997758771289895,-0.0031830898546813466,0,0.3798881616847529,11.450381679389313,-1.642143983171529e-05,4.105359957962129e-05,0.00013137151865483254,0.0
1778649900,AUDNZD,bullish_exhaustion,1.2179,1.21815,1.21787,1.2179,594.0,1.6189495148262751,12.711033167877634,0.02222795678744029,5.839366754619093,1.5161298629971547,-3.655946424764764,0.8888888888887791,76.80261940356512,-0.01116113634461758,1,0.483249042166867,45.29262086513995,5.747598324989944e-05,0.00014779538549958282,8.210854750112517e-06,0.0
1778650200,AUDNZD,bullish_exhaustion,1.21789,1.21811,1.21786,1.21797,338.0,1.385148023357817,11.466372396729094,0.02093647626788489,6.2274509803946305,1.5536373618636523,-5.551455788161064,11.111111111109729,76.76669106292441,0.006515657665881086,1,0.4512757730900015,29.00763358778626,9.031421135174966e-05,-4.9262297100893804e-05,0.00013136612560238348,1.0
1778666100,AUDNZD,bullish_exhaustion,1.22151,1.2217,1.2215,1.22162,396.0,1.8186324410877004,16.264133229168568,0.022686502934041106,7.2265979381460586,2.1698220863740536,-0.9337989144675731,-4.656189364853844,94.1160914980896,-0.03687725472499499,0,0.4389589416873737,22.900763358778626,-2.4557554722415276e-05,-0.00021283214092759906,1.637170314827685e-05,1.0
1778666400,AUDNZD,bullish_exhaustion,1.22162,1.22175,1.22156,1.22159,665.0,1.7442432928513654,14.455133828760149,0.021693039399467883,7.19773584905813,2.1789212348259213,-1.9246765765902012,-5.825775926582679,91.78619485245329,-0.04651029775176675,1,0.4813766201595358,44.274809160305345,-0.0001882792098821806,4.093026301799085e-05,0.0002865118411250478,0.0
1778666700,AUDNZD,bullish_exhaustion,1.22159,1.22159,1.2213,1.22136,346.0,1.5870969610173113,13.100258449875309,0.021170779178242116,6.235027624311718,2.064159271664795,-4.419350547775764,-10.948310948305881,49.12280701756109,-0.09922265382695698,0,0.36673096283725204,9.923664122137405,0.00022925263640538596,0.0004748804611254265,0.0005076308377547356,0.0
1778667000,AUDNZD,bullish_exhaustion,1.22134,1.22179,1.22132,1.22164,1179.0,1.301335101475567,11.380243456162521,0.022335315056570725,6.674554973823961,1.8902307487889372,-14.008122386543405,-4.567632401718377,75.46770954442381,0.00016337340671632598,1,0.42429008406898083,19.59287531806616,0.000245571526799937,0.0002783143970399582,0.0002946858321599688,0.0
1778667300,AUDNZD,bullish_exhaustion,1.22165,1.2221,1.22165,1.22194,650.0,1.216173166090704,11.073038846085668,0.024200393285614713,6.926956521740398,1.7575686536890633,-23.180489792854267,5.538731621689493,133.36308527654597,0.059488300543611115,1,0.44022873557619857,23.66412213740458,3.2734831497460704e-05,4.9102247246191055e-05,9.820449449238211e-05,0.0
1778667600,AUDNZD,bullish_exhaustion,1.22193,1.22208,1.22181,1.22198,768.0,1.306901320484823,11.47056531749714,0.023498163402250374,7.0222885572157345,1.811365173540776,-17.643538594914496,18.78306878307354,135.71158927893862,0.03900150638367438,1,0.5608836546447653,80.6615776081425,1.6366879981521976e-05,6.546751992653199e-05,4.9100639945010016e-05,0.0
1778667900,AUDNZD,bullish_exhaustion,1.22199,1.22209,1.22185,1.222,424.0,1.2320990608734552,10.97484245776454,0.02314706570025308,6.936363636364936,1.8245546795212584,-10.922470982880625,11.987906273618421,134.35639211928142,0.019188043918836727,1,0.6076140569497945,91.34860050890585,4.9099836333832414e-05,3.273322422270297e-05,-0.00010638297872334057,0.0
1778668500,AUDNZD,bullish_exhaustion,1.22206,1.2221,1.22193,1.22204,194.0,1.2214646205095105,11.03915155141748,0.02174350149866078,6.954838709678201,1.8857577216117827,-5.234833764932429,-1.4379084967333995,127.15512579229879,-0.007053437447971593,1,0.5530181352618291,77.35368956743002,-0.00013911164937319143,-0.00035187064253205946,-0.0002864063369448777,1.0
1778752200,AUDNZD,bearish_exhaustion,1.22088,1.2209,1.2205,1.2206,306.0,1.2291730509047123,9.42296977742203,0.01732169190796269,-5.589594594592511,-1.5585443122595257,2.972984117493695,4.350692155577754,-84.89722966937664,-0.014640468651140846,0,0.5316114400859405,67.17557251908397,8.192692118624834e-05,0.0001146976896608809,-0.00013108307389808616,1.0
1778803500,AUDNZD,bullish_exhaustion,1.22215,1.22256,1.22215,1.22256,534.0,1.6540188799367839,13.480506360283101,0.021149999065193156,4.388729281768835,1.1304569898715107,-5.160221530347613,26.8009136021629,71.75648223684392,0.07256339714613835,0,0.5338090749412765,77.88944723618091,-8.179557649534708e-06,-0.0001308729223924443,-6.543646119627766e-05,1.0
1778803800,AUDNZD,bullish_exhaustion,1.22256,1.22263,1.2224,1.22255,688.0,1.5350762372630973,12.811954300885478,0.02179285685072776,4.110670241287544,1.1181802555897302,-2.514220534265121,31.01507269574641,86.05239756485105,0.03585858763661552,1,0.5726108979887938,91.4572864321608,-0.00012269436832856861,-5.7257371886665354e-05,-5.7257371886665354e-05,1.0
1779085500,AUDNZD,bearish_exhaustion,1.22165,1.22171,1.22154,1.22155,463.0,2.7692373833422854,24.02693953870646,0.020056485612540406,-6.900408163266062,-2.3171678967820646,1.7166343266430728,12.859362859357617,-18.14840339997921,0.09696200236661232,1,0.518807884992895,67.8391959798995,2.4558961974729954e-05,0.0,3.274528263275123e-05,0.0
1779085800,AUDNZD,bearish_exhaustion,1.22156,1.22162,1.22146,1.22158,631.0,1.9378620847313623,16.68838087780482,0.019997520775200714,-6.57017543859728,-2.1440385733827423,3.785838854467209,19.01099989335524,-11.272249326030236,0.07506656542857615,1,0.5049221389467542,58.79396984924623,-2.4558358846848982e-05,8.186119615505305e-06,0.00015553627269593306,1.0
1779168000,AUDNZD,bearish_exhaustion,1.21822,1.21826,1.21804,1.21806,736.0,1.3879969125320903,11.254687873579066,0.02052444050374961,-4.322400000001757,-1.2329926952265007,0.2699404830045585,-2.2126672126755835,-89.01946676255226,-0.005712010235960443,0,0.4612646254519887,31.909547738693465,0.00017240530023165945,-4.1048881007421656e-05,-6.567820961189685e-05,0.0
1779327000,AUDNZD,bearish_exhaustion,1.21895,1.21895,1.21501,1.21557,1437.0,1.2127921857081638,24.32161357673749,0.040721636762998066,-5.856161616162087,-0.3040565263334776,0.27442001671165883,-10.712847325214085,-497.45889387154875,-0.44107293420865173,0,0.7765367579384507,100.0,-0.00032083713813280124,-0.00032083713813280124,-0.0009049252614000691,0.0
1779690300,AUDNZD,bullish_exhaustion,1.21985,1.21996,1.21985,1.21992,162.0,3.008691585506212,16.576813143279587,0.013232717836296683,6.645663716814928,2.0625597454054763,-0.4374125658944621,-3.2077532077719866,52.99725319111804,-0.027445251833369762,1,0.4375338882763381,19.597989949748744,8.19725883660638e-06,-1.639451767321276e-05,0.0,1.0
1779690600,AUDNZD,bullish_exhaustion,1.21992,1.21999,1.21987,1.21993,140.0,2.724003852030577,14.203455215344682,0.013115506627426958,6.545000000002096,2.00240341970175,-0.4908737175776423,-0.9828009828058981,63.50995866216753,-0.023904753812503437,1,0.4930144442748776,51.507537688442206,-2.4591574926402515e-05,-8.197191642245194e-06,-1.639438328415732e-05,1.0
1779701400,AUDNZD,bullish_exhaustion,1.22045,1.22075,1.22044,1.22075,300.0,1.5999847411386035,8.391467617995355,0.014452473596441006,4.058299595143024,1.007607969024182,-21.142064882707906,16.844729344735455,116.03581909844591,0.09876163028364074,1,0.43927616828669136,20.35175879396985,-7.372516895343129e-05,3.27667417572286e-05,-0.00011468359614996704,0.0
1775456700,AUDUSD,bullish_exhaustion,0.69071,0.69073,0.69059,0.6907,305.0,4.476251925503627,47.18393666404964,0.02523320027301263,6.589180327869105,2.142799476281335,-0.9181796703415159,-4.883274231674974,1.8007202881332636,-0.06768141638234224,1,,,-2.8956131460811108e-05,-0.00018821485449538322,0.00021717098595619433,1.0
1775457000,AUDUSD,bullish_exhaustion,0.69068,0.69077,0.69062,0.69068,232.0,3.2109513831320786,33.654336181436925,0.025130513200239735,6.309794238683378,1.981358126099848,-3.089737189778859,-7.370614816827157,-19.903522639751927,-0.051147848408781615,1,,,-0.00015926333468452292,0.0002461342445125858,0.0001882203046275066,0.0
1775465400,AUDUSD,bullish_exhaustion,0.69299,0.69302,0.69283,0.69295,343.0,2.1512529402015987,41.87719494929488,0.056178037994909724,4.003743119265836,1.4269904091699497,-0.4952477057192368,-22.519442519444205,48.51477588005499,-0.06681660445664568,1,,,0.0001010173894220312,0.0002020347788440624,0.0004185006133199387,0.0
1775465700,AUDUSD,bullish_exhaustion,0.69296,0.69317,0.69292,0.69302,304.0,2.1878657856787185,38.66701207278311,0.054935540924401866,4.055009380863246,1.3902188322606237,-1.936612828467986,-12.255491223234547,55.72105102351981,-0.041425997041673705,1,,,0.00010100718593974989,0.00031745115581083283,0.0001442959799140553,0.0
1775466000,AUDUSD,bullish_exhaustion,0.69303,0.69321,0.69298,0.69309,551.0,2.103683130788907,33.893830128232054,0.0498801433744943,4.382231404958845,1.4702238057319676,-3.7518518059555532,-0.7030901869610702,60.663938153683354,-0.024388820924957717,1,,,0.00021642210968275677,4.3284421936462536e-05,0.00011542512516404813,0.0
1775466300,AUDUSD,bullish_exhaustion,0.69309,0.69328,0.69308,0.69324,540.0,1.8331520763042297,29.42516531784424,0.04677827509747065,4.831541850220331,1.535679122757374,-5.272999612009258,15.879469212801972,77.67322497862332,0.005646037104879583,1,,,-0.0001731002250302538,-0.00010097513126772206,0.00010097513126772206,1.0
1775466600,AUDUSD,bullish_exhaustion,0.69324,0.69328,0.69303,0.69312,436.0,1.5307445750356832,24.391378302177465,0.04431308534493985,4.562697674418745,1.5455281757902923,-6.260779236946476,15.070306038046084,68.34893353038903,-0.02914959078142603,1,,,7.213758079416266e-05,0.00027412280701755165,0.00031740535549396043,0.0
1775607000,AUDUSD,bullish_exhaustion,0.70728,0.70757,0.70675,0.70688,1049.0,1.8753858257608658,89.2550068068659,0.12408652913406266,6.655472312703677,2.209414671271027,-0.1385866055637024,-24.47518612953897,58.158856763042785,-0.09384587452254686,1,,,-0.0010751471253961364,-0.0009053870529650565,-0.0013439339067451428,1.0
1775607300,AUDUSD,bullish_exhaustion,0.70686,0.70693,0.7061,0.70612,1194.0,1.7238636728409784,78.4108683413881,0.12169117349540039,5.704970906068209,2.041732100637193,-2.239066531434574,-24.511217581606815,16.03595007617162,-0.12769924098775343,0,,,0.000169942785928745,-0.00026907607772053144,-0.000509828357786124,1.0
1775607600,AUDUSD,bullish_exhaustion,0.70609,0.70652,0.70598,0.70624,1259.0,1.4977321133342478,68.61960628747426,0.11448961097805792,5.994770318021071,1.9790587657796104,-8.54920167338571,-10.7173446489446,-1.8737118231255376,-0.0795575136730944,0,,,-0.00043894426823742894,-0.0006796556411416965,-0.0007362936112369489,1.0
1775607900,AUDUSD,bullish_exhaustion,0.70624,0.7065,0.70578,0.70593,1216.0,1.219121482779902,52.52948382299783,0.1141351530200301,5.421028368794143,1.7827866960965706,-18.229647059717323,-1.929140379390887,-33.56590609089331,-0.07337662473302847,0,,,-0.00024081707818035536,-0.00029747992010531465,-0.0010057654441658626,1.0
1775753100,AUDUSD,bullish_exhaustion,0.70869,0.70869,0.70846,0.70849,550.0,2.185429417692341,50.36753440698626,0.06280963739784794,5.1065168539328285,1.82757483632125,-0.6073162497145432,-22.4280362308526,40.38505354293068,-0.1120277239708803,0,,,0.00031051955567473755,7.057262628973326e-05,0.00014114525257946653,0.0
1775753400,AUDUSD,bullish_exhaustion,0.7085,0.70888,0.70849,0.70871,587.0,2.0873704708070844,42.793461996473084,0.06218541938371045,5.433452188006937,1.7434304032452341,-2.953952326788439,-12.412861004411088,47.37590058827007,-0.048772731022013294,0,,,-0.00023987244430023758,-0.000169321725388194,0.00015521158160614057,1.0
1775753700,AUDUSD,bullish_exhaustion,0.70874,0.70882,0.70838,0.70854,734.0,1.8908444534535394,38.75980405434062,0.060889797531343694,4.938476821192399,1.6476575948751104,-5.234577347103226,-1.4593023043761448,30.447101762480653,-0.06320739379494082,0,,,7.056764614565836e-05,0.00039517881841533153,0.0005504276399357355,0.0
1775754000,AUDUSD,bullish_exhaustion,0.70854,0.70865,0.70836,0.70859,456.0,1.7489491331770093,35.35360247072898,0.057357367649640174,5.127100175747492,1.628030547085693,-9.72742870057759,8.866782669600433,19.002642379270384,-0.037260738650395836,0,,,0.000324588266839676,0.00047982613358898973,0.0007338517337247552,0.0
1775754300,AUDUSD,bullish_exhaustion,0.70861,0.70892,0.70852,0.70882,572.0,1.3667622963674,25.617322797543103,0.05643181625800788,5.54800000000006,1.5849073496293045,-19.546360236065226,14.606223197774945,44.53464605466773,0.012618828969854253,0,,,0.00015518749470944115,0.00040913066787062746,0.0003950227138058704,0.0
1775754600,AUDUSD,bullish_exhaustion,0.70883,0.70901,0.70872,0.70893,383.0,1.245384439209676,23.55117618684282,0.05088150955867315,6.185504950494132,1.7016211004576385,-20.36827988864915,19.231715076785996,66.47064064869512,0.027941940093067823,1,,,0.0002539037704711866,0.00023979800544493557,0.0003244325956019978,0.0
1776060600,AUDUSD,bearish_exhaustion,0.70432,0.70439,0.704,0.70404,483.0,5.3408938779834525,84.57496492142138,0.03966901231261405,-8.909156010229928,-2.850041338269745,0.5735603206413614,7.891507669288977,-31.832888194038844,0.06816386594304101,1,0.7749949769793183,96.08294930875576,9.942616896774226e-05,0.00022725981478322055,0.0002982785069030047,1.0
1776060900,AUDUSD,bearish_exhaustion,0.70407,0.70423,0.70402,0.70411,378.0,4.79919448444594,76.0159989190971,0.038650616685300815,-8.664566929133294,-2.7610200437152455,0.3243709995070916,-6.047886270103369,-28.815613507187322,0.07472814939519745,1,0.7023660524304435,90.78341013824884,0.0001278209370696448,0.00019883256877473166,8.521395804628185e-05,1.0
1776061200,AUDUSD,bearish_exhaustion,0.70409,0.70424,0.70395,0.7042,348.0,3.937674368107381,64.8449223315705,0.038747109181646415,-8.084083769633713,-2.5680804067461938,0.6859315426736119,-10.632001355266667,-22.56283647085722,0.0774781561618797,1,0.5175577389130187,61.05990783410138,7.100255609193695e-05,-4.26015336553176e-05,0.00014200511218409595,0.0
1776061500,AUDUSD,bearish_exhaustion,0.7042,0.70432,0.70418,0.70425,432.0,3.15519196937987,49.28345836958391,0.03732440793143798,-7.9533695652173195,-2.4691897520053794,2.7860512148512697,3.6561280167199683,2.11558803733697,0.06739048050000856,1,0.4764967608509941,50.23041474654379,-0.00011359602413929526,7.099751508699015e-05,-0.00022719204827836847,1.0
1776061800,AUDUSD,bearish_exhaustion,0.70425,0.70432,0.70411,0.70417,284.0,2.0033381023158365,30.61559216870098,0.03692290214010798,-8.084615384615622,-2.3367052593105866,8.389234951271945,4.025439580994927,29.142610266703215,0.023199834182881744,1,0.6650760364527851,86.63594470046083,0.00018461451070073132,-0.00011360892966183478,-0.00014201116207734898,0.0
1776103200,AUDUSD,bullish_exhaustion,0.70883,0.70913,0.70883,0.70907,304.0,2.7967111102591815,35.21649835329753,0.03596259889714547,7.83607843137268,2.448976366914428,-0.1671075757943754,14.642298330631533,82.0236213149924,-0.001145076036087931,1,0.24873817087565664,6.221198156682028,-9.872085971762701e-05,-1.410297995962928e-05,-5.641191983851712e-05,1.0
1776104100,AUDUSD,bullish_exhaustion,0.70907,0.70909,0.70897,0.70903,227.0,2.133446393445773,22.157622625538636,0.03143127129418159,7.923461538462466,2.5338277912273166,-0.12623853653965966,-1.805823011883973,74.99101295697359,-0.03840190074335861,1,0.3108721565907101,12.903225806451612,-0.00011283020464591953,-0.00026797173603376745,0.00038080194067946493,1.0
1776104400,AUDUSD,bullish_exhaustion,0.70901,0.70905,0.70893,0.70895,198.0,1.9729993742048044,19.4873896603387,0.027505465829747205,8.351794871795079,2.738617190731807,-3.8836182750676755,-10.045379430644914,63.0201240732227,-0.06747178211327189,1,0.29246453062387323,10.599078341013826,-0.00015515903801388564,0.000493687848226454,0.0005924254178715227,0.0
1776104700,AUDUSD,bullish_exhaustion,0.70894,0.70894,0.7087,0.70884,437.0,1.6680865387779575,17.32207640773614,0.026300515127329657,7.85931034482881,2.6560042592869766,-23.04650681315465,-15.285566833546461,23.66757000905553,-0.09174988535889496,1,0.18423274094536424,3.686635944700461,0.0006489475763218344,0.0007477004683706934,0.0006912702443429009,0.0
1776105000,AUDUSD,bullish_exhaustion,0.70883,0.70931,0.70879,0.7093,507.0,1.278521908255979,15.584240703155945,0.029103139916616352,9.06173010380647,2.4015551993619093,-23.965420564978366,0.3030586090681666,107.97862539154924,0.08667405467395861,1,0.18000124730324224,2.995391705069124,9.868884816000012e-05,4.229522064003177e-05,0.0004088537995206032,0.0
1776107700,AUDUSD,bullish_exhaustion,0.70966,0.7097,0.7096,0.70963,163.0,1.4125783481504877,21.350436646174682,0.03331716125707396,6.917099697885396,1.9495274217774452,-6.301958607890391,-13.140220547629895,80.8558115114531,-0.048296631008501026,1,0.44815461730684014,39.40092165898618,0.00014091850682751428,0.00018319405887567974,0.00015501035751031012,0.0
1776108000,AUDUSD,bullish_exhaustion,0.70963,0.70973,0.70953,0.70973,214.0,1.5743036631613272,20.952170026531423,0.03391631827797678,6.916913946587684,1.8540407458357078,-17.282068331043547,-2.892032328654146,76.40337804272306,-0.012954992440269514,0,0.4167699867668034,31.566820276497698,4.2269595480037836e-05,1.4089865160160642e-05,-5.635946063986541e-05,0.0
1776108300,AUDUSD,bullish_exhaustion,0.70972,0.70981,0.7097,0.70976,232.0,1.6529429500352564,20.692385624171266,0.03381424706943222,6.754999999999896,1.8005796646699017,-15.706573722313408,11.92622161966976,85.81122866835724,-0.008811788600702726,0,0.44762070736804227,39.1705069124424,-2.8178539224432697e-05,-9.862488728573648e-05,-0.00025360685302067143,1.0
1776108600,AUDUSD,bullish_exhaustion,0.70976,0.70989,0.70971,0.70974,275.0,1.6177189375982057,19.885211152367564,0.034419042788305675,6.245964912281081,1.6969020772357604,-11.385895454027661,12.339077044959936,81.64717844429343,-0.018241061631508588,0,0.5279325392473996,63.824884792626726,-7.044833319247434e-05,-0.00022543466621582908,-0.0004367796657931411,1.0
1776108900,AUDUSD,bullish_exhaustion,0.70974,0.70982,0.70966,0.70969,364.0,1.6347314948052183,18.71054688563585,0.03351563962535117,5.878318318318559,1.6481287822617225,-7.459224353820165,2.620650953990115,63.90162419590289,-0.03146621515180468,0,0.509505037210579,59.44700460829493,-0.0001549972523214871,-0.0003663571418507372,0.0,1.0
1776109200,AUDUSD,bullish_exhaustion,0.70969,0.70969,0.70949,0.70958,326.0,1.7781474201004284,18.145742461978593,0.0302996138560868,5.645581395348491,1.679725528293779,-4.612804715941456,-14.268502013590108,30.388825972037484,-0.05898770550929258,0,0.4444507499303001,38.24884792626728,-0.00021139265480984992,0.00015502128019395656,5.637137461600439e-05,0.0
1776109500,AUDUSD,bullish_exhaustion,0.70957,0.70957,0.70936,0.70943,241.0,1.5992445411795873,17.131039677184397,0.03000396696744787,4.694228187918862,1.5074301575947633,-2.748025077056616,-17.00507666378652,-5.085586703129498,-0.08297717031426176,0,0.4782201807960772,50.69124423963134,0.00036649140859568163,0.00026782064474306644,0.0005215454660782992,0.0
1776109800,AUDUSD,bullish_exhaustion,0.70945,0.70977,0.70945,0.70969,429.0,1.5439190578002628,16.363580559025625,0.03120074559717547,5.366967741934323,1.3837325952356185,-1.5948044109418293,-1.0540414628480121,36.11596540754319,0.02941656220572058,0,0.578015222085377,73.73271889400922,-9.863461511361304e-05,0.00015499725232137607,0.00011272527441552604,0.0
1776110100,AUDUSD,bullish_exhaustion,0.7097,0.70977,0.70962,0.70962,291.0,1.5067573879135818,15.119632557810208,0.02959330345819166,4.988571428571139,1.361837099048933,-0.9078201860502293,9.540353862202252,40.612682732117825,0.0021747464442371943,0,0.6175558562655751,79.72350230414746,0.00025365688678435916,0.00021138073898696597,9.864434486073215e-05,0.0
1776110400,AUDUSD,bullish_exhaustion,0.70963,0.70985,0.70961,0.7098,315.0,1.2385654287640802,13.26552515266988,0.027774423378821064,5.848550724637039,1.4258353244194988,-0.5091149074987529,20.799831280611706,63.138835348393954,0.06483134858740146,0,0.4811182348751958,51.1520737327189,-4.2265426880794266e-05,-0.00015497323189628265,-7.044237813469412e-05,1.0
1776159300,AUDUSD,bullish_exhaustion,0.7105,0.71101,0.71049,0.71097,263.0,1.5871936471234387,25.027339477031322,0.04500893145983584,4.726874999999651,1.1017550421949833,-2.8118912700565204,-3.9409015528420497,101.82982479763909,0.05221389958246353,1,0.5736443607069714,73.04147465437788,0.00045008931459844526,0.0001125223286495558,0.00035163227702983413,0.0
1776162600,AUDUSD,bullish_exhaustion,0.71158,0.71188,0.71155,0.71176,459.0,1.7813032284927766,29.857147655240087,0.045159684644903865,4.761244444443596,1.5051576376373963,-0.28476404623785356,-15.77070027774473,87.57410768297693,-0.043901112505537444,0,0.5096256600604175,59.67741935483871,1.404967966744941e-05,0.00014049679667316184,0.00044958974935394025,0.0
1776164400,AUDUSD,bullish_exhaustion,0.71188,0.71205,0.7118,0.71205,378.0,1.5425590867629608,27.31572481568358,0.04263344267557431,4.743529411763991,1.4130483264366815,-2.085128771559482,-6.241640634389292,73.2553099263181,-0.001947305522115633,1,0.4620127282687174,43.77880184331797,0.00021065936380892936,0.0002808791517450171,0.00042131872761763667,0.0
1776164700,AUDUSD,bullish_exhaustion,0.71205,0.71229,0.712,0.7122,250.0,1.385241510700832,24.916323736248813,0.044028563405143065,4.881184510250365,1.3733989814009484,-2.699506540860156,3.3806823479948207,100.81976881342457,0.020341131260892775,1,0.5592007495958795,70.04608294930875,7.02049985958908e-05,0.0002106149957876724,0.0004773939904518798,0.0
1776270000,AUDUSD,bullish_exhaustion,0.71649,0.7168,0.71648,0.71672,543.0,1.34166308690028,18.885922961809744,0.040262784430660746,5.509207920792701,1.273418797318083,-1.1554356833086246,1.97274305728142,155.63116112710017,0.06423622022025127,1,0.6720971132449898,87.32718894009217,-0.00013952450050225274,-0.00013952450050225274,-0.00023719165085389626,1.0
1776281400,AUDUSD,bullish_exhaustion,0.71736,0.71745,0.71731,0.71744,109.0,1.3924708255473741,15.53227979935578,0.024193162992223446,4.126255144032455,1.3591162343326544,-12.433599634736638,10.396825396826202,72.15225300870352,-0.010188283097554611,1,0.4551906704692126,42.16589861751152,-8.363068688665987e-05,-0.00015332292595893193,-2.7876895628886622e-05,1.0
1776456900,AUDUSD,bearish_exhaustion,0.71716,0.71723,0.71709,0.71709,61.0,1.3909233050798213,14.350291189742798,0.0292850269840589,-4.172380952380633,-1.3721095710116151,3.664199069384826,17.553403323251082,-43.615710228726506,0.046228511001403585,0,0.6741209058229686,87.78801843317973,1.394525094466914e-05,-0.0003625765245646173,-0.00050202903401253,0.0
1776458400,AUDUSD,bearish_exhaustion,0.71676,0.71681,0.71663,0.71676,334.0,1.21475012549718,14.026071641243156,0.02889989077834174,-4.787034482759947,-1.370465402120467,0.7733463693991638,2.4108232079298517,-126.04480106985642,0.0009075808982871708,0,0.6419436268211963,83.87096774193549,-0.00020927507115353627,-0.0001395167141022835,-0.0001953233997431525,0.0
1776745800,AUDUSD,bearish_exhaustion,0.71663,0.71664,0.71653,0.71655,66.0,1.7516023914826655,13.098522697541457,0.020235852348056423,-4.157241379309728,-1.2279938193676245,0.22914156211065195,8.431472947607919,-73.1031157716753,0.003928523576494888,1,0.5358441042581171,70.86092715231787,6.977880120029312e-05,4.186728072008705e-05,0.0001395576024003642,1.0
1777281600,AUDUSD,bullish_exhaustion,0.71864,0.71864,0.71849,0.71854,221.0,2.136035834046979,27.12277284458591,0.04075724982007379,4.4185365853653025,1.6065553816330773,-0.8723272295567455,-19.75534321192629,50.75408651671763,-0.09276540417875491,1,0.47508957378740746,39.95584988962472,0.00022267375511453302,6.958554847336096e-05,0.0,0.0
1777281900,AUDUSD,bullish_exhaustion,0.71855,0.71875,0.71851,0.7187,269.0,1.9381331919917335,25.579042075670912,0.03965493251704735,4.9571929824553855,1.5837779646284105,-3.1216949037893897,-13.40339354132593,60.250227161499026,-0.03491104091645498,1,0.5320203584706964,68.87417218543047,-0.0001530541255044815,-0.00022262418255192262,-0.00022262418255192262,1.0
1777282200,AUDUSD,bullish_exhaustion,0.71869,0.71879,0.71856,0.71859,249.0,1.857005333614681,23.782705328911653,0.03677837352116406,4.786486486486423,1.598581107470572,-4.472011769161185,0.6303854875268655,53.18419090229801,-0.059722388910928494,1,0.5559177046641937,79.02869757174393,-6.958070666163163e-05,-6.958070666163163e-05,-0.0004174842399699008,1.0
1777282500,AUDUSD,bullish_exhaustion,0.71858,0.71861,0.71849,0.71854,144.0,1.8879862386851405,22.180700090275465,0.03200935229771703,5.121739130434965,1.7001771239261678,-8.974407033489214,2.7553785741937524,29.616668286832223,-0.06375866240241311,1,0.4832277144808203,44.370860927152314,0.0,-0.0003479277423664717,0.00013917109694649987,1.0
1777282800,AUDUSD,bullish_exhaustion,0.71854,0.71858,0.71849,0.71854,137.0,1.7011274942364727,18.84741838064819,0.029424746211565763,5.383378378378989,1.7119296931733512,-19.119795135347857,-5.385727190607469,20.972531551587018,-0.04658961663815715,1,0.42435760245701604,16.99779249448124,-0.0003479277423664717,0.00013917109694649987,-0.00011133687755726651,0.0
1777283400,AUDUSD,bullish_exhaustion,0.71831,0.71866,0.71829,0.71864,241.0,1.2784496031053902,16.440907624432462,0.03170671586011809,5.0882758620688895,1.3285004864069678,-15.860005841410228,12.482716663897257,9.691405253729004,0.0434655976811708,0,0.5384972808129692,72.40618101545255,-0.0002504731158855522,-6.957586552380768e-05,-9.740621173315311e-05,1.0
1777432200,AUDUSD,bearish_exhaustion,0.71654,0.71656,0.71628,0.71629,368.0,1.4361834735830985,25.807033843924412,0.04587128517380059,-4.332086956522129,-1.30317333958002,0.04522836991546628,22.08670421573641,-71.68458781360961,0.03675593456964572,0,0.6940827998816302,99.55849889624724,-9.772578145728072e-05,4.188247776726328e-05,-9.772578145728072e-05,1.0
1777433700,AUDUSD,bearish_exhaustion,0.71631,0.71636,0.71615,0.71616,233.0,1.5860120932227273,24.258615033295822,0.03959609983403467,-4.788211586901737,-1.2734874954628717,0.5379680033033817,-12.504502734386076,-64.01427088361493,-0.0009039990571549411,1,0.5325091849999817,69.31567328918322,0.00013963360142987824,6.981680071493912e-05,0.00022341376228762755,1.0
1777434300,AUDUSD,bearish_exhaustion,0.71628,0.71631,0.71614,0.71621,170.0,1.353567078644432,18.81737297556252,0.03700032113486148,-4.615849056603428,-1.2376188075639845,2.2978573752163745,0.846560846559651,-60.31933767005059,0.011774904046985364,1,0.5281918283480301,67.99116997792495,0.00015358623867300913,-0.0001396238533390992,-8.377431200357055e-05,0.0
1777434600,AUDUSD,bearish_exhaustion,0.71622,0.71633,0.71619,0.71632,154.0,1.263539951880546,15.732650428078847,0.03559861514406931,-4.19372549019568,-1.1924809959985676,6.167165096383516,15.895135460346069,-42.32883185358417,0.039182727821689294,1,0.5813555985272343,89.1832229580574,-0.00029316506589227576,-0.00023732410096044543,-0.0002792048246593737,0.0
1777563000,AUDUSD,bullish_exhaustion,0.71851,0.71888,0.71851,0.71879,1122.0,1.4745292693869847,40.82668554602179,0.07810745439260115,4.190025445292828,1.2453965362692723,-0.19417394247794562,7.10081210124612,82.96622613802836,-0.010392920405626395,1,0.6650173463729675,83.44086021505376,0.0002365085769140407,1.3912269230198504e-05,-0.0004869294230582799,0.0
1777564800,AUDUSD,bullish_exhaustion,0.71825,0.71872,0.71818,0.71869,1130.0,1.2017683803432893,26.96665280386028,0.06271330973219057,4.285641838351453,1.0826154276180935,-23.47095601080254,0.5941038790911577,30.26544281817955,0.025476848323100293,1,0.541530423924864,54.623655913978496,-0.00016697046014280126,-0.0006400534305472938,-0.001057479580904297,1.0
1777565100,AUDUSD,bullish_exhaustion,0.71868,0.71902,0.71855,0.71857,873.0,1.203646256658148,26.873966492317336,0.06013928457114118,4.041719008264379,1.0623799231727513,-18.81692178320477,7.7413599101823465,61.717875461578345,0.0002597762696236264,1,0.708075040384368,87.31182795698925,-0.00047316197447710984,-0.0008906578343099714,-0.0009602404776153373,1.0
1777577100,AUDUSD,bullish_exhaustion,0.71984,0.71987,0.71973,0.7198,223.0,2.161260866675638,29.681954404846056,0.03215178819513598,4.429012345679392,1.6981325510775087,-0.5871394388725406,-15.544608648056816,57.74426198696713,-0.0926271537773816,0,0.43822452365988895,20.86021505376344,4.1678243956511096e-05,0.00040288969158108756,0.0001806057238120662,0.0
1777577400,AUDUSD,bullish_exhaustion,0.71981,0.71988,0.71967,0.71983,357.0,1.999129339850581,27.230302638925032,0.032348907777830005,4.421595092024655,1.6065382877213514,-1.9609097221874237,-3.1827205848270665,51.32133282270169,-0.06484449181265511,0,0.44266167197644607,21.29032258064516,0.0003611963935929996,0.0001389216898435297,0.00012502952085924335,0.0
1777577700,AUDUSD,bullish_exhaustion,0.71984,0.7201,0.71978,0.72009,213.0,1.7608506703425182,24.275477966087017,0.03432110668706223,5.089364161849871,1.5204236564284488,-4.060970028035953,16.590530213056706,76.02020117237323,0.017709280325857266,0,0.5062596769612608,41.075268817204304,-0.00022219444791626852,-0.00023608160091104224,-0.0001249843769529635,1.0
1777578000,AUDUSD,bullish_exhaustion,0.72007,0.72007,0.71991,0.71993,287.0,1.6089452884393705,22.447789165530214,0.03333657438917812,4.47916666666668,1.5000954622659197,-3.6325535230672727,16.818141316938252,67.67955801105936,-0.04343381444360567,0,0.5190663527290925,46.666666666666664,-1.3890239328739895e-05,9.72316753018454e-05,-0.0003611462225493467,0.0
1777578300,AUDUSD,bullish_exhaustion,0.71994,0.71998,0.71983,0.71992,265.0,1.5372977554545273,19.99392362521796,0.03303938532852912,4.39675675675709,1.4411645828795567,-6.670557745251529,11.31302697094688,52.405543094645694,-0.04008053112692994,0,0.4987316512874808,38.494623655913976,0.00011112345816188807,-0.0003472608067562888,-0.00026391821313487274,1.0
1777578600,AUDUSD,bullish_exhaustion,0.71996,0.72001,0.71977,0.72,357.0,1.4263003468012767,18.073336417136208,0.03313492063492183,4.618323353293886,1.3906361180948577,-16.28521774649829,-1.2043971444850001,52.58899676378925,-0.011156623362578975,0,0.4172388926124031,14.408602150537634,-0.00045833333333322734,-0.0003750000000000142,-0.0004861111111110761,1.0
1777612500,AUDUSD,bearish_exhaustion,0.71915,0.71919,0.71887,0.71897,148.0,1.2585075633412648,11.269180120284934,0.022452754833801436,-4.37097345132835,-1.2157046378233634,0.6618284590712445,-5.216543774895683,-74.54856027332954,-0.020313590652142815,0,0.5627663278465862,60.86021505376345,0.00012517907562203945,0.00033381086832551254,0.00047289873012790196,1.0
1777989900,AUDUSD,bullish_exhaustion,0.71811,0.71878,0.7181,0.71868,795.0,1.2086181055984935,21.010134803516376,0.0469114010606764,4.006016949153326,0.8257566071509738,-17.69961829629159,9.4480858198648,137.5807940904784,0.11490737565889839,1,0.5789931872879885,65.3763440860215,-0.001266210274391888,-0.0011966382812934606,-0.00029220237101346136,1.0
1777995300,AUDUSD,bullish_exhaustion,0.71899,0.71961,0.71899,0.71951,550.0,1.319366770749866,26.28847825341074,0.04963695530887097,4.05160000000024,1.011498365287177,-0.4405198524355143,0.736756251628627,123.52906909007689,0.053235607119928786,1,0.5136924758472776,44.516129032258064,0.00013898347486485108,0.0002084752122972766,0.00015288182235129177,0.0
1778031300,AUDUSD,bullish_exhaustion,0.72226,0.72254,0.72204,0.72251,662.0,1.8574550979186453,43.54375451228107,0.058624991843909145,5.485733558178716,1.6540177772747702,-0.8932640405054713,-20.808226606748974,60.57737066755443,-0.0570139260645716,0,0.46656919252194146,27.741935483870968,0.0003875378887490122,0.0010934104718274273,0.0007197132219622926,0.0
1778031600,AUDUSD,bullish_exhaustion,0.72253,0.72286,0.72251,0.72279,512.0,1.8559478758920962,42.78205162976102,0.05751522374607854,6.037319587629215,1.6675786614606183,-0.9489109281181527,-4.190295220845826,87.90519574834727,-0.007307428066281264,0,0.5734251700883702,63.87096774193548,0.0007055991366786696,0.0003320466525544852,9.684694032841001e-05,0.0
1778032800,AUDUSD,bullish_exhaustion,0.72284,0.72303,0.72276,0.7229,752.0,1.4153988081859852,36.13373106758606,0.055826729640535575,5.494442477876153,1.6265864346192005,-0.2273773216994499,-11.769912655903404,80.24589714032035,-0.041699227527656944,1,0.5841894876561653,66.45161290322581,0.00013833171946320277,5.5332687785458745e-05,0.0003734956425507363,0.0
1778033100,AUDUSD,bullish_exhaustion,0.72289,0.72301,0.72276,0.723,597.0,1.3980110379170738,31.96904627266317,0.05522623987354371,5.564937388193251,1.5926221826766223,-1.5589565727876646,-13.068336006307895,77.6500822614846,-0.021078898688630446,1,0.5586822618768429,59.354838709677416,-8.298755186719742e-05,0.00023513139695707785,0.00019363762102364568,0.0
1778033400,AUDUSD,bullish_exhaustion,0.72301,0.72302,0.72284,0.72294,512.0,1.3018111142445874,27.963680203561832,0.0534523710720908,5.350018484288753,1.5728427381646042,-3.959626205595171,-10.569633143318711,71.62447257381842,-0.03313190046588809,1,0.5667994133786622,62.795698924731184,0.0003181453509280008,0.0002766481312419522,0.0001659888787450825,0.0
1778034000,AUDUSD,bullish_exhaustion,0.72317,0.72335,0.72302,0.72314,694.0,1.2250238328307417,23.05381581175725,0.05600575268965962,5.112592592592618,1.4312836697830063,-8.142696233766515,10.683654906193851,97.01907054250314,-0.006194444337017228,1,0.6787413511450835,84.51612903225806,-0.00011062864728816901,0.0,-0.00012445722819931504,0.0
1778034900,AUDUSD,bullish_exhaustion,0.72314,0.72336,0.72303,0.72305,483.0,1.2456838227829317,18.819097834932872,0.04702302745314972,4.962941176470618,1.4780687718119607,-16.906135014164953,-10.900663548808105,80.05017836840878,-0.02713141038262067,1,0.7005356333417322,86.66666666666667,-9.681211534473544e-05,0.00030426664822624794,0.00013830302192108235,0.0
1778035200,AUDUSD,bullish_exhaustion,0.72306,0.7231,0.72296,0.72298,229.0,1.2612811667747952,17.727758577684536,0.04248289816355184,4.954697674419186,1.5239206646499601,-12.393007898628731,-13.721444362570935,44.47309055750609,-0.03680917373483339,1,0.7819208973352832,89.89247311827957,0.00040111759661409785,0.0002351379014633448,0.0005117707267145999,0.0
1778190600,AUDUSD,bearish_exhaustion,0.72054,0.72081,0.72053,0.72066,101.0,2.8493595771678875,31.622833234393006,0.035483346614811916,-5.012625698323237,-1.846700513741494,2.793934833274088,19.024426494712564,-26.168391808923115,0.11847308524984086,1,0.48356942439854395,45.80152671755725,-0.0001665140288069633,-0.0006383037770932853,-0.0007631892986983413,0.0
1778190900,AUDUSD,bearish_exhaustion,0.72064,0.72064,0.72036,0.72054,71.0,2.6291445352835074,28.014540200107554,0.03608404807505679,-5.210769230768479,-1.6971373144811372,8.409381189623462,7.525758841553852,-41.99576189560779,0.05041941633457097,1,0.5406360727172398,72.51908396946564,-0.00047186832098145004,-0.0005967746412411934,-0.0002220556804617413,0.0
1778191200,AUDUSD,bearish_exhaustion,0.72052,0.72053,0.72016,0.7202,188.0,2.1856900533068586,25.111718989540297,0.03739040742650902,-6.096870026524803,-1.6305500731362412,15.15074530001507,-18.660136160131415,-73.87322246323838,-0.04661544607387756,0,0.5552317482063779,77.86259541984732,-0.00012496528742000912,0.00024993057484046233,0.00044432102193847633,1.0
1778191500,AUDUSD,bearish_exhaustion,0.7202,0.7202,0.72005,0.72011,244.0,1.909014143108131,21.829506005728273,0.03372500629864157,-6.860823529410966,-1.8099443914168631,18.93281652563744,-24.710533131583183,-106.94503621643342,-0.050066690769691655,0,0.5597606140316368,80.1526717557252,0.0003749427170849362,0.0005693574592771089,0.0008748663398647771,1.0
1778191800,AUDUSD,bearish_exhaustion,0.72011,0.72052,0.72011,0.72038,128.0,1.2514587696015116,16.60436878046703,0.03212590180579428,-5.78320987654281,-1.7862171666902367,16.749117032403944,-9.168755221384657,-58.866114655417284,0.050093263501151654,0,0.5195017270360938,60.81424936386769,0.00019434187512157308,0.0004997362503122993,0.0003470390627169362,1.0
1778616600,AUDUSD,bullish_exhaustion,0.7237,0.72376,0.72365,0.72375,44.0,1.207754340021906,12.282889616640409,0.029706390328150468,4.311627906977533,1.2889647174006682,-2.8383718221526237,-1.8421052631589028,12.196169372219861,-0.04075448839752773,0,0.5404834898729928,71.7557251908397,6.908462867016851e-05,5.526770293617922e-05,-1.3816925733989294e-05,0.0
1778617200,AUDUSD,bullish_exhaustion,0.72381,0.72383,0.72376,0.72379,81.0,1.218555370666927,9.967395668426228,0.024869091863660688,5.037777777777369,1.3534667204231143,-10.944876377164093,11.443641784209426,24.982701482260488,-0.01169283182774454,0,0.48224814648855885,44.529262086513995,-6.908081073242478e-05,-4.14484864396103e-05,-1.3816162146573774e-05,1.0
1778688300,AUDUSD,bullish_exhaustion,0.72638,0.72658,0.72623,0.72658,609.0,1.439054360860765,27.90547370287522,0.047777651069789866,4.000082304526706,1.1703154099820492,-1.2653507523456113,8.892581128720959,60.0689315607749,-0.005913725540909267,0,0.5641272643493215,82.1882951653944,-0.0002477359685099101,-0.000344077734041659,-5.505243744674537e-05,1.0
1778812500,AUDUSD,bearish_exhaustion,0.71905,0.71913,0.71891,0.71892,499.0,2.0220008461640475,35.527447831513065,0.048088005023406585,-5.26446280991733,-1.6132600034309457,0.7209556985092049,-4.076902495894203,-49.47129162961127,0.044055876309360524,1,0.4707283579653198,37.437185929648244,0.0004172926055749926,0.0004868413731708987,0.0010154120068992523,1.0
1778812800,AUDUSD,bearish_exhaustion,0.71891,0.71923,0.71889,0.71922,525.0,2.113763113531003,32.55896711283157,0.04707480723164237,-4.319324894514498,-1.4942589624070814,1.3222990010635085,5.446101885724488,-28.621381855832993,0.09349681564838776,1,0.4924475149689461,51.005025125628144,6.951975751512407e-05,0.000597869914629845,5.5615806012099256e-05,1.0
1778813100,AUDUSD,bearish_exhaustion,0.71922,0.71929,0.7192,0.71927,265.0,2.011633959885121,28.974776072516576,0.04399301672926255,-4.287223476298513,-1.4397077354859078,5.6391168529953575,3.939807431032932,-3.0585565586310715,0.07632797925016244,1,0.5165778246362736,66.58291457286433,0.0005283134288931457,-1.3902984970837196e-05,9.732089479608241e-05,0.0
1779155100,AUDUSD,bearish_exhaustion,0.71509,0.71518,0.71474,0.71474,571.0,1.532057657117557,36.579368088487215,0.05386574138847921,-4.285194805194713,-1.3253733177135554,0.08899717306148212,15.0657335989306,-56.56657567485621,0.03404394398875011,1,0.5605562046817388,88.94472361809045,4.1973304977904746e-05,-0.0003357864398243482,-0.0006295995746705696,0.0
1779275400,AUDUSD,bullish_exhaustion,0.71221,0.71247,0.71221,0.71238,213.0,2.0081302123693234,25.72609186364286,0.033389082070967,4.268948948947801,1.3371444917001398,-0.01245328520215594,-5.191040843206558,78.68076203059107,-0.022549444046365493,0,0.4562520696173586,27.63819095477387,0.00015441197113896798,0.0003930486538081812,0.0008703220191470518,0.0
1779334500,AUDUSD,bearish_exhaustion,0.7114,0.71144,0.71129,0.71139,184.0,1.3631533789356332,26.219758841305705,0.06084667240994836,-4.096501650164936,-1.1154398108305155,17.214303980318263,-15.050125313285264,22.58895131089836,-0.015500099269015778,1,0.5110839424624026,63.06532663316583,0.0005341655069652784,0.0006325644161431221,0.00043576659778743476,1.0
1779388500,AUDUSD,bullish_exhaustion,0.71604,0.71605,0.71582,0.71593,513.0,2.188598282019053,48.43888729907767,0.05926357524977448,4.02794612794581,1.3379157418122662,-0.6361455889364436,2.3685469854516157,28.17246662290096,-0.04814702339125129,0,0.5458265014256832,82.66331658291458,9.777492212936778e-05,-0.000907909991200162,-0.002178983978880611,1.0
1779388800,AUDUSD,bullish_exhaustion,0.71594,0.71618,0.71594,0.716,576.0,1.8207994537806171,39.68116381476806,0.05446927374301696,4.396410256409413,1.3682905623515491,-6.763097114766055,-9.366188521443199,34.766802420562485,-0.024931980020843337,0,0.48694736067577893,47.48743718592965,-0.0010055865921786422,-0.0022765363128491867,-0.0018296089385473335,1.0
1779685200,AUDUSD,bullish_exhaustion,0.71684,0.717,0.71681,0.71694,197.0,1.3424747272959379,49.08916283777658,0.07023899190607703,6.814921985816013,0.2730476613383078,-2.588440665412361e-07,11.54408760829677,623.2741617356795,0.5488049748122892,1,0.49715722347734814,54.52261306532663,-2.789633721089757e-05,9.763718023836354e-05,8.368901163269271e-05,0.0
1779690000,AUDUSD,bullish_exhaustion,0.71656,0.71663,0.71639,0.71659,212.0,6.911136932942759,81.44753449657517,0.027810284023740122,10.597849462366453,3.580543713278294,-0.09135085013943467,2.0059238317890973,23.69846120851854,-0.11524031338961042,1,0.44262561772250913,21.35678391959799,-0.00011163984984441377,0.0001535047935361522,0.00013954981230557273,0.0
1779690300,AUDUSD,bullish_exhaustion,0.71659,0.71664,0.71645,0.71651,169.0,5.837100824187543,68.44592203204203,0.028511216073149062,9.673706293707014,3.2535194853152274,-0.5998815329435558,-13.888199898945913,15.984441000392918,-0.1095521979910962,1,0.4614307192214995,32.41206030150754,0.00026517424739358475,0.0002512177080571387,-2.7913078673003078e-05,0.0
1779690600,AUDUSD,bullish_exhaustion,0.71649,0.71672,0.71643,0.7167,217.0,4.122105940069537,52.00473618371059,0.029799278438878182,9.864615384615211,2.9681642691028416,-2.9645124169375947,-0.04065040650391438,11.044218393184666,-0.01576524882712223,1,0.44566283257054334,21.85929648241206,-1.395283940275327e-05,-0.00029300962745926196,-0.00018138691223656966,1.0
1775466000,CADCHF,bearish_exhaustion,0.57268,0.57276,0.57259,0.57273,107.0,2.1625068754014083,25.669484836164234,0.03442160479507902,-4.01840579710045,-1.2423991305626758,0.9280598355315164,-4.247614754723834,-42.302543507344254,0.028137761488797545,1,,,3.492046863273757e-05,0.0001047614058982127,0.0,1.0
1775466300,CADCHF,bearish_exhaustion,0.57274,0.57279,0.57272,0.57275,75.0,1.8089031801732154,19.83209274977608,0.03205088233460075,-4.298054474707848,-1.2518522601136843,1.0732775413532432,-10.26455026455993,-20.975326253479473,0.030357313551647534,1,,,6.983849847230772e-05,-3.491924923615386e-05,-1.7459624617965908e-05,0.0
1775466600,CADCHF,bearish_exhaustion,0.57277,0.57288,0.57276,0.57279,73.0,1.3336056252014388,14.34282475804078,0.031175723837955405,-4.029759999999079,-1.1880056658543556,2.698182540224626,1.7387338076996457,16.4794007490718,0.03632100730604388,1,,,-0.00010475043209567936,-8.729202674628844e-05,6.983362139689753e-05,0.0
1775670000,CADCHF,bullish_exhaustion,0.57091,0.57114,0.57085,0.57107,174.0,1.6953642850163722,22.223375658345983,0.03489689780337388,4.89648745519667,1.4231455786017675,-0.4085637605484038,-5.952722748586325,100.20475533825106,0.008933023991075708,1,,,0.00022764284588583372,0.0003151977866111544,0.0001050659288703848,0.0
1775675700,CADCHF,bullish_exhaustion,0.57175,0.57193,0.57175,0.57187,123.0,1.4173313227767623,20.33854685810945,0.04096835194812084,4.544024390244643,1.3017042876063563,-0.3322908770254003,-3.175800234619146,110.57225994181965,-0.007858188651933013,1,,,6.994596674081421e-05,-0.00010491895011099928,-0.0005595677339255145,1.0
1775764200,CADCHF,bullish_exhaustion,0.57192,0.57201,0.57184,0.572,85.0,1.2705529662132433,13.95072030768109,0.02959540459540439,4.302784810126391,1.3067907234007172,-1.0824536691055187,5.264094217581693,6.259780907658689,-0.03921344485676613,0,,,0.00047202797202805513,0.0002797202797204523,0.00013986013986033718,0.0
1775808900,CADCHF,bearish_exhaustion,0.57092,0.57093,0.5706,0.5706,120.0,1.2634855172917652,12.125463988236492,0.027414751389512333,-4.89680365296876,-0.9774416747437732,10.229244392752246,-28.510378510375894,-199.49494949495968,-0.14125609242019713,0,,,7.01016473887428e-05,-3.50508236943714e-05,-0.0001402032947773746,0.0
1776061500,CADCHF,bullish_exhaustion,0.57126,0.5714,0.57115,0.57138,94.0,3.380796380994964,37.17154467538031,0.024752103928832335,5.2549494949502265,1.6217932112047047,-0.1949246743192674,-2.356902356903248,29.011822620321986,-0.03177136587857718,1,0.11847973405484022,1.6129032258064515,3.500297525294016e-05,0.0002625223143966071,0.0003850327277818977,0.0
1776103200,CADCHF,bearish_exhaustion,0.56914,0.56918,0.56889,0.56894,89.0,1.3606172717511704,18.547423963355453,0.035027544958292856,-4.453906810036407,-1.268133784815013,1.632512455538335,-10.481212920236786,-82.30391794265462,-0.02131633774900696,0,0.7003366963708982,90.32258064516128,-3.515309171442382e-05,-0.0003339543712870263,-0.00026364818785806765,0.0
1776107400,CADCHF,bearish_exhaustion,0.56822,0.56829,0.56821,0.56827,59.0,1.8046846805320413,28.693020822853224,0.03695426469812092,-4.96285714285736,-1.676327390591453,0.1336628130922374,28.02674456769322,-62.225453664151985,0.10858461697290796,1,0.544931045024049,67.51152073732719,8.798634451934184e-05,8.798634451934184e-05,0.0,1.0
1776107700,CADCHF,bearish_exhaustion,0.56828,0.56832,0.56821,0.56832,67.0,1.8095177639897608,28.135043947299874,0.036322594916347054,-4.592387543252615,-1.580594713644085,1.1126798407829077,22.44161067690723,-51.32250580046653,0.10036615660171684,1,0.4184857292475536,32.02764976958525,0.0,-8.797860360354459e-05,0.0,0.0
1776108000,CADCHF,bearish_exhaustion,0.56833,0.56837,0.56829,0.56832,45.0,2.000228455065122,27.443019494645284,0.03494007400257685,-4.5797122302157565,-1.522817387197615,3.326582579817681,8.27689952098791,-38.617203372191774,0.075988711600222,1,0.34922039810140487,17.972350230414747,-8.797860360354459e-05,0.0,0.00010557432432434233,0.0
1776108300,CADCHF,bearish_exhaustion,0.56831,0.56832,0.56823,0.56827,52.0,1.9511370461657647,25.535994609174637,0.03444036914042743,-4.689489051094788,-1.4521775787145943,6.331836570558776,-4.693992307245296,-43.95036194416548,0.03831474535891319,1,0.2958820144654489,10.829493087557603,8.798634451934184e-05,0.00019356995794250764,0.00021116722684610956,1.0
1776108600,CADCHF,bearish_exhaustion,0.56825,0.56836,0.56825,0.56832,73.0,1.827802672891487,23.280423889902806,0.03330618564993896,-4.3775094339616025,-1.3880807518481597,9.559583643491534,-9.808377896611674,-31.195027559527258,0.04560579768309447,1,0.2600940702060319,7.373271889400922,0.00010557432432434233,0.000123170045044807,1.7595720720686714e-05,1.0
1776109200,CADCHF,bearish_exhaustion,0.56838,0.56841,0.56829,0.56839,72.0,1.5989217828121425,18.342033770441034,0.030160377809001614,-4.0063333333336075,-1.2562567721065734,19.882706139191086,4.9486461251127025,-2.6939358954040364,0.03545194102189015,1,0.31429017693874733,13.36405529953917,-0.00010556132233141557,-0.000175935537219174,0.0001055613223315266,0.0
1776109500,CADCHF,bearish_exhaustion,0.5684,0.56841,0.56829,0.56833,70.0,1.5365457629584718,16.005248513796897,0.029409472866622145,-4.2406837606830665,-1.1956159596497282,15.508745339514789,-0.8986928104608438,0.13312034076233992,-0.005687082375496074,1,0.3148233463607804,13.594470046082948,-7.038164446715456e-05,0.00021114493340146367,-1.7595411116677617e-05,1.0
1776109800,CADCHF,bearish_exhaustion,0.56831,0.56833,0.56824,0.56829,126.0,1.7968413790304876,14.543882711611172,0.02853171041948171,-4.378854625550172,-1.1631281892859588,10.53814681998999,-17.15232389252151,-14.241001565006924,-0.025777030580818386,1,0.23052751272823044,5.0691244239631335,0.00028154639356681166,5.278994879387433e-05,-3.519329919565717e-05,1.0
1776334800,CADCHF,bullish_exhaustion,0.57074,0.57091,0.57072,0.57091,76.0,1.9038768019634709,26.030536843248086,0.03615781321549102,4.594325259515638,1.223754884975805,-2.5833705167055143,1.9543258673745356,79.46474892217995,0.02136319872082677,0,0.45101486917966616,40.78341013824885,3.503179135067036e-05,-0.00010509537405201108,-5.254768702589452e-05,1.0
1776335100,CADCHF,bullish_exhaustion,0.57091,0.571,0.57084,0.57093,77.0,1.7637034775142553,23.7405511973669,0.03453012753627382,4.725507246376629,1.2857222495183669,-0.15980333822039938,20.52042160738582,93.86858398244055,0.010291667554154381,1,0.5200022148220391,61.75115207373272,-0.00014012225666903966,-8.757641041812203e-05,-0.00017515282083635508,1.0
1776361200,CADCHF,bullish_exhaustion,0.57218,0.57219,0.57211,0.57216,61.0,1.6753216232785673,16.051659137874452,0.024343839884947358,4.014769230768289,1.1806558345912441,-5.324873907005966,13.57916157914925,77.5247899037423,-0.01186397510393891,1,0.4541411928803193,41.705069124423964,0.0003320749440716142,0.00034955257270685713,0.00026216442953019836,0.0
1776361500,CADCHF,bullish_exhaustion,0.57217,0.57242,0.57217,0.57235,62.0,1.4805124216851582,15.42649354100029,0.025958142495227463,4.877115384614204,1.1758474841227375,-9.17711773452369,16.117250755537285,126.31124274962424,0.06713853458640609,1,0.5412558398012812,67.05069124423963,1.747182667943825e-05,-6.988730671797505e-05,-0.0003494365335895422,1.0
1776361800,CADCHF,bullish_exhaustion,0.57238,0.57244,0.57232,0.57236,71.0,1.4190568072565888,14.884365562344351,0.02558329922226766,4.8556097560969285,1.2397439368463619,-0.6112421436357494,4.1187451521796135,144.36301576146542,0.03585426963810082,1,0.542696635368966,67.2811059907834,-8.735760710043561e-05,-0.0003669019498216963,-0.00038437347124187227,1.0
1776405300,CADCHF,bullish_exhaustion,0.57236,0.57253,0.57233,0.57253,58.0,1.2857624250681206,9.70570710257644,0.018589169376023444,4.273288590605838,1.126788406169307,-1.3965417066638253,-0.2558479532064126,93.65585681373287,0.041423361626676036,1,0.4597375156081681,43.08755760368664,-3.4932667283826824e-05,-3.4932667283826824e-05,5.23990009255737e-05,1.0
1776917400,CADCHF,bullish_exhaustion,0.57454,0.5746,0.57454,0.57458,31.0,1.445283008689236,6.641752166641758,0.013550270259517813,4.7831192660546,1.2418549148407807,-14.019650676497633,11.965811965813458,88.33522083810227,0.0414607861776354,1,0.4146175348303911,12.582781456953644,-1.740401684702242e-05,3.480803369426688e-05,1.7404016847244463e-05,0.0
1776917700,CADCHF,bullish_exhaustion,0.57456,0.57459,0.57455,0.57457,23.0,1.3373243901364764,5.7730134710407315,0.01230734039617262,5.011717171716611,1.337972933277223,-19.59660750625497,23.71794871795202,90.49686444768761,0.01557263063965181,1,0.4873625951938032,46.799116997792495,5.2212959256392466e-05,3.480863950433566e-05,1.7404319752056807e-05,0.0
1777285500,CADCHF,bullish_exhaustion,0.5762,0.57622,0.57615,0.57619,43.0,2.0630569657959663,19.48667666306533,0.02652894754458238,4.652710280374397,1.5072339316986223,-0.27929805517921125,-21.158594491936725,76.96195220556625,-0.06199985280890283,1,0.39036020830346296,5.518763796909492,5.206615873221132e-05,-3.471077248828891e-05,-0.00020826463492951142,1.0
1777285800,CADCHF,bullish_exhaustion,0.5762,0.57625,0.57613,0.57622,54.0,1.9846599892817112,18.8829000616591,0.024916078680264058,4.989850746269468,1.548731939986158,-1.205936920528302,-12.25071225072233,72.83406754770094,-0.042082822731409404,1,0.39943047225156403,7.9470198675496695,-8.677241331433994e-05,-0.0002603172399430198,-0.00022560827461726163,1.0
1777286100,CADCHF,bullish_exhaustion,0.57623,0.57627,0.57617,0.57617,77.0,1.96462199239615,16.780971383263058,0.02417441280970876,4.59630769230885,1.5043443307898938,-2.140509099248632,-5.03323836657799,67.40447957830447,-0.06216894916297431,1,0.4354133261728675,21.63355408388521,-0.00017355988683898094,-0.00013884790947116255,-0.00015620389815496072,1.0
1777287300,CADCHF,bullish_exhaustion,0.57606,0.57623,0.57601,0.57621,94.0,1.2237197087369227,10.28086882610701,0.022561219000016522,4.450769230769278,1.1777069815973091,-18.719784727370218,15.764482431155571,32.15461951810798,0.04181580345365914,0,0.49380897047795863,50.11037527593819,-6.941913538471844e-05,-0.00010412870307696664,-1.73547838461241e-05,1.0
1777361400,CADCHF,bullish_exhaustion,0.57819,0.5785,0.57819,0.5785,161.0,1.8252008176339212,34.10398031571828,0.044202988023215824,4.2516201117322385,1.3174354116786215,-0.43489158659349414,-4.86488065543654,63.26836581709507,-0.033006521234624456,0,0.5504326634232201,77.48344370860927,0.0001037165082107272,-0.00013828867761445096,0.00017286084701817472,1.0
1777362300,CADCHF,bullish_exhaustion,0.5784,0.57865,0.5784,0.5786,111.0,1.8790062991421201,32.239764922325634,0.04629401017233756,4.028266666666828,1.1699899288503248,-0.08250426656333332,11.106452364314336,67.40062641986133,-0.0029035247075746653,0,0.630567322633513,95.58498896247241,0.0001901140684410496,0.0006049083995851579,-0.00013826477704803608,0.0
1777550100,CADCHF,bearish_exhaustion,0.5747,0.57476,0.57452,0.5746,593.0,1.5053565478386033,34.44012230121425,0.05780418676346194,-5.291096774193352,-1.5756190075350653,0.03394340306857831,6.873071121494402,-93.24605622853458,0.030012275565533677,0,0.5876448013891419,67.95698924731182,0.00038287504350842383,0.0,-0.0005046989209885888,0.0
1777550400,CADCHF,bearish_exhaustion,0.57461,0.57485,0.57458,0.57482,260.0,1.4602761634023045,30.670816445791008,0.05678796343699955,-4.486126914660736,-1.5042687689216296,3.971298903865383e-06,18.868340244726085,-67.25076330812279,0.07610970041050824,0,0.5494556212322194,56.55913978494623,-0.0003827285063150443,-0.000887234264639436,-0.000887234264639436,0.0
1777550700,CADCHF,bearish_exhaustion,0.57484,0.57496,0.57459,0.5746,334.0,1.319922824493206,29.01143672216914,0.05656108597284859,-4.954461538461398,-1.4698108015040359,2.767403279688301,6.120449998296273,-66.3292072539926,0.014517863214342371,1,0.5846981247201748,66.88172043010752,-0.0005046989209885888,-0.0005046989209885888,-0.0013748694744168954,0.0
1777551000,CADCHF,bearish_exhaustion,0.5746,0.5746,0.57427,0.57431,445.0,1.285939398540607,28.62605454302136,0.05658964670648185,-5.632615384615503,-1.4920646028509825,3.968804879688379,-10.313196576313928,-112.22619774850352,-0.039044860778190235,0,0.6535522758283998,82.58064516129032,0.0,-0.0008706099493304142,-0.0012188539290627354,0.0
1777551300,CADCHF,bearish_exhaustion,0.57428,0.57449,0.57414,0.57431,403.0,1.2666251116541227,28.728027279481136,0.05733588380590736,-5.386811279826398,-1.473071217107051,0.8900374277309684,-18.69519169954122,-117.17352415026697,-0.013598904719286417,0,0.590106351773922,68.60215053763442,-0.0008706099493304142,-0.0012188539290627354,-0.0006964879594643092,0.0
1777666200,CADCHF,bullish_exhaustion,0.57504,0.57515,0.57504,0.57509,29.0,1.271411782900998,8.667327255871697,0.017140174332963522,4.013333333333393,1.116801714624872,-4.651202513444389,0.1526374859725017,44.51612903224181,-0.01682527879008833,0,0.46718983821684856,28.387096774193548,0.00020866299187960458,0.00012172007859634348,0.0,0.0
1777666500,CADCHF,bullish_exhaustion,0.57509,0.57522,0.57509,0.57521,28.0,1.2735286878763918,8.77009610426945,0.017384955059892012,4.932000000000586,1.1278444444728373,-6.405729621235551,19.65656565656661,87.23540731238151,0.06569885951936873,0,0.5845101654294742,66.66666666666666,-8.69247752994795e-05,-0.0002086194607187064,-0.0005389336068566397,1.0
1778090400,CADCHF,bearish_exhaustion,0.57127,0.5713,0.57118,0.57125,82.0,2.5296803845150597,20.538527262412135,0.02738355736167723,-4.096438356163399,-1.2306685223573441,1.1236997646760303,-2.8387251162892966,-61.90139739364713,0.01707209379181387,0,0.39969302276558466,13.994910941475828,-1.7505470459644457e-05,5.251641137848928e-05,-0.0001750547045951123,1.0
1778090700,CADCHF,bearish_exhaustion,0.57123,0.57128,0.57113,0.57124,102.0,2.4924311445260807,19.539517111333634,0.026258665359571318,-4.155999999999923,-1.2497624030503984,1.4734289256631898,-10.884646256166377,-63.62068607287705,0.016307442988055882,0,0.37109148419465543,10.178117048346055,7.002310762560526e-05,-0.00015755199215727878,-0.00015755199215727878,0.0
1778091000,CADCHF,bearish_exhaustion,0.57125,0.57129,0.57118,0.57128,79.0,2.2739402568320024,17.986885418431292,0.02275591653830189,-4.250769230768979,-1.3706357554222326,2.554647859231137,-2.5871459694929513,-51.783978897684186,0.04111058650487902,0,0.3872062779920629,12.213740458015266,-0.00022755916538297338,-0.00022755916538297338,-0.00026256826774961883,0.0
1778091300,CADCHF,bearish_exhaustion,0.57127,0.57127,0.57115,0.57115,55.0,2.001310257390815,16.531967564802972,0.02076012055877372,-5.486987951806421,-1.5117507857448138,9.799423395167862,-5.273191147799295,-67.07070707071509,-0.03376960649637229,0,0.5469268239782565,75.06361323155217,0.0,-3.5017070822096485e-05,-3.5017070822096485e-05,0.0
1778091600,CADCHF,bearish_exhaustion,0.57117,0.57119,0.5711,0.57115,83.0,1.849513296219582,14.89056434094245,0.020509998624329045,-5.302926829268275,-1.519890427555251,8.78504276679049,-7.797270955159181,-83.0090791180265,-0.011815762987810681,0,0.49929042377934485,50.89058524173028,-3.5017070822096485e-05,-3.5017070822096485e-05,-0.0003851877790422842,0.0
1778091900,CADCHF,bearish_exhaustion,0.57116,0.57118,0.57111,0.57113,150.0,1.7058053537033158,13.017836581345255,0.019009932689830006,-5.64236842105242,-1.6271847234508514,7.268091460710728,-12.694931773874941,-91.83844477957622,-0.008928596247980201,0,0.46329455067415937,35.36895674300254,0.0,-0.00035018297060207537,-0.0002976555250118196,0.0
1778092200,CADCHF,bearish_exhaustion,0.57113,0.57119,0.57109,0.57113,108.0,1.4204062842531129,10.740998379916936,0.019009932689830006,-5.375263157895018,-1.5986934737641447,3.5014790162298084,-2.5974658869357476,-100.775193798381,0.005492479854707734,0,0.4653203511354159,36.1323155216285,-0.00035018297060207537,-0.0002976555250118196,-0.00026263722795161204,0.0
1778249100,CADCHF,bearish_exhaustion,0.56747,0.56777,0.56746,0.56777,228.0,1.3303923663724138,28.034883861397482,0.05485118471010964,-4.29954128440371,-1.782939035512516,1.3967113465455185,31.695156695154303,12.03337725075362,0.17488622384653338,1,0.5563378697841799,78.88040712468194,0.00014090212586070905,0.00012328936012817593,0.00028180425172164014,1.0
1778249400,CADCHF,bearish_exhaustion,0.56778,0.56795,0.56772,0.56785,251.0,1.273083519521589,26.648563304195015,0.05182455125221996,-4.132038834951581,-1.6397631659837022,5.666474339380346,20.362330608633997,57.35196274117776,0.1375399843913641,1,0.5650737946925032,82.44274809160305,-1.76102844060555e-05,0.00014088227524888808,0.00012327199084261053,1.0
1778249700,CADCHF,bearish_exhaustion,0.56787,0.56795,0.56782,0.56784,172.0,1.2182946990939592,24.90146876129889,0.0498128245381016,-4.175252525252286,-1.4880275519225086,11.686124153421854,2.603800140746472,69.85986195357587,0.08325452986623964,1,0.572634075877574,85.75063613231552,0.00015849535080314503,0.00014088475626938823,-0.00035221189067335956,1.0
1778250600,CADCHF,bearish_exhaustion,0.56794,0.56801,0.56762,0.56764,220.0,1.306273550294668,23.662186728532813,0.04756535832569945,-4.625185185184952,-1.0713838225887506,15.06767596671802,-19.83566880118648,54.37616387337737,-0.06917912978500897,1,0.4150180958977401,17.048346055979643,-3.523359875978738e-05,1.7616799379727155e-05,0.00028186879007807697,1.0
1778250900,CADCHF,bearish_exhaustion,0.56763,0.56768,0.56757,0.56762,172.0,1.3448222072598532,22.654945446638216,0.046434485848176346,-4.630243902439239,-1.0292409230898252,9.989565593080883,-28.69081323104548,28.93140457305638,-0.06519769566426564,1,0.44119170782796413,23.918575063613233,5.28522603149284e-05,0.0003171135618900145,0.0006166097036748308,1.0
1778251200,CADCHF,bearish_exhaustion,0.5676,0.56779,0.56748,0.56765,211.0,1.3020456972973746,22.393424346871033,0.044544550842444124,-4.520338983051464,-0.9954043316817238,6.222678630988199,-21.059547254516236,35.64229978647514,-0.04934320182448074,1,0.48389832209747546,46.56488549618321,0.0002642473355058961,0.0005637276490795262,0.00017616489033733806,1.0
1778481000,CADCHF,bullish_exhaustion,0.56921,0.56923,0.56901,0.56909,90.0,3.2215032525312672,33.28724409532371,0.022215918647063723,7.295819209040143,2.5695946425445237,-0.06275315320829122,-23.48554848555056,15.2740341420293,-0.15636708285411507,1,0.3666625978297557,9.669211195928753,-0.00022843486970425264,-0.0005623012177335962,-0.0007555922613293742,1.0
1778791500,CADCHF,bullish_exhaustion,0.57118,0.57138,0.57117,0.57136,210.0,1.3737576823740714,12.702125087113984,0.021502580309635064,4.2765116279074675,1.1552895485964227,-0.5408107875955608,-10.0905349794226,119.26472716744918,0.033348156868759235,1,0.4207309007681747,12.814070351758794,-5.2506300756038904e-05,-0.001172640716885942,-0.0020827499299916896,1.0
1779162900,CADCHF,bullish_exhaustion,0.57153,0.57156,0.57151,0.57155,28.0,1.5773861901937534,7.839843580594702,0.012872264643765669,4.5561165048502055,1.2849187346098196,-3.628639748995937,2.457264957263419,101.82516810754068,0.03272080852336113,1,0.4248235346705085,15.829145728643216,-3.499256408012741e-05,-5.248884612019111e-05,-0.00012247397428044593,1.0
1779388500,CADCHF,bearish_exhaustion,0.57102,0.57104,0.57084,0.57087,83.0,2.3742787995906895,33.09142827456866,0.03953864902942553,-4.182278481013476,-1.2958987376032418,2.0003493706096656,-12.907496868845591,-40.40404040405308,0.0015783212947687337,1,0.5096855551311238,61.30653266331658,-8.758561493860118e-05,0.0003503424597544047,0.0009459246413368039,1.0
1779388800,CADCHF,bearish_exhaustion,0.57088,0.57089,0.57076,0.57082,122.0,2.156935481456533,28.2528793785059,0.03703944701106632,-4.573648648649473,-1.346056569223614,2.3635416492486536,-20.30586141697612,-54.79753521127573,-0.010085929987713587,1,0.48756446526312075,47.73869346733669,0.00043796643425242365,0.0010336007848357198,0.0007883395816543626,1.0
1779397200,CADCHF,bearish_exhaustion,0.57061,0.57064,0.56993,0.56995,8.0,1.2797963052836474,15.426661726545559,0.03120574486483628,-5.875502008033448,-0.6940417204441018,0.006031128931383023,-26.556776556782246,-348.47161572045684,-0.3317114430852035,0,0.6577253407440974,98.74371859296483,-7.018159487659492e-05,-0.00021054478463022885,-0.00015790858847253286,0.0
1779470700,CADCHF,bearish_exhaustion,0.56809,0.56811,0.56778,0.56781,393.0,1.2309409176667814,17.074853419638167,0.03610362621299707,-4.3004878048773,-1.114084680942265,15.454263981521994,-1.5828662887475247,-59.858202089057755,-0.036031242174805966,1,0.595542969594938,95.7286432160804,-0.00015850372483761088,-0.00029939592469307996,-5.2834574945981316e-05,0.0
1779690600,CADCHF,bearish_exhaustion,0.56613,0.56614,0.56607,0.56608,80.0,2.961237177234255,23.01029870485268,0.019684244528789543,-11.67384615384802,-3.4842543241564874,0.9006106767894166,15.074723846654265,-69.2573783763768,0.05733037591420433,1,0.5713274607272032,90.7035175879397,-0.0001413227812324669,-0.00012365743357833914,-0.00010599208592432241,0.0
1779726300,CADCHF,bullish_exhaustion,0.56753,0.56757,0.56752,0.56756,24.0,1.2752452253325963,10.24915285823373,0.02038802694239948,5.895555555555427,1.3695565190897334,-0.16323175597823214,3.6375661375635673,103.94685423983047,0.024812577439266497,1,0.5429424346112414,80.65326633165829,1.7619282542957748e-05,-7.047713017116486e-05,-0.000123334977799483,1.0
1779726600,CADCHF,bullish_exhaustion,0.56756,0.56762,0.56751,0.56757,36.0,1.3232973906212573,10.541786435444259,0.02038766772632142,5.636296296296382,1.361423474116303,-0.35103702166492834,-2.31481481481903,103.20456965816467,0.01275082830074979,1,0.5331540558472583,77.38693467336684,-8.809486054583981e-05,-0.00014095177687323268,-0.00035237944218335926,1.0
1779726900,CADCHF,bullish_exhaustion,0.56758,0.56759,0.56749,0.56752,55.0,1.3567160780189471,10.61651175518305,0.020137742156348608,4.940250000001401,1.321380555934835,-0.3102217791044807,-9.73875661375542,76.83352735734375,-0.028732631960792593,1,0.52400672528035,70.60301507537689,-5.286157316042317e-05,-0.0002643078658020048,-0.00021144629264169268,1.0
1779727200,CADCHF,bullish_exhaustion,0.56751,0.56755,0.56749,0.56749,35.0,1.4507047231560595,10.63608687733254,0.01925773393111924,4.533071895426406,1.2974391962432343,-0.22246871619736086,-21.16402116400687,59.236238640108816,-0.043818034963086935,1,0.4908759543572781,50.502512562814076,-0.00021145747061623865,-0.000158593102962179,-0.0004405363971172749,1.0
1775227200,CADJPY,bearish_exhaustion,114.409,114.422,114.381,114.402,153.0,1.3859816761532238,10.56117996049792,0.021353273044676074,-4.656842105262753,-1.3740071452403453,0.7564031773519886,15.61588738059191,-89.73704365586062,0.02813681914404606,0,,,0.0002797153895910398,0.0002709742836664031,0.00034090313106416303,1.0
1775670300,CADJPY,bullish_exhaustion,114.483,114.491,114.462,114.485,375.0,1.9132988334381975,21.7382983033908,0.030259734587813357,4.056824742267558,1.1181574717364648,-2.694559369325873,22.12672164184835,76.68907113933938,0.025671736579486303,1,,,-8.734768746998522e-05,-0.0001921649124340119,-9.608245621695044e-05,1.0
1775746200,CADJPY,bullish_exhaustion,115.116,115.173,115.115,115.167,462.0,1.5426812539823593,25.738231917933767,0.03795730175682822,4.749934640522756,1.3700582304112503,-1.9628915495222543,-10.193872782542687,78.06925498427015,-0.007281138207050775,0,,,-2.6049128656668863e-05,-0.00018234390059657102,-0.00019970998636753556,1.0
1775746500,CADJPY,bullish_exhaustion,115.169,115.207,115.147,115.164,1175.0,1.3908145522427142,24.55587079813475,0.0392607808987925,4.368530805687488,1.2978075893573051,-0.8095778628263588,7.017503250136766,90.59190031150906,-0.02052493329111039,0,,,-0.00015629884338852484,-0.0001736653815428424,0.00010419922892568323,1.0
1775747400,CADJPY,bullish_exhaustion,115.142,115.18,115.141,115.176,412.0,1.2348573353971946,20.510352919383582,0.0391326566050467,4.211093502376665,1.1514664411154145,-3.7710595465538574,1.6318104540482565,65.67785584178326,0.013600514660372261,0,,,-0.00021705910953673246,-6.94589150517233e-05,-0.00032992984649582446,1.0
1775756100,CADJPY,bearish_exhaustion,114.92,114.927,114.889,114.89,319.0,1.4419183118222263,16.062146168734113,0.028225756313491127,-4.137092511013666,-1.1631572511906687,0.4316893290449955,9.642890972814165,-16.155688218843828,0.01856490069997715,1,,,0.00017407955435633227,0.0002959352424058981,0.0004439028636087361,1.0
1776096600,CADJPY,bullish_exhaustion,115.645,115.663,115.64,115.657,379.0,1.4095925687027528,15.411232966446708,0.029767823329821263,4.297593360996202,1.2802509412342942,-0.5597805027926199,-4.164429796652634,76.3467713164417,-0.01753296859180081,0,0.5262435134075405,63.594470046082954,8.646255738953279e-05,7.781630165060172e-05,-0.00012104758034525709,0.0
1776096900,CADJPY,bullish_exhaustion,115.656,115.677,115.656,115.667,283.0,1.3030858248944241,14.245901808448133,0.028406669886089746,4.667478260869679,1.3220361536200391,-0.1740381518086167,0.5124621476794289,96.89865208759511,-0.0012177090949405998,1,0.4880669672202196,52.53456221198156,-8.645508226212684e-06,-0.00020749219742888236,-0.0002420742303337331,1.0
1776192300,CADJPY,bearish_exhaustion,115.306,115.312,115.286,115.288,182.0,1.6937658596747436,16.625684673604212,0.022738086977207504,-4.196948228881323,-1.3678410050845973,1.0899069176456906,-7.359324968448789,-53.18615153037801,0.029261654279553993,1,0.3894572330924394,26.72811059907834,-6.939143709661089e-05,-6.939143709661089e-05,-3.469571854830544e-05,0.0
1776192600,CADJPY,bearish_exhaustion,115.285,115.288,115.273,115.28,145.0,1.6623703925274356,15.107583009026163,0.022429860216117672,-4.425082872926217,-1.3526767247806373,1.1328707426363085,-17.694431661297145,-72.59528130673178,0.007138071677813631,1,0.34511656482037983,17.050691244239633,0.0,3.469812630130242e-05,7.80707841776529e-05,1.0
1776192900,CADJPY,bearish_exhaustion,115.281,115.29,115.27,115.28,195.0,1.5361367036573887,13.268449043409015,0.02224397739664794,-4.309972144844579,-1.321530594014358,0.5120379798982624,-21.12907412067298,-68.52153825244766,0.012244676505799629,1,0.3141410632291185,13.13364055299539,3.469812630130242e-05,7.80707841776529e-05,0.0002342123525329587,1.0
1776193200,CADJPY,bearish_exhaustion,115.284,115.29,115.27,115.284,206.0,1.2759565129269062,10.711889978970996,0.02218124680912169,-4.010726256980453,-1.2642901417586458,0.26604591661586774,-11.46540027136481,-61.931223322895356,0.02451387768884523,1,0.2670152860808078,8.064516129032258,4.337115297858851e-05,0.0001995073037022177,0.0004337115297872174,1.0
1776278100,CADJPY,bullish_exhaustion,115.82,115.847,115.81,115.847,92.0,2.053968646414881,19.724362554957622,0.024601413933893874,4.489122807017189,1.4957628092453898,-2.5941020205065968,10.05291005290189,52.83610288117199,-0.010729008310247494,0,0.3622713765874524,20.046082949308754,-1.7264150129037148e-05,-8.632075064407552e-06,-0.00013811320103229718,1.0
1776278400,CADJPY,bullish_exhaustion,115.849,115.871,115.843,115.845,162.0,1.8824970193948896,18.401682723596792,0.024231886202621254,4.359592875318111,1.4711258126681954,-3.026313311001914,15.493622082768084,72.50948010063323,-0.021692729850278227,1,0.4561221015805612,42.626728110599075,8.63222409264175e-06,-0.0001208511372955412,-0.00023307005049855167,1.0
1776278700,CADJPY,bullish_exhaustion,115.843,115.856,115.841,115.846,179.0,1.700622672426213,16.56402739883999,0.02392338597300214,4.324123711339822,1.4383076787888123,-4.67611642945036,13.875558836806483,62.11213642005612,-0.02053070375739239,1,0.4653417328427797,44.93087557603687,-0.00012948224366837735,-0.00024170018818092665,-0.0004143431797386521,1.0
1776346500,CADJPY,bullish_exhaustion,115.948,115.991,115.941,115.991,578.0,1.476397225080457,17.528213567545773,0.030051592672829627,4.305573770492824,0.9743331502879228,-1.6044771308986157,26.82519816437216,116.6603029146129,0.10105315314291893,1,0.587576353453164,75.11520737327189,4.310679276842144e-05,0.00018966988818092112,0.0007069514014017564,0.0
1776351000,CADJPY,bullish_exhaustion,116.094,116.15,116.094,116.141,518.0,1.9836937367047476,26.94042250029494,0.037454473441763544,5.074022988505911,1.3375183697882385,-0.07044539205740818,-6.185388685387437,83.29266308769584,0.017141857944893413,1,0.465448461387695,45.16129032258064,-6.888179023778473e-05,-0.0004477316365453232,-0.0005166134267829969,1.0
1776393000,CADJPY,bullish_exhaustion,116.331,116.344,116.33,116.341,49.0,1.2109803951463238,9.786642439998287,0.02044482537172034,4.432072072070885,1.3567734359739863,-1.1202515524265948,-17.69878171994978,69.57708049116543,-0.04210692564475642,1,0.36876963644795047,21.428571428571427,-0.00015471759740759428,-0.00015471759740759428,6.016795454755197e-05,1.0
1776394200,CADJPY,bullish_exhaustion,116.348,116.348,116.332,116.342,101.0,1.2225131492603698,9.290807547200869,0.019400928788769117,4.035189873416478,1.1449379285655499,-7.9754935978041885,21.679106425185523,61.01910538632419,-0.0034348410840090104,1,0.5284045180211808,64.0552995391705,5.157208918538103e-05,0.00012893022296323053,0.0002578604459266831,0.0
1776394500,CADJPY,bullish_exhaustion,116.343,116.352,116.34,116.348,123.0,1.3464652799084602,9.260242334780633,0.018417653443610755,4.340933333332303,1.1787302231938694,-12.762913247548695,24.774048996719536,71.3154462456356,0.01190876093391405,1,0.5610754781399179,70.96774193548387,7.735414446319311e-05,0.00020627771856851496,0.00015470828892638622,0.0
1776394800,CADJPY,bullish_exhaustion,116.346,116.363,116.343,116.357,133.0,1.3699256386691445,9.327121211929288,0.01835484144240856,4.572709030100456,1.1813733685796202,-19.529451023465768,7.485063714044742,85.86719712037721,0.03040941000549742,1,0.4290078651221524,33.87096774193548,0.00012891360210387504,7.734816126236943e-05,0.0,0.0
1776395100,CADJPY,bullish_exhaustion,116.358,116.375,116.356,116.372,163.0,1.337947636537442,8.740948355127111,0.018536614109432723,5.012185430462785,1.2107716168778457,-15.669282366838079,4.155608100499322,116.41791044775296,0.058021813052693105,1,0.40094567449751434,28.341013824884794,-5.155879421170351e-05,-0.00012889698552920326,-3.4372529474469005e-05,1.0
1776395400,CADJPY,bullish_exhaustion,116.372,116.374,116.357,116.366,292.0,1.2630718417536624,8.338347668122287,0.01773959502161907,4.757093425605785,1.2613073706475264,-5.623033513355768,0.20076540196539838,104.75277067345078,0.010975773767760695,1,0.4057089384349421,29.03225806451613,-7.734217898702767e-05,1.718715088605549e-05,0.00010312290531588886,0.0
1776398400,CADJPY,bullish_exhaustion,116.392,116.394,116.38,116.39,928.0,1.374313332992922,8.78686381889067,0.015587986204018809,4.398425196851416,1.3527756693799837,-5.278582679792493,-7.37863687287021,72.55602132171761,-0.035041823867980555,1,0.44874323164543467,39.86175115207373,4.2959017097610186e-05,0.00014606065813205227,0.00030930492310332625,0.0
1776398700,CADJPY,bullish_exhaustion,116.389,116.395,116.387,116.395,157.0,1.4094771406280346,8.575399574667513,0.015341847035648315,4.5270399999989195,1.3346462428854693,-10.834244390721182,7.504464632333388,78.26086956528842,-0.012874339728110695,1,0.469283003380712,46.54377880184332,0.00010309721207946154,0.00026633446453883103,0.00039520597963838,0.0
1776399000,CADJPY,bullish_exhaustion,116.396,116.407,116.391,116.407,179.0,1.4269662921350064,8.730607481857266,0.01509482124909002,5.055934959348344,1.3637008114388045,-13.682603327753334,19.907407407395944,96.69012249157473,0.027751912961426786,1,0.4370354030372613,35.944700460829495,0.0001632204248884772,0.0002920786550637544,0.0004982518233440647,0.0
1776399300,CADJPY,bullish_exhaustion,116.407,116.442,116.4,116.426,516.0,1.306401071735014,8.711035537982571,0.016503431977637362,5.391821561338018,1.317040631297897,-12.581303293055711,15.895891411121283,146.79089026915526,0.07087483082626743,1,0.5857391812656039,74.88479262672811,0.00012883720131240395,0.00033497672341220586,0.00015460464157501796,0.0
1776399600,CADJPY,bullish_exhaustion,116.425,116.449,116.42,116.441,215.0,1.3335176096627968,8.845564930174605,0.01723742373513364,5.664768683274194,1.358500313825383,-3.586043246913867,7.107567283670974,173.24305393414957,0.07887959473145699,1,0.591444452080749,76.26728110599078,0.00020611296708206162,2.5764120885174435e-05,0.00019752492678692946,0.0
1776405300,CADJPY,bullish_exhaustion,116.546,116.559,116.541,116.557,77.0,1.9668304061127762,15.056771204667196,0.01948770619892716,5.767295597485467,1.868518022845398,-2.4518572057266397,-12.74018379281781,55.78109775895576,-0.04879816340409152,0,0.3512041760655877,18.202764976958523,0.00016301037260735285,4.2897466475677604e-05,0.0,0.0
1776405600,CADJPY,bullish_exhaustion,116.555,116.584,116.545,116.576,182.0,1.8964564837077467,14.256795270158213,0.020832516371905453,5.956588235295214,1.7297202837001031,-4.916572294687882,2.051523608067029,77.74521123840718,0.010833943374449049,1,0.3598408781352226,19.5852534562212,-0.00012009332967333197,-0.00016298380455659345,-0.00014582761460335547,1.0
1776405900,CADJPY,bullish_exhaustion,116.578,116.59,116.547,116.562,237.0,1.653252003627807,13.619687418999378,0.022428284640667703,4.801311475411091,1.5327895668677178,-5.622460525958019,9.175722660048962,70.47387606315415,-0.03789407524888053,1,0.4918081640794943,54.14746543778802,-4.2895626361949546e-05,-2.573737581712532e-05,-0.00012868687908584864,1.0
1776406200,CADJPY,bullish_exhaustion,116.56,116.561,116.535,116.557,146.0,1.4571875195907498,11.853853996469086,0.021755143712639403,4.575436619719983,1.486728172635152,-11.20198020507452,0.6796866379793229,35.65761224677918,-0.045020387047955315,0,0.47244309560537023,48.61751152073733,1.715898659027104e-05,-8.579493295135521e-05,-8.579493295135521e-05,1.0
1776406500,CADJPY,bullish_exhaustion,116.558,116.569,116.541,116.559,199.0,1.2276404865237103,10.449631292376717,0.022061175640048954,4.427888888890826,1.3832951716411672,-21.341404781973054,-10.146255387011614,43.57066950047699,-0.027937770415037526,0,0.42332074442651935,32.94930875576037,-0.00010295215298694593,-0.00010295215298694593,-0.00018874561380921584,1.0
1776438000,CADJPY,bearish_exhaustion,115.505,115.538,115.45,115.513,1347.0,1.7368358967455941,58.21959933482905,0.07933553551795662,-5.240997661730466,-1.711602468558308,0.3086052384157525,24.283451612588458,-67.38291265163568,0.10103151360579754,1,0.6872323693675967,89.40092165898618,-8.6570342732184e-06,0.00040688061084037663,0.00013851254837105031,1.0
1776438300,CADJPY,bearish_exhaustion,115.508,115.55,115.498,115.512,1254.0,1.5966688355793657,50.82544216822082,0.07902703986227723,-5.095211267605811,-1.610332771506874,1.3057351315874741,18.66143823852557,-50.40277095802375,0.07637355090687747,1,0.6612329000005794,85.9447004608295,0.00041554124246823143,0.00014717085670756802,0.0009522820139897803,1.0
1776438600,CADJPY,bearish_exhaustion,115.508,115.567,115.508,115.56,701.0,1.4574482256335564,46.34955372665287,0.07602729565346324,-4.57219512195148,-1.5226348514663381,2.611059233403769,11.7939027967046,-29.844972485761534,0.0941717902785895,1,0.4920449719878176,54.60829493087558,-0.0002682589131187685,0.000536517826237537,0.0006749740394600412,1.0
1776438900,CADJPY,bearish_exhaustion,115.561,115.565,115.507,115.529,604.0,1.4507556444395557,45.33727101212203,0.07481114822128727,-4.816694214875972,-1.4388819828176385,5.557463061752949,0.5148842888649483,-31.029748283760448,0.04129623502887682,1,0.5010336310515197,57.373271889400925,0.0008049926858191281,0.0009434860511214893,0.0007184343325052911,1.0
1776665400,CADJPY,bullish_exhaustion,116.023,116.047,116.021,116.032,244.0,2.6731482959814183,26.548970311907464,0.023454121030650782,5.3802624671920265,1.6449343161486494,-3.720162285630508,7.392926761347905,41.38525898130307,-0.020101251650161772,1,0.39798071067639673,27.880184331797235,0.00012927468284607002,1.7236624379579624e-05,0.00012927468284607002,0.0
1776665700,CADJPY,bullish_exhaustion,116.032,116.05,116.028,116.047,254.0,2.5066243526276137,25.152559590954617,0.023451089398506396,5.697742782152659,1.6113321647625332,-6.605866451327074,5.675299359506852,47.69592601451203,0.01710328117317721,1,0.2731650484911636,9.216589861751153,-0.0001120235766541855,0.0,-8.617198204108334e-06,0.0
1776666000,CADJPY,bullish_exhaustion,116.046,116.048,116.005,116.034,210.0,2.24691701197244,23.5522745342755,0.024377091443640076,4.809494949495911,1.4706374723045503,-8.937148907942728,6.402116402118253,28.834562900805857,-0.024699688818429,1,0.35386028743417375,18.663594470046082,0.00011203612734189683,0.00010341796370028078,-0.00017236327283387531,0.0
1776666300,CADJPY,bullish_exhaustion,116.033,116.054,116.033,116.047,118.0,1.9726744464205015,20.880088816367408,0.02412815497169138,5.082857142857816,1.4427025518568282,-19.39238027989495,7.336093857836659,52.83466904126564,0.010063265848771678,1,0.281395576794132,9.67741935483871,-8.617198204108334e-06,-0.00028436754073779547,-0.0005687350814755909,1.0
1776666600,CADJPY,bullish_exhaustion,116.049,116.05,116.017,116.046,217.0,1.7282881902004859,18.113316385416812,0.02505164208281828,4.5893857493869605,1.3385489424405428,-19.655158658715116,7.26215123731108,36.68005354751155,5.475805620695776e-05,1,0.24029968507760255,5.76036866359447,-0.00027575271874957785,-0.0005601227099599759,-0.0009478999707012159,1.0
1776704100,CADJPY,bullish_exhaustion,116.271,116.293,116.266,116.271,303.0,1.7039948148566781,14.598785044552246,0.02789050702976064,4.23515418502122,1.201590807484326,-3.1746958578491444,-19.846790890269734,46.333890613821154,-0.04116682147219469,1,0.427588265535773,33.41013824884793,0.00012040835633997382,0.0001806125345098497,0.0002752191002055593,0.0
1776704400,CADJPY,bullish_exhaustion,116.27,116.297,116.258,116.285,445.0,1.4835515303595426,13.934692316384448,0.025123004441060467,5.003716381417396,1.2740538120303357,-8.836564953007013,-7.406069943989781,49.046978940485594,0.00016525599811520114,1,0.3261954134974966,14.976958525345621,6.0196929956513046e-05,0.00015479210560265244,0.0003353828954724136,0.0
1776704700,CADJPY,bullish_exhaustion,116.284,116.293,116.279,116.292,148.0,1.3211221597010188,11.908373905185492,0.023155996481764116,5.4967639257286605,1.33640246783537,-18.034754761782608,13.88527773765582,64.55879313909507,0.015358150483860902,1,0.38140541826594654,23.963133640552993,9.458948164953185e-05,0.00027516940116245614,0.0003611598390258486,0.0
1776734100,CADJPY,bullish_exhaustion,116.494,116.499,116.474,116.489,224.0,1.5432542534618696,11.023992345637739,0.017230320949985826,4.37338078291852,1.2373569623167753,-0.2449548020760801,1.5831068156698933,41.28914815270821,-0.05770022195348765,0,0.4430158262915069,23.62030905077263,0.0,2.5753504622860746e-05,6.009151078645303e-05,0.0
1776734400,CADJPY,bullish_exhaustion,116.49,116.5,116.484,116.489,189.0,1.317288326221826,9.545198794014789,0.01698504947738787,4.155523465704291,1.1705381118579454,-2.2232021213974207,4.254558656551044,46.28501827032097,-0.042709518041007304,0,0.5010839743598411,55.62913907284768,2.5753504622860746e-05,6.009151078645303e-05,4.2922507704545865e-05,0.0
1777285500,CADJPY,bullish_exhaustion,116.978,116.988,116.977,116.987,158.0,1.6727613350810189,17.565057505343916,0.025277533889601987,5.725797101449703,1.7520883244829424,-2.009094645985826,-18.75801738873348,58.79546372076677,-0.06719553044009764,0,0.49273288228914564,49.22737306843267,-6.838366656125583e-05,-0.00011112345816188807,-0.0004017540410472531,1.0
1777285800,CADJPY,bullish_exhaustion,116.987,116.987,116.97,116.979,96.0,1.7517702792404226,17.55536744380089,0.024119103184576232,5.51351898734162,1.7115455022436359,-3.9237646221083224,-13.37213403879834,45.894428152454005,-0.0732100959556098,0,0.4696033639584663,36.423841059602644,-4.2742714504329093e-05,-0.0003333931731336337,-0.0003333931731336337,1.0
1777286100,CADJPY,bullish_exhaustion,116.982,116.985,116.968,116.974,132.0,1.719007147706718,16.814795807009123,0.023387370575634364,5.270287206266589,1.629617420630366,-7.256449385840625,-4.138072863195884,36.75543499024054,-0.06586087990366912,0,0.47610929796018675,41.280353200883,-0.00029066288235002347,-0.00029066288235002347,-0.00024791834082793507,1.0
1777350900,CADJPY,bearish_exhaustion,116.676,116.688,116.661,116.664,230.0,1.8112033903505695,18.686015853091135,0.031959914185792235,-5.76091954023005,-1.781407578896381,0.5628478239783025,15.260295260294676,-46.64376321352633,0.04969591744546786,0,0.44204540197568626,23.178807947019866,-0.0003942947267366881,-0.00024857711033388075,-0.00012857436741409156,0.0
1777351200,CADJPY,bearish_exhaustion,116.67,116.671,116.616,116.618,279.0,1.6890639315123859,19.048104977316054,0.0305025198266373,-7.115823293172704,-1.8730552473037265,0.9426858931548416,-7.779251762993461,-94.3058221369304,-0.0406523752954678,0,0.5989633039668893,93.59823399558499,0.00014577509475399708,0.00026582517278650464,0.00059167538458893,1.0
1777480800,CADJPY,bullish_exhaustion,117.211,117.234,117.211,117.218,534.0,1.2269346914564843,15.289081976588324,0.031686991027705516,4.811692307693582,1.476257133117703,-0.16256528048668883,-5.709876543207102,105.29429162971232,-0.024628934547909993,1,0.5436186484792527,55.6989247311828,8.53111296894582e-06,0.00013649780750379925,2.5593338907059504e-05,0.0
1777481100,CADJPY,bullish_exhaustion,117.216,117.227,117.206,117.219,441.0,1.2973304922995517,14.172328175136157,0.030833616685738786,4.809802371541985,1.4709087945075,-0.19344873213881897,-7.591834879067775,92.78678106132229,-0.02543522344487116,1,0.4699162653069058,29.24731182795699,0.00012796560284589198,1.706208037943746e-05,-5.971728132803111e-05,0.0
1777481400,CADJPY,bullish_exhaustion,117.221,117.25,117.22,117.234,354.0,1.2530337794510826,13.259820397644637,0.03137802539000147,4.973669902912073,1.4257035193759169,-1.0738225905222407,-0.6706851838683576,114.72959879127427,0.0007162696467961652,1,0.5786513835620846,64.94623655913978,-0.0001108893324461846,-0.00018765887029348338,-6.82395891976606e-05,1.0
1777528500,CADJPY,bullish_exhaustion,117.353,117.401,117.343,117.401,359.0,1.233855138131629,11.272784288043763,0.02074696370315535,4.876598240470705,1.1549901083492005,-0.9033369392857651,-5.219295605489535,120.023616734146,0.05875971829666097,1,0.4334079447069059,19.35483870967742,-0.00016183848519168986,0.00021294537525240465,0.0003577482304240043,0.0
1777542900,CADJPY,bearish_exhaustion,116.653,116.703,116.633,116.642,924.0,2.0584364110559066,49.938765420779625,0.07030057783645749,-5.821463414634321,-1.7810623510408834,0.08068178826740881,2.807121098018733,-42.674317985154424,0.04854874787295813,1,0.5975141764428261,71.18279569892472,-0.0003515028891822869,-0.0007973114315596996,-0.0009344832907528522,0.0
1777543200,CADJPY,bearish_exhaustion,116.642,116.649,116.581,116.601,1096.0,1.8976623063105602,44.03100435042472,0.06622094640207798,-6.518741905642931,-1.8311391562706576,0.32058309131362733,-4.055478756304062,-68.35518636153775,0.006669699210296149,1,0.7135327951214374,87.74193548387098,-0.00044596530046903116,-0.0005831853929211261,-0.0006517954391471736,0.0
1777544700,CADJPY,bearish_exhaustion,116.558,116.562,115.852,116.024,2780.0,1.215298119331456,49.073347660738705,0.0947464071472907,-8.935802469135666,-1.5299897065052686,1.221132374964896,5.644582137936011,-438.90546306096263,-0.2914988186556178,0,0.7413952879989301,89.03225806451613,-0.0005429911052885483,-0.002801144590774296,-0.004904157760463379,0.0
1777550700,CADJPY,bearish_exhaustion,114.563,114.645,114.541,114.541,1780.0,1.691344710340641,167.7102149991218,0.250378217656312,-5.05875965130764,-1.6937139749579064,0.30281567169613777,7.5402520797959625,-52.05702861952778,0.06994126691667964,1,0.9437571715767332,99.78494623655914,-0.0007595533477096073,0.00027937594398519394,0.0007333618529610231,1.0
1777551000,CADJPY,bearish_exhaustion,114.539,114.548,114.404,114.454,1693.0,1.5510610300165082,147.03805827695672,0.24563829760677536,-5.280945121951255,-1.655614912099487,0.872709490040963,-6.524444668342028,-62.793985348927116,0.03603480251156926,1,0.8953880879998201,97.20430107526882,0.0010397190137523271,0.0014940500113582722,0.0015115242804970563,1.0
1777551300,CADJPY,bearish_exhaustion,114.453,114.594,114.451,114.573,1754.0,1.4968989963994126,129.71164525188232,0.2420789739791614,-4.741179500386313,-1.5676069478698327,1.253592344789792,-8.193415786626801,-44.396011273454135,0.05924371520791305,1,0.8716919337465767,94.40860215053763,0.0004538591116580726,0.0004713152313371438,0.0012306564373805173,1.0
1777551600,CADJPY,bearish_exhaustion,114.579,114.685,114.518,114.625,2120.0,1.4081469938273432,117.30231255400722,0.22470789842654765,-4.711314475873555,-1.5593696146019569,3.7094592766610277,-3.8507129056915304,-24.98132505889754,0.05867815397219143,1,0.885714145837807,96.34408602150538,1.744820065430197e-05,0.0007764449291167708,0.0010643402399128643,1.0
1777551900,CADJPY,bearish_exhaustion,114.63,114.713,114.627,114.627,1337.0,1.358556912657941,105.15203232681426,0.21124417209109392,-4.800802359882112,-1.5319450699721187,9.322930106671118,2.983778692707702,-7.39660227791574,0.04187740836518681,1,0.8956888039156224,97.41935483870968,0.0007589834855663558,0.0010468737731947897,0.0023816378340182354,1.0
1777552200,CADJPY,bearish_exhaustion,114.62,114.717,114.614,114.714,1300.0,1.542263322413186,100.12840850962625,0.2006231646903235,-4.469919304779658,-1.4587883667749788,23.465337188761893,10.25584821484253,6.365757409925331,0.05096189715738456,1,0.9199247319287995,99.35483870967742,0.00028767194936984986,0.0016214237146294774,0.0007148212075249738,1.0
1777552500,CADJPY,bearish_exhaustion,114.714,114.787,114.707,114.747,1673.0,1.7086697984625483,93.42230420911446,0.18201534058157892,-4.551340629275012,-1.444419728828428,21.1346059625806,8.103246332016582,34.711096870656526,0.04045263854606148,1,0.86904497629646,94.19354838709677,0.0013333681926326335,0.0004270264146339908,-0.00023530026928808567,1.0
1777553100,CADJPY,bearish_exhaustion,114.894,114.904,114.723,114.796,2007.0,1.4702870376397443,73.43384919092132,0.17048876765243245,-4.176700729927091,-1.1830377028917614,9.984621704932948,-4.999467456524712,78.05176804306677,-0.004616938740376605,1,0.7927342400664268,90.10752688172043,-0.0006620439736576555,-0.0005400885048260085,-0.0004529774556605304,0.0
1777553400,CADJPY,bearish_exhaustion,114.794,114.803,114.67,114.72,1620.0,1.5458114814215358,70.14379786600568,0.15017931858936082,-4.942023217247313,-1.2372872061109303,6.167555610211508,-15.485548974586806,58.7144362486851,-0.048063861348982176,1,0.885674339179558,96.12903225806451,0.00012203626220363972,0.00020920502092058868,-0.0009588563458856614,1.0
1777553700,CADJPY,bearish_exhaustion,114.724,114.763,114.713,114.734,1379.0,1.4918283352158734,64.88873471355505,0.12999011377870442,-5.337835249042249,-1.3090002072096985,3.6714004544413683,-21.813385116108144,68.70603996873551,-0.04673267811164073,1,0.8780607189027301,95.91397849462365,8.715812226545161e-05,-0.0010807607160910893,-0.000688549165896668,0.0
1777554000,CADJPY,bearish_exhaustion,114.736,114.762,114.687,114.744,1746.0,1.5251038942224622,62.665537907936496,0.11373143693788074,-5.727203065134117,-1.3651403204803598,2.129511043110483,-14.961983797253968,71.13221019317159,-0.04800922747923248,1,0.7520284185989006,89.46236559139786,-0.0011678170536150168,-0.0007756396848637159,0.00019173115805615204,0.0
1777554300,CADJPY,bearish_exhaustion,114.743,114.819,114.61,114.61,1732.0,1.4446895234780572,62.68976414945523,0.11828935395814529,-6.184783983140099,-1.279255342053015,1.2116613167315364,-11.58201526017627,46.7849734961918,-0.10988796606010481,1,0.6793844024952892,84.73118279569893,0.00039263589564608736,0.0013611377715732065,0.0009074251810488043,1.0
1777554600,CADJPY,bearish_exhaustion,114.608,114.694,114.354,114.655,2624.0,1.264195850245683,62.488074012687555,0.1229776285377884,-5.337730496453904,-1.164298189966988,0.679283738351117,4.245531861401954,-4.625375237405035,-0.05874369753251248,0,0.622372990123654,77.20430107526882,0.0009681217565740141,0.0005145872399807683,-0.0007413544982775022,1.0
1777554900,CADJPY,bearish_exhaustion,114.654,114.777,114.651,114.766,1500.0,1.2312861967803355,62.48544914368702,0.12422793211528699,-4.240961923847469,-1.0253249978709738,0.3763683035523684,16.815243696964558,64.2279649212931,0.0024504449315352565,0,0.6679076266618188,83.87096774193549,-0.00045309586462893847,-0.001707822874370546,-0.0009758987853546452,0.0
1777977600,CADJPY,bullish_exhaustion,115.793,115.805,115.776,115.798,247.0,1.2193044315112411,19.172455410756566,0.042808536046761395,4.356945244957366,1.3294030261224694,-0.18234147993926797,-10.221420826420513,74.15329768273742,-0.03505411977728848,1,0.8086246442642061,90.75268817204301,5.1814366396563116e-05,0.0001899860101211015,-4.317863866387661e-05,0.0
1778047500,CADJPY,bearish_exhaustion,115.069,115.071,115.001,115.015,798.0,3.700469119836703,79.36939337811125,0.07477285571447162,-6.250000000000629,-1.6069127767566385,10.018653077576985,0.02588120808934491,55.34731533224007,-0.037132431618940843,1,0.6475164822488381,81.72043010752688,0.0001217232534886925,0.00022605747076465121,0.00014780680780757116,1.0
1778047800,CADJPY,bearish_exhaustion,115.015,115.054,114.977,115.029,922.0,3.787575920732555,79.91675043462308,0.06532514161025187,-6.718669201521822,-1.6967725132551523,6.18767702953221,-2.362442861342508,54.83647597741347,-0.028886960033783125,1,0.4101326291621366,12.473118279569892,0.00010432151892136865,2.608037973028665e-05,-0.00022602995766285439,1.0
1778048100,CADJPY,bearish_exhaustion,115.03,115.05,115.015,115.041,546.0,4.071298046485076,79.93914944446165,0.05470099480061059,-7.542519863791844,-1.8546655834193722,3.68301939888336,-6.633736816816835,56.613830644887074,-0.026390988685414996,1,0.37812837982727704,7.311827956989248,-7.823297780795713e-05,-0.0003303170174111525,-0.00029554680505206044,0.0
1778048400,CADJPY,bearish_exhaustion,115.038,115.046,114.981,115.032,654.0,3.9118793533501757,78.84025889058304,0.053835951238413435,-7.506712802769174,-1.738236995139958,2.1361008245573174,1.7963996175502785,47.10837292677836,-0.043723978566116546,1,0.31778638653005525,2.5806451612903225,-0.0002521037624313438,-0.00021733082968211637,-6.954586549823283e-05,0.0
1778048700,CADJPY,bearish_exhaustion,115.033,115.039,114.972,115.003,660.0,3.3298546682427266,68.13582746852444,0.05341475563991583,-7.721488372093227,-1.6544587328482145,1.2153446115687672,-2.792620095138055,37.55418086942223,-0.07497732936860095,1,0.48646359316021176,34.40860215053764,3.478170134685321e-05,0.00018260393207136794,0.0002869490361121496,1.0
1778049000,CADJPY,bearish_exhaustion,115.007,115.017,114.979,115.007,611.0,1.412807736465017,28.013798511912167,0.05036960483150759,-7.780271270037129,-1.6475594120969164,0.6813197822252164,-8.312264081158432,27.777777777769977,-0.06119224736649854,1,0.5022562357965535,39.35483870967742,0.00014781708939448635,0.00025215856426119565,0.0006173537262950113,1.0
1778175900,CADJPY,bullish_exhaustion,114.947,114.979,114.934,114.954,426.0,1.2142494100381653,18.681003989328516,0.03610139708057244,4.078554216867208,1.333240438711203,-0.41906277528909186,-16.41738875781582,54.18193935356791,-0.06618919009713466,0,0.5001492140036145,51.399491094147585,-6.089392278640915e-05,-0.00041755832767875756,-0.0006524348869981766,1.0
1778249100,CADJPY,bearish_exhaustion,114.25,114.304,114.249,114.303,635.0,1.4764253812698336,31.307137941983036,0.05555409744276063,-5.133858267716538,-1.900825599159938,0.03755925452877544,27.591617078009527,-27.39380645324517,0.14445599524507965,1,0.5484842651011754,75.57251908396947,0.0004986745754704813,0.00028870633316713246,0.0004024391310815112,1.0
1778249400,CADJPY,bearish_exhaustion,114.303,114.369,114.298,114.36,703.0,1.3740035099336172,29.905609883223022,0.055026732623792776,-4.1253121452894455,-1.6727913534117738,1.905113456642792,27.75303271718407,26.853878211357205,0.15848189815491961,1,0.5577207530949914,79.64376590330788,-0.00020986358866736943,-9.618747813922024e-05,-8.744316194475577e-05,0.0
1778249700,CADJPY,bearish_exhaustion,114.36,114.363,114.33,114.336,594.0,1.3883036494743135,27.643559551351046,0.052539382671623225,-4.551581450653646,-1.562931163432903,6.8610037386023075,9.52673747523039,34.87333740656917,0.0787841625274059,1,0.5718126936382268,85.24173027989822,0.00011369997201238213,0.00012244612370548857,0.0,1.0
1778250000,CADJPY,bearish_exhaustion,114.335,114.354,114.325,114.349,453.0,1.4368255061715987,25.543665119770097,0.04884795044743862,-4.486445012787164,-1.4835249389963934,13.163325612589114,-1.6933307319603017,43.3762988069029,0.06267213598649073,1,0.5898249327644908,89.56743002544529,8.745157368927892e-06,-0.00011368704579839406,2.6235472107227764e-05,0.0
1778250300,CADJPY,bearish_exhaustion,114.349,114.377,114.346,114.35,609.0,1.38072735037084,23.774058116207918,0.04809794490598925,-4.364363636363619,-1.3310155015318827,22.58516284716836,-4.71635897310783,67.1793463333888,0.031101891201477282,1,0.6338292390208708,95.67430025445293,-0.00012243113248788795,1.7490161783983993e-05,-0.0003498032356799019,1.0
1778250600,CADJPY,bearish_exhaustion,114.349,114.361,114.328,114.336,498.0,1.3410031169912804,22.949755097827207,0.0467294390468188,-4.575080213903751,-1.233803061418902,19.508129093308938,-9.730865057623106,56.10982211909994,-0.009934613540812041,1,0.504456336397608,53.18066157760815,0.00013993842709214555,-0.00022739994402454222,3.49846067730919e-05,0.0
1778250900,CADJPY,bearish_exhaustion,114.335,114.358,114.329,114.352,410.0,1.3655145714502397,21.314873827313683,0.043162465769852755,-4.431374819102632,-1.178851182665912,13.861868241124512,-12.414908041205095,68.17164937969142,-0.0013080340807218186,1,0.5018876053536028,52.16284987277354,-0.00036728697355536966,-0.00010493913530151833,6.995942353427154e-05,0.0
1778251200,CADJPY,bearish_exhaustion,114.353,114.353,114.308,114.31,497.0,1.3314984074683567,20.45821602441283,0.040366422135294525,-5.41448916408705,-1.187863540164479,8.984862513699369,-21.126896985714673,46.01240111179922,-0.07675053125616747,1,0.4087909658027609,15.012722646310433,0.00026244423060095556,0.0004374070510015926,0.0008223252558829941,1.0
1778251500,CADJPY,bearish_exhaustion,114.309,114.34,114.299,114.34,419.0,1.250312730086586,19.77997582368558,0.03998100902071342,-4.589812500000368,-1.0751719587346134,5.519404725238417,-7.453558421413874,55.37576411364378,-0.021946712657623314,1,0.5008938274604584,51.908396946564885,0.00017491691446558377,0.0005597341262899569,0.00046352982333397463,1.0
1778481600,CADJPY,bullish_exhaustion,114.792,114.813,114.786,114.79,191.0,1.2523600767025675,13.96632789408265,0.023521212649186357,5.147407407407874,1.8781922151072956,-1.8682470417085426,-13.704893418001294,34.53406068258487,-0.10845572603941568,0,0.5077579986008355,54.19847328244275,-6.96924819235667e-05,-0.00027005836745364054,-0.00020907744577058907,1.0
1778487000,CADJPY,bullish_exhaustion,114.896,114.922,114.894,114.899,337.0,2.2490719650870146,20.363098885711942,0.027974879801266634,4.195644444443636,1.3295651039230523,-6.2444989146095224,-19.419642857143522,49.70635984265018,-0.06223824284346471,1,0.35922446955202164,8.651399491094146,-0.00026109887814518284,-0.00014795603094885923,-0.0001827692147016169,1.0
1778557800,CADJPY,bullish_exhaustion,115.104,115.121,115.103,115.111,225.0,1.2895676399340237,7.0807010655996425,0.01402373113156524,4.0253097345130096,0.7311362294848409,-2.946101063136722,12.467634808053731,33.30209309589051,0.0971017563034488,0,0.4570200664181555,31.297709923664126,-0.00012162173901719697,-4.343633536330049e-05,0.0,1.0
1778865900,CADJPY,bullish_exhaustion,115.513,115.519,115.488,115.493,275.0,2.1157475285131953,19.127272835472258,0.023996506900232112,4.153092783503648,1.6572829947473433,-0.29104394854638826,-21.31932075668359,27.570977228255984,-0.13843352971354395,0,0.4533391261947967,25.376884422110553,9.524386759385273e-05,8.658533417582603e-06,-0.00016451213493451355,0.0
1778866200,CADJPY,bullish_exhaustion,115.493,115.51,115.493,115.504,207.0,2.330609369020839,18.00126904154781,0.022695565274177543,4.638692098091534,1.6172738127889001,-2.405222181330373,-7.311940466187663,25.510448046700095,-0.07348031561273878,0,0.4941982286190765,52.26130653266332,-8.657708823944787e-05,-0.0002597312647181216,-0.00017315417647878473,1.0
1778866500,CADJPY,bullish_exhaustion,115.503,115.505,115.486,115.494,352.0,2.097779506560435,16.638202980048277,0.022264607437863154,4.154888888887447,1.4912113548743875,-4.902049779036076,0.0700427358226392,8.901758901780058,-0.07596525490171906,0,0.49540421912537846,53.015075376884425,-0.00017316916896115142,-8.658458448063122e-05,-8.658458448107531e-06,1.0
1778867400,CADJPY,bullish_exhaustion,115.482,115.494,115.476,115.493,214.0,1.6671751851823255,12.35567390551279,0.019234313520548635,4.128874598068319,1.21529538740922,-20.859530972309933,11.402251179776119,-28.604118993142837,0.015206203346858911,0,0.5127430582962029,64.07035175879398,0.00011256093442901793,9.524386759385273e-05,-0.00025109746911067266,0.0
1778867700,CADJPY,bullish_exhaustion,115.493,115.508,115.491,115.506,190.0,1.4452577075627724,10.510414600384784,0.01947950755805055,4.4897777777757515,1.1457721436802137,-15.707379934474538,23.342091172278224,-6.108202443224226,0.05707008124739955,0,0.47151829737509005,37.68844221105528,-1.7315117829319604e-05,-0.00036361747441693293,-0.0004848232992225032,1.0
1778868000,CADJPY,bullish_exhaustion,115.506,115.511,115.498,115.504,380.0,1.3324770174087301,9.41313826212215,0.01855223319415106,4.4445333333313615,1.137407389407916,-10.492538805628369,20.31879138797931,-9.013024315235686,0.04085255299820681,0,0.49351520249922226,52.01005025125628,-0.00034630835295756945,-0.00046751627649255223,-0.0006926167059149169,1.0
1779084600,CADJPY,bullish_exhaustion,115.555,115.566,115.545,115.561,270.0,2.6040515847590067,22.718833121600735,0.019964718695257982,4.377708978327801,1.4224040437809913,-0.6019644999515492,-6.646245242730799,23.08713862503434,-0.05516986629092573,0,0.39943101563638883,7.788944723618091,-0.00012114813821284542,-8.653438443773087e-05,7.788094599381346e-05,1.0
1779085500,CADJPY,bullish_exhaustion,115.551,115.57,115.551,115.57,385.0,1.938294183962003,15.834160857789978,0.020457607634208116,4.373413897281815,1.1147562282476344,-10.112219461083313,9.428571428569462,13.300189092153195,0.027694483330700837,0,0.36224781240344195,3.015075376884422,6.056935190801305e-05,6.056935190801305e-05,0.0001211387038160261,0.0
1779085800,CADJPY,bullish_exhaustion,115.569,115.579,115.554,115.577,480.0,1.7030161791160512,13.498767732761413,0.02113618750146508,4.369473684211752,1.0650027107937823,-13.669095984384484,19.44885361552216,19.849418206690057,0.03530216111449201,0,0.4076174716389381,9.296482412060302,0.0,6.0565683483781996e-05,0.0002768716959256068,0.0
1779228900,CADJPY,bullish_exhaustion,115.717,115.741,115.717,115.741,76.0,1.7867243771765318,7.721187047393615,0.012281115347445238,4.274572864321479,0.9615762993780241,-6.3919247998472795,9.01709401708544,129.6219360199826,0.11438993388020131,1,0.4576413659264571,28.894472361809044,6.911984517143921e-05,3.4559922585719605e-05,0.0,0.0
1779688800,CADJPY,bearish_exhaustion,115.079,115.086,115.043,115.045,721.0,3.008653021697783,19.447537740808986,0.020426789517142416,-5.905531914893767,-1.6841885104616197,0.23986289145341197,-8.323133414938837,-59.11614621777982,-0.0031134539673437103,0,0.4965424847361628,54.2713567839196,-2.6076752575043827e-05,3.4769003433465784e-05,-3.4769003433465784e-05,1.0
1779689100,CADJPY,bearish_exhaustion,115.047,115.052,115.034,115.042,346.0,2.711207901041715,17.997280778737217,0.01738495505988771,-6.915000000000714,-1.9646227529531402,2.4136267667007605e-06,-5.128728200948643,-76.07271341099201,0.0047212986740085795,0,0.5489839198595307,85.17587939698493,6.084734270972447e-05,-8.69247752999236e-06,0.00021731193824847672,0.0
1775153400,CHFJPY,bullish_exhaustion,199.784,199.8,199.768,199.771,325.0,1.7431730831847203,15.184730992390078,0.02223975022829559,4.133826366560482,1.1769425507584383,-1.2269654912521162,11.677157453015674,40.62624992854599,-0.02176501346605906,0,,,-2.0022926250473638e-05,-0.0001201375575031749,-0.00020523499406821522,1.0
1775227800,CHFJPY,bearish_exhaustion,199.564,199.566,199.546,199.547,62.0,1.9448725657162858,12.47136015223797,0.021799375585700914,-4.005057471264947,-1.183661901995201,0.40840212463173264,15.045768660221576,-72.85382830624413,0.03061570450035252,0,,,-0.00011024971560580354,-6.0136208512306943e-05,-9.02043127684049e-05,0.0
1775228100,CHFJPY,bearish_exhaustion,199.549,199.553,199.517,199.525,191.0,1.8832624181917152,12.227800425925672,0.020620402026240655,-4.573819444444908,-1.2530437324430372,0.6127291968547803,-0.6194268599852819,-89.59984053418306,-0.0027505026797997544,0,,,5.0119032702689026e-05,2.0047613080942384e-05,0.00010023806540515601,1.0
1775229600,CHFJPY,bearish_exhaustion,199.573,199.597,199.454,199.502,1389.0,1.277819044683797,10.449459292640789,0.019262248713582925,-4.5138289962833245,-1.126702757730549,24.73440362126913,5.148383677796971,-91.42903832001288,-0.058261276832571506,0,,,8.019969724615272e-05,0.0001303245080248594,-0.00011027458371359877,1.0
1775236800,CHFJPY,bearish_exhaustion,199.334,199.344,199.272,199.324,452.0,1.6786305815105083,13.874061923255114,0.022504637101974583,-4.081401273884763,-1.3015956795990524,0.6063081455987767,10.944968273741559,-86.16112020367602,0.03747601605356227,0,,,-9.53221889988809e-05,-5.518653047309474e-05,5.518653047298372e-05,0.0
1775237100,CHFJPY,bearish_exhaustion,199.324,199.342,199.292,199.305,359.0,1.594309541086433,12.858028235187112,0.022291749543949413,-4.3674598070755595,-1.3005448409669194,1.3625263142468151,5.865708511118413,-80.13217678645694,0.007719443170814143,0,,,4.013948470937834e-05,0.00015052306766016876,0.00011038358295079043,1.0
1775237400,CHFJPY,bearish_exhaustion,199.301,199.334,199.301,199.313,298.0,1.5020371841199822,11.602166429519608,0.022111667864829626,-4.0411669367916465,-1.2709157738402301,0.7963092640505991,-2.8146512408078053,-71.86323439282422,0.027386912926060086,1,,,0.00011037915238865104,7.024127879273756e-05,1.5051702598523065e-05,1.0
1775464200,CHFJPY,bullish_exhaustion,199.867,199.908,199.841,199.908,189.0,2.0030033920560935,35.57036227774511,0.04423463364575666,4.283231017770222,1.315912163216762,-0.879417608254812,18.200648105548265,43.20881514279707,-0.018297381281340078,0,,,-0.00010504832222812954,-8.503911799428998e-05,-0.00015006903175462938,1.0
1775464800,CHFJPY,bullish_exhaustion,199.888,199.892,199.852,199.891,150.0,2.095395457466451,31.751943168534922,0.04127249350895735,4.053333333332994,1.256396660787702,-1.2773607028811398,17.546212879547305,31.272083301404138,-0.02327575410345849,0,,,-6.503544431712971e-05,-0.00022011996538107148,-8.004362377489471e-05,1.0
1775466000,CHFJPY,bullish_exhaustion,199.879,199.92,199.874,199.898,245.0,1.4464682440066303,15.3409817502008,0.034160278885083065,4.25857740585828,1.1427799951902635,-19.083816288506625,0.31153305204226456,16.616816217995396,0.023099234708254868,0,,,0.00012506378252918893,-8.004082081858321e-05,-7.003571821628807e-05,1.0
1775842200,CHFJPY,bearish_exhaustion,201.721,201.723,201.699,201.715,308.0,1.2252175026493353,9.64399630728697,0.02372512845209528,-5.332119402984265,-1.1437105911001315,0.009812690248958514,-1.812336749046331,-61.59420289850049,0.016642717726832467,1,,,3.9659916218459657e-05,0.00012393723818271418,0.0003420667773839092,1.0
1775842500,CHFJPY,bearish_exhaustion,201.713,201.726,201.7,201.723,195.0,1.3536188350553817,9.66168015956563,0.02294518437942924,-5.066358024689874,-1.1038858833359133,6.271288514551193e-07,4.158436917940783,-50.45534249678135,0.02421546040640213,1,,,8.427397966515038e-05,0.00030239486821015404,9.914585842962786e-05,1.0
1775842800,CHFJPY,bearish_exhaustion,201.723,201.745,201.716,201.74,339.0,1.433517312700701,9.663552497178006,0.021739438315230095,-4.723061889249486,-1.0557789850677597,1.3020860908041771,7.715143715152145,-21.562193718852825,0.041424534576006346,1,0.30813677791956123,12.672811059907835,0.0002181025081786636,1.4870625557605877e-05,9.913750371737251e-06,1.0
1775843400,CHFJPY,bearish_exhaustion,201.783,201.788,201.743,201.743,507.0,1.2346217296458848,8.690155613178296,0.019827205900577564,-4.599499999998105,-0.881002101616653,24.672048896973415,2.769403470949058,26.886248089625933,-0.013300633798418865,1,0.4828390103571688,51.61290322580645,-4.9568014751644185e-06,6.443841917680437e-05,0.00011896323540350195,1.0
1776099000,CHFJPY,bullish_exhaustion,202.903,202.974,202.9,202.962,661.0,1.2373192765297016,14.249148699875876,0.027415406402603853,6.544955070602907,1.7821775814288,-5.869164151514369,-8.833905135847232,108.96551724143136,0.00904226996389701,1,0.4752338792100416,49.53917050691244,0.00010839467486545296,-6.405139878384869e-05,0.00014781092027082998,1.0
1776099300,CHFJPY,bullish_exhaustion,202.961,202.987,202.935,202.984,566.0,1.244750743157812,13.891944444898288,0.027834706183736506,6.566017699115092,1.7566050025418367,-5.531871838548483,0.6541955598563902,122.98159285591107,0.01809370008115568,1,0.4700882801644484,47.004608294930875,-0.0001724273834390333,3.941197335732838e-05,0.0002660308201631878,0.0
1776102000,CHFJPY,bullish_exhaustion,203.082,203.083,203.009,203.016,464.0,1.2021546010737865,14.996637174106894,0.03198199719656128,4.171661166116196,1.4004124725835698,-0.14383160080492985,-19.698919276521444,77.57562432433068,-0.08519089378154744,0,0.534776221352233,65.2073732718894,-2.4628600701404046e-05,-6.403436182367273e-05,-0.00027091460771555553,1.0
1776108300,CHFJPY,bullish_exhaustion,203.299,203.33,203.299,203.311,204.0,2.1387282168557293,28.082321216375764,0.034781337809703536,4.00117171717163,1.3534944662808805,-2.7088088511747515,4.887550751010441,64.0401807456201,-0.04045055274261383,0,0.5956173414737987,77.18894009216591,-2.45928651179117e-05,-8.853431442468196e-05,-7.86971683776061e-05,1.0
1776109500,CHFJPY,bullish_exhaustion,203.299,203.335,203.278,203.333,397.0,2.1919124474937854,20.96420700277621,0.02852463692563372,4.52241379310274,1.357863894547779,-19.868837132409055,7.334751018952119,51.09022316004053,0.013603915178219607,0,0.3890112408150572,26.036866359447004,0.00012295102123127677,2.9508245095399843e-05,0.0002606561650100314,0.0
1776109800,CHFJPY,bullish_exhaustion,203.329,203.366,203.326,203.358,731.0,2.3702057733706634,18.469876399608758,0.028064511143613257,4.835694618271379,1.3728946537471347,-15.412385572773832,18.51586035796104,77.44107744108304,0.03224486622412363,0,0.47492352501401286,49.07834101382488,-9.343128866334816e-05,0.0001376882148722558,0.0002065323223083837,0.0
1776110100,CHFJPY,bullish_exhaustion,203.359,203.369,203.327,203.339,555.0,2.0355855717915436,15.580823860450606,0.026556636946184476,4.570740740739771,1.4005314806505416,-10.445368401513036,13.583083583091337,74.23758350278668,-0.007126695061471888,0,0.5351392248518471,65.43778801843318,0.00023114109934629923,0.0002999916395773905,0.00020655162069260768,0.0
1776110400,CHFJPY,bullish_exhaustion,203.34,203.387,203.337,203.386,458.0,1.591160941577744,12.491197174843142,0.026796337997700138,5.169908256879305,1.4014982148568045,-6.592297922832657,3.983556904857892,114.769374126403,0.04539406141289756,0,0.5937328159587332,76.95852534562212,6.883462971885024e-05,-2.458379632819252e-05,-2.950055559380882e-05,1.0
1776110700,CHFJPY,bullish_exhaustion,203.386,203.408,203.35,203.4,198.0,1.230891168016871,9.759125281639166,0.023739289226016456,5.880828402366044,1.5991880214432055,-3.9810047992098685,0.9406074012608059,143.17800765553693,0.04236957968077677,0,0.5992446211306224,77.88018433179722,-9.341199606693884e-05,-9.83284169124854e-05,-0.00010324483775814297,1.0
1776404100,CHFJPY,bullish_exhaustion,203.584,203.614,203.584,203.605,149.0,1.2086716208114983,8.336716732505787,0.015927197970860223,4.1253744493403195,1.3103250878330548,-1.5155670144891644,-2.5052909135075723,86.76277850590867,-0.021931066007743187,0,0.5606904019317476,70.73732718894009,-4.911470739776824e-06,-6.384911961876405e-05,-2.94688244394381e-05,1.0
1776676500,CHFJPY,bullish_exhaustion,203.325,203.394,203.303,203.374,849.0,1.238461069233491,12.477285609351952,0.027535476511257834,4.370357142856843,1.0973420186296259,-2.5694022325800034,15.889599620942512,103.98548319280582,0.050419310050861435,1,0.6600727636934923,85.48387096774194,-0.00015242853068730966,-0.00047203674019291597,-0.00019668197508038165,1.0
1776702000,CHFJPY,bullish_exhaustion,203.894,203.9,203.856,203.886,623.0,1.7989702573389403,20.86231237772488,0.03324687045001381,4.240716543729498,1.3654092602169776,-0.9326839640200433,-18.967694234216054,39.06805538126503,-0.04887686351895531,1,0.381632014384224,24.42396313364055,-0.00012261754117504076,-0.00027466329223180264,-0.00020599746917393524,1.0
1776715500,CHFJPY,bullish_exhaustion,204.084,204.107,204.072,204.105,261.0,1.208252624992132,8.101123234691995,0.017742968430115923,4.32426035502923,1.1513547412608494,-12.69288288514828,17.562664705513157,133.5485715246155,0.05572722941764734,1,0.5659729320004527,82.560706401766,-3.4296073099460145e-05,-0.00018127924352651092,-0.00013228485338423468,1.0
1776884700,CHFJPY,bearish_exhaustion,203.308,203.322,203.292,203.309,293.0,1.7589196754226157,12.178643907155699,0.01886642640371907,-4.064953445065268,-1.1581906709050458,4.8662758597076,-14.498193080337671,-61.54783668494224,0.004769329252222799,1,0.38259252208853123,4.635761589403973,-9.837242817667402e-06,-1.967448563511276e-05,-4.918621408789292e-05,0.0
1776885000,CHFJPY,bearish_exhaustion,203.311,203.321,203.299,203.307,136.0,1.6646410026054608,10.445800211731314,0.017109944215254674,-4.447227926078602,-1.2396011555112085,7.685283474368244,-6.663839797280751,-58.28632822996036,0.0060938260262930685,1,0.4222597483113893,15.45253863134658,-9.837339589813254e-06,-3.934935835947506e-05,-2.9512018769661807e-05,0.0
1776885300,CHFJPY,bearish_exhaustion,203.307,203.321,203.302,203.305,237.0,1.34025463906091,8.252426097476803,0.01682904292284035,-4.465970772442819,-1.2207337050590932,13.392466103864916,-1.4649367235569457,-55.74159341426101,0.006111705650873884,1,0.4309560782819524,19.426048565121413,-2.951230909220559e-05,-1.9674872728248083e-05,-0.0001377241090972925,0.0
1776930300,CHFJPY,bullish_exhaustion,203.425,203.482,203.417,203.48,467.0,1.3019081264827026,15.924780927165441,0.02994327276812172,4.126799531067149,0.9268693425869189,-11.667895090391582,25.833392747811992,57.257180965091656,0.07545210220850627,0,0.5622511236038782,80.13245033112582,-0.00034401415372520283,-0.0004619618635738343,-0.00016217810104179886,1.0
1777350900,CHFJPY,bearish_exhaustion,202.258,202.262,202.219,202.23,148.0,2.0392014079711536,19.150194518532672,0.027585281256842547,-7.496184379001616,-2.285772943058204,0.5506949213204333,6.317403629828746,-67.67840479347984,0.044715417743701406,1,0.40516903393310016,10.154525386313466,-0.00029174702071899095,-0.00029174702071899095,-0.00023240864362361613,0.0
1777351200,CHFJPY,bearish_exhaustion,202.229,202.243,202.165,202.171,267.0,1.9039896328089825,19.425056422116032,0.026533408422996105,-8.622956058588223,-2.3612392397771638,0.7331941078147176,-12.131061244792733,-96.71373064085172,-0.028229955467285753,0,0.5737236499662655,86.9757174392936,0.0,5.93556939423312e-05,0.00013849661919862477,1.0
1777352100,CHFJPY,bearish_exhaustion,202.183,202.21,202.135,202.199,621.0,1.5849883100948987,14.982885723837796,0.02479876613774401,-7.791339031339117,-2.2878302350364197,0.09500953269475687,8.082048512583881,-90.81996434938009,0.050260728360141144,0,0.4555123311011372,30.4635761589404,-3.9564983011830535e-05,-4.945622876451061e-06,-8.407558890011213e-05,0.0
1777352400,CHFJPY,bearish_exhaustion,202.199,202.217,202.168,202.191,366.0,1.2294672124317358,11.866118031596306,0.025223674644272956,-7.50901960784391,-2.1470545692162224,5.198593991799203,12.596264770596303,-77.87176341447976,0.030307150914832427,0,0.5323707866419686,69.09492273730685,3.462072990401133e-05,-4.4512367019411414e-05,-0.00013848291961560122,0.0
1777528500,CHFJPY,bullish_exhaustion,202.783,202.879,202.783,202.879,518.0,1.2958911644248352,13.038423658722541,0.02228633112065929,4.051816745655895,0.9216263285076326,-0.4319718869251261,0.03377313085787392,116.28498727727232,0.05931749473924,1,0.40713467216666877,11.612903225806452,0.00011336806668005295,0.0004238979884563232,0.0005323370087588764,0.0
1777550700,CHFJPY,bearish_exhaustion,199.305,199.422,199.253,199.347,2156.0,1.5568714128744994,140.7446003532698,0.23050259095948547,-4.240304678998857,-1.4733993446072826,0.007140749245781273,8.27461537542375,-50.42257954030498,0.07420741959994777,1,0.9266799908007968,99.56989247311829,-0.00032606460092199363,0.0007574731498340981,0.002081797067425173,1.0
1777551000,CHFJPY,bearish_exhaustion,199.347,199.359,199.127,199.282,1711.0,1.3966164799313112,121.09168059884621,0.22455615660220443,-4.347486033519462,-1.4296519226437487,0.5592064684188873,-4.5656377560888615,-53.24086692306835,0.04832375764157725,1,0.8632100392005145,92.90322580645162,0.001083891169297635,0.0024086470428839046,0.002659547776517668,1.0
1777977900,CHFJPY,bullish_exhaustion,201.245,201.26,201.208,201.23,313.0,1.5124531313808607,18.705196945392455,0.032798290513341155,5.259696969697195,1.69299918622544,-0.7546420885915524,-14.33852968736317,50.58949624867165,-0.0788739503484603,1,0.5796243281698091,65.59139784946237,0.00018883864234964243,0.00016896089052331753,0.00017889976643647998,0.0
1777978200,CHFJPY,bullish_exhaustion,201.23,201.302,201.222,201.268,342.0,1.5319567010239241,17.87921941575926,0.03218878027590625,5.707739801544587,1.6585327140360304,-2.695110212958568,1.7393573982753345,66.09559279953424,-0.02193845192465554,1,0.612876204821799,74.19354838709677,-1.9873998847286245e-05,-9.936999423754145e-06,-0.00021861398732048176,1.0
1777978500,CHFJPY,bullish_exhaustion,201.268,201.276,201.21,201.264,419.0,1.531930099537259,17.51261083278214,0.032224909997385455,5.404185022027016,1.5810985966436535,-4.070496934745435,10.835372304024148,50.496112062973594,-0.025116956252855465,1,0.5943465711336942,69.89247311827957,9.937196915332791e-06,-0.0001987439383099865,-0.0003279274982113112,1.0
1777978800,CHFJPY,bullish_exhaustion,201.267,201.334,201.247,201.266,1084.0,1.5026087630960465,17.714691638542014,0.03243752759318977,5.171422319475901,1.4964154270568553,-7.449040106545169,9.869746437405844,68.35524048636958,-0.019315865028846944,1,0.6237369273919607,77.41935483870968,-0.0002086790615404288,-0.0003378613377320594,-0.0001838363161188461,1.0
1777979100,CHFJPY,bullish_exhaustion,201.261,201.279,201.191,201.224,629.0,1.3184408277076827,16.82723627049225,0.03347371230923629,4.174464475080371,1.3277012565661104,-15.451117323461787,-4.100590767258112,27.09626372486122,-0.05551838011311,1,0.45907871248503285,25.591397849462368,-0.00012920923945447527,2.4847930664373408e-05,0.00017890510078322208,0.0
1777995300,CHFJPY,bullish_exhaustion,201.679,201.788,201.669,201.776,792.0,1.3404975179223302,20.132432170759273,0.036780531735335666,4.331780558228875,1.1262242635342652,-1.839319401434011,4.499875180556948,111.1200731300674,0.03865264372053527,1,0.47683120068083557,31.397849462365592,-4.46039172151691e-05,-0.00011894377924037691,-0.0008078265006740137,1.0
1778047500,CHFJPY,bearish_exhaustion,200.504,200.522,200.431,200.447,1722.0,3.6985974098156182,69.25681212213362,0.06474814503869591,-5.615410016510324,-1.5464178310064167,11.437900782206157,8.005155836733152,78.5261688029419,-0.002355678960129006,1,0.6060682085781604,73.33333333333333,-8.481044864727671e-05,-0.00010476584832908031,-3.4921949442989764e-05,0.0
1778047800,CHFJPY,bearish_exhaustion,200.445,200.478,200.333,200.43,1181.0,3.738007753578561,70.14120017476313,0.057804292200341195,-6.2003945745988736,-1.574955615311423,7.210604230293157,0.7104273963278303,66.1456187222761,-0.028699404277147636,1,0.3072336336651798,1.7204301075268817,-1.9957092251776665e-05,4.9892730629164106e-05,-0.00031931347602653926,1.0
1778048100,CHFJPY,bearish_exhaustion,200.43,200.452,200.397,200.426,752.0,4.018142457866601,70.08948141219436,0.04843255294793652,-7.156379690948793,-1.7144523296011642,4.351154676895192,-11.516826272368185,64.33761480928088,-0.04543124799300918,1,0.34193166726350893,4.086021505376344,6.985121690794571e-05,-0.0002993623581769578,-0.0007633740133514699,0.0
1778048400,CHFJPY,bearish_exhaustion,200.424,200.443,200.356,200.44,818.0,3.9851805133859237,68.94682998398035,0.04743136528209531,-6.86788880540954,-1.5865931471732218,2.5485038388100065,-7.237061344845898,57.74750099491679,-0.04098760097688598,1,0.3088102334948517,1.935483870967742,-0.0003691877868687854,-0.0008331670325284479,-0.0006186389942126613,0.0
1778048700,CHFJPY,bearish_exhaustion,200.439,200.451,200.324,200.366,746.0,3.3637651674413704,60.6019351536582,0.04816186378926662,-7.227357512953224,-1.4799340595786021,1.460713950908655,-7.823771754622747,46.27447644163352,-0.09496679173668178,1,0.39657269836344883,10.10752688172043,-0.00046415060439408684,-0.0002495433356957122,-0.0004441871375384654,0.0
1778049000,CHFJPY,bearish_exhaustion,200.364,200.381,200.268,200.273,631.0,1.2871748088272548,24.442193535689853,0.04711426046304032,-8.043906131718089,-1.5082771881689199,0.8235879768511438,-13.863364295142983,4.119823705469129,-0.14153395980309016,1,0.5114321247156398,43.225806451612904,0.00021470692504732547,1.997273721365822e-05,0.0003645024541500952,1.0
1778091000,CHFJPY,bullish_exhaustion,200.813,200.816,200.775,200.804,603.0,1.6774334007999552,13.77026469962368,0.022232055707486504,4.006015999999817,1.20858130574159,-0.5634160850983108,-4.755980910159373,51.361122926421565,-0.04811028059887092,1,0.441847963515597,24.427480916030532,-0.0001942192386606978,5.4779785263248115e-05,0.00010955957052649623,0.0
1778148300,CHFJPY,bullish_exhaustion,201.113,201.178,201.096,201.172,743.0,1.2180356090515918,13.496893884842143,0.03195559734242969,4.243866666665825,1.075762594832253,-0.09548074884152413,9.7419951748506,102.22248423039564,0.029188565218962365,1,0.5908707904428127,90.07633587786259,-1.4912612093076483e-05,-0.0001540969916290491,-0.00017895134511758393,1.0
1779090300,CHFJPY,bullish_exhaustion,202.311,202.336,202.293,202.308,371.0,1.5631008333398704,19.601866484841167,0.02881038529653622,4.898284313726506,1.55630853102928,-0.05659782516040934,-8.631178946046042,66.44759513612716,-0.0592749083103322,0,0.4416661501086074,20.85427135678392,0.00030646341222295703,0.00024220495482141224,0.0001087450817567337,0.0
1779090600,CHFJPY,bullish_exhaustion,202.307,202.39,202.286,202.37,550.0,1.3751948791018096,18.6039942446666,0.030425175950699327,5.425568445475392,1.4793832036803696,-0.9422041087842956,-1.8135617725700257,89.54618302803557,0.01863437065127477,1,0.4859684370212567,46.984924623115575,-6.423877056882521e-05,-0.00019765775559610343,-0.00027672085783470024,1.0
1779223800,CHFJPY,bullish_exhaustion,201.611,201.639,201.609,201.616,290.0,1.324702036389368,6.439542953311149,0.013568934438310231,4.074986945172735,1.127161908151087,-0.3448516246896247,-11.65784832450948,54.06633348482717,-0.032890645927586316,0,0.4418914218210657,21.105527638190953,-0.0005108721530038274,-0.001785572573605343,-0.0007291088008889446,1.0
1779247500,CHFJPY,bearish_exhaustion,201.223,201.224,201.188,201.211,340.0,1.8281441491163226,13.444474019138747,0.023074569197794288,-4.355507692307092,-1.3347869068784173,2.389905682482628,10.666666666673422,-41.63967465627207,0.048869349489920735,0,0.427046034062593,16.331658291457288,4.969907211838098e-05,0.0001689768452022289,1.9879628847307984e-05,1.0
1779247800,CHFJPY,bearish_exhaustion,201.211,201.232,201.197,201.221,523.0,1.695215303693359,12.298867931260702,0.020056128762477435,-4.559787610618649,-1.4120564918361938,5.4112093465355,7.749144102086902,-26.738075179506744,0.055715911781539125,1,0.42339025473850295,14.572864321608039,0.0001192718453839614,-2.981796134593484e-05,7.454490336478159e-05,0.0
1779248400,CHFJPY,bearish_exhaustion,201.246,201.246,201.214,201.215,442.0,1.3704020426268158,10.5149132854952,0.019666241866378137,-4.38750902527172,-1.1944161658679784,23.049673610470606,-13.115591618181156,-5.090241980212724,-0.004691094575385942,1,0.49768185484938665,54.773869346733676,0.0001043659766915006,7.454712620824644e-05,-1.9879233655539785e-05,1.0
1779293400,CHFJPY,bullish_exhaustion,201.72,201.772,201.701,201.75,943.0,1.2435040561493076,15.266808478270242,0.03983005841741902,4.065351111111239,1.033065137736887,-5.155070194342926,22.135757765167817,72.58393366860483,0.026039179022038447,0,0.5904315656186983,94.72361809045226,7.434944237916241e-05,-2.973977695164276e-05,7.930607187112138e-05,1.0
1779470400,CHFJPY,bullish_exhaustion,202.881,202.898,202.846,202.872,1088.0,2.3756905091293126,25.53683414537156,0.029680924777343874,4.9835349940692755,1.7891835949893642,-0.2398933478144727,-14.69087187652629,40.454274455065615,-0.10279975573377217,0,0.4506836126368873,23.618090452261306,5.915059742078732e-05,9.365511258319081e-05,0.00013308884419727107,0.0
1779470700,CHFJPY,bullish_exhaustion,202.872,202.941,202.84,202.884,1523.0,1.9534027358788282,23.191796469243837,0.03179156562370987,4.7426356589143035,1.567370195901502,-1.1715963065378503,-2.0676609310587715,45.988724708666275,-0.05830020399272432,0,0.529446782400671,74.12060301507537,3.450247432024156e-05,7.393387354359682e-05,-0.0002612330198537016,0.0
1779471000,CHFJPY,bullish_exhaustion,202.889,202.932,202.885,202.891,1594.0,1.7478376757388823,21.232328215660882,0.028938832040007686,5.216107055960663,1.623117341279879,-2.196186372460488,10.06775734617511,51.93699446572308,-0.03973862081470003,0,0.4944523039388753,52.51256281407035,3.943003878936757e-05,-0.0002957252909198127,-0.0003302265748602595,1.0
1779471300,CHFJPY,bullish_exhaustion,202.891,202.906,202.855,202.899,1265.0,1.524418865406442,18.27640777954696,0.028902487022047976,5.25076735688155,1.540032559903057,-3.741226625302602,13.594159723190256,34.89705971138368,-0.0208214731187235,0,0.5005430687394349,56.28140703517588,-0.00033514211504248603,-0.0003696420386497534,-0.0003844277201957569,1.0
1779720300,CHFJPY,bearish_exhaustion,202.958,202.975,202.936,202.961,428.0,3.039073079853668,24.97297920374893,0.025937424994385488,-5.323419267299957,-1.8718329515395673,0.47241748686897644,9.983952289891576,-21.23607523933076,0.10071332989577245,1,0.4218683101633709,14.321608040201006,0.0,-6.897876932021596e-05,-0.0003843102862126635,0.0
1779720600,CHFJPY,bearish_exhaustion,202.96,202.986,202.94,202.961,346.0,2.6215060762993625,19.83873015241975,0.024001796263460873,-5.565923753664906,-1.8597010950340735,1.4891864815975737,-0.5278335894299744,-8.111404180497463,0.07454932576454118,1,0.43839527781201726,20.100502512562816,-6.897876932021596e-05,-0.0003843102862126635,-0.0004286537807757229,0.0
1779720900,CHFJPY,bearish_exhaustion,202.959,202.997,202.922,202.947,1151.0,1.8300185994124691,15.400933257566683,0.02382747360500046,-5.706706056129654,-1.7464635747460515,3.192406937685017,-10.87391323804431,-1.2873563218641173,0.030225357140456807,1,0.4453785230972401,21.608040201005025,-0.0003153532695727712,-0.000359699823106574,0.00017738621413476707,0.0
1779721200,CHFJPY,bearish_exhaustion,202.953,202.953,202.872,202.883,1066.0,1.2510494806712753,11.269052686631147,0.023694162927118914,-6.858959881127955,-1.7429564105258961,5.773797780312249,-22.465403865407453,-63.16719835379571,-0.06674777311328,0,0.4886582427774567,48.99497487437186,-4.436054277601187e-05,0.0004928949197320343,0.000566829157691684,1.0
1775455500,EURAUD,bearish_exhaustion,1.66857,1.6686,1.66838,1.66849,652.0,2.842232522324475,19.966191618722988,0.019906793396596685,-5.191741935483787,-1.8516424587931581,4.370328235471339,4.624312366253179,8.203378817413329,0.08698210452414921,1,,,-0.0001618229656755732,-0.00010188853394388353,-5.9934431731689664e-05,0.0
1775455800,EURAUD,bearish_exhaustion,1.66851,1.66854,1.66818,1.66822,550.0,2.657814875825842,18.352946158031276,0.018240143043826665,-6.315774647888105,-1.8995610008941741,8.718710731058714,-7.918236730200221,-0.40400542522094,0.00031435978714661504,1,,,5.9944132069000844e-05,0.00010190502451723482,-2.3977652827578133e-05,1.0
1775456100,EURAUD,bearish_exhaustion,1.66824,1.6685,1.66809,1.66832,332.0,2.4502793098418496,18.09513313982815,0.017853717683487532,-5.917601918466218,-1.7943368253425716,13.459998234449914,-13.126149019854338,3.094551081044694,0.017856480656650357,1,,,4.195837728970808e-05,-8.391675457952719e-05,-4.195837728970808e-05,0.0
1775456400,EURAUD,bearish_exhaustion,1.66835,1.66847,1.66818,1.66839,282.0,2.12386605859346,15.888986513073803,0.017852968601894243,-5.489208633095185,-1.6405798334812343,21.41061849557994,-10.79904096415543,17.894373160785122,0.020313262058365592,1,,,-0.0001258698505745004,-8.39132337163706e-05,2.3975209633153582e-05,0.0
1775456700,EURAUD,bearish_exhaustion,1.66839,1.66839,1.66818,1.66818,250.0,2.1429324993321455,15.877532509450774,0.017983670826889106,-5.942666666668084,-1.546534922530399,18.045556216725288,-11.26349656918756,13.583131772672166,-0.040131261433108883,1,,,4.1961898596065694e-05,0.00014986392355753608,3.596734165367543e-05,1.0
1775643900,EURAUD,bullish_exhaustion,1.65981,1.65995,1.65955,1.65972,715.0,1.226857083527065,20.556655836068387,0.03976574361940531,4.27121212121168,1.363943613531449,-1.2405793133040106,-17.53148046379276,53.474382908106485,-0.06412765151630485,1,,,-4.820090135693178e-05,-0.0001265273660617794,-0.0001265273660617794,1.0
1775644200,EURAUD,bullish_exhaustion,1.65975,1.65976,1.65931,1.65964,766.0,1.2671304586052312,20.405956247759093,0.03942335170794188,4.017510917030709,1.2752949175593258,-4.296692438307048,-17.9578200914849,35.090712620107986,-0.05548654708931664,1,,,-7.833024029302305e-05,-7.833024029302305e-05,-0.0001988383022824003,1.0
1775752800,EURAUD,bearish_exhaustion,1.65186,1.65245,1.65185,1.65233,1166.0,1.7875346628832252,28.854142285406393,0.04128369376231559,-4.803685863874377,-1.6270071329368032,0.5127145098367828,10.710368532807003,-42.77109698000579,0.09799225809339825,1,,,0.00012709325618964762,-8.472883745980209e-05,0.00017550973473823284,0.0
1775753100,EURAUD,bearish_exhaustion,1.65234,1.65264,1.65233,1.65254,912.0,1.8609624570150864,26.30331649498,0.038296025685136174,-4.625688487585168,-1.5899739382026403,3.9162753091696425,22.335880163360173,-17.82773680818627,0.09573303156321883,1,,,-0.00021179517591096708,4.8410325922620956e-05,0.0001754874314692234,1.0
1775753400,EURAUD,bearish_exhaustion,1.65252,1.65254,1.65208,1.65219,868.0,1.9410784592178316,23.773209677866394,0.037655648390491216,-5.027462686568081,-1.5133051680288068,11.910112927832643,8.396752917298315,-28.649202242347606,0.027896827744699017,1,,,0.0002602606237780414,0.0003873646493441907,0.0003147337775921688,1.0
1775753700,EURAUD,bearish_exhaustion,1.65219,1.65279,1.65203,1.65262,1101.0,1.7282622943662458,22.38083625504077,0.038553500329346374,-4.005695067265361,-1.3273992449484844,23.594583049757766,-0.2605477442752431,-5.19695541197369,0.06073426361807877,1,,,0.0001270709540004411,5.445898028577645e-05,-6.656097590496124e-05,1.0
1776102900,EURAUD,bearish_exhaustion,1.65534,1.65534,1.65505,1.65512,924.0,1.4946237674803924,13.973601023221542,0.025246335181567037,-4.619760683761107,-1.4605716282739734,0.7562174480797399,-23.902923161847227,-78.67388130204328,-0.00696284967108768,1,0.47944398323227977,50.92165898617511,-4.2293005945159834e-05,-1.208371598426794e-05,-6.041857992022948e-06,0.0
1776104100,EURAUD,bearish_exhaustion,1.65507,1.65525,1.65505,1.65519,766.0,1.2326588224268418,8.518398645285012,0.020498294110388077,-4.733473684210916,-1.5796573926220525,3.0410426457819515,13.302270225828007,-68.95186043284157,0.036744776232684406,0,0.5379155314366478,66.12903225806451,8.458243464493087e-05,0.00027791371383356633,0.0006343682598373146,1.0
1776174900,EURAUD,bearish_exhaustion,1.65372,1.65374,1.65291,1.653,1409.0,1.4779733066289336,21.050187102936853,0.03569267997580225,-4.264067796608699,-1.140746381922575,4.237672863725685,-16.142991158212347,-95.85337702276848,-0.045836467162584646,0,0.7431827428947226,94.00921658986175,-0.0002722323049002551,-0.000508166969147017,-0.0007441016333938899,0.0
1776175200,EURAUD,bearish_exhaustion,1.65299,1.65299,1.65245,1.65255,1851.0,1.3176286082081632,19.310290756657707,0.03596173878465024,-4.833701923075804,-1.2105706991879597,0.27609670988691093,-13.748429651659546,-145.11420230120166,-0.06764830730800958,0,0.768801816720807,95.6221198156682,-0.00023599891077419333,-0.0004719978215484977,-0.00033887023085532597,0.0
1776272700,EURAUD,bearish_exhaustion,1.64652,1.64667,1.64646,1.64647,473.0,1.2198900453945163,11.465438294132456,0.02390395382675988,-4.437313974590336,-1.1426362587691457,8.420646105895685,-22.83628468036698,-85.0798808556239,-0.019038747949977376,1,0.49445990923114974,55.29953917050692,3.0367999416913705e-05,1.8220799650192632e-05,4.8588799067106336e-05,1.0
1776273000,EURAUD,bearish_exhaustion,1.64647,1.64665,1.64639,1.64652,442.0,1.3408644571332706,11.332796941845462,0.023599557161252362,-4.151102941175296,-1.1300559509609553,15.640697200014621,-9.734944069489718,-79.1563955081212,0.0024894186863517885,1,0.4956696566212897,55.52995391705069,-1.2146830891790472e-05,1.8220246337685708e-05,7.288098535096488e-05,1.0
1776273300,EURAUD,bearish_exhaustion,1.64651,1.64667,1.64643,1.6465,435.0,1.3213036404356915,11.071563382830531,0.022515292178214612,-4.190289017340642,-1.1528899697173516,16.756343349830452,2.1810965274782017,-70.13435914589576,0.004489626968739591,1,0.6636343541774399,86.40552995391705,3.0367446097745443e-05,8.502884907390929e-05,-5.466140297605282e-05,1.0
1776280500,EURAUD,bearish_exhaustion,1.64473,1.64506,1.6447,1.64485,340.0,2.2593436362283987,14.33630709156983,0.017153105580619398,-5.263291139241087,-1.8455369115284133,1.160672065703961,16.81409195533476,-59.0057467580761,0.08675651720178768,1,0.56150088948286,71.19815668202764,6.0795817247827344e-05,-1.2159163449543264e-05,7.295498069748163e-05,0.0
1776280800,EURAUD,bearish_exhaustion,1.64486,1.64505,1.64486,1.64495,264.0,2.023635182829546,12.890445881631086,0.01645729570590202,-4.897414248022182,-1.7859936825270661,4.744881575354312,13.673201667551943,-43.41943419434512,0.0944158806229694,1,0.41408577846789746,30.64516129032258,-7.295054560918501e-05,1.2158424268271517e-05,6.079212134113554e-05,1.0
1776281100,EURAUD,bearish_exhaustion,1.64493,1.64507,1.64482,1.64483,287.0,1.7419017011162512,11.435147344911597,0.014982008561890064,-5.617855072462121,-1.8601852405778938,12.191371763897568,2.0526752462521785,-45.51940639276922,0.043630938013764255,1,0.573201110234314,72.81105990783409,8.511517907616728e-05,0.00013375242426261202,0.0001094338016696117,1.0
1776281400,EURAUD,bearish_exhaustion,1.64489,1.64506,1.64483,1.64497,199.0,1.6273708734493493,10.406636191503434,0.015024155889944909,-4.8061271676291435,-1.7089402633086004,20.24845699901655,2.136965852402824,-32.164461712519476,0.0702787349210155,1,0.43051731819339767,34.56221198156682,4.8633105770745644e-05,2.4316552885483844e-05,-0.00010334534976319532,1.0
1776281700,EURAUD,bearish_exhaustion,1.64493,1.64512,1.6448,1.64505,226.0,1.348448021792226,8.91835039287372,0.0156747298171547,-4.114681440442899,-1.4849806035147555,20.440890194842048,2.0794099183961094,-17.967673710175106,0.064401548252188,1,0.3463732214772981,17.28110599078341,-2.431537035341158e-05,-0.00015197106470921096,-0.00021883833318125934,0.0
1776314700,EURAUD,bearish_exhaustion,1.64227,1.64241,1.6421,1.64213,383.0,1.3902438003957738,11.071637092098195,0.02318417456074061,-4.151144465290569,-1.189304229355018,6.963178653102341,6.601911718961546,-41.40030441398738,0.027194210554902634,1,0.5013429837176527,57.6036866359447,0.00013397234080114728,0.0003105722445848613,0.0001948688593471637,1.0
1776874500,EURAUD,bearish_exhaustion,1.63588,1.63634,1.63584,1.63634,861.0,1.4776783986747741,15.85613434844349,0.024794008929334928,-4.336056338028143,-1.5843329983272312,0.655883017392993,20.506398639671836,-43.035691276958005,0.1437549546387559,1,0.358539033724007,2.869757174392936,-0.0001588911839837115,-1.83335981519539e-05,-5.50007944558617e-05,0.0
1776874800,EURAUD,bearish_exhaustion,1.63631,1.6364,1.63607,1.63608,890.0,1.2830380803041703,13.768324379181454,0.024928924188129573,-4.752644483362452,-1.4680557918673374,5.526239650250161,21.267217630849245,-33.59408162025194,0.056945789576590584,1,0.515588422792533,62.03090507726269,0.00014057992274207898,0.00010390689941819353,6.723387609408604e-05,1.0
1777270200,EURAUD,bearish_exhaustion,1.63677,1.63677,1.63611,1.6363,787.0,3.175763862133093,29.49142623856893,0.02086589081638795,-4.5016736401685735,-1.4746642077002112,3.584101280706798,3.916136347013982,-26.370695403401843,0.01955817623797173,0,0.7325326684834168,100.0,-0.00012222697549346684,-0.0003361241826070893,-0.0002627879973110536,0.0
1777270500,EURAUD,bearish_exhaustion,1.6363,1.63634,1.63587,1.6361,541.0,2.7551212031325942,27.00146951880884,0.021828913705937873,-4.725840000000148,-1.3872605647465026,4.5799902556355665,-16.121230107397068,-41.70096021945083,-0.019230368832119538,0,0.5476346894775787,75.93818984547461,-0.00021392335431824616,-0.0001405782042663839,-1.83362875131321e-05,0.0
1777270800,EURAUD,bearish_exhaustion,1.63608,1.63632,1.63575,1.63575,539.0,2.2934580619832783,23.76856142010794,0.023536604004278438,-5.156363636365049,-1.3283722919456729,3.668302858083626,-22.939738746184254,-52.692664809649266,-0.06417332285787886,0,0.5673999926686805,83.44370860927152,7.336084364961692e-05,0.0001956289163991265,0.0003423506036985824,1.0
1777307100,EURAUD,bearish_exhaustion,1.63096,1.63122,1.63095,1.63108,408.0,1.4222629952245145,10.182656590820972,0.021501967145344407,-4.012953156823952,-1.224242402059496,0.6248851693251765,10.127120767019193,-63.80996739638384,0.04710872616990462,0,0.4580385913165049,32.671081677704194,-3.06545356452137e-05,-3.6785442774189825e-05,5.5178164161118204e-05,0.0
1777307400,EURAUD,bearish_exhaustion,1.63107,1.6311,1.63093,1.63103,490.0,1.5589215876325584,10.358530600723102,0.01996985252964656,-4.323421052633421,-1.256236519673079,4.792285582052237,11.724261027407074,-68.46457461014539,0.029713372751845844,0,0.5657674758131533,82.33995584988962,-6.131095074968229e-06,8.583533104844498e-05,-3.6786570449365286e-05,1.0
1777307700,EURAUD,bearish_exhaustion,1.63104,1.63117,1.63096,1.63102,353.0,1.6852727688091844,10.495794038209162,0.019313067896163248,-4.342222222224056,-1.236490146140649,11.794865919992466,6.00515357658076,-57.817589576510066,0.023295836850543816,0,0.5731470482012706,86.75496688741721,9.19669899817066e-05,-3.065566332716152e-05,-6.131132665343486e-06,0.0
1777308000,EURAUD,bearish_exhaustion,1.63104,1.63117,1.63099,1.63117,353.0,1.4358929980213015,8.837372321651069,0.016815274575042394,-4.264166666668592,-1.3040098268137659,20.466735503066957,5.324263038544672,-42.22045890365563,0.056821138471262474,0,0.5423776573575534,74.17218543046357,-0.00012261137710967152,-9.808910168773721e-05,-0.00017778649680899594,0.0
1777308300,EURAUD,bearish_exhaustion,1.63116,1.63119,1.63088,1.63097,401.0,1.265378536440327,7.602028189105662,0.01659836083522584,-4.832401055410594,-1.2729915780706846,20.67806331051029,-5.682272909168027,-57.58929434742917,-0.009408123230686221,1,0.4285722569382409,18.76379690949227,2.4525282500631462e-05,-5.518188562625426e-05,0.00013488905375313998,0.0
1777432200,EURAUD,bullish_exhaustion,1.63408,1.63455,1.63403,1.63452,635.0,1.3310582847193964,17.989046687182203,0.03434822280721888,4.629618320610676,1.4255727848137645,-0.5673538623867387,-21.29578416912606,68.31059811122094,-0.0378700017018672,0,0.5503774155399708,77.2626931567329,7.341604874833152e-05,1.223600812472192e-05,0.00015295010155891298,0.0
1777433700,EURAUD,bullish_exhaustion,1.63448,1.63468,1.6344,1.63463,362.0,1.3580576014176486,15.823184095063473,0.02940814041796999,4.902704309063763,1.3685051077560397,-1.4445969330685813,2.8997949002065226,56.996711728183875,-0.01806357228744132,0,0.5722264884424045,86.09271523178808,-0.00023246850969338428,-0.00025693887913480484,-0.00038540831870215175,1.0
1777475400,EURAUD,bullish_exhaustion,1.63906,1.64002,1.63893,1.63978,1691.0,1.2527109355401722,21.222359610374255,0.046870398990805834,4.447211895910636,0.9446630089469878,-0.801823656173319,11.335604899998131,102.94951087895295,0.09150211657959786,1,0.5907439645061383,68.81720430107528,-0.0002927221944407643,-0.00034150922684761387,-0.00014636109722032664,1.0
1777577700,EURAUD,bearish_exhaustion,1.63022,1.63025,1.62995,1.63,865.0,1.5208980500995235,11.37957596564971,0.01888694127958142,-5.381716937354073,-1.6324728322737003,0.6281175807112537,9.324431349395482,-80.68532208328651,0.03103105500068052,0,0.4664158712398877,27.311827956989248,4.294478527611112e-05,7.975460122700007e-05,7.975460122700007e-05,1.0
1777578000,EURAUD,bearish_exhaustion,1.63001,1.63014,1.62993,1.63007,835.0,1.460659385356609,10.606800023440957,0.01836029828692781,-5.213078758949377,-1.6137129471920453,0.01049618312152334,6.427879482118918,-77.46498482446547,0.0496429347762509,0,0.44250607082454463,21.0752688172043,3.6808235229335295e-05,3.6808235229335295e-05,7.975117632996742e-05,1.0
1777578300,EURAUD,bearish_exhaustion,1.63007,1.63034,1.63006,1.63013,697.0,1.3368840978417171,9.806718555042888,0.01857871107562859,-4.843867924527898,-1.509983594246776,0.3832967700751613,-1.9147218930760062,-50.666177728884016,0.05521321655763681,1,0.40997923349541215,12.258064516129032,0.0,4.2941360504977766e-05,-9.201720108220623e-05,1.0
1777578600,EURAUD,bearish_exhaustion,1.63012,1.63033,1.63008,1.63013,917.0,1.3696746353705422,9.610631706916424,0.01862252879042989,-4.714541176470013,-1.4230593531197275,2.7860744983416943,0.6168100422062963,-45.81709342670768,0.043163372781011636,1,0.511578500862841,43.44086021505376,4.2941360504977766e-05,-9.201720108220623e-05,-0.00014722752173135234,0.0
1777578900,EURAUD,bearish_exhaustion,1.63011,1.6303,1.62996,1.6302,1361.0,1.2773480670805895,8.994363362016179,0.01809593914857058,-4.49762711864322,-1.3615726283664924,8.569376655931215,2.1994904406464215,-46.352957726674155,0.0491667684141297,1,0.49986844976544254,38.70967741935484,-0.00013495276653174848,-0.00019016071647648403,-0.0002269660164397891,0.0
1777656600,EURAUD,bearish_exhaustion,1.62732,1.62743,1.62684,1.62711,774.0,1.3211638291330934,13.213651181684437,0.024583463932986667,-5.321499999999277,-1.6531405973057332,1.7203050390145793,15.64069816943562,-93.29397081412085,0.04145476198444159,0,0.6145910638344443,75.26881720430107,-1.8437597949727547e-05,6.145865983242516e-05,8.604212376539522e-05,1.0
1777656900,EURAUD,bearish_exhaustion,1.6271,1.62719,1.62683,1.62708,695.0,1.2392456880231406,12.790826407328218,0.024232718384205324,-5.263188405797339,-1.6209494373167967,2.289376254053173,7.966252563958463,-94.6612031593355,0.03454795919417974,0,0.5423719764280277,55.26881720430108,7.989773090444352e-05,0.00010448164810572536,6.145979300153925e-06,1.0
1777657800,EURAUD,bearish_exhaustion,1.62724,1.62741,1.62706,1.62709,1174.0,1.2002987284717612,11.416627665309958,0.02379357362794042,-4.741402214023142,-1.404004784795086,12.425530863128355,1.8330989217026499,-52.94682937742708,0.00934234103171228,1,0.6132448301158179,74.6236559139785,3.687564916510233e-05,0.0001782323042980316,5.531347374776452e-05,1.0
1777663200,EURAUD,bearish_exhaustion,1.6264,1.62644,1.62608,1.62609,548.0,1.2990798647204125,9.103002220082125,0.020338006242846044,-4.567688984881835,-1.1422142433850633,0.24832653490123846,-2.8102241320152626,-152.05939988857114,-0.0617555523518933,0,0.5119531599793125,43.655913978494624,-4.919776888123728e-05,4.9197768881015236e-05,3.689832666076143e-05,1.0
1777664700,EURAUD,bearish_exhaustion,1.62621,1.62626,1.62611,1.62621,455.0,1.949582608387943,10.259601686941071,0.015109628259222943,-4.42465116279099,-1.5013061241717378,6.315530386707152,12.960307068285438,-86.16497088375245,0.04943978065930566,0,0.5855784037090802,67.52688172043011,6.76419404628259e-05,0.00017217948481440537,0.0002582692272217191,1.0
1777980300,EURAUD,bearish_exhaustion,1.63059,1.63063,1.6299,1.62997,716.0,1.220302291286056,12.7495279883064,0.02743258201947791,-5.226964856229061,-1.2864629868587723,0.35426480181346753,-0.22552740923019599,-126.38135422946853,-0.07182500356327942,0,0.5649359151648996,61.72043010752688,4.908065792630367e-05,7.975606913013245e-05,-7.362098688923346e-05,1.0
1778031300,EURAUD,bearish_exhaustion,1.62258,1.62279,1.62208,1.62209,1388.0,2.071913635783114,33.234628779470036,0.04011579417382824,-5.474599341383168,-1.7365086306161117,0.2432931600705011,21.386134274912287,-60.94532336385009,0.0666579861024976,1,0.5151884807424506,45.806451612903224,-0.00023426566959916517,-0.0007397863250497849,-0.0005918290600398501,0.0
1778031600,EURAUD,bearish_exhaustion,1.62211,1.62216,1.62152,1.62171,808.0,2.0096040400854998,32.585346195754546,0.04087396284521326,-5.765646551723918,-1.6845169612052786,1.8932405689842113e-06,4.975490196079285,-82.6861112663143,0.021028307552332655,1,0.5765929580388078,64.30107526881721,-0.0005056391093352097,-0.0003576471748956145,-0.00024048689346423124,0.0
1778033100,EURAUD,bearish_exhaustion,1.62153,1.62179,1.62124,1.62126,794.0,1.4804090713214246,25.296014074751554,0.04022444624198754,-5.525169769988325,-1.607911990226445,0.31676118856381114,12.57751341500552,-77.2930458892134,0.02531664596911935,0,0.591587383671191,69.03225806451613,-7.40165056807296e-05,-0.0003022340648630717,-0.0003762505705439123,0.0
1778035500,EURAUD,bearish_exhaustion,1.62041,1.62047,1.61966,1.61979,767.0,1.4819006044532295,18.025713801828505,0.033558142016644456,-7.16777923784487,-1.8168903048401295,0.5429200764166396,5.070827695436652,-143.3295753475769,-0.045520078593282554,0,0.580404919585429,65.80645161290323,0.00012964643564905565,-8.643095709937043e-05,-0.000790225893480101,0.0
1778037300,EURAUD,bearish_exhaustion,1.61932,1.61947,1.61906,1.61909,771.0,1.6522613950055889,22.3924141526543,0.03198445687745125,-7.110068965517409,-2.030520101374779,0.26778381621352065,14.937189167763055,-107.14817794459898,0.04022744914863967,0,0.5599620877513014,59.78494623655914,0.0001667603406851903,0.00022852342982782048,0.00024705235657074276,1.0
1778037900,EURAUD,bearish_exhaustion,1.61933,1.61955,1.61929,1.61946,511.0,1.653108588968743,21.671869690945258,0.031580191633542996,-5.896033519553464,-1.8511217170255332,2.8582430087095427,14.433732254305674,-67.44625561072304,0.07720666956163634,1,0.5373363663579985,52.903225806451616,1.8524693416344107e-05,-6.174897805444335e-05,-0.00015437244513594184,0.0
1778038200,EURAUD,bearish_exhaustion,1.61946,1.61984,1.61918,1.61949,633.0,1.5146923935290135,21.241991884976315,0.03197655699369192,-5.493020689655141,-1.716563867667832,7.439095022411206,9.611405996948122,-55.02976190477848,0.062321296388875375,1,0.5184605053577109,46.45161290322581,-8.027218445327833e-05,-0.00017289393574526635,0.0001543695854866467,0.0
1778038500,EURAUD,bearish_exhaustion,1.6195,1.61953,1.6192,1.61936,735.0,1.5862925217302382,20.36738863915289,0.03206734230101437,-5.455570839064897,-1.6251253445373361,14.4976870285427,-3.699832873011829,-61.42664830251633,0.030075678807865307,1,0.5940988325355898,69.24731182795699,-9.262918683916599e-05,0.00023466060665944255,0.0002964133978855532,1.0
1778038800,EURAUD,bearish_exhaustion,1.61935,1.61957,1.61919,1.61921,848.0,1.443120755440218,18.744263469658335,0.031849746834214585,-5.506537396122425,-1.5725233362719857,18.776202642789258,-17.461313071994766,-59.514815747497686,0.005458854912764369,1,0.5431290634262897,55.483870967741936,0.0003273201128946024,0.0003890786247613409,0.0005311232020552836,1.0
1778039100,EURAUD,bearish_exhaustion,1.6192,1.61974,1.61912,1.61974,550.0,1.2571294234436399,17.01221603981262,0.03219211548943518,-4.181972602739634,-1.407001074911921,18.71471157490921,-3.1155572822232287,-32.01253637790527,0.07242529378953527,1,0.4664162457104246,27.526881720430108,6.173830367828259e-05,0.0002037364021385546,0.00011730277698895897,1.0
1778617800,EURAUD,bearish_exhaustion,1.62179,1.62186,1.62165,1.62169,292.0,1.5136744212941384,8.249339192716524,0.014535101388940383,-6.541818181818236,-1.6978417808119355,1.477820029002983,1.5726817042726111,-83.50544688776223,0.020297219525151053,0,0.5256879879571613,64.12213740458014,-8.016328644822046e-05,-0.0001109953196973823,-6.166406649854572e-06,0.0
1778618100,EURAUD,bearish_exhaustion,1.62171,1.62176,1.62153,1.62156,259.0,1.4936084603595137,7.882424390809167,0.014844611714294161,-6.669317507418144,-1.642183808980955,2.8680560648872673,-1.4593301435459374,-103.44468727235264,-0.01325178373121335,0,0.4690628652553252,38.16793893129771,-3.0834505044485816e-05,7.400281210689919e-05,-6.166901008908265e-05,1.0
1778618400,EURAUD,bearish_exhaustion,1.62155,1.62162,1.6215,1.62151,368.0,1.4881838270011902,7.266860843447279,0.013391397965037773,-7.286447368419539,-1.800359642792126,2.243315057626968,-9.48372615039037,-115.63207568323368,-0.013766007786450372,0,0.4454315787780448,26.463104325699742,0.00010484054985782087,-3.083545584059433e-05,-0.000838724398862789,0.0
1778618700,EURAUD,bearish_exhaustion,1.6215,1.6217,1.62147,1.62168,160.0,1.3973764345188535,6.513462843182054,0.013434040184079126,-6.158163934425076,-1.6960722959113725,1.3421470911579894,2.2890738241566204,-91.63167366518503,0.051713580503360154,0,0.4365209065507046,22.137404580152673,-0.00013566178284252217,-0.0009434660352227731,-0.0011161264861132558,0.0
1778619000,EURAUD,bearish_exhaustion,1.62167,1.62173,1.62144,1.62146,113.0,1.4168102715200321,6.709023082297704,0.013568018945890103,-6.755454545453603,-1.6638528981783534,13.889831962732199,2.3893260735298654,-107.1764337199082,-0.024413718204094915,0,0.6332268012200999,95.41984732824427,-0.0008079138554142329,-0.0009805977329073734,-0.0006969027913114045,0.0
1778619300,EURAUD,bearish_exhaustion,1.62149,1.62151,1.62015,1.62015,504.0,1.468782863780984,11.230317331228287,0.018252278228208484,-9.09999999999895,-1.567971558170996,16.495175734499597,-1.0982844316227336,-320.47017076964954,-0.28797742078273103,0,0.7973827971023023,100.0,-0.00017282350399661084,0.00011110082399778953,5.5550411998783744e-05,1.0
1778664600,EURAUD,bearish_exhaustion,1.6164,1.61646,1.61614,1.61634,919.0,1.6532295750111763,17.668263894071544,0.02943157291870905,-4.838198198198005,-1.5234288562946345,1.0447303385411784,1.3103992729010798,-62.64252179747304,0.0459021798248002,0,0.43924869317279236,23.155216284987276,-1.2373634260209876e-05,1.2373634260098854e-05,-6.186817130071631e-05,1.0
1778664900,EURAUD,bearish_exhaustion,1.61632,1.61637,1.61596,1.61632,710.0,1.6699082171339226,16.071095838667894,0.028769055632546118,-4.779354838709901,-1.4803654314976444,2.947799822055633,-2.292067377749902,-66.11422970690182,0.03491840271572961,0,0.4366414993752933,22.391857506361323,2.4747574737693512e-05,-4.9495149475387024e-05,-3.7121362106429245e-05,0.0
1778665200,EURAUD,bearish_exhaustion,1.61633,1.61649,1.61604,1.61636,536.0,1.5216249548807983,14.90826309217929,0.027928714607423293,-4.618227848101018,-1.437342386242977,6.39445279966875,-3.3140560272333275,-52.5236104660115,0.03438438681922842,1,0.46455312010918964,35.87786259541985,-7.424088693119835e-05,-6.186740577596161e-05,-0.00040832487812125784,0.0
1778665500,EURAUD,bearish_exhaustion,1.61638,1.61643,1.61619,1.61624,552.0,1.489381653420599,13.892871101201898,0.026383988233712678,-4.938693467336704,-1.4541206508998403,15.931174112126687,-5.365491068291078,-49.37001799948184,0.008983295426281278,1,0.5502537305052253,76.08142493638677,1.237439984169697e-05,-0.0003341087957233757,-0.0006187199920802966,0.0
1778665800,EURAUD,bearish_exhaustion,1.61625,1.61632,1.61605,1.61626,447.0,1.4552411545040849,12.926831035434704,0.025146237079959513,-4.896309314587052,-1.4488873419715398,22.403116586203083,-2.1309123327574184,-55.858701895486135,0.012324497496049094,1,0.5404625514670915,71.50127226463104,-0.00034647890809658133,-0.0006310865826042455,-0.0006558350760398346,0.0
1778666100,EURAUD,bearish_exhaustion,1.61626,1.61637,1.61569,1.6157,603.0,1.235650645664727,11.771919799115574,0.024447607847990757,-6.1883544303808335,-1.525010187538458,18.42040213713431,-13.891467838012709,-97.10766523701805,-0.08042564640288415,0,0.47937837499982094,43.25699745547074,-0.0002847063192423782,-0.0003094633904808797,-6.189267809486587e-06,0.0
1778666400,EURAUD,bearish_exhaustion,1.61569,1.61578,1.6152,1.61524,669.0,1.2376742301593833,12.25142553267512,0.02533900313796806,-6.835322862128749,-1.5705265301610338,10.127173687018484,-17.966765606991874,-188.38587342971942,-0.11468441806585401,0,0.4788018212854345,42.74809160305343,-2.4764121740461498e-05,0.00027859636957972,0.00026002327827456817,1.0
1778688000,EURAUD,bearish_exhaustion,1.6125,1.61255,1.61196,1.61198,651.0,1.5806352802005714,20.93489159084484,0.0355374845132769,-4.230723192019672,-1.3503372416877621,1.611009452037299,8.094582125065969,-53.77805584921402,0.03339303019501437,1,0.5679412331616758,83.20610687022901,-4.342485638775262e-05,9.305326368824751e-05,0.0001364781200758891,1.0
1778688300,EURAUD,bearish_exhaustion,1.61199,1.61236,1.61186,1.61191,837.0,1.4432046526470712,19.688781019095067,0.03389944670785285,-4.437542483659493,-1.3706772813061667,1.4043362253526341,-9.369860430832333,-57.25739354060144,0.02410224127674703,1,0.5290558550456356,66.66666666666666,0.00013648404687605087,0.00017991078906387514,0.00010546494531338269,1.0
1778688600,EURAUD,bearish_exhaustion,1.61191,1.61227,1.61181,1.61213,573.0,1.4780498116376144,19.175096623022764,0.03283145368461032,-4.043940620781592,-1.329413521072441,1.005243406156195,-16.417318305405885,-49.38563886458179,0.05129130149599112,1,0.45840707059011626,32.06106870229007,4.342081593922131e-05,-3.1014868528078665e-05,0.00014266839522858454,0.0
1778688900,EURAUD,bearish_exhaustion,1.61213,1.61222,1.61199,1.6122,658.0,1.5043686757868475,18.435113175416173,0.03034894642635529,-4.094540145985043,-1.3376967481358415,2.4912694339222483,-8.328115784216365,-38.56804457339873,0.05057786857626835,1,0.46710369315137346,37.150127226463106,-7.44324525493445e-05,9.924327006571865e-05,1.2405408758242586e-05,1.0
1778689200,EURAUD,bearish_exhaustion,1.6122,1.61239,1.61175,1.61208,1050.0,1.3709663860407242,17.82133270037867,0.03176907207724492,-4.009037656903778,-1.2069727585137933,6.317159994305857,-2.794204085058503,-40.459257686749524,0.018739746629833003,1,0.5206587715515233,61.57760814249363,0.00017368865068734252,8.684432534367126e-05,0.00018609498287913695,1.0
1778813100,EURAUD,bullish_exhaustion,1.6201,1.62019,1.61995,1.62001,520.0,2.20958569121841,23.902220868748195,0.03421495634506562,4.626494845361405,1.5346048223737883,-0.48814754868189425,-10.564195357332519,35.524395973946476,-0.07851345988108638,0,0.5220286824812003,69.09547738693468,-0.00023456645329356096,0.0,-6.172801402459793e-05,0.0
1778813700,EURAUD,bullish_exhaustion,1.61963,1.62012,1.61955,1.62001,790.0,1.633269444166732,19.117750367037484,0.0350967851168456,4.231306532664257,1.2431596551685964,-7.117037653838054,10.298821548826076,13.006470840728616,-0.018838932526248114,0,0.5249569074436448,71.10552763819096,-6.172801402459793e-05,-7.40736168294287e-05,-6.172801402459793e-05,1.0
1778814000,EURAUD,bullish_exhaustion,1.62004,1.62013,1.61958,1.61991,1123.0,1.3278117845266142,16.197145026227492,0.031086383105938774,4.413673758866416,1.2924244115098884,-12.306494142978096,17.68225091288781,3.0538482353287244,-0.024939682326908172,0,0.4977882475287696,55.0251256281407,-1.2346364921422825e-05,0.0,-0.00012963683167588336,0.0
1778814300,EURAUD,bullish_exhaustion,1.61991,1.62011,1.61981,1.61989,954.0,1.3100365145461323,15.397613935741168,0.03020487281764194,4.3279416058401035,1.2220740747782621,-21.204532154479082,13.436854084186209,3.0445550178073626,-0.015445336652834747,0,0.43736641357804124,19.34673366834171,1.2346517356043307e-05,-0.00011729191488318857,0.00019754427769780314,1.0
1779080400,EURAUD,bullish_exhaustion,1.62936,1.62972,1.62929,1.62947,918.0,1.2703154957131104,23.71992190890491,0.039583422830736785,6.772403100775192,0.9570078440906215,-1.2087843679283878,4.526541655003847,375.36723758408476,0.30424214338855793,1,0.4954732155515013,53.517587939698494,-8.591750691944178e-05,-1.2273929559825092e-05,0.000276163415098285,1.0
1779080700,EURAUD,bullish_exhaustion,1.62945,1.62945,1.62903,1.62933,854.0,1.5330580491653407,29.338676761352424,0.04033209092957621,6.301826086956558,1.2076914721669774,-1.6758699388219611e-06,12.900744185374528,260.19567955053543,0.15127893917831325,1,0.36347088366412533,3.5175879396984926,7.364990517588765e-05,0.0003621120337808925,-7.978739727365625e-05,0.0
1779212700,EURAUD,bearish_exhaustion,1.63234,1.63254,1.63208,1.63209,870.0,1.766017989568042,14.84374211514167,0.020263238284302914,-6.0771490280783915,-1.7090518660991754,0.585947014854391,-6.9314794190828195,-16.056338028191647,0.029510514546132897,1,0.459192077075072,30.402010050251256,5.51440177931628e-05,0.0001409236010267989,0.0001470507141150268,1.0
1779213000,EURAUD,bearish_exhaustion,1.63208,1.63243,1.63206,1.63218,665.0,1.3590149895162549,11.556646392476603,0.020349646310017542,-5.688516129032601,-1.5780746746749876,0.33906787922244364,-10.513414500853145,-7.087334247818138,0.03804735728783268,1,0.46877933380626646,35.678391959798994,8.577485326366485e-05,9.190162849681549e-05,0.00012866227989571932,1.0
1779274500,EURAUD,bearish_exhaustion,1.62857,1.62869,1.62804,1.62813,581.0,1.4119779250750584,14.736298295161227,0.026147438209127488,-4.058590604027154,-1.133226585513257,6.554644767409709,0.37824730246356353,-74.43167929597973,-0.014636383918040854,1,0.5346241045705321,78.64321608040201,0.0,-1.8426047060149386e-05,-0.0001105562823607853,0.0
1779334500,EURAUD,bullish_exhaustion,1.63298,1.63323,1.63294,1.6331,529.0,1.3581814778668906,19.918847208695404,0.047237068852399366,4.220481481480863,1.1059498433958523,-12.121263236127081,7.671040973578556,-59.85602997734041,0.022826687932247913,0,0.6024158618965072,95.97989949748744,-0.00038576939562784407,-0.0005143591941705328,-0.0004776192517298439,1.0
1779690300,EURAUD,bearish_exhaustion,1.62418,1.62438,1.62416,1.6242,454.0,2.8538828164474594,23.122369243672807,0.02062553872675913,-5.161194029851346,-1.7652200688124844,1.251381094531909,19.056068991669804,-4.908163656528702,0.07281606048020337,1,0.5412197451238754,80.15075376884423,-6.772564955059845e-05,-4.309814062308792e-05,0.00018470631695599593,0.0
1779690600,EURAUD,bearish_exhaustion,1.6242,1.62423,1.62391,1.62409,389.0,2.0088042332978953,16.178089901942393,0.020978781084441945,-5.243102725366679,-1.6314821407854498,4.60679809769411,9.55775962790031,-10.317069163788716,0.028151648903963628,1,0.48830148681977026,48.49246231155779,2.462917695456035e-05,0.0002524490637834109,0.0003386511831240391,1.0
1775820000,EURCAD,bullish_exhaustion,1.62093,1.6211,1.62061,1.6207,337.0,1.411907551752151,12.756004118421131,0.0234466588511127,5.70105263157952,1.8610228017115542,-0.49515009175432567,-20.775174516412612,55.4747709757533,-0.08911827516744521,0,,,-0.00026531745542046625,-0.00034552970938495076,-0.00029616832232992607,1.0
1776109500,EURCAD,bullish_exhaustion,1.6213,1.62157,1.6212,1.62151,537.0,2.5455229404851596,21.67283984987989,0.02572558030125389,5.708835616438237,1.6179385343793704,-0.10886306312804095,5.4504678894948455,56.11390284756707,-0.0030922483400445404,0,0.5139157617224183,60.59907834101382,-6.167091168107763e-05,-0.00012950891453034075,3.7002547008668785e-05,1.0
1776109800,EURCAD,bullish_exhaustion,1.62151,1.62164,1.62137,1.62141,972.0,2.861168185575137,19.91055674413248,0.025154473134935042,5.384728546410209,1.5814807210786603,-1.982607108175216e-05,5.236056455570996,57.20103348561879,-0.025552481250252623,0,0.5763080148602593,73.27188940092167,-6.784218673872022e-05,9.867954434716886e-05,0.0002713687469548809,0.0
1776110100,EURCAD,bullish_exhaustion,1.62142,1.62166,1.62129,1.6213,615.0,2.5903106295551024,16.55432365544594,0.024495334431806185,5.0727338129502115,1.5245697147036368,-0.7997462694328732,-2.4321893887104693,48.36421298613405,-0.0404382515436735,0,0.6161004986940499,79.03225806451613,0.00016653302905078604,0.000339233948066342,0.00026521926848821487,0.0
1776110400,EURCAD,bullish_exhaustion,1.62134,1.62166,1.6213,1.62157,359.0,2.0080366823646307,13.079888899372662,0.02409481463731493,5.616892138939758,1.507820347981094,-5.475257630809509,-2.297017514417206,59.75492220842954,0.01462234949901025,0,0.5252059367175276,62.67281105990783,0.00017267216339722502,9.866980765549371e-05,0.00015417157446173668,0.0
1776110700,EURCAD,bullish_exhaustion,1.62156,1.62186,1.62141,1.62185,319.0,1.3177050383805684,9.265301181084727,0.021580294108581245,6.80457142857185,1.6912671603069453,-8.180547216840438,10.907350037776027,105.17741486862062,0.05685654596226029,0,0.5539200675491207,68.89400921658986,-7.398957980087051e-05,-1.849739495018987e-05,-0.0002219687394025005,1.0
1776124200,EURCAD,bullish_exhaustion,1.62192,1.62208,1.62188,1.62201,157.0,1.7322027285240988,6.45190410811839,0.009600081732804302,4.040733944954084,1.3024508420029626,-0.329034773381764,2.803030303020094,110.02862572472087,0.015605328310397338,1,0.39316686108038745,27.188940092165897,2.4660760414629834e-05,-0.00014796456248733492,-0.0001602949426945388,1.0
1776278400,EURCAD,bearish_exhaustion,1.61973,1.61973,1.61952,1.61961,384.0,1.5612823142559655,10.254253092522449,0.017067600930384844,-4.199999999997751,-1.1777522255184578,22.043858566025875,-20.636050293451692,-78.4388265855802,-0.03249102002953643,0,0.6630210953776002,86.17511520737328,7.409191101559465e-05,0.00015435814794928504,0.00028401899222640914,1.0
1776351000,EURCAD,bearish_exhaustion,1.61471,1.61476,1.61381,1.61392,1276.0,1.3475753078475152,18.658970611829485,0.03589308728349006,-4.071911220715428,-0.9526099454477799,7.072845068527924,-16.131054131054505,-78.74088433491549,-0.0644969050163408,0,0.6664120870356052,86.8663594470046,0.0001672945375235102,0.00052047189451776,0.0006258054922176903,1.0
1776876900,EURCAD,bearish_exhaustion,1.59972,1.59983,1.59944,1.59954,772.0,2.093037152036217,14.492647326072852,0.018755392175248322,-6.170000000000096,-1.7438691512711229,0.5655834710239295,-3.56686774546948,-80.90921390883396,0.0015227035070434092,0,0.5052514508961652,58.498896247240616,-8.752516348453643e-05,-9.37769608762018e-05,1.8755392175329177e-05,0.0
1777285800,EURCAD,bearish_exhaustion,1.59796,1.5981,1.59787,1.59795,261.0,2.0082863642931907,17.037402769050246,0.02109846097455148,-5.404830508474424,-1.702316613130065,1.0794698948886083,13.41560291091973,-54.29617747644944,0.06738987373469374,1,0.47605059782156356,41.05960264900662,0.00010638630745640754,0.0001001282893706712,0.00020651459682707873,1.0
1777286100,EURCAD,bearish_exhaustion,1.59792,1.59815,1.59782,1.59812,395.0,1.9584443784707983,15.537063301164379,0.020693958258095724,-4.80898488120957,-1.5875389733315965,2.9983036506698846,7.348723371863144,-42.12921540690502,0.08433221582174998,1,0.4153472201335624,13.245033112582782,-6.257352389127391e-06,0.00010011763822492803,0.00025655144795133644,1.0
1777286400,EURCAD,bearish_exhaustion,1.59811,1.59822,1.59793,1.59811,306.0,1.6613258507835331,13.180588393370154,0.02042591382499033,-4.716498905908625,-1.47512454188675,7.620009858806929,0.2512006740464017,-27.939971317331583,0.055109931192771744,1,0.4115044805804189,11.258278145695364,0.00010637565624405099,0.000262810444838113,0.0001376626139628634,1.0
1777392000,EURCAD,bullish_exhaustion,1.60134,1.6018,1.60128,1.60178,498.0,2.521691616982707,26.71509591331607,0.03469354628689921,4.1226221079695655,1.1779876689364703,-1.3367474220979148,15.722415136193689,55.414704817086296,0.014793478257433034,0,0.5488490180239405,76.82119205298014,-0.00026845134787545355,-0.00029966662088432017,-0.0003496110576982625,1.0
1777593900,EURCAD,bearish_exhaustion,1.59275,1.59275,1.59214,1.59219,605.0,1.4236841904257698,7.4721034969597255,0.012830485952412736,-4.335104895104428,-1.0867494248745988,11.641163918864216,-1.679207053661429,-140.95600217277237,-0.11165833333096474,0,0.6660506079875115,83.65591397849462,-6.280657459223349e-05,-0.00011305183426602028,6.280657459223349e-06,0.0
1777661400,EURCAD,bearish_exhaustion,1.5934,1.59341,1.59309,1.59313,578.0,1.247185843513715,12.803264198595313,0.027753093416286366,-4.3058481421655594,-1.15471362760926,0.11348681099927557,10.326023667894646,-74.67786422960192,0.006849431726615938,0,0.6239070313069482,77.84946236559139,-6.904646827299299e-05,-5.0215613289439354e-05,3.138475830599674e-05,0.0
1777665300,EURCAD,bearish_exhaustion,1.59256,1.59279,1.59248,1.59271,602.0,1.202339892674085,8.000918354116493,0.01789402967269694,-4.552280701754607,-1.4283045679004764,0.38583428386666274,20.204340791945718,-65.59472273745764,0.06576654279058883,0,0.47153183375658936,30.32258064516129,6.906467592959764e-05,9.417910354048153e-05,6.278606902609951e-06,1.0
1778066400,EURCAD,bullish_exhaustion,1.60214,1.60227,1.6018,1.60227,851.0,1.4092680741740573,22.60142718396901,0.03909631781338772,6.339110604332554,1.8212212737205167,-0.5676361788398339,-14.44656432522968,74.76597559241036,-0.04605176322614197,1,0.5134799751306547,44.3010752688172,0.0001934755066248517,0.00012482290749993297,0.00023716352424996145,0.0
1778066700,EURCAD,bullish_exhaustion,1.60229,1.60282,1.60229,1.60258,1051.0,1.4088212385260788,23.014909110564325,0.03833104832742791,6.701441860464835,1.821544621850613,-1.4048249451887216,-4.048566453139742,99.5419239195292,-0.010186873137680068,1,0.5334641865841079,50.967741935483865,-6.863931909784071e-05,4.367956669870665e-05,-0.0006551935004804887,0.0
1778067000,EURCAD,bullish_exhaustion,1.6026,1.60273,1.60224,1.60247,800.0,1.4891319095555702,23.321168206625245,0.03869027189276365,6.1932258064514745,1.7423411990464381,-1.2956276229261192,5.7311592318840425,84.26000908570639,-0.029727412578786014,1,0.5286178717266784,49.03225806451613,0.0001123265958176134,-0.0005865944448258942,-0.0005241907804826029,1.0
1778067300,EURCAD,bullish_exhaustion,1.60248,1.60273,1.60236,1.60265,589.0,1.553905796497152,23.052995591036318,0.03788368372026468,6.347105882352598,1.7326755184715759,-2.8255187819713967,11.118264570701179,85.10924550639683,-0.010546023695821563,1,0.569720876317253,83.96946564885496,-0.0006988425420397792,-0.0006364458865003586,-0.0011855364552459946,1.0
1778121600,EURCAD,bullish_exhaustion,1.60284,1.60336,1.60284,1.60328,275.0,1.2679621130882155,7.405019910613544,0.014791106802484423,4.50277108433686,1.0718265094102535,-1.331240732173498,-4.396852993344069,132.0287577964685,0.06897027233120395,1,0.47156401198837206,38.67684478371501,-0.000112269846814117,-0.0001808791976448676,-0.00021206526620431987,1.0
1778249100,EURCAD,bullish_exhaustion,1.61348,1.61348,1.61265,1.61266,821.0,1.5099858244768443,28.499290057592525,0.049696065595263225,5.024278074865742,1.9964746328929486,-0.7241801514970234,-29.429432020144077,13.914068391680342,-0.1715199382505919,0,0.4796806479876658,43.765903307888046,-0.00027284114444459107,-6.200935101063898e-06,-9.921496161613419e-05,1.0
1778249400,EURCAD,bullish_exhaustion,1.61265,1.61269,1.61188,1.61222,887.0,1.3636682496905577,26.954293126185444,0.04948810601885201,4.342632050133966,1.7568999972440562,-3.9937204819788548,-19.779252904872706,-40.62151738463551,-0.1511425728556409,0,0.5726704961339114,86.00508905852418,0.00026671297961811113,0.000173673568123478,-0.00013645780352555814,0.0
1778249700,EURCAD,bullish_exhaustion,1.61224,1.6127,1.61217,1.61265,770.0,1.2685918334086739,25.105281810453686,0.04717169166987712,4.94535211267561,1.6625662177969747,-9.489124953582703,0.13569361395358293,-31.352315434107645,-0.06239495786037057,0,0.5557219427895888,78.37150127226464,-9.301460329258493e-05,-0.0004030632809349788,-0.00010541655039841835,1.0
1778250000,EURCAD,bullish_exhaustion,1.61266,1.61279,1.61243,1.6125,653.0,1.3612371242342822,23.19065683906017,0.04469545957918021,4.829653121902221,1.5692894518881688,-16.34877924434366,7.750083585528552,-34.36511382665959,-0.04903573446815302,0,0.5514095923906193,76.33587786259542,-0.00031007751937983663,-1.2403100775326692e-05,-9.302325581406201e-05,1.0
1778250300,EURCAD,bullish_exhaustion,1.61249,1.61254,1.61189,1.612,1144.0,1.3218827492782126,22.552705595947984,0.044133286068769796,4.021485943775116,1.368318975012925,-21.447671676024157,1.7394720485007795,-76.33939498654203,-0.06652566178403085,0,0.5490021055638553,75.82697201017811,0.0002977667493795355,0.00021712158808928628,0.0004900744416873604,0.0
1778250600,EURCAD,bullish_exhaustion,1.61195,1.6127,1.61185,1.61248,1012.0,1.2215336326889938,21.50654042810719,0.04589204207183932,4.344594594594582,1.1854366294499654,-17.360545151825605,8.740699890098732,-64.53063518832005,0.015115403627574539,0,0.5858422394616118,88.80407124681933,-8.062115499107847e-05,0.00019225044651727252,-4.961301845596289e-05,0.0
1778250900,EURCAD,bullish_exhaustion,1.61252,1.61254,1.61225,1.61235,873.0,1.3118981808440024,20.754897151279515,0.04487682132114258,4.086949654491521,1.0799979561166941,-11.99863462100896,11.106604362847005,-65.99677459369838,0.012887258114019513,0,0.6236513780068449,94.14758269720102,0.00027289360250559724,3.101063664834314e-05,-0.00016745743790114176,0.0
1778251200,EURCAD,bullish_exhaustion,1.61236,1.61283,1.61229,1.61279,1627.0,1.2647357460693092,20.290685368452394,0.04074571749222553,4.962695652173975,1.1148541324239378,-7.658496502340023,22.909118912155257,-45.10382930080069,0.06848442029693848,0,0.59912848256636,90.5852417302799,-0.00024181697555158976,-0.00044023090420941546,-0.0005766404801615943,1.0
1778251500,EURCAD,bullish_exhaustion,1.6128,1.61292,1.6124,1.6124,871.0,1.244030592696819,19.804050250105924,0.040223978452705714,4.233303964757914,1.00975092596789,-4.658851450135576,6.353283608136074,-54.82155672990894,0.019881791484017967,0,0.5926842631194021,90.33078880407125,-0.00019846192011918617,-0.0003349044902009046,-7.442322004469482e-05,1.0
1778481300,EURCAD,bearish_exhaustion,1.60843,1.60853,1.60829,1.60844,388.0,1.2267828403324825,8.571712202478022,0.015276559008374171,-7.684534883719809,-2.570896324357865,0.1773788170894509,21.181286549711118,-56.52892561986279,0.11630981820106837,1,0.4790073446205338,43.00254452926209,7.460645097112639e-05,0.00038546666335070867,0.0005844171992737124,1.0
1778541000,EURCAD,bullish_exhaustion,1.61161,1.61168,1.61158,1.61158,58.0,2.3085636532212583,7.850880720153691,0.008509838614457081,4.439166666667698,1.628024974963688,-2.3282856752694556,-14.859385783305619,57.39597766299652,-0.09240851836248373,1,0.29264553224015927,3.307888040712468,-3.102545328192985e-05,-6.825599722015685e-05,-0.0002109730823167677,1.0
1778541300,EURCAD,bullish_exhaustion,1.61158,1.61158,1.6115,1.61153,51.0,2.2087458682188643,7.237133950214255,0.008155515034072703,4.015869565218208,1.557971795694255,-6.688685745378876,-15.217391304341698,34.19175432229026,-0.09675936923152338,1,0.3371893300844474,7.37913486005089,-3.723169906855173e-05,-0.0001799532121647962,-0.00015513207945239138,1.0
1778665200,EURCAD,bearish_exhaustion,1.60325,1.60329,1.60306,1.60324,256.0,1.602505560885881,15.708120299947883,0.027132556572944423,-4.365517241378784,-1.3568026779112572,0.6240137034239887,17.34890926067456,-62.092242712233656,0.04649699579171072,0,0.47213743633351213,38.93129770992366,0.00011227264788815638,0.00014345949452354567,0.000174646341159157,1.0
1778666400,EURCAD,bearish_exhaustion,1.60353,1.60354,1.60294,1.60294,516.0,1.2283072919295979,10.969642123732458,0.02406292722836304,-4.934740740740269,-1.189581666062897,23.048856366716542,-20.066472439887,-69.73894065308959,-0.06890160785172961,0,0.6090378441833775,92.6208651399491,5.6146830199388376e-05,1.2477073377592518e-05,9.357805033238797e-05,1.0
1778800200,EURCAD,bearish_exhaustion,1.60045,1.60045,1.60021,1.60021,225.0,1.2943646366831487,5.013710753523074,0.009909413675169915,-5.070270270271587,-0.9116488307979886,0.0012035107036609816,-8.090127278997088,-179.26306769496134,-0.1348281366501859,0,0.517000003994642,66.83417085427136,3.749507877093272e-05,4.9993438361317644e-05,3.749507877093272e-05,1.0
1779328800,EURCAD,bullish_exhaustion,1.5991,1.59928,1.59908,1.59923,677.0,1.5693706983692175,9.30550051321985,0.015587858799900598,4.200802292263456,1.212373987095159,-0.010105249008645956,1.1319853611944737,78.85959848627311,-0.00040772666015641485,0,0.4738064348721442,38.69346733668342,-1.8759027782144777e-05,-8.754212964989794e-05,-0.00019384328708194065,1.0
1779388500,EURCAD,bullish_exhaustion,1.60041,1.60089,1.60041,1.60086,671.0,2.113721224081541,22.981597724641794,0.02958231379204869,4.1632579185525245,1.227484255094066,-3.2130741239488714,17.235134794659817,38.67672099244176,0.010115287408872893,0,0.5275961733962563,72.36180904522614,-2.4986569718832286e-05,-0.0002935921941955577,-0.0007995702310008568,1.0
1779388800,EURCAD,bullish_exhaustion,1.60086,1.60104,1.60071,1.60082,563.0,1.9206040256237635,19.536205733162944,0.02739667349054756,4.292573289902876,1.2677570706780308,-4.3596187181260575,21.491075062502418,48.172427493078246,-0.0013605342785357804,0,0.506959754135828,59.54773869346733,-0.0002686123361776982,-0.0007746030159542228,-0.0005059906797766356,1.0
1779690300,EURCAD,bullish_exhaustion,1.60739,1.60749,1.60729,1.60732,391.0,4.784112457439654,33.582245877840265,0.015687159815272855,10.83830028328838,3.555503487363263,-0.38446585772425124,-23.079077060928512,36.01966501854251,-0.13055997188924887,1,0.42101045034638634,13.06532663316583,6.221536470651934e-05,8.087997411831971e-05,6.843690117697143e-05,0.0
1779690600,EURCAD,bullish_exhaustion,1.60734,1.60748,1.60722,1.60742,337.0,4.145239749466931,26.927458264117853,0.0163527356171455,10.458913043479187,3.2234950309607275,-1.6398253094043156,-13.442583402260006,34.30505345739462,-0.06752681155482096,1,0.4571624762504381,28.643216080402013,1.8663448258626758e-05,6.221149419394223e-06,0.00018663448258693371,0.0
1775163900,EURCHF,bearish_exhaustion,0.9208,0.92084,0.92072,0.92072,8.0,1.2832838105145816,9.414196566370395,0.016446755954966145,-5.7201886792443455,-0.7155812342995923,3.9022685585692476,-23.66637194223562,-336.6413699163996,-0.31231016108103243,0,,,0.00020636023981235319,-3.258319575982771e-05,8.688852202620723e-05,0.0
1775529000,EURCHF,bullish_exhaustion,0.922,0.92217,0.92195,0.92217,252.0,1.6239522366608197,10.287599796173943,0.016033610164842508,4.567922705314414,1.190121938490047,-0.369210211123729,19.877155898667482,70.98765432100741,0.02431250020617102,1,,,-1.0843987551134582e-05,-0.00010843987551112377,-0.00018434778836873278,1.0
1775614500,EURCHF,bearish_exhaustion,0.92273,0.92275,0.92254,0.92256,330.0,1.386323406128199,13.036582558929219,0.024698354888261435,-5.7114733542305025,-1.4479724493204793,0.10812825836792281,3.7685954922638167,-114.35459127763028,-0.006454390021770769,0,,,-1.0839403399298675e-05,9.755463059302194e-05,-8.671522719394531e-05,1.0
1775615400,EURCHF,bearish_exhaustion,0.92263,0.92269,0.92247,0.92248,422.0,1.63206361203105,13.156712113341351,0.022377566064149652,-5.931349480967959,-1.5296199942875386,1.3832783402079334,0.3719658785479858,-100.61242344707176,-0.009087296460298221,0,,,-8.67227473766441e-05,2.1680686844272046e-05,7.588240395461909e-05,1.0
1775616300,EURCHF,bearish_exhaustion,0.92251,0.92259,0.92247,0.92255,268.0,1.3838368468260727,10.677487306659017,0.019588562756954107,-5.453913043476758,-1.6275839904992728,0.902626244651519,11.126742131784038,-77.24193711448702,0.054164819904462994,0,,,-2.167904178640434e-05,0.0001192347298248908,-0.00016259281339758846,1.0
1775616600,EURCHF,bearish_exhaustion,0.92254,0.9226,0.92252,0.92253,323.0,1.4586303909798672,10.369717522295174,0.018505011838561132,-5.5765690376568795,-1.6441656039079684,7.098733919973255,15.164452877923182,-67.94746553776785,0.03896321219728835,1,,,0.0001409168265531502,-0.00014091682655303917,-0.00017343609421904826,0.0
1775616900,EURCHF,bearish_exhaustion,0.92254,0.92274,0.9225,0.92266,432.0,1.3325732675117028,9.878128598135422,0.019121731886997315,-4.367773279352648,-1.4542973137187936,19.39148623683526,12.353360147479364,-35.84102200143473,0.07848803336833952,1,,,-0.0002817939435979522,-0.0003143086293976305,-0.0002817939435979522,0.0
1775763300,EURCHF,bullish_exhaustion,0.9248,0.92483,0.92476,0.92481,273.0,1.8664482051912978,10.657949676402758,0.016528491566607743,5.648411214952192,1.7626341928428282,-0.9422696521910154,-14.993339993341024,52.696646577025234,-0.05291976009302393,1,,,1.0813031865897216e-05,-5.406515933004119e-05,-9.731728679407414e-05,1.0
1775763600,EURCHF,bullish_exhaustion,0.92481,0.92488,0.92479,0.92482,197.0,1.5799562008737298,8.748226561378376,0.015601491564382666,5.916039603959306,1.7688910910709037,-2.4064678062077434,-17.01539201540062,61.264758207993744,-0.03916725498964791,1,,,-6.48774896736537e-05,-0.0001081291494561265,5.406457472800774e-05,1.0
1775763900,EURCHF,bullish_exhaustion,0.92482,0.92483,0.92472,0.92476,203.0,1.3636831447456927,7.491516701712612,0.014830102636669774,5.630624999999584,1.7237584579390355,-4.753769175301741,-12.09716209716187,33.786567779193796,-0.05991018794293683,1,,,-4.325446602371219e-05,0.00011894978156479219,-6.488169903551277e-05,0.0
1775819100,EURCHF,bullish_exhaustion,0.92451,0.92458,0.92449,0.92457,240.0,1.4523778394849582,9.172522491034112,0.019700277658033113,4.118745098037132,1.0296605385516913,-20.766125463398673,12.391900518856996,-58.950308108005146,0.022562718123911432,0,,,-1.081583871420655e-05,-3.244751614261965e-05,-9.734254842796997e-05,1.0
1775819400,EURCHF,bullish_exhaustion,0.92458,0.92462,0.92452,0.92456,248.0,1.502902534619343,9.23168289271725,0.018927922471231762,4.053714285713014,0.9745451115592051,-19.915591805511987,19.866855428596978,-49.04146232735254,0.023139124232509314,0,,,-2.1631911395703085e-05,-8.652764558281234e-05,-0.00020550315825906829,1.0
1775842200,EURCHF,bullish_exhaustion,0.92545,0.92549,0.92542,0.92542,174.0,1.282351997118994,8.814334959693802,0.018678777512605858,6.799834710742879,1.6833497687203494,-2.6598250989515577,-20.94134431613076,62.65230216744818,-0.04921128553224674,0,,,-1.0805904346211648e-05,0.0001080590434612283,-5.402952173061415e-05,0.0
1775842500,EURCHF,bullish_exhaustion,0.92543,0.92544,0.92539,0.92541,123.0,1.5354738402430932,8.828234055185538,0.017752748974587253,6.734608695650646,1.6548655329704873,-6.697744129984159,-17.877492877504192,45.06786154934514,-0.04127587918095327,0,,,0.00011886623226464721,-4.3224084459780876e-05,6.483612668994887e-05,1.0
1775842800,EURCHF,bullish_exhaustion,0.92542,0.92552,0.9254,0.92552,230.0,1.5791979750997145,9.079518805162959,0.01751910894879339,7.151718061672879,1.6194150888678585,-10.905330976868697,11.723541464912099,64.05228758165724,0.014964834674545555,0,0.5379118348831602,65.89861751152074,-0.00016207105194920857,-5.402368398310653e-05,7.563315757619371e-05,1.0
1775843100,EURCHF,bullish_exhaustion,0.92552,0.92554,0.92531,0.92537,251.0,1.4676764263425404,9.009253710358735,0.01767632715253849,5.832314410479133,1.469307270525551,-11.476801682045505,14.441737464603701,33.42946630686894,-0.051448018666551174,0,0.57215097098821,72.35023041474655,0.00010806488215520105,0.00023774274074161994,6.48389292929874e-05,0.0
1775843400,EURCHF,bullish_exhaustion,0.92538,0.92549,0.92535,0.92547,211.0,1.8076669930352356,8.82994723369918,0.016439523392748605,6.585915492956822,1.4995813715019362,-19.892447089526364,16.241085806314715,40.30291361826855,0.008614952573559894,0,0.4751783292181034,49.30875576036866,0.0001296638464780564,-4.322128215938914e-05,-6.48319232390282e-05,1.0
1775843700,EURCHF,bullish_exhaustion,0.92545,0.92561,0.92545,0.92559,235.0,1.6900688457021875,8.401351564228394,0.015279829236334226,7.552929292926688,1.5949798875261108,-17.023306487123882,9.356452726019626,78.48397303612101,0.0617806194752582,0,0.32092258298229404,14.516129032258066,-0.00017286271459293623,-0.000194470553917081,-0.00033492150952374455,1.0
1775844000,EURCHF,bullish_exhaustion,0.92559,0.92559,0.92541,0.92543,260.0,1.51590045154172,7.994102111965995,0.01574557618775105,5.889607843135945,1.4289895004346138,-12.050329386901286,4.434380032198767,43.87252135293766,-0.03315601007796081,0,0.4415996459175976,37.55760368663594,-2.16115751596746e-05,-0.00016208681369744848,-0.00023772732675619856,1.0
1775844300,EURCHF,bullish_exhaustion,0.92543,0.92545,0.92531,0.92541,232.0,1.2825560112354257,6.874274644226415,0.015745916481808557,5.409215686273162,1.3084599303794249,-7.794645743786624,-6.505636070859602,-5.105762217344541,-0.02768509296468838,0,0.3583478062599311,19.35483870967742,-0.00014047827449448214,-0.00021612042229923745,-0.0003565986967938306,1.0
1776255300,EURCHF,bullish_exhaustion,0.9218,0.92194,0.92179,0.92187,362.0,1.218094901337581,9.462234851008748,0.01851826024431623,4.202343096235028,1.221576348396464,-1.6406527551566654,-6.927925875294257,53.8373424971488,-0.04177075198166908,0,0.5774193939388669,73.50230414746544,-8.678013168883503e-05,-4.339006584430649e-05,0.00023864536214435184,1.0
1776444600,EURCHF,bearish_exhaustion,0.91947,0.91948,0.91937,0.91947,233.0,1.2621427635215863,9.771057757624918,0.020974816237304687,-5.548148148147579,-1.577231872498643,0.48680017786030305,3.8621223650677976,-87.33601070956088,0.02545915936895206,0,0.5479117388820768,68.20276497695853,0.00016313745962337478,0.0002827715966806643,0.00025014410475598936,1.0
1776444900,EURCHF,bearish_exhaustion,0.91945,0.91962,0.91944,0.91962,319.0,1.30841861914076,9.44660873494619,0.02042769218341754,-4.584334600759272,-1.4748452744718656,0.31544721057993286,16.353611811977622,-43.99212081421161,0.07287286365080764,0,0.46523761769520666,44.70046082949309,0.00011961462343146323,8.69924534045996e-05,0.00032622170026752606,1.0
1776854400,EURCHF,bullish_exhaustion,0.91757,0.91764,0.91755,0.91762,172.0,2.2692653524642052,13.75304089598439,0.017436411586495653,4.7487500000018965,1.3510625950445434,-2.3491334689621794,16.785320789894477,51.51034679022839,0.008932880473505272,0,0.45785119259000634,32.450331125827816,1.0897757241501438e-05,-2.1795514483113898e-05,3.269327172472636e-05,1.0
1776854700,EURCHF,bullish_exhaustion,0.91761,0.91766,0.91758,0.91763,205.0,2.450912764173488,12.716131338150552,0.016035096623133675,5.071262135923138,1.430503166185157,-1.50291706959527,25.953144660235587,54.01806942458921,0.004748390484144046,0,0.46020828829487664,33.554083885209714,-3.269291544516495e-05,2.17952769634433e-05,6.538583089055194e-05,0.0
1776855000,EURCHF,bullish_exhaustion,0.91762,0.91771,0.9176,0.9176,143.0,2.2635426736474513,11.940975547510346,0.014478764478765132,5.241720430108439,1.5147470488204169,-0.7233387944412186,6.291581256514149,55.049848287871065,-0.017239413465254497,0,0.4438002201233359,24.061810154525386,5.448997384482901e-05,9.80819529206034e-05,0.00013077593722754521,0.0
1776855300,EURCHF,bullish_exhaustion,0.91761,0.91766,0.91753,0.91765,223.0,2.1472231155024613,10.765246099433249,0.01393310552576208,5.6516201117322815,1.5306006972208515,-3.4887584952477653,-3.976416809519833,44.27184466017435,0.008798855769194838,0,0.33097929581425845,1.3245033112582782,4.3589603879512495e-05,7.628180678920238e-05,7.628180678920238e-05,0.0
1776855600,EURCHF,bullish_exhaustion,0.91765,0.91775,0.91762,0.91769,279.0,1.7031080722334382,8.686751026700405,0.014321674141439483,5.610652173913688,1.4632526458843333,-5.694985271554046,-4.721115204975206,75.08878741757117,0.02000601517091056,1,0.31097895845457807,0.44150110375275936,3.269077793155439e-05,3.269077793155439e-05,2.179385195444361e-05,0.0
1777344600,EURCHF,bullish_exhaustion,0.92131,0.92131,0.92119,0.92124,148.0,1.5809388083042564,5.285799299911489,0.008916553465206022,4.516521739128833,1.654494792066617,-0.1356844400046242,-23.157644824319682,30.181706190304823,-0.12375372338227504,0,0.41757747000011675,13.90728476821192,-8.683947722631924e-05,5.4274673266574425e-05,0.00014111415049300469,0.0
1777345200,EURCHF,bullish_exhaustion,0.92116,0.92131,0.92114,0.92129,386.0,1.227550587302911,4.7437860698058065,0.01015656618127093,4.182900763359118,1.1990685131178687,-9.604254317276585,2.361546499479406,21.167883211795143,0.007125013535922107,0,0.42677384293299514,18.101545253863137,8.683476429793835e-05,7.598041876044626e-05,5.42717276861282e-05,0.0
1777420500,EURCHF,bullish_exhaustion,0.92443,0.92452,0.92443,0.92449,77.0,1.2788004451483883,2.434682618289986,0.006181014088077395,4.3714999999948,1.253346366720044,-0.16172080608913575,-5.8842392175517375,82.20590130153234,0.011072802458713926,0,0.4602526074676972,33.77483443708609,-0.00023796904239092864,-0.00024878581704512737,-0.00012980129584960753,1.0
1777432800,EURCHF,bearish_exhaustion,0.9236,0.92366,0.92355,0.92356,109.0,1.6112870964640014,7.6059405104337685,0.01183309306224747,-4.683137254903453,-1.4623699279202527,1.2749154843247281,16.966597922613254,-29.596127906017713,0.05369384038422425,1,0.4676830332945245,35.76158940397351,0.00014075966910653825,1.0827666854229534e-05,3.248300056291065e-05,1.0
1777545000,EURCHF,bearish_exhaustion,0.92078,0.92092,0.92022,0.92048,2792.0,1.3201781354333009,17.716336861554744,0.035540463360730405,-5.4924017467244415,-1.5080878571740055,0.2926296167685657,0.4823525272885689,-104.24145725302425,-0.012973246594706894,0,0.5973747299421126,70.96774193548387,-0.0003802363984007906,-0.00035850860420638675,1.0863897097257436e-05,0.0
1777655400,EURCHF,bearish_exhaustion,0.91615,0.91617,0.91602,0.91604,151.0,1.4417432191256814,10.133396995580588,0.017232560025450653,-4.401447963801007,-1.0854089774834506,2.780284597808687,-22.291189202958137,-72.10762331837341,-0.03397164497734022,1,0.5388160701307739,53.5483870967742,-1.0916553862205802e-05,0.000120082092485152,0.00016374830793419726,1.0
1778094900,EURCHF,bearish_exhaustion,0.91496,0.91505,0.91492,0.91503,191.0,1.6067034505990356,8.287909544310448,0.011709217964751013,-4.3679999999990216,-1.789871672476098,2.8734685531840407,28.18494473225131,-12.76760836591194,0.16680713910143274,1,0.44791195496346686,27.480916030534353,1.0928603433768558e-05,4.371441373507423e-05,-1.092860343387958e-05,1.0
1778095200,EURCHF,bearish_exhaustion,0.91502,0.91507,0.91492,0.91504,179.0,1.4103616557467502,7.706810066264819,0.011787150600755334,-4.110993377481921,-1.5732553505418752,7.897734727535662,26.52836980202261,-1.7332387929635151,0.11553249998536143,1,0.5150063138991835,59.541984732824424,3.278545200213756e-05,-2.1856968001388033e-05,-3.278545200202654e-05,0.0
1778101200,EURCHF,bearish_exhaustion,0.91478,0.91478,0.91301,0.91301,2.0,1.440361316285024,18.13916273423282,0.027303722224917774,-8.041375358164705,-0.8540354713550433,0.2462448068344969,-5.78289286729013,-543.3919455472872,-0.4608977254255756,0,0.7771122665652742,99.74554707379136,0.0015333895576170598,0.0021029342504463866,0.0017305396435964848,1.0
1778262000,EURCHF,bearish_exhaustion,0.91487,0.91487,0.91472,0.91472,110.0,1.431685106999306,6.82258906511339,0.011947449961267776,-4.739869281047183,-1.2774979738336587,1.2241150936084126,11.896135265690091,-77.86357786358987,-0.0030388243015005223,1,0.5806604266331865,87.78625954198473,3.2796921462185935e-05,0.0001967815287740038,0.00012025537869519987,1.0
1778480100,EURCHF,bullish_exhaustion,0.91572,0.91578,0.91564,0.9157,277.0,2.664921339210296,16.415689821118136,0.01544485873414721,4.396565656562889,1.397803913671915,-0.3202445103912339,1.6081871344958998,24.899693179086267,-0.05409878772826677,1,0.34740384546826736,7.888040712468193,-0.00012012667904326424,-0.000251173965272411,-0.00024025335808675052,1.0
1778541600,EURCHF,bullish_exhaustion,0.91673,0.91673,0.91668,0.91669,27.0,3.2100219050907044,5.462785244321982,0.004441445386586379,4.509473684207874,2.119053416957158,-1.7492528795597622,-16.39249639247968,15.7565878838222,-0.16313357881003435,1,0.30696596372568513,3.816793893129771,0.0,0.0,-3.272643969054467e-05,0.0
1778541900,EURCHF,bullish_exhaustion,0.91669,0.91672,0.91666,0.91669,118.0,3.106935321409271,5.151726905292969,0.004597285575588651,4.171525423726946,1.848830032941305,-7.923277447047596,-9.417249417261347,3.9712087367954405,-0.10604264978467869,1,0.3366535345435779,7.124681933842239,0.0,-3.272643969054467e-05,-3.272643969054467e-05,1.0
1779201900,EURCHF,bullish_exhaustion,0.91634,0.91668,0.91634,0.91655,605.0,1.3127745096799301,16.047651020657682,0.028678974726652793,4.293586956521983,1.1865802317705727,-5.644107150861984,14.004264132553043,74.46808510643372,0.02078843447647919,0,0.5306850698834985,75.12562814070351,0.0001963886312803531,3.2731438546651503e-05,-0.00020729911079597763,0.0
1779224400,EURCHF,bearish_exhaustion,0.91546,0.91546,0.91484,0.91484,2.0,1.30326740048227,7.402376565452789,0.012960892458949323,-6.507469879516647,-0.6450764104386801,8.574054518912718,-30.952380952383475,-413.8912610302725,-0.4052010534645635,0,0.6723441416644188,99.49748743718592,-0.0003716496873770181,0.000404442306851438,0.0004809584189584548,1.0
1779421800,EURCHF,bearish_exhaustion,0.9135,0.91352,0.91348,0.91348,84.0,1.7796105597209955,3.8181292425938755,0.00609912485377915,-4.286153846152313,-1.2359291432599806,1.071131853668236,-20.202020202006842,-53.363397219234955,-0.010160585664296338,1,0.3944695487162901,6.030150753768844,7.663003021418646e-05,4.3788588693916e-05,-2.1894294346846976e-05,1.0
1779471000,EURCHF,bearish_exhaustion,0.91079,0.91083,0.91063,0.9107,1219.0,1.8906682988630699,14.36310551389095,0.019686583318955862,-4.258007968128162,-1.2558272375425874,3.9449373900638633,-14.783262665165644,-46.5641025641693,-0.0002662877027581977,1,0.43066828262216555,17.839195979899497,-9.882507960901066e-05,0.000175689030416315,0.00026353354562425046,1.0
1779471300,EURCHF,bearish_exhaustion,0.9107,0.91074,0.91056,0.91061,540.0,1.6330539813867742,12.550182734881254,0.019453207975188912,-4.714838709676086,-1.2623399875970425,5.017202507860054,-24.636844636849162,-65.47093991965887,-0.028728519180416395,0,0.4565159507602181,28.14070351758794,0.0002745412415852133,0.00036239443889263256,0.0004392659865364301,1.0
1779689100,EURCHF,bearish_exhaustion,0.91023,0.91025,0.91017,0.91023,182.0,2.6456503570903647,9.06716937459495,0.009573718416535742,-5.260327868854829,-1.5815904847628381,3.312091569927804,-14.854497354515871,-56.66009911043967,0.01015727703308734,0,0.42158875963481524,14.07035175879397,-0.00010986234248488991,-0.0002087384507212242,-0.0002087384507212242,0.0
1779689400,EURCHF,bearish_exhaustion,0.91024,0.91024,0.91013,0.91013,147.0,2.3308596213401365,8.705487160579223,0.009182361703428413,-6.49982905983119,-1.68806993017922,6.134924506978366,-19.047619047633063,-72.91772258826323,-0.06120519297259737,0,0.5388393327124144,79.64824120603015,-9.888697219084808e-05,-9.888697219084808e-05,-5.49372067726317e-05,0.0
1779720600,EURCHF,bullish_exhaustion,0.91161,0.9117,0.91152,0.91158,169.0,3.042094202263449,16.154517304869245,0.016611660131701473,7.546792452830541,2.3939292215128565,-0.027196245821585308,-4.129889942247001,42.9686727937204,-0.07417527056819637,0,0.5067795168132305,59.2964824120603,-3.290989271376166e-05,0.0002742491059479768,0.0004607384979926632,0.0
1779720900,EURCHF,bullish_exhaustion,0.91156,0.91171,0.91153,0.91155,624.0,2.1423241844976504,12.1278200837058,0.01622040950657057,7.27594202898518,2.2870084959810995,-0.6147377719848066,3.6568694463397744,37.93812142418616,-0.06940641611882788,0,0.5136337528894729,64.82412060301507,0.0003071691075640093,0.000493664637156499,7.679227689094681e-05,0.0
1779721200,EURCHF,bullish_exhaustion,0.91154,0.91184,0.91153,0.91183,777.0,1.376700588578319,8.940884223509975,0.016920447263823073,8.514074074074761,2.1878154779524968,-2.5796362374164232,21.110562143171297,91.34615384613134,0.06997219528495896,0,0.5074487281771181,60.050251256281406,0.00018643826151798493,-0.00023030608775764794,-0.0002961078271168649,1.0
1775455800,EURGBP,bearish_exhaustion,0.8721,0.87213,0.87197,0.87197,130.0,4.027915230438535,19.581593114435567,0.011877866047160464,-5.5150344827555315,-1.5805714395284227,1.2684583956229416,-0.15189488872786683,-36.829645816254406,-0.011127902778599827,1,,,0.00017202426688989192,5.734142229663064e-05,2.2936568918607847e-05,1.0
1775456400,EURGBP,bearish_exhaustion,0.87209,0.87215,0.87201,0.87202,124.0,2.8956925648126903,15.539703367668013,0.012778212819496326,-4.43153846153635,-1.2683901925856402,2.6007320978963344,-8.266879319511148,-11.037260825820232,-0.0009088306948757765,1,,,-3.440288066780539e-05,5.7338134446416333e-05,0.0001376115226714436,1.0
1775456700,EURGBP,bearish_exhaustion,0.87203,0.87207,0.87199,0.87199,155.0,2.367318022367322,12.922026788512108,0.012696738003220387,-4.564903225803521,-1.239085019611661,3.755862938998768,-2.525252525252263,-20.55852644074328,-0.016236967964156235,1,,,9.174417137813862e-05,0.0001720203213340099,0.0001834883427560552,1.0
1776073200,EURGBP,bearish_exhaustion,0.87031,0.87034,0.87026,0.87029,337.0,1.43991770959112,9.99161110487284,0.017646006339429338,-4.580279069767845,-1.2933986580810295,0.32371018498916504,10.799035965889345,-51.7241379309962,0.035563776456759816,1,0.4361370794536072,35.483870967741936,8.043295912862902e-05,-4.5961690930629295e-05,-0.00012639465005925832,0.0
1776073800,EURGBP,bearish_exhaustion,0.87033,0.87034,0.87023,0.87025,229.0,1.3444470265440842,8.52644768075607,0.017154348093733625,-4.564401913875138,-1.1797840910592676,3.1182222084710185,-9.472606246805526,-52.54012061736083,-0.0079360565794788,1,0.3896411516202907,26.95852534562212,-8.04366561333314e-05,-9.192760700948988e-05,4.596380350485596e-05,0.0
1776734400,EURGBP,bullish_exhaustion,0.87118,0.87124,0.87116,0.87123,364.0,1.336924987070134,5.832155629537734,0.010412208683616196,4.01259842519669,1.1359706924461024,-0.8514723293392308,-6.825396825403651,79.16415511342795,0.001809656881857581,0,0.4593682778258776,33.11258278145696,-9.182420256415025e-05,-0.00011478025320521557,-0.0002066044557693658,1.0
1776879600,EURGBP,bearish_exhaustion,0.86692,0.86695,0.8669,0.86694,247.0,2.050200636858498,14.563199719381783,0.016972669059317335,-4.874174757280997,-1.6243714264632452,0.04312832345020867,3.726692209448686,-64.95175615280269,0.06332455452389903,0,0.4833521065385203,44.5916114790287,-4.613929453023413e-05,-0.0001845571781208255,-0.00026530094354859646,0.0
1776879900,EURGBP,bearish_exhaustion,0.86694,0.86695,0.86688,0.8669,279.0,2.1125524319597093,14.61679810898136,0.016726266005305156,-5.041379310345419,-1.5920479691824403,1.207330885650903,-9.694647625679792,-62.644659457420005,0.035665384115929025,0,0.4507490312712457,27.373068432671083,-0.0001384242703887928,-0.00021917176144892192,-4.614142346293093e-05,0.0
1776880200,EURGBP,bearish_exhaustion,0.8669,0.86691,0.86678,0.86678,153.0,2.533027516569899,14.138425818731346,0.016398954422442217,-5.7618090452267365,-1.6278670785091607,2.5143237534796627,-18.75026123301494,-75.24999027277093,-0.019917644286109964,0,0.45299987374885564,28.2560706401766,-8.075867002010906e-05,9.229562288015636e-05,5.768476430012548e-05,1.0
1776880500,EURGBP,bearish_exhaustion,0.86678,0.86684,0.86666,0.86671,218.0,2.635811070619603,13.375423286218695,0.016647519272387293,-5.932673267325233,-1.6270634589017665,2.59234019404356,-18.751322751324206,-89.53680727876898,-0.031386417478632044,0,0.4573861458175949,32.00883002207506,0.00017306826966345668,0.00013845461573080975,3.4613653932646926e-05,1.0
1776881100,EURGBP,bearish_exhaustion,0.86685,0.86696,0.86683,0.86683,139.0,2.1418895798387467,11.858027566152952,0.017386833140785835,-4.456113744076143,-1.41470733883396,11.288381516603605,15.204922791130674,-46.135410425399044,0.033024413435109964,1,0.5119025583199321,61.36865342163355,-0.00010382658652796639,-3.46088621759888e-05,3.4608862175877775e-05,0.0
1776881400,EURGBP,bearish_exhaustion,0.86683,0.86686,0.8667,0.86674,136.0,1.882326182006861,11.11622344292456,0.015245962704253017,-5.501621621621639,-1.5928739168510626,22.69675570282596,9.047619047618227,-75.14770029268344,-0.011136079110542083,1,0.6521818209479079,98.23399558498896,6.922491173821932e-05,0.00013844982347643864,0.00011537485289725424,1.0
1776881700,EURGBP,bearish_exhaustion,0.86676,0.86681,0.86674,0.8668,103.0,1.7807250652795585,9.695028220612365,0.013431999472606948,-5.4368098159505935,-1.727782292063759,19.87445889994315,-3.5796387520477353,-68.44479309674435,0.035197116555180576,1,0.5000167864178077,54.746136865342166,6.922011998145017e-05,4.614674665437413e-05,1.153668666353802e-05,1.0
1776882000,EURGBP,bearish_exhaustion,0.86679,0.8669,0.86679,0.86686,162.0,1.5098308509583858,8.220434595540732,0.013595868174461598,-4.6598787878792205,-1.5847962521448893,14.200086620856354,-1.0784731091225979,-37.57693553609137,0.062162913882983374,1,0.43249816116681894,19.867549668874172,-2.307177629590207e-05,-5.767944074008824e-05,-8.075121703621235e-05,0.0
1776882300,EURGBP,bearish_exhaustion,0.86686,0.86687,0.86678,0.86684,151.0,1.2992025702977485,6.95395074012611,0.013431379658134474,-4.665521472393241,-1.5028716920443503,9.231541875601962,6.739474517259303,-42.57040295271277,0.03260389985019905,1,0.4281725871376079,18.322295805739515,-3.460846292291375e-05,-5.768077153811557e-05,6.921692584560546e-05,0.0
1776939600,EURGBP,bearish_exhaustion,0.86613,0.86613,0.86589,0.86589,482.0,1.2031363930369372,11.389634424442121,0.025572367324782932,-4.745548387097541,-1.2583504637988572,1.0475723629811173,3.2095584727115565,-80.62471184875959,-0.026282197119376207,1,0.4735646582390204,39.0728476821192,-0.0003002690872975222,-0.00015013454364887213,-0.0002540738430978351,0.0
1777056000,EURGBP,bearish_exhaustion,0.86622,0.86622,0.86616,0.86618,69.0,1.7859242124129255,8.98785141362785,0.012534511137573492,-5.032631578946625,-1.6512953181108458,1.0338764706825583,16.59704817598925,-73.298791018987,0.06539151862448928,1,0.4849689918590264,45.6953642384106,1.1544944468866447e-05,2.3089888937732894e-05,-6.926966681286562e-05,1.0
1777056300,EURGBP,bearish_exhaustion,0.86618,0.86619,0.86613,0.86619,85.0,1.7440971876594136,8.052877249103984,0.011874662932745767,-5.022499999999412,-1.6527586781342163,1.5884551866501797,15.879977722082309,-74.09089189084914,0.06346223214358716,1,0.47669648005331505,41.501103752759384,1.154481118459394e-05,-8.08136782922686e-05,-0.00012699292303075538,0.0
1777056600,EURGBP,bearish_exhaustion,0.8662,0.86623,0.86618,0.8662,81.0,1.656103164724788,6.805676892492949,0.01146221591846344,-4.88086330935007,-1.611390784536448,2.912265854908391,3.5169623404969883,-51.98312236288944,0.05843368824135233,1,0.4144837710776385,12.362030905077264,-9.235742322788454e-05,-0.0001385361348418268,-0.0001039021011313146,0.0
1777056900,EURGBP,bearish_exhaustion,0.86624,0.86625,0.86611,0.86612,141.0,1.3555810562267228,6.259378376429452,0.01204056184890355,-5.216438356161691,-1.502641782677052,5.36631124300483,-9.957901289157952,-67.80910263505929,-0.007090570715532445,1,0.46375526314850896,34.65783664459161,-4.6182976954689536e-05,-1.1545744238672384e-05,0.0,0.0
1777057200,EURGBP,bearish_exhaustion,0.86613,0.86615,0.86606,0.86608,213.0,1.2435171331652315,5.627248535356614,0.011793697711858049,-5.468811188808507,-1.5227321106817782,5.907047843598484,-16.87879830295575,-96.09609609612072,-0.022365502946613526,0,0.4756745271139056,40.618101545253865,3.463883244059218e-05,4.618510992071556e-05,6.927766488096232e-05,1.0
1777057500,EURGBP,bearish_exhaustion,0.86609,0.86613,0.86607,0.86611,114.0,1.3595119008329453,5.210610723112165,0.011051054221090425,-5.322089552235224,-1.5719237730420108,6.8458053054383186,-16.076138057568073,-85.4149879129602,0.013609736539573073,0,0.4255661705222527,17.880794701986755,1.1545877544261174e-05,3.463763263322761e-05,4.618351017771083e-05,1.0
1777057800,EURGBP,bearish_exhaustion,0.86609,0.86614,0.86607,0.86612,175.0,1.3266925144737456,5.023638989710808,0.010308700213101232,-5.411839999996574,-1.6123820485926985,17.127366603107905,-3.1303749570076036,-75.56012802930636,0.024325298982232194,0,0.4841901379164357,45.253863134657834,2.3091488477344768e-05,3.463723271601715e-05,3.463723271601715e-05,1.0
1777058100,EURGBP,bearish_exhaustion,0.86613,0.86616,0.8661,0.86614,207.0,1.2365878536887396,4.62541873449931,0.010555865267575177,-4.897812499997326,-1.4835584322141573,19.086294948895365,7.911936704512691,-55.30642750366408,0.03501818509536186,0,0.45668429338880423,31.346578366445915,1.1545477636376589e-05,1.1545477636376589e-05,-6.927286581848158e-05,1.0
1777578300,EURGBP,bearish_exhaustion,0.86248,0.86255,0.86245,0.86247,169.0,1.828070745722565,10.848751305395938,0.015901174202331853,-5.470208333331377,-1.7406070100512814,0.014258095476442412,1.9004524886902558,-81.28966742827684,0.0438677577112638,0,0.36515695608458226,6.451612903225806,2.318921237831617e-05,2.318921237831617e-05,-6.956763713517056e-05,1.0
1777578600,EURGBP,bearish_exhaustion,0.86248,0.86252,0.86245,0.86249,283.0,2.1022624348984853,10.819302881575272,0.014824188437794289,-5.503016759773739,-1.7981975344408818,0.723779807184336,4.53996983408544,-74.7037609479405,0.05689378264328509,0,0.390456916634877,9.032258064516128,0.0,-9.27546986051464e-05,-0.00017391505988473277,0.0
1777578900,EURGBP,bearish_exhaustion,0.86247,0.86254,0.8624,0.86249,493.0,2.1174116102680878,10.60306696436678,0.014410104961877338,-5.469655172413777,-1.7733187110162671,3.550876680132488,8.760683760668925,-70.78086947505984,0.05142392071730767,0,0.3843637590917321,8.172043010752688,-9.27546986051464e-05,-0.00017391505988473277,-0.0003014527704667813,0.0
1777579200,EURGBP,bearish_exhaustion,0.86249,0.86255,0.86239,0.86241,475.0,2.0694301926653456,10.555043336775103,0.014991212333541688,-5.694364640882754,-1.6770153754512203,9.980463609260257,-2.4358974358964502,-72.98335467349708,0.002853180051540415,0,0.4234649328379288,16.7741935483871,-8.116788998269175e-05,-0.0002087174313840645,-2.31908257093405e-05,0.0
1777579500,EURGBP,bearish_exhaustion,0.8624,0.86241,0.8623,0.86234,260.0,2.069175552280674,10.26633168094021,0.014578273733594245,-6.1918181818165205,-1.7270856752966326,19.99891870206316,-11.294871794861162,-99.55976972566356,-0.022402468488875144,0,0.4843383667992018,33.97849462365591,-0.00012755989516888278,5.7981770531290167e-05,-3.4789062318796304e-05,1.0
1777579800,EURGBP,bearish_exhaustion,0.86235,0.86238,0.86223,0.86223,241.0,2.0296794735701575,10.164950707718281,0.01383455856160221,-7.196167664669804,-1.8749864839512407,20.416997999466,-17.538461538448292,-120.65136935603273,-0.06070037146166211,0,0.4701983283608142,29.677419354838708,0.00018556533639513262,9.278266819756631e-05,9.278266819756631e-05,1.0
1777580100,EURGBP,bearish_exhaustion,0.86223,0.86243,0.86223,0.86239,241.0,1.6099829654855953,9.108603310575976,0.014080470718417197,-5.545647058823606,-1.7579922800768704,5.989641388884003,1.6666666666658223,-93.93360232181159,0.06250709248230417,0,0.29048441422096255,1.0752688172043012,-9.276545414482751e-05,-9.276545414482751e-05,-9.276545414482751e-05,0.0
1777580400,EURGBP,bearish_exhaustion,0.8624,0.86243,0.86231,0.86231,86.0,1.3931446018643092,8.205172455636163,0.013916109055907172,-6.031666666665596,-1.7453084625585924,11.285808852342996,6.166666666659481,-96.01013299555069,0.009566744850330341,1,0.5282273103076273,48.60215053763441,0.0,0.0,0.0001391610905590035,0.0
1777580700,EURGBP,bearish_exhaustion,0.8623,0.86234,0.86227,0.86231,160.0,1.305281574631226,7.324748733430153,0.013336271178577552,-6.038260869566458,-1.772957725135919,9.78834461732734,9.88888888888427,-122.22560048645309,0.01851416234468996,1,0.5518276393670055,57.41935483870968,0.0,0.0001391610905590035,4.63870301863345e-05,1.0
1777885800,EURGBP,bullish_exhaustion,0.86407,0.86418,0.86403,0.86414,486.0,1.4376983870605649,8.85312486845056,0.01628373709286547,4.175837563451083,1.1806910455529185,-0.056708111616018186,-15.515771525995952,70.0239808152974,-0.03563342069691936,1,0.5271597489624195,48.17204301075269,-1.1572198949316714e-05,-1.1572198949316714e-05,-3.47165968477281e-05,1.0
1777887300,EURGBP,bullish_exhaustion,0.86409,0.86414,0.86409,0.86412,293.0,1.6060479882136929,7.658199231904065,0.013225676328022688,4.0775000000008434,1.122388324230801,-4.9236057804491935,-1.5011223344469045,43.08443604278566,-0.019978049308229513,0,0.40901924917068067,12.043010752688172,-3.471740036098403e-05,-3.471740036098403e-05,1.1572466787068691e-05,1.0
1778480100,EURGBP,bullish_exhaustion,0.86498,0.86533,0.86498,0.86529,304.0,1.6525318847249635,12.762737680218724,0.016179546741557287,4.477142857141666,1.023359253361029,-0.5468167854813402,12.066054105670688,90.80459770117744,0.10554486569840472,1,0.3797363259974145,11.195928753180661,0.00039293184943778314,0.00024269320112346726,2.3113638202287845e-05,0.0
1778516400,EURGBP,bearish_exhaustion,0.8632,0.86323,0.86319,0.86319,108.0,3.0654735346555553,22.01218389358051,0.02234237454756721,-5.89451851851927,-1.9929142807488216,0.36408044360838254,6.086793864572229,-43.2344951159025,0.07293315155096762,1,0.3731184359521655,10.432569974554708,1.1584934950459314e-05,-5.79246747529627e-05,-0.00013901921940706607,0.0
1778516700,EURGBP,bearish_exhaustion,0.86323,0.86331,0.86319,0.8632,109.0,2.4352725641230606,15.119241346932261,0.020521647027671435,-6.1690322580657035,-2.037646887364506,0.9804892940691896,-5.46341027017462,-31.160596922600284,0.06417127764657099,1,0.32490910457334404,4.8346055979643765,-6.950880444855922e-05,-0.00015060240963848948,-6.950880444855922e-05,0.0
1778517000,EURGBP,bearish_exhaustion,0.86318,0.86319,0.86307,0.86314,132.0,1.9936913401786833,11.270016599507752,0.019033495642156784,-6.825913043479335,-2.089649113234687,2.3199741098321516,-17.35104669887145,-52.498418722327514,0.02741280398161755,1,0.35579538045372344,8.142493638676845,-8.109924230137455e-05,0.0,-4.634242417222989e-05,0.0
1778517300,EURGBP,bearish_exhaustion,0.86313,0.86318,0.86302,0.86307,175.0,1.987369446495311,10.866289050528406,0.017545340636166737,-7.640566037737436,-2.1867667099327908,4.189173773947047,-21.405207889881893,-63.9995014644066,-0.005235598389891208,1,0.41852339114606985,17.8117048346056,8.110581992193389e-05,3.4759637109305075e-05,-5.793272851561948e-05,1.0
1778517600,EURGBP,bearish_exhaustion,0.86307,0.8632,0.86304,0.86314,568.0,1.7246267321728512,9.829579713678426,0.017543917722335226,-6.963018867925663,-2.062053150379742,6.903776575479289,-9.536589729824279,-47.37807114042764,0.031338015961818996,1,0.4778897783280055,40.966921119592875,-4.634242417222989e-05,-0.00013902727251668967,-0.00011585606043051921,0.0
1778517900,EURGBP,bearish_exhaustion,0.86316,0.86328,0.86306,0.8631,356.0,1.2438876620399464,7.7815705940627655,0.01663439098266916,-7.378905472639234,-2.0692843111240116,21.05001113789612,-1.5506135821000235,-33.33333333334786,0.005705496967075203,1,0.6279814483132176,94.40203562340967,-9.268914378401938e-05,-6.951685783795902e-05,4.634457189212071e-05,0.0
1778538900,EURGBP,bullish_exhaustion,0.86609,0.86609,0.86605,0.86606,45.0,4.265752946367673,18.72326260692092,0.015917735821669384,6.947772020725098,2.1747797115398195,-0.9004451641732345,-12.315309962352618,65.58813616454968,-0.07396734258058225,1,0.24221300693101935,2.035623409669211,0.0,-1.1546544119389601e-05,0.0,1.0
1778539200,EURGBP,bullish_exhaustion,0.86606,0.86607,0.86605,0.86606,29.0,3.446853035415196,13.535219161114998,0.013525951682662088,7.79390243902538,2.4237891140243106,-3.821767441656661,-9.854096520723747,58.067143771458504,-0.06944896411227762,1,0.2335100541273802,1.5267175572519083,-1.1546544119389601e-05,0.0,0.0,0.0
1778539500,EURGBP,bullish_exhaustion,0.86607,0.86609,0.86605,0.86605,58.0,4.615445599412937,13.006240284400976,0.011711629978474419,8.476901408449846,2.6368814805050054,-9.8821191631325,-10.617283950593134,53.74804789171974,-0.06886087291698408,1,0.23683613968693265,1.7811704834605597,1.154667744374116e-05,1.154667744374116e-05,-2.3093354887149253e-05,0.0
1778539800,EURGBP,bullish_exhaustion,0.86607,0.86608,0.86605,0.86606,29.0,5.343773404851505,12.095828305544556,0.01022693907713437,9.343870967743491,2.8485210651604285,-22.958386819624266,-2.0202020201891244,48.79199697996109,-0.051190694385927014,1,0.1420735573366811,0.5089058524173028,0.0,-3.4639632358168804e-05,-0.00020783779414823567,1.0
1778540100,EURGBP,bullish_exhaustion,0.86606,0.86607,0.86604,0.86606,74.0,5.24950804464192,10.669522330801623,0.008824858719785295,10.284112149534858,3.1080893281730115,-21.156236626093893,7.261503928169397,42.17774908544687,-0.04320106100363779,1,0.2054605167632336,1.0178117048346056,-3.4639632358168804e-05,-0.00020783779414823567,-0.0001731981617902889,1.0
1778540400,EURGBP,bullish_exhaustion,0.86606,0.86606,0.866,0.86603,52.0,4.452037211276378,9.048349324304958,0.008330295387326292,9.88316831683207,3.0618377148614364,-15.416630627313793,10.617283950605469,27.912073744664724,-0.0577537306646808,1,0.2614453739571519,2.2900763358778624,-0.00017320416151866969,-0.00013856332921491354,-0.00011546944101237244,1.0
1778540700,EURGBP,bullish_exhaustion,0.86603,0.86603,0.86587,0.86588,84.0,3.3396416644884486,8.330000115816388,0.00734182895683382,8.245842696631776,3.0415583226493466,-10.127556642764606,1.0101010100712955,-22.71863840132659,-0.18930423699361315,0,0.4604975791111146,33.33333333333333,3.464683327947249e-05,5.774472213238013e-05,-1.1548944426453822e-05,0.0
1778541000,EURGBP,bullish_exhaustion,0.86587,0.86594,0.86587,0.86591,110.0,2.475179724458307,6.402286575962633,0.0066816577770379346,8.942716049385599,2.9723908091848146,-6.273396643084109,-6.002886002914597,-46.92161649043103,-0.08134512377506417,0,0.570548663762761,84.7328244274809,2.3097088611923056e-05,-4.619417722384611e-05,-0.000173228164589867,1.0
1778541300,EURGBP,bullish_exhaustion,0.86591,0.86594,0.86591,0.86593,55.0,2.1234589620912154,5.198197958513012,0.00626906496896157,9.217894736842908,2.8526335958217937,-3.7414802779105507,-3.0687830687868747,-54.25332893150217,-0.0064991801762500434,0,0.5251743345086777,63.8676844783715,-6.928966544639259e-05,-0.00019632071876485302,-0.0002656103842111346,1.0
1778541600,EURGBP,bullish_exhaustion,0.86593,0.86595,0.86585,0.86587,39.0,1.7062333968363586,4.649652684609132,0.006599473032079493,7.063000000001801,2.360672723295425,-2.173139478768319,0.7359307359391067,-97.59188846659875,-0.04476770862281029,0,0.6208256281792881,93.63867684478372,-0.00012703985586759448,-0.00019633432270438345,-0.00021943247831668344,1.0
1778541900,EURGBP,bullish_exhaustion,0.86587,0.86589,0.86576,0.86576,29.0,1.5567350208521293,4.817484367768909,0.0071778387939923,4.167816091957034,1.7531202331585025,-1.2377459495726963,-3.6796536796443906,-177.90414297337264,-0.11004541473856716,0,0.7270626819469379,99.49109414758269,-6.930327111431822e-05,-9.240436148583164e-05,-5.775272592867253e-05,1.0
1778574300,EURGBP,bullish_exhaustion,0.86851,0.86927,0.8685,0.86916,583.0,1.3901395556075231,31.88696370597933,0.05078795290033879,4.799870550161363,1.4251553625641131,-2.032728734542019,-11.332546315970362,63.847474473677444,-0.026402474347974474,0,0.5136430802869619,58.01526717557252,-0.00010354825348612984,-0.00029913939895998,-8.053753048919976e-05,1.0
1778574600,EURGBP,bullish_exhaustion,0.86914,0.86924,0.86893,0.86907,693.0,1.4218830645195681,30.385370059796685,0.05030007446383768,4.480915032679145,1.377887747980566,-1.6725837127412149,1.9627047046734916,68.58959800136863,-0.04130577510000553,0,0.552499214376374,77.09923664122137,-0.00019561140069268568,2.3013105963975988e-05,-0.0005062883312045852,0.0
1778619300,EURGBP,bearish_exhaustion,0.86715,0.86715,0.86672,0.86672,405.0,1.3182943525631772,6.081401789475166,0.011372926501225778,-6.423768115940074,-1.1529861185891703,10.017040154782013,-18.114478114487518,-192.73850907690874,-0.23724176233358196,0,0.6736494601142935,97.96437659033079,-0.0003461325456896036,-0.00017306627284485732,5.768875761491543e-05,0.0
1778653500,EURGBP,bearish_exhaustion,0.86619,0.86623,0.86598,0.86599,291.0,1.8934315420408567,16.521985358445992,0.020455531489148335,-4.003548387098666,-1.2504978933275523,0.06795516220027877,-2.585470085461438,-67.75867331362656,0.02001572533871551,1,0.4574850668143833,31.806615776081426,6.928486472124185e-05,0.00013856972944270574,0.0002540445039780348,1.0
1778674200,EURGBP,bullish_exhaustion,0.86709,0.86723,0.86709,0.86721,270.0,1.88254428986617,15.978593733488012,0.024627417646409067,4.240267558529847,1.232662295738148,-3.75476603100671,-10.837087087080329,13.06856754918196,-0.03163489073400649,1,0.45251468417539836,29.770992366412212,-6.918739405692431e-05,-4.6124929371282875e-05,5.765616171404808e-05,1.0
1778674500,EURGBP,bullish_exhaustion,0.86721,0.86726,0.86712,0.86715,378.0,1.802655547243547,15.216940701826434,0.022487458917142447,4.196923076923615,1.2254816673400517,-5.4021650608985965,2.3588527552006227,7.986309184232177,-0.04094805058202399,1,0.4909115263657671,49.36386768447837,2.30640604279575e-05,0.00012685233235321114,0.00035749293663145387,0.0
1778674800,EURGBP,bullish_exhaustion,0.86714,0.86735,0.86714,0.86717,394.0,1.5264968327321582,12.955612751609344,0.021827982320157445,4.258113207547728,1.1559692817024578,-8.924553019597084,8.29913537230589,11.762640449406499,-0.016283538419419184,1,0.4851587947000073,47.07379134860051,0.00010378587820158991,0.0003344211630937899,0.00047280233402902105,0.0
1778784000,EURGBP,bullish_exhaustion,0.87097,0.87118,0.87095,0.87115,106.0,2.5465354704586516,35.805327858976796,0.03492919867826543,8.969201877932917,2.677512442211521,-1.4124513724547114,-1.916666666668391,57.88737320740625,-0.06543171761780217,0,0.42201055176773755,18.3206106870229,-0.0001147907937782966,-8.035355564484092e-05,-0.0001147907937782966,1.0
1778784300,EURGBP,bullish_exhaustion,0.87113,0.87113,0.87102,0.87105,122.0,2.497495782452524,33.16136978364867,0.032637129244670826,8.874170854270245,2.6912761244447276,-2.727511397117013,0.8852813852794341,50.53615033439957,-0.07942537636164383,0,0.4483798693045436,27.989821882951656,3.4441191665290916e-05,0.0,-4.5921588887054554e-05,0.0
1778784600,EURGBP,bullish_exhaustion,0.87105,0.87112,0.871,0.87108,159.0,2.44408787488659,29.08012748458722,0.032062005129919656,8.782404092070855,2.5775604204161615,-5.858246304111972,8.848770960836884,45.08789247505302,-0.05201160119924538,0,0.47282017716126806,39.44020356234097,-3.444000551033888e-05,-8.036001285760541e-05,-0.00017220002755202746,1.0
1778784900,EURGBP,bullish_exhaustion,0.87108,0.87111,0.87097,0.87105,226.0,2.308195848081285,25.870335319165104,0.030013038451129466,8.887322404371345,2.5775822205491092,-11.824188033608962,6.945128626163257,36.44414168935595,-0.046919769577571276,0,0.4106641568021353,15.267175572519085,-4.5921588887054554e-05,-0.00013776476666094162,-0.0002066471499913014,1.0
1778785200,EURGBP,bullish_exhaustion,0.87104,0.87109,0.87099,0.87101,205.0,2.096984973596172,22.34532744306835,0.029112344125947633,8.620845070422591,2.4723852451151425,-22.500463327421812,0.04313319530455573,28.472613206787322,-0.041554782444684156,0,0.42569903769834455,16.08040201005025,-9.184739555223587e-05,-0.00016073294221641277,-0.00018369479110447173,1.0
1778785500,EURGBP,bullish_exhaustion,0.871,0.87101,0.87089,0.87093,136.0,1.894773139998033,18.796823797811378,0.027638763817329607,8.345994065281726,2.3955103728574074,-19.54440787321932,-6.831653617639169,5.697724203806734,-0.04620387755304497,0,0.4831411463481653,45.47738693467337,-6.88918742033362e-05,-9.185583227122596e-05,-0.0001837116645424519,1.0
1778785800,EURGBP,bullish_exhaustion,0.87093,0.87094,0.87086,0.87087,113.0,2.04613527171894,15.974777676066312,0.024851995295343952,8.56079207920773,2.42977538707733,-13.919287949853171,-10.210798141828736,-18.095648427359635,-0.04284090756886936,0,0.5320540746079893,75.62814070351759,-2.2965540206976165e-05,-0.00011482770103454776,-3.444831031051976e-05,1.0
1778786100,EURGBP,bullish_exhaustion,0.87089,0.87089,0.8708,0.87085,187.0,1.926610002374626,13.802373115920032,0.023212132645444007,8.608763250883582,2.367210537253035,-9.033184213994897,-5.753775599492515,-45.77114427856794,-0.023228556523274966,0,0.5850517984446777,93.96984924623115,-9.186427054019841e-05,-1.148303381759419e-05,-2.296606763507736e-05,1.0
1778786400,EURGBP,bullish_exhaustion,0.87083,0.87085,0.87077,0.87077,114.0,1.8902351356077962,11.978951442366192,0.022065856327485683,8.158513011152856,2.235710692795806,-5.5533598944590885,-4.810139732994261,-79.15369537642566,-0.026131529926918355,0,0.6065193260664956,96.98492462311557,8.038862156478643e-05,6.89045327697535e-05,0.0004708476405939077,0.0
1778786700,EURGBP,bullish_exhaustion,0.87078,0.87084,0.87075,0.87084,137.0,2.0963402262401076,11.359577460061157,0.020505652998417258,8.627360000001206,2.194763323474336,-3.2950645117671087,4.985754985747704,-86.1933866164556,0.028062971646694343,0,0.5856344983186939,94.22110552763819,-1.1483165679115892e-05,0.00039042763308994033,0.00020669698222408606,0.0
1778787000,EURGBP,bullish_exhaustion,0.87085,0.87085,0.8708,0.87083,165.0,2.2582958176467205,10.370322251353103,0.016486734330629117,10.000597014926825,2.487661383981764,-1.9067244386504458,9.191299174312302,-91.11786558591136,0.04402067946124737,0,0.5221940255720018,69.59798994974874,0.00040191541403022946,0.00021818265333073406,5.7416487718509046e-05,0.0
1778787300,EURGBP,bullish_exhaustion,0.87084,0.87119,0.87084,0.87118,286.0,1.7635484436860585,9.960788218937374,0.017545988527874506,11.012897196262832,2.3143811148513325,-1.082959416216846,24.603419594925306,-0.3760105282472122,0.1972959613100478,1,0.3774671596982091,4.0201005025125625,-0.00018365894533844962,-0.00034436052250963467,-0.00028696710209141774,1.0
1778787600,EURGBP,bullish_exhaustion,0.87119,0.87122,0.87099,0.87102,176.0,1.6218729015008038,9.979856869435071,0.01730319461255469,9.468246445500293,2.2182411584594246,-0.6062779722163132,15.932235613089851,0.9178522258179765,0.074824800675726,1,0.5475275164450889,83.91959798994975,-0.00016073109687497755,-0.00010332713370531099,-0.0001148079263392221,1.0
1778787900,EURGBP,bullish_exhaustion,0.87102,0.87102,0.87085,0.87088,180.0,1.5786137647621195,9.93136905373899,0.016321750085298164,8.43236180904866,2.1394304500727,-0.33553810683466756,-0.673328164923646,-66.2079510702672,0.0028722903626975426,1,0.5504514451573812,85.678391959799,5.7413191254740426e-05,4.593055300383675e-05,8.037846775676982e-05,0.0
1778788200,EURGBP,bullish_exhaustion,0.87087,0.87101,0.87087,0.87093,223.0,1.389831177762711,8.999270224534719,0.015582685831728239,8.526736842106795,2.0701901187681897,-0.18396825902557337,-16.443941359951303,-50.10784801724452,0.04405588923760314,1,0.4931029037616487,51.75879396984925,-1.1481979033889367e-05,2.2963958067778734e-05,6.889187420355825e-05,0.0
1778799900,EURGBP,bullish_exhaustion,0.87087,0.87122,0.87087,0.87122,199.0,2.797036154410926,9.507468327939991,0.012052064920456138,4.066666666669491,0.9475205675486937,-6.276901656284949,13.888888888908166,114.50381679394295,0.15089913433679442,1,0.43765753922678113,19.849246231155778,-8.034709946969087e-05,-2.2956314134181532e-05,4.5912628268363065e-05,1.0
1779123900,EURGBP,bearish_exhaustion,0.86738,0.86743,0.86727,0.86742,240.0,2.132549614227649,27.522952367582445,0.04010250430669821,-4.196550308007381,-1.2265267739414973,5.756412272509067,-4.4088980621540195,-58.331674298198536,0.008203554255960187,1,0.5435878963709676,81.15577889447236,9.222752530502198e-05,9.222752530502198e-05,0.00013834128795742195,1.0
1779124200,EURGBP,bearish_exhaustion,0.86741,0.86756,0.86737,0.8675,220.0,2.3330171970267295,24.62796631531113,0.037216961712641425,-4.13309734513165,-1.25276220702874,16.272237196147547,-0.246531361083413,-40.71286714747345,0.027434359049000972,1,0.6129371300999985,97.48743718592965,0.0,4.6109510086322913e-05,-2.305475504327248e-05,1.0
1779124500,EURGBP,bearish_exhaustion,0.86751,0.86751,0.86742,0.8675,162.0,2.386160905794143,22.88052408587459,0.03482914779744989,-4.264208037823557,-1.2658461789829476,22.509619036092932,14.713526736233796,-36.419753086446086,0.022933130617416295,1,0.6166063724175023,97.98994974874373,4.6109510086322913e-05,-2.305475504327248e-05,9.221902017286787e-05,0.0
1779124800,EURGBP,bearish_exhaustion,0.86752,0.86759,0.86748,0.86754,239.0,2.23341629216753,18.946290702137297,0.029887465048958176,-4.628099173552042,-1.3794933204080972,18.441497927369326,16.508653789355613,-16.858237547854465,0.029976834768252556,1,0.5829376425705758,93.71859296482413,-6.916107614629574e-05,4.610738409760451e-05,0.0001267953062684679,1.0
1779125100,EURGBP,bearish_exhaustion,0.86752,0.86755,0.86747,0.86748,172.0,1.9321352739568725,15.500742616697613,0.02692528110981833,-5.189847094798786,-1.4512726597585255,12.81401207497791,5.837985114301802,-14.730765402546629,0.005809536808918787,1,0.4533432180255521,25.628140703517587,0.00011527643288600231,0.00019596993590620393,0.00020749757919480416,1.0
1779125400,EURGBP,bearish_exhaustion,0.86748,0.86758,0.86743,0.86758,232.0,1.551210263776885,12.087747486335665,0.022393982605146974,-5.479558823526418,-1.6083483183834506,8.20382567730006,7.581110815762457,11.790949649533342,0.037662412128507586,1,0.35021033177089556,2.0100502512562812,8.068420203333204e-05,9.221051660945889e-05,6.915788745698315e-05,1.0
1779125700,EURGBP,bearish_exhaustion,0.86759,0.86767,0.86751,0.86765,268.0,1.4181788104977986,10.593629379727254,0.021239637444331234,-5.146356589144547,-1.5333499853176755,5.000330496225558,5.76992143659119,58.37636259325547,0.04655877627936111,1,0.3984136953111236,7.2864321608040195,1.1525384659760718e-05,-1.1525384659760718e-05,8.067769261810298e-05,0.0
1779126000,EURGBP,bearish_exhaustion,0.86766,0.86769,0.8676,0.86766,312.0,1.5956838335183074,10.668721148706238,0.019098988741478078,-5.35741379310133,-1.5395596084082679,2.9494010362680143,6.206099456098414,80.28231142475256,0.029559258491012326,1,0.4236957568253358,15.577889447236181,-2.3050503653476717e-05,6.915151096054117e-05,0.0001613535255746701,1.0
1779126300,EURGBP,bearish_exhaustion,0.86767,0.86768,0.86759,0.86764,133.0,1.7066962445995542,10.62379074726898,0.018358502868210634,-5.392825112105607,-1.4584521900161336,1.6993012947258563,-0.7260101010164988,69.19275123554257,0.0013426785979635994,1,0.4051373608631531,8.291457286432161,9.220413996602339e-05,0.00018440827993182474,0.0003342400073762519,1.0
1779126600,EURGBP,bearish_exhaustion,0.86763,0.86774,0.86763,0.86772,128.0,1.3774670811027554,7.811830629572876,0.017615952479735505,-4.778317757007459,-1.3437730177071783,0.9619646044127705,-1.2876156101915655,98.748325712429,0.022519024794980587,1,0.41221137287474163,11.055276381909549,9.219563914619755e-05,0.00024201355275876857,0.0001613423685058457,1.0
1779233100,EURGBP,bullish_exhaustion,0.86635,0.86638,0.86634,0.86638,35.0,2.2041524931905694,4.986681126024952,0.006018474242581038,4.5068493150604,1.3942462692581943,-1.8113012962949853,5.892255892273916,26.717801214439046,-0.012265437400591994,1,0.4144823851580262,11.809045226130653,-6.925367621601897e-05,-2.308455873867299e-05,-1.1542279369392006e-05,1.0
1779729600,EURGBP,bearish_exhaustion,0.86203,0.86206,0.86203,0.86205,75.0,1.8851538382996182,5.073172799813598,0.0071258710548791,-4.1576744186076,-1.5291545569192277,4.39218136502744,19.047619047628864,-38.46153846163507,0.06614327887481908,0,0.4370298414772877,19.09547738693467,-1.160025520552388e-05,-2.3200510411269804e-05,-6.960153123358737e-05,0.0
1779729900,EURGBP,bearish_exhaustion,0.86203,0.86207,0.86202,0.86204,99.0,1.8890506601704444,4.820770414474494,0.006960233863859266,-4.250000000001058,-1.467851434496118,8.662583645409644,-1.111111111093841,-37.37916219120329,0.03721305926890946,0,0.4643380558712699,33.66834170854271,-1.1600389773214204e-05,-5.8001948865515907e-05,-6.960233863861909e-05,0.0
1779730200,EURGBP,bearish_exhaustion,0.86204,0.86206,0.86202,0.86203,53.0,1.5972155125982392,4.00198302829083,0.006628871053545079,-4.483500000001265,-1.4572577093012165,17.026440733289213,-6.666666666674068,-38.4280994609074,0.016370293281469446,0,0.4747408713190205,38.94472361809046,-4.640209737472034e-05,-5.800262171851145e-05,1.1600524343791108e-05,0.0
1779730500,EURGBP,bearish_exhaustion,0.86204,0.86205,0.86199,0.86199,69.0,1.518692126237293,3.734817349915284,0.00671204339460517,-4.984691358017128,-1.413027170326723,21.213814891752286,-16.666666666679,-65.40880503144655,-0.03243322800756776,0,0.46882675773492055,35.92964824120603,-1.1601062657407013e-05,5.8005313286590976e-05,9.280850125858997e-05,1.0
1779730800,EURGBP,bearish_exhaustion,0.86199,0.86202,0.86198,0.86198,38.0,1.2874158016606319,3.046632517622539,0.006380658483957785,-5.312727272726783,-1.4623696782294875,16.957076063989874,-21.111111111128384,-89.69210174016898,-0.030127499554599264,0,0.3906528665913548,5.276381909547738,6.960718346138428e-05,0.0001044107751919654,0.0001044107751919654,1.0
1779736800,EURGBP,bearish_exhaustion,0.86198,0.86199,0.86197,0.86197,76.0,1.3070322617789056,1.4556208223036138,0.003397532893922937,-4.070243902437715,-1.0710823096003799,0.00013727425745457822,6.666666666696273,-76.40750670262165,-0.026488813974522338,0,0.39724771423990696,6.78391959798995,0.0,1.160133183275569e-05,-8.120932283028903e-05,1.0
1775227800,EURJPY,bearish_exhaustion,183.899,183.912,183.873,183.879,328.0,1.5074855584008144,10.031987118229534,0.021714590262385185,-4.343255813953333,-1.183425530644743,1.197498334331099,0.7991195329602974,-78.94266833360314,0.0008807346703096963,0,,,-0.0001305206140994608,-5.438358920806241e-05,-8.157538381214913e-05,0.0
1775228100,EURJPY,bearish_exhaustion,183.879,183.879,183.854,183.855,425.0,1.364106818858923,8.781622906940969,0.02086271401764503,-4.950316573556691,-1.2480382374063304,0.6449921642407117,-10.007804739620212,-123.5993675671367,-0.03233144822875793,0,,,7.614696363988926e-05,4.8951619482817676e-05,0.00024475809741386634,1.0
1775727900,EURJPY,bullish_exhaustion,185.629,185.635,185.607,185.609,474.0,1.3290934540784716,11.286922172347635,0.024552380849756684,4.738495297806412,1.5733692957365055,-0.6226089985040204,-19.538698251512898,60.08638211379801,-0.07926057130228094,1,,,-5.387669778977866e-06,0.0,0.00022089446093676024,0.0
1775818500,EURJPY,bullish_exhaustion,186.482,186.483,186.458,186.466,572.0,2.0644603478335934,15.945074986707555,0.023213730270245474,4.7604620462059355,1.6606977844662698,-0.5819515741556529,-20.961646484036685,29.87990283512932,-0.10454187239936842,0,,,0.0001662501474799516,0.0003485890189096619,0.00030568575504386075,0.0
1775818800,EURJPY,bullish_exhaustion,186.468,186.497,186.466,186.497,543.0,1.9099418062997218,15.037774566212082,0.02095016465220909,5.871809872030551,1.7541514306925157,-2.616393976330656,-15.348082215337278,44.274752429281776,-0.030494508676778536,0,,,0.00018230856260426087,0.00013941243022674854,0.00015013646332118213,0.0
1775819100,EURJPY,bullish_exhaustion,186.495,186.534,186.493,186.531,534.0,1.7275258213881308,13.823089778571626,0.020065603802355367,6.810305343512748,1.8126762798191185,-3.5448740990516114,9.918326507819835,79.93164584001067,0.03130239173842845,0,,,-4.288831347076805e-05,-3.216623510304828e-05,-0.0002466078024563334,1.0
1775819400,EURJPY,bullish_exhaustion,186.529,186.549,186.51,186.523,372.0,1.4898796610035683,11.729067934594008,0.01960692706606081,6.548281250001947,1.8017590676727686,-2.1694490578545924,20.79235069554837,95.89411129118635,-0.0019700199231584546,1,,,1.0722538239305024e-05,-0.00020372822654568523,-0.0002466183795027943,1.0
1775819700,EURJPY,bullish_exhaustion,186.528,186.548,186.519,186.525,348.0,1.2311542310940784,9.506880518095794,0.01914718440653302,6.550880000001484,1.7855997026022123,-2.01154114588536,13.056094232559808,107.9817085845128,-0.005388341714876621,1,,,-0.00021444846535312312,-0.00025733815842376995,-0.00020372604208551692,1.0
1776112500,EURJPY,bullish_exhaustion,187.468,187.482,187.462,187.462,334.0,1.9930316410586078,13.229143667368648,0.01649858180781429,7.81025404157279,2.48065750864046,-1.35619318369082,-23.100666455956098,65.51792434140872,-0.09890976164242911,1,0.27213014853286416,8.525345622119817,8.001621661990477e-05,4.2675315530704694e-05,0.0001333603610331746,0.0
1776112800,EURJPY,bullish_exhaustion,187.461,187.479,187.455,187.477,433.0,2.033218448312484,12.887860932755423,0.016459161847660213,8.03703703703893,2.374916016541072,-4.10326005160826,-9.163523989115049,61.36481061962269,-0.043999623093581505,1,0.272432804628528,8.755760368663594,-3.733791345073012e-05,5.333987635802728e-05,-5.3339876358138305e-05,0.0
1776113100,EURJPY,bullish_exhaustion,187.478,187.491,187.458,187.47,700.0,1.9080420008277124,11.971753578405519,0.01684078976445566,7.350950226245951,2.1916769183665057,-6.6951941280974125,3.9459517657254537,58.863617003116914,-0.0508405001012789,1,0.37063598034644935,21.658986175115206,9.068117565469436e-05,-1.6002560409567046e-05,-0.0011255134154798396,1.0
1776113400,EURJPY,bullish_exhaustion,187.468,187.491,187.464,187.487,548.0,1.9307478374261697,11.660551521554664,0.01702975215805341,7.534317673379021,2.084606858915787,-12.726776688612745,21.408084441035314,63.35556533617612,-0.003813712398262003,1,0.411877698781486,30.184331797235025,-0.00010667406273490165,-0.0012160843151792777,-0.0009173969395210868,1.0
1776113700,EURJPY,bullish_exhaustion,187.49,187.503,187.467,187.467,446.0,1.8398445520447024,10.718550268029492,0.016421937880112796,6.866171693735935,2.0184507901699624,-21.961238628492197,3.762289421207143,56.04395604396534,-0.049503058625409074,1,0.3410431608189005,16.82027649769585,-0.0011095286103689483,-0.0008108093691157059,-0.0005547643051844187,1.0
1776438900,EURJPY,bearish_exhaustion,186.55,186.551,186.447,186.478,1926.0,2.4587126549680485,65.7818185841497,0.06756829223822361,-6.310793650793773,-1.9583724847510349,0.02006364227837026,-0.988150681908806,-64.8541778038047,0.05621900644619187,1,0.6734163580306497,87.55760368663594,0.0007132208625144631,0.0006971331738865327,0.00041827990433196405,1.0
1776439500,EURJPY,bearish_exhaustion,186.611,186.628,186.56,186.608,1725.0,2.4980009699933605,56.30991208319592,0.06277483127349849,-5.2904634146345275,-1.768315428561475,1.752456076662672,3.280082890906101,-25.993044114951168,0.0857754263199309,1,0.4447574603975464,38.47926267281106,-0.000278659007116433,0.00010717654119862807,0.0001768412929776808,1.0
1776439800,EURJPY,bearish_exhaustion,186.608,186.636,186.551,186.556,1682.0,2.1012633664763145,48.23137538360902,0.06260088889433067,-5.545370030581267,-1.663514864469206,4.944539957638009,0.0996197582812215,-24.578114893861244,0.0288353868627793,1,0.5003715120233367,56.91244239631337,0.00038594309483475087,0.00045562726473535875,0.0001876112266558927,1.0
1776440100,EURJPY,bearish_exhaustion,186.557,186.662,186.548,186.628,1983.0,1.6858630086339377,39.82256108629739,0.06341874898575535,-4.670947495474306,-1.48899592583822,9.059661570085286,-3.647097092567236,-3.3265570134964353,0.05771196735614415,1,0.3856827811181468,25.34562211981567,6.965728615226929e-05,-0.00019825535289441643,-0.00028398739738944023,0.0
1776440400,EURJPY,bearish_exhaustion,186.626,186.678,186.563,186.641,1920.0,1.3838066105620417,31.74228137302012,0.06337606114718021,-4.37466183574924,-1.3446497515866933,23.32071117591243,-3.2546032279462764,16.976370727219244,0.0403741237144981,1,0.46752094245792003,46.08294930875576,-0.0002678939782790879,-0.00035362005132855145,-0.0003964830878531167,0.0
1776440700,EURJPY,bearish_exhaustion,186.641,186.68,186.583,186.591,1702.0,1.3187449571793812,27.962191760551395,0.056004844821023254,-5.205167464115525,-1.4140519410855252,21.05581289581562,-6.325681997108248,25.313763029166754,-0.008576739728909981,1,0.6260950322329655,80.4147465437788,-8.574904470215472e-05,-0.00012862356705312106,-0.00016077945881631805,0.0
1776441000,EURJPY,bearish_exhaustion,186.592,186.625,186.553,186.575,1322.0,1.2171911430200493,25.706020096939284,0.0562393522329181,-5.099469026549371,-1.3201336118195501,15.225641174207524,-16.951022467819058,14.216852767103617,-0.022354284533562117,1,0.6175789362500391,79.95391705069125,-4.287819911552582e-05,-7.503684845222569e-05,-0.0001554334717941419,0.0
1776441300,EURJPY,bearish_exhaustion,186.58,186.613,186.564,186.567,1357.0,1.2023305635862094,24.413614670295544,0.05494004834724046,-5.060682926829479,-1.2715435169237441,9.961685011641094,-22.151855465807657,18.70315163239479,-0.026597256627440113,1,0.5463818585770363,67.97235023041475,-3.216002830086495e-05,-0.00011256009905291631,-0.00015544013678725488,0.0
1776715200,EURJPY,bullish_exhaustion,187.209,187.232,187.196,187.232,403.0,1.6579634256636058,10.098133793960717,0.01827373831091087,4.36659707724398,1.2437270976245216,-0.20664006410733293,3.8035339922027873,88.4726142616736,0.016220107796958236,1,0.4196816860636147,14.56953642384106,0.0002189796615963413,8.011451034017902e-05,-2.6704836780022667e-05,0.0
1776862200,EURJPY,bearish_exhaustion,186.832,186.886,186.831,186.88,1114.0,1.6612693295695278,17.316588621735825,0.024423617906065835,-4.244694835680679,-1.5471824734040216,0.13048423125440287,15.465485418976158,-17.48649417116919,0.13442443869050927,1,0.3217373964164291,0.6622516556291391,5.3510273972490197e-05,-2.6755136986245098e-05,-8.561643835613975e-05,0.0
1776862800,EURJPY,bearish_exhaustion,186.892,186.892,186.849,186.875,1191.0,1.352140535743688,13.342950628654938,0.024156712852365217,-4.054683544304515,-1.2433201756742374,7.48351874066282,-4.1981259051086965,4.075394803898565,0.042210899199779946,1,0.4111344942783294,11.037527593818984,-5.886287625411768e-05,-0.0002140468227423975,-0.0001872909698996672,0.0
1777350900,EURJPY,bearish_exhaustion,186.308,186.316,186.275,186.283,481.0,1.9375553431056778,19.33972814432269,0.03171058474011392,-5.681934703749865,-1.789432450017207,0.6134517727767262,1.4677452177429728,-47.61809193140949,0.04837274303184997,0,0.37840009550532877,3.9735099337748347,-0.00034893146449221923,-0.0003381951117384929,-0.00027377699521691223,0.0
1777351200,EURJPY,bearish_exhaustion,186.284,186.293,186.217,186.218,861.0,1.8215749417836011,19.512709141851982,0.02895991334273221,-7.228079470200196,-1.9538095512920262,0.994780257055432,-19.398040231379703,-84.70645673137545,-0.03436658462289632,0,0.5375373550769439,71.52317880794702,1.0740100312656153e-05,7.51807021877049e-05,0.0003812735610950746,1.0
1777392000,EURJPY,bullish_exhaustion,186.85,186.884,186.84,186.862,804.0,1.57143495205557,14.400566955355236,0.024884674251586046,4.12000000000107,1.2142570575553382,-0.7675322899685,12.336015523201873,53.50030637253499,-0.013708506455118336,0,0.5662991115582698,83.22295805739515,-9.097622844667086e-05,-0.00028363177103962744,-0.0003478502852372056,1.0
1777542900,EURJPY,bearish_exhaustion,186.406,186.469,186.351,186.357,1831.0,2.344516493020423,55.48364184219974,0.07336149740244947,-4.676029258097801,-1.4866527950640551,1.4230374095143772,-2.90103915307688,-14.747717492879277,0.04440740862556972,1,0.5624175456729515,60.64516129032258,-0.00038098917668771826,-0.00080490671131217,-0.0009873522325428707,0.0
1777543200,EURJPY,bearish_exhaustion,186.356,186.367,186.26,186.286,1953.0,2.104318321521163,49.04078822637857,0.067637933070653,-5.486825396825291,-1.5457728345435935,3.356826975172681,-17.922479193042896,-37.98593113660702,-0.003460432174005112,1,0.6647734556413697,83.22580645161291,-0.0004240791041731917,-0.0006065941616654191,-0.00042944719409943044,0.0
1777543500,EURJPY,bearish_exhaustion,186.285,186.305,186.182,186.207,1859.0,1.771575288277886,42.662975106156665,0.06524996375001989,-6.156378600822757,-1.5819463020143796,4.97434034935398,-28.334599358976373,-64.35273124964178,-0.04183974205781895,1,0.690145728485916,85.16129032258064,-0.00018259249115226694,-5.370367386903219e-06,0.00015037028683151377,0.0
1777543800,EURJPY,bearish_exhaustion,186.205,186.232,186.163,186.173,2039.0,1.5642881952781655,33.61525760114308,0.060619500602741384,-6.720708860759235,-1.6899411957028942,3.0746050506543376,-22.175171222577642,-85.17488657981244,-0.04366503854594544,1,0.6925582490769832,85.59139784946237,0.00017725448910410613,0.00033302358558984224,-0.0037438296638073743,1.0
1777551000,EURJPY,bearish_exhaustion,183.164,183.172,182.975,183.071,2323.0,1.6235700860230984,137.33531376000894,0.22758539426935837,-5.314911709240573,-1.684307094071661,0.30155653600218435,-0.7140461181406152,-66.22547044944851,0.04531901236871175,1,0.8747932143642441,95.26881720430107,0.0005079996285592969,0.0013929022073402297,0.0014748376313016287,1.0
1777551300,EURJPY,bearish_exhaustion,183.081,183.192,183.041,183.164,2756.0,1.5791857522457302,121.73700792773698,0.22111331921119937,-5.04024691358032,-1.6340592295110243,0.5262776895155359,-4.937478785868947,-53.23579041892331,0.05434989478563779,1,0.8593098137370989,92.47311827956989,0.0008844532768448321,0.0009663470987750777,0.0012884627983666963,1.0
1777551600,EURJPY,bearish_exhaustion,183.171,183.401,183.07,183.326,3279.0,1.4442836283106575,109.42416338299718,0.20689139253881966,-4.755306967984893,-1.6083415933850616,1.9945882170950364,-1.8232908559261318,-30.367312891906344,0.07134288896661416,1,0.837910906971032,91.39784946236558,8.18214546765006e-05,0.0004036525097368404,0.0008945812377949558,1.0
1777551900,EURJPY,bearish_exhaustion,183.327,183.498,183.327,183.341,2519.0,1.3682793584276813,97.16264943972158,0.19222572770333599,-4.8670855289825825,-1.592690712759906,6.455520261075019,1.9477793142833946,-4.622431750175143,0.05447371772051403,1,0.86682033625607,93.97849462365592,0.0003218047245296951,0.0008126932873715464,0.0017999247304203436,1.0
1777552200,EURJPY,bearish_exhaustion,183.341,183.407,183.302,183.4,2176.0,1.617605945405558,92.72741038500362,0.18079140052967957,-4.779784575613776,-1.5442897597940857,19.045212213412068,4.741841259907218,-1.355397059002583,0.04766193035945496,1,0.9006202301129181,98.49462365591398,0.0004907306434023262,0.0014776444929116561,0.000621592148309702,1.0
1777552500,EURJPY,bearish_exhaustion,183.4,183.516,183.391,183.49,2318.0,1.7936602640737966,85.30634291044232,0.1662215924573572,-4.676524590163802,-1.5095995334803778,22.68041229790785,4.5456072062249575,25.869018075573848,0.04760783623767378,1,0.8445929207153967,91.82795698924731,0.0009864297781894127,0.0001307973186550626,-0.0006212872636111033,1.0
1777552800,EURJPY,bearish_exhaustion,183.491,183.671,183.441,183.671,2819.0,1.7768457678798268,78.1199603716348,0.15971881399739038,-4.0236961285607915,-1.3645597725837129,17.919148063755372,8.018910056674827,61.99799481678903,0.06280505005029725,1,0.7441732689449645,89.24731182795699,-0.0008547892699445336,-0.0016061327046729135,-0.0015680210811722661,0.0
1777553100,EURJPY,bearish_exhaustion,183.672,183.68,183.473,183.514,3028.0,1.5120711356875216,65.93033075673868,0.15269368316002477,-4.543308692327061,-1.2888694063716524,12.249032780696709,-2.259496438379358,67.49650704941385,-0.007298572849562718,1,0.7939343923751447,90.32258064516128,-0.0007519862244842468,-0.0007138419957060105,-0.0010298941770111592,0.0
1777553400,EURJPY,bearish_exhaustion,183.514,183.529,183.323,183.376,2566.0,1.5286715728490206,62.75666649542877,0.13228090293791425,-5.549787985865652,-1.390865448004504,7.769252827621145,-19.45294295862908,40.19779348307337,-0.05742967874822955,1,0.8641866513965261,93.33333333333333,3.817293429886348e-05,-0.0002781170927493859,-0.0011888142395952705,0.0
1777553700,EURJPY,bearish_exhaustion,183.383,183.442,183.35,183.383,1915.0,1.406005475811116,55.79493372255735,0.11354066937190861,-6.126957118353062,-1.5097596564426556,4.706994943507311,-26.815127870511414,43.54241320124146,-0.056386180685448685,1,0.8570417403210244,92.25806451612904,-0.00031627795379085555,-0.0012269403379813193,-0.0008724909070088049,0.0
1777554000,EURJPY,bearish_exhaustion,183.384,183.397,183.25,183.325,2456.0,1.3295336044282469,51.25644132049758,0.1039138142642859,-6.688608923884446,-1.5609130952560948,2.76467870646006,-17.83098539444602,30.751585189021352,-0.07463103295827771,1,0.691466129278951,85.3763440860215,-0.0009109504977499183,-0.0005563889267692357,-2.1819173598780495e-05,0.0
1777982400,EURJPY,bullish_exhaustion,184.394,184.454,184.394,184.447,1473.0,1.3416003003499049,14.528184276840783,0.028076203074982993,5.837131034483278,1.437578796536913,-0.4125905797433802,6.652194850929618,129.4161746790509,0.0478199735441999,1,0.4942923930596378,36.774193548387096,-0.00016806996047646905,-0.00016264834884816004,0.00010843223256551404,1.0
1778036100,EURJPY,bullish_exhaustion,184.874,184.916,184.874,184.913,863.0,1.3232962208030667,9.363651547889495,0.01784623038942376,4.551515151515331,1.3334540409237834,-0.6013984773876331,-3.7162309368118827,90.34147181673784,0.011327818022735548,0,0.4474668954913154,22.365591397849464,0.00010815897205707081,0.000605690243519863,0.000605690243519863,0.0
1778047500,EURJPY,bearish_exhaustion,183.538,183.561,183.487,183.501,1454.0,3.8505241154580134,77.09484946449278,0.06866447594291078,-5.6409523809525215,-1.563722416248318,10.499506483643714,10.676946525940345,78.11810454548885,0.0036920705169370908,1,0.6270793814482997,78.49462365591397,-4.359649266216792e-05,-3.269736949662594e-05,0.0,0.0
1778047800,EURJPY,bearish_exhaustion,183.502,183.544,183.417,183.493,1480.0,3.989771103976506,77.96371043574594,0.06088204221103107,-6.19115089514064,-1.5879292448734716,6.5450435069446655,5.614137625581549,72.20576894412358,-0.02083722199325324,1,0.3372971629812522,3.655913978494624,1.0899598349878303e-05,4.359839339929117e-05,-0.0002888393562696656,1.0
1778048100,EURJPY,bearish_exhaustion,183.494,183.527,183.467,183.495,1181.0,4.293109361013408,78.35021935871814,0.05126648059698035,-7.044859529233446,-1.699027896700864,3.920190739191682,-6.908898359108434,69.62525919750733,-0.0374018645129335,1,0.34560450145783717,4.516129032258064,3.26984386496143e-05,-0.00029973568762098335,-0.0004959263195183361,0.0
1778048400,EURJPY,bearish_exhaustion,183.494,183.505,183.427,183.501,1262.0,4.254793924476657,77.45237817807124,0.05005811568173632,-6.856734059098915,-1.565132968298085,2.2839299092095473,-6.4612173600743645,61.23132578548867,-0.04373319557575147,1,0.2753513078348895,0.21505376344086022,-0.0003324232565490304,-0.000528607473528786,-0.00028337720230398045,0.0
1778048700,EURJPY,bearish_exhaustion,183.502,183.508,183.398,183.44,1238.0,3.6435968299203605,68.29747656856156,0.05030839200049958,-7.174241486068595,-1.4564841536171926,1.3038798077377294,-10.183373456562038,50.89150800846745,-0.0929511835698846,1,0.34108924938084256,3.870967741935484,-0.00019624945486262924,4.906236371571282e-05,-0.00014718709114691642,1.0
1778049000,EURJPY,bearish_exhaustion,183.44,183.454,183.378,183.404,1137.0,1.605381300995283,30.60658155739967,0.047475206959189664,-7.679212469237532,-1.474910188001169,0.7328982857222144,-14.640359095576237,32.47799677700916,-0.10973873182772868,1,0.3982443472462961,10.32258064516129,0.00024535997033869883,4.9071994067784175e-05,0.000501624828248115,1.0
1778049300,EURJPY,bearish_exhaustion,183.404,183.458,183.386,183.449,941.0,1.3180165030593674,24.751247440488658,0.045633547042660115,-7.104402730375459,-1.417633269020649,0.40692990711745836,-8.197631727096027,37.2747195237645,-0.05541583175961993,1,0.5946365279798295,70.10752688172043,-0.00019623982687289043,0.00025620199619513784,0.0002943597403091136,1.0
1778148000,EURJPY,bullish_exhaustion,184.056,184.098,184.031,184.097,847.0,1.4372745422302913,16.338793542717035,0.02789678422633097,4.706648122393092,1.3854800208780025,-1.2543884749845802,-13.371388310672444,57.35692826260752,-0.030178822311906515,0,0.42819557116705326,20.35623409669211,0.0001792533284084019,0.0002770278711765606,0.00015209373319491348,0.0
1778148300,EURJPY,bullish_exhaustion,184.096,184.149,184.09,184.13,882.0,1.2780449005863561,14.749840966186785,0.028706426360261557,5.058918918918986,1.3439259601162135,-0.9343387667288567,-5.057671907381639,107.00293829581489,0.012226146771078207,1,0.5197143785691775,61.06870229007634,9.775701949710225e-05,-2.7154727638034615e-05,-0.0001574974203008006,1.0
1778235900,EURJPY,bullish_exhaustion,184.432,184.463,184.426,184.442,342.0,1.251081015000545,9.553266694258236,0.01967323835445017,4.963937007873591,1.4873904994299658,-0.09720520878629202,-8.393522711798916,106.89916603487835,-0.02227535872581836,1,0.5379660300040603,70.48346055979644,0.0001572309994468668,0.0001301222064389318,-4.337406881305128e-05,0.0
1778270400,EURJPY,bullish_exhaustion,184.628,184.669,184.617,184.661,807.0,1.4599203033812533,11.799604509464762,0.01953386398396536,4.059168316830876,1.2371278839600204,-0.5300585427913802,11.364817198146653,75.79444603497261,-0.01403411462445457,0,0.5225471029651434,62.086513994910945,1.0830657258598109e-05,-0.00010289124395512772,5.415328629299054e-06,1.0
1779690000,EURJPY,bullish_exhaustion,184.943,184.973,184.933,184.973,597.0,3.6580581807992085,23.50096782313894,0.01482841897389161,5.989375000000626,1.9469980262816293,-0.45663249357944835,10.069115106951585,35.56468591326593,-0.03343873369738392,1,0.45304032269644384,25.125628140703515,-7.568672184599112e-05,-1.081238883515745e-05,0.0001297486660214453,1.0
1779690600,EURJPY,bullish_exhaustion,184.957,184.982,184.935,184.971,875.0,1.9515253067473879,14.308074244939933,0.016489071259823206,5.083934426228906,1.5829674520944805,-0.22553118228054814,8.694510112949963,32.161012553166685,-0.01994652501694432,1,0.4787459544532007,41.45728643216081,0.0001405625746739858,0.00014596882754580598,0.00025950013785935866,0.0
1775186700,EURNZD,bullish_exhaustion,2.02011,2.02014,2.02006,2.02014,6.0,2.1097619965075505,9.15003041809119,0.012905753349487866,4.693260273971091,1.565906680858557,-0.6334312806181401,-23.107885213144797,47.83085154381998,-0.07017338019625645,0,,,-5.94018236359517e-05,-0.00011385349530235178,-0.00011880364727212545,1.0
1775187000,EURNZD,bullish_exhaustion,2.02007,2.02007,2.01999,2.02002,15.0,2.0322121998181095,8.65253224628959,0.011103143250351787,4.735923566879144,1.6708877465249945,-1.7898950309531472,-22.290448343083263,30.431705590967805,-0.09699771300245578,0,,,-5.445490638722461e-05,-5.940535242243694e-05,-5.940535242243694e-05,1.0
1775187900,EURNZD,bullish_exhaustion,2.01988,2.01997,2.01984,2.0199,57.0,1.7812032969829676,6.348890580020288,0.010255104566705376,4.025241379310379,1.2981586534552738,-23.024301076304127,6.6134076660181265,-15.400955921427428,-0.03968251541120624,0,,,0.00022278330610436825,0.00019307886529063012,0.0001386207237983328,0.0
1775188200,EURNZD,bullish_exhaustion,2.0199,2.02035,2.01989,2.02035,38.0,1.238609014299784,5.027896071435295,0.011207393344153025,5.459558359621448,1.2247839700591765,-20.01920613459442,22.96114296113688,59.47323704335038,0.1107966887140419,1,,,-2.9697824634355996e-05,-8.414383646404566e-05,-0.00012869057341546863,1.0
1775455800,EURNZD,bearish_exhaustion,2.0208,2.02091,2.02051,2.02059,98.0,3.9758808488239943,31.630451305740777,0.019796198140152856,-5.198999999998686,-1.585757520833998,1.2940503401678023,-6.146878601346728,-29.91641765189802,0.011910435403653037,0,,,0.0001237262383759763,7.918479256074917e-05,-4.949049535074579e-06,1.0
1775456100,EURNZD,bearish_exhaustion,2.0206,2.02091,2.02044,2.02084,84.0,3.5233003951884316,29.635685821628687,0.019723057172837306,-4.507096774190686,-1.4747578202044833,0.4439476216125122,-12.891781006183493,-23.39265212402191,0.05337500657578279,0,,,-4.4535935551648365e-05,-0.00012865936937134226,-9.896874567005831e-05,0.0
1775456400,EURNZD,bearish_exhaustion,2.0208,2.02093,2.0207,2.02075,50.0,3.2835938205999047,27.29644211289658,0.0197239355967603,-4.61799283153881,-1.384545880205878,1.3079029218273606,-10.602277822604812,-13.19977980424227,0.021522821850665612,0,,,-8.412718050243573e-05,-5.443523444259579e-05,9.897315353213365e-05,0.0
1775456700,EURNZD,bearish_exhaustion,2.02071,2.02083,2.02058,2.02058,62.0,3.3235354496918657,27.23436968058944,0.019619543469137295,-4.922954954953283,-1.3393139724554481,2.694923781746854,-9.978003078532552,-18.905872888173857,-0.013075576935120707,0,,,2.9694444169781065e-05,0.0001831157390452809,-7.918518445182432e-05,1.0
1775457000,EURNZD,bearish_exhaustion,2.02062,2.02072,2.0204,2.02064,49.0,2.296851066085279,19.278072618445073,0.018699874438655038,-4.843100189033502,-1.333128738957194,3.385063629121663,-7.553316779625909,-11.455685477072368,0.0023892025702262226,0,,,0.00015341673925073351,-0.0001088763955975347,-0.00021775279119495838,0.0
1775625300,EURNZD,bearish_exhaustion,2.0018,2.00245,2.00166,2.00194,871.0,1.2633088148627014,21.69946544103147,0.04574134518088743,-7.280218408735566,-2.1783146208289206,4.218316889739303,13.862677199593477,-58.55502006329406,0.06192047241439873,0,,,1.9980618799930738e-05,-9.490793929878283e-05,-4.495639229928905e-05,0.0
1775746200,EURNZD,bearish_exhaustion,1.99828,1.99832,1.99742,1.99765,290.0,1.6284843074890607,25.3876210393038,0.03679323204765647,-4.023401360545668,-1.279443622705585,0.06488264439870792,8.813356896758108,-60.49571897458223,0.03478638893537887,1,,,0.00042549996245599964,0.0008359822791781379,0.0003804470252546377,1.0
1775752800,EURNZD,bearish_exhaustion,1.9946,1.99503,1.99454,1.99494,134.0,2.255461403559145,30.016996443376613,0.037487701026454795,-4.171117478509792,-1.4046709083973663,0.14721100133416515,8.643107617064977,-45.51239957517499,0.08203924948130677,1,,,0.00014035509839893656,0.0003107862893119151,0.0004711921160536203,1.0
1775819700,EURNZD,bullish_exhaustion,2.00462,2.00491,2.00454,2.00465,101.0,2.320027088435223,22.135221724832967,0.02487074694193772,5.65495702005571,1.797799070479188,-0.6836144237610569,-13.80762391999562,53.64869478848064,-0.06493487767298523,1,,,-0.00046890978475044864,-0.00028433891202939154,-0.00011972164717022338,1.0
1775840100,EURNZD,bullish_exhaustion,2.00713,2.00743,2.00709,2.00729,111.0,1.5214661059010504,16.771143751195204,0.02804064897733673,5.730761421319287,1.7454962450777123,-0.5248802566133861,-21.04118104118391,58.21107430191725,-0.05074544715336931,1,,,0.00027400126538768,0.00014945523566600727,0.0001295278709108061,0.0
1775840400,EURNZD,bullish_exhaustion,2.00741,2.0079,2.00727,2.00784,107.0,1.2486663964430076,14.086463780411613,0.02849544072948354,6.4029463171031455,1.7026753380245074,-1.00002556478465,-3.045104286717141,95.92678379751054,0.021587098634923408,1,,,-0.00012451191329976297,-0.00014443381942763622,-0.00022910192047165268,1.0
1776333000,EURNZD,bullish_exhaustion,1.99922,1.99983,1.99922,1.99975,182.0,1.4581760732753617,14.998704285643957,0.02653903166467254,4.306648721398864,1.1271873446882867,-1.4679679653254851,3.812717297817052,90.18802825725696,0.027148682019352863,1,0.4903697082605771,53.2258064516129,-5.50068758593536e-05,2.000250031253259e-05,-5.50068758593536e-05,0.0
1776729300,EURNZD,bearish_exhaustion,1.9951,1.99551,1.99505,1.99526,217.0,5.346550616773499,61.18035112299259,0.03798287656030589,-4.811724787935732,-1.7786602602268724,0.352820759160918,2.864206092362309,-20.787397560558087,0.09445180500150786,0,0.5596846644319481,79.69094922737307,-0.0003859146176438122,-0.0007467698445314808,-0.0008319717731022358,0.0
1776729600,EURNZD,bearish_exhaustion,1.99521,1.99521,1.99388,1.99449,362.0,4.929331827403948,56.51444677000421,0.03763941086264092,-5.717488106564976,-1.7325237081630809,1.7910905917392235,-11.462694582865396,-36.0574687324034,-0.00031464540497656786,0,0.5459699728446198,75.49668874172185,-0.00036099453995763753,-0.00044622936189209206,-0.0007219890799152751,0.0
1776729900,EURNZD,bearish_exhaustion,1.99456,1.99492,1.99377,1.99377,282.0,4.033427866206694,50.6989617393447,0.03733057044120963,-6.547216890594962,-1.7549099259181749,1.4570194296605,-27.408833550230383,-44.615660275941046,-0.05707526806354823,0,0.568157247436148,83.88520971302428,-8.526560235133651e-05,-0.00036112490407624875,-0.00020564057037675276,0.0
1776733500,EURNZD,bearish_exhaustion,1.99251,1.99278,1.99231,1.99242,131.0,1.3206790925663072,18.91930474667694,0.039901225645194,-5.456352201258111,-1.4202440418141815,0.33536275102679924,2.8335656748164233,-96.48105181749209,0.0075858886373657165,0,0.5712759711402389,85.65121412803532,5.01902209373295e-05,-0.00014555164071838878,-7.528533140610527e-05,0.0
1776733800,EURNZD,bearish_exhaustion,1.99242,1.99266,1.99223,1.99252,114.0,1.4019909157546762,19.072457812934367,0.03649362902971347,-5.608251473476911,-1.4957935940604654,1.1726308910524903,6.2566295350539605,-90.37623708202909,0.023306256443655426,0,0.5812251350474454,88.96247240618102,-0.0001957320378215277,-0.00012546925501377704,-0.00034629514383799354,0.0
1776734100,EURNZD,bearish_exhaustion,1.9925,1.99274,1.99192,1.99213,158.0,1.4040844361760152,19.355708494389447,0.03531754597197083,-6.109116751269447,-1.5263636180716014,5.413755515085759,-0.7574665736972577,-99.1235392320527,-0.012213811763282659,0,0.6188512034072264,94.70198675496688,7.027653817770485e-05,-0.0001505925818093834,-0.0003313036799806879,0.0
1776734400,EURNZD,bearish_exhaustion,1.99213,1.99247,1.99213,1.99227,85.0,1.5503063136695872,19.132761963715055,0.03441874272635183,-5.823708333333191,-1.5162683440827966,7.599147904447718,-0.14682785411011423,-90.54834054833162,0.013808528267186511,0,0.570982527082941,85.43046357615894,-0.0002208535991607974,-0.0004015519984740257,-0.0008081233969290391,0.0
1776734700,EURNZD,bearish_exhaustion,1.99227,1.99251,1.99179,1.99183,172.0,1.4965711505858041,18.53113396815498,0.03388843425392794,-6.320000000000361,-1.5351102928032543,14.019904628424435,-9.781634264552821,-105.9706302076059,-0.025105593846540323,0,0.6139341707234542,94.26048565121413,-0.00018073831602094526,-0.0005873995270679888,-0.0008735685274345872,0.0
1776735000,EURNZD,bearish_exhaustion,1.99179,1.99187,1.99132,1.99147,202.0,1.4543163593176505,17.630102616203292,0.03303374606984562,-6.755266015200924,-1.5966159543223049,11.362975671890496,-7.786650712936698,-141.3521333909001,-0.042099663001698324,0,0.5989107205703528,93.37748344370861,-0.00040673472359609164,-0.0006929554550156869,-0.00033643489482648725,0.0
1776735300,EURNZD,bearish_exhaustion,1.99142,1.99144,1.99066,1.99066,148.0,1.4667935618726315,17.07678551073447,0.0333342423403015,-7.597373519913815,-1.6789054845095206,5.162443459981631,-9.250116967555542,-190.66841591825093,-0.09316652190694259,0,0.6381511720280924,96.90949227373068,-0.0002863371946992821,7.032843378573794e-05,-0.00020093838224521932,1.0
1776737100,EURNZD,bearish_exhaustion,1.99132,1.99133,1.99046,1.99059,91.0,1.452949958390813,20.162297750227072,0.03283305093321375,-5.958338797813861,-1.6764095974057367,3.731839461697051,14.581757040775969,-79.59516571513214,0.02210927133311502,1,0.6231752705000647,95.14348785871964,-7.535454312546097e-05,0.00010549636037548993,0.00018085090350083988,1.0
1776737400,EURNZD,bearish_exhaustion,1.99057,1.9906,1.99026,1.99044,62.0,1.4555143398625756,20.19919643568027,0.03218958048041197,-5.955540691192504,-1.6766738408398059,6.014231270653722,4.574619627812943,-94.24007035033105,0.011492336719323905,1,0.5922108871098277,92.27373068432672,0.00018086453246524137,0.0002562247543256291,0.00026627278390711773,1.0
1776737700,EURNZD,bearish_exhaustion,1.99047,1.99098,1.99047,1.9908,50.0,1.4223867607955705,19.226437332807148,0.032434914894229096,-5.016150442477652,-1.5743097400978183,6.377925974461471,-10.418677086007818,-63.849056603782785,0.054133371543142725,1,0.42508379599779916,17.660044150110377,7.534659433394708e-05,8.539280691177709e-05,0.00042194092827019247,1.0
1776738000,EURNZD,bearish_exhaustion,1.99088,1.99125,1.99087,1.99095,82.0,1.3465361469219022,17.931704932137315,0.032504224472883696,-4.4490949227367755,-1.4645697108089726,10.730093756730525,-0.7460659797131015,-37.76983181036017,0.05687592473310331,1,0.47042710735141524,36.86534216335541,1.004545568683568e-05,0.000346568221200938,0.000346568221200938,1.0
1776738300,EURNZD,bearish_exhaustion,1.99089,1.99103,1.99065,1.99097,84.0,1.3969650841770467,17.397375829686894,0.030925342205774413,-4.309141531322214,-1.4316883709106987,19.63443066797913,10.115823947597,-43.794011051863144,0.0445833160032018,1,0.5696716090221284,84.76821192052981,0.00033651938502354817,0.00033651938502354817,0.0005575171901135434,1.0
1776820800,EURNZD,bearish_exhaustion,1.98904,1.98904,1.98846,1.98862,110.0,1.826317879470752,17.589012862255636,0.026041030607010955,-4.248662068964859,-1.3176754038400678,0.279710942146837,5.802295399817353,-66.1328588375114,0.030404876413301765,1,0.5092600260408313,60.9271523178808,7.542919210301591e-05,-9.05150305237079e-05,-0.00015588699701296616,0.0
1776821400,EURNZD,bearish_exhaustion,1.98877,1.98885,1.98841,1.98844,272.0,1.5970760731236449,15.02974759219315,0.024319136034852674,-4.610280649925824,-1.3235220316447212,0.14528020140563808,-19.99017679500438,-70.71477888000469,-0.0020254585346746686,1,0.45326056814159676,28.697571743929362,-6.537788417049217e-05,0.0002011627205245059,0.00011566856430156314,1.0
1776918300,EURNZD,bullish_exhaustion,1.98859,1.9886,1.98825,1.98825,85.0,2.1156639418956806,25.20424665179676,0.02902768047996295,5.3265841584164075,1.9065610488686526,-0.21663400276992206,-12.94342010033239,41.89861089751781,-0.1275019333227495,0,0.4984194122314609,53.20088300220751,-6.035458317621423e-05,-0.00010059097196024602,-0.00012573871495036304,1.0
1776918600,EURNZD,bullish_exhaustion,1.98825,1.98828,1.98794,1.98813,76.0,2.0786050251527874,21.91666689415049,0.027700114465064825,5.159844357977389,1.8237992756772554,-1.7663165237415086,-4.601225934559506,18.670671731915743,-0.10936890032308096,0,0.48655725698339486,46.35761589403973,-4.0238817381132996e-05,-6.538807824441051e-05,-6.035822607164398e-05,1.0
1776918900,EURNZD,bullish_exhaustion,1.98814,1.98815,1.98791,1.98805,64.0,1.995104796473287,19.509568704397537,0.026407786524484465,5.0460952380959885,1.7359573741836523,-4.505717262668355,1.138751436997599,4.671613080547027,-0.0872837090764053,0,0.5261847226551708,66.88741721854305,-2.5150272880525293e-05,-2.012021830444244e-05,-0.0002414426196524211,1.0
1776919200,EURNZD,bullish_exhaustion,1.98806,1.98806,1.9879,1.988,38.0,1.7671059119074677,16.74577926322935,0.025222765162403883,4.946267806267939,1.6435604878631078,-8.509846416536774,3.5180274113359395,-9.866926322596356,-0.06391129595857259,0,0.541689220279846,73.9514348785872,5.030181086551622e-06,-0.00021629778672027644,-0.0001358148893360056,1.0
1776919500,EURNZD,bullish_exhaustion,1.98804,1.98818,1.98791,1.98801,81.0,1.8220760953235957,15.286538330860433,0.024899271130428075,4.786666666666149,1.509447101891453,-16.84770927499561,1.9692383413346164,-15.249825873388977,-0.035150525936007496,0,0.5034346723299686,57.17439293598234,-0.0002213268544927205,-0.00014084436194994332,-0.00011569358303020749,1.0
1776920100,EURNZD,bullish_exhaustion,1.98759,1.98779,1.98755,1.98773,95.0,1.8772514883162068,12.878506718408483,0.02177645569856849,4.331221122111979,1.3105894465599721,-17.038298347230423,3.0748044556155367,-73.49232193596139,-0.01395574520961549,0,0.5626332602035664,80.3532008830022,2.515432176397603e-05,-0.00010061728705612616,0.00017104938799539227,1.0
1776920400,EURNZD,bullish_exhaustion,1.98773,1.98786,1.98759,1.98778,157.0,2.134434430403018,12.839323239195945,0.021632172574430255,4.233953488372656,1.175111650572511,-11.725749079379796,6.8478912882959975,-69.1088594440036,0.014759072453203409,0,0.5448797561469876,75.27593818984548,-0.0001257684452001806,0.00014589139643206295,0.00010061475616018889,0.0
1776921000,EURNZD,bullish_exhaustion,1.98756,1.98808,1.98751,1.98807,72.0,1.7863419589127019,11.967059704451287,0.019401443898569508,4.9544444444449445,1.06553472974254,-4.534742094108037,16.314150689151383,-55.60627063818319,0.10267360982975446,0,0.4488661758617503,26.269315673289185,-4.527003576326738e-05,-0.00016096012715860475,-0.00018611014702696327,1.0
1776921300,EURNZD,bullish_exhaustion,1.98812,1.98819,1.98781,1.98798,82.0,1.7167969732510882,11.604661388583478,0.017929182961023707,4.814428857716985,1.075773632619051,-2.6681951175269027,15.390097840759232,-47.07917214582288,0.07199494032838932,0,0.4650104456286979,35.099337748344375,-0.00011569532892696799,-0.00014084648738921235,-9.054417046450158e-05,1.0
1776921600,EURNZD,bullish_exhaustion,1.98798,1.98802,1.98758,1.98775,91.0,1.7009714093742627,11.839989048801199,0.017032897928381856,4.122616033755668,1.0016502649671077,-1.53451049986534,10.268031189083821,-72.7075920360266,0.021053788187371508,0,0.5195849075973403,63.35540838852097,-2.515406867054093e-05,2.5154068670651952e-05,6.0369764809609094e-05,0.0
1776974700,EURNZD,bullish_exhaustion,1.99538,1.99615,1.99534,1.99596,327.0,1.6342019084363837,17.367191278199282,0.026660998073248288,4.178201342282877,1.0465962116210212,-15.434985369001225,21.04823950476198,91.88897871191946,0.06101550508769726,1,0.5201904499672771,64.01766004415012,0.0005210525261027943,0.0006162448145252686,5.5111324876344625e-05,0.0
1776975000,EURNZD,bullish_exhaustion,1.99595,1.99713,1.99584,1.997,277.0,1.4006539168681098,17.72006973330682,0.02832820659560505,5.5671212121234435,1.1598570786902422,-11.850294880772566,23.961639221702534,168.2959843585496,0.14543197469746585,1,0.5690462584573879,84.54746136865342,9.514271407096153e-05,-0.0004656985478217468,-0.0006710065097647044,1.0
1777282800,EURNZD,bearish_exhaustion,1.98699,1.98712,1.98688,1.987,125.0,2.114078773212089,19.188747507566887,0.023761593213025956,-6.303177004538246,-1.9771193723187566,0.9136247505423358,24.543473955241602,-49.293808965589484,0.06918764203661978,1,0.4731706070245708,38.852097130242825,9.562154001008238e-05,-0.00011575239053862596,-0.00015601409159538004,0.0
1777283100,EURNZD,bearish_exhaustion,1.98704,1.98743,1.98704,1.98719,216.0,1.9669373622503539,17.29992693616862,0.02246531893923309,-6.000064000000037,-1.9318249083289307,2.833832245074717,13.01310982162206,-25.030334546763747,0.08234450204959362,1,0.4004441244532581,8.388520971302428,-0.00021135372058034285,-0.00025161157211939233,-0.00041264297827592333,0.0
1777283400,EURNZD,bearish_exhaustion,1.98713,1.98713,1.98666,1.98677,76.0,1.5768766783750916,14.0606444633785,0.02304530181435763,-6.52343213728485,-1.8137172562273651,7.047359402764221,-8.002005874350957,-64.96824081749678,-0.004021487923715517,1,0.47743290846571507,41.72185430463576,-4.026636198450895e-05,-0.00020133180992265576,-0.00023656487665912884,0.0
1777283700,EURNZD,bearish_exhaustion,1.98674,1.98706,1.98669,1.98669,307.0,1.2796170733286696,10.328983022617301,0.02275860134912027,-6.540853080568265,-1.7743764886330515,9.98148597802205,-21.413732052036288,-73.06111967129469,-0.010063995272894314,1,0.3971070726511425,7.505518763796909,-0.00016107193371894812,-0.0001963064192199715,-0.00013087094614672168,0.0
1777434600,EURNZD,bullish_exhaustion,1.99735,1.99749,1.99713,1.99718,103.0,1.907820944394353,28.206535001079327,0.041057891627194906,5.342195121951365,1.757890050274172,-1.0814579599183105,-27.622891463931783,36.99689283909543,-0.08273879250210166,0,0.44551401858512707,24.944812362030905,5.00705995465367e-06,-0.0001301835588178868,-0.00010014119909074193,1.0
1777434900,EURNZD,bullish_exhaustion,1.9972,1.99743,1.9971,1.99719,58.0,1.8089010838292752,24.060125150489874,0.04044968895583985,5.252413793103895,1.652970900188714,-3.8792660215464423,-24.492063080134276,29.72536348950491,-0.05790208117220993,0,0.4546934979889885,29.3598233995585,-0.0001351899418683411,-0.00010514773256431464,-8.511959302826e-05,1.0
1777435200,EURNZD,bullish_exhaustion,1.99715,1.99715,1.99676,1.99692,78.0,1.6729912781926608,21.145116059992972,0.03841630396524924,5.000372439478823,1.584420638904981,-8.548673691359525,-6.9803768642254855,1.4973599180211685,-0.06315224291341355,0,0.4552820609515971,30.022075055187635,3.0046271257688772e-05,5.007711876281462e-05,3.5053983133970235e-05,0.0
1777435500,EURNZD,bullish_exhaustion,1.99695,1.99698,1.99685,1.99698,18.0,1.5491677341287209,16.941353794871176,0.037091722787122805,5.0659209257473385,1.5019054975767627,-14.697394033780526,3.7805031219329788,-13.224582955742841,-0.03407903738376137,0,0.48240637945074843,43.70860927152318,2.0030245670987767e-05,5.007561417746942e-06,-0.0001852797724564148,0.0
1777435800,EURNZD,bullish_exhaustion,1.99698,1.99706,1.99676,1.99702,123.0,1.3343273463094483,13.575632573872275,0.03065281555231569,5.93456242707137,1.6700390513568961,-21.622666394229682,7.94588173424304,-29.888631532166933,-0.01624338909985195,0,0.5187044451233508,62.913907284768214,-1.5022383351159796e-05,-0.00020530590579970198,-0.00022032828915086178,1.0
1777436100,EURNZD,bullish_exhaustion,1.99708,1.99709,1.99699,1.99699,15.0,1.4357469924738124,12.19174269766725,0.027183768714772266,6.358947368422033,1.7271671023113477,-17.948288691277078,8.282205057907593,-34.22536427676464,-0.006573178671998349,0,0.4924950003158481,49.00662251655629,-0.00019028638100337947,-0.00020530899003001757,-0.00026039188979420924,1.0
1777436400,EURNZD,bullish_exhaustion,1.99702,1.99702,1.99649,1.99661,65.0,1.3668553188340158,11.2507166869079,0.02636611914337536,5.569606512891076,1.5771336757421817,-12.54263842571094,2.033134096535573,-90.46275984541204,-0.03985739512692585,0,0.5355630841842776,70.6401766004415,-1.5025468168561318e-05,-7.011885145324914e-05,-0.00018531410741207122,1.0
1777436700,EURNZD,bullish_exhaustion,1.99657,1.9967,1.99649,1.99658,61.0,1.4565622092405894,10.209557566866595,0.0236118047575622,5.869818181819744,1.5575681276456974,-8.055567502983788,-4.8673083901843945,-120.22583859182284,-0.016276334846090458,0,0.5270447169680362,67.10816777041943,-5.509421110105883e-05,-0.00017029119794853553,-0.00038065091306138665,1.0
1777437000,EURNZD,bullish_exhaustion,1.99656,1.99668,1.9963,1.99647,57.0,1.6300339586539587,10.805387767652089,0.022539782716492925,5.601777777778914,1.4265603944901055,-4.9198871436197,-5.137242232281174,-133.756924079535,-0.007176815169707581,0,0.5408573570710005,73.73068432671081,-0.00011520333388426174,-0.0003255746392383241,-0.00025545087078693296,1.0
1777437300,EURNZD,bullish_exhaustion,1.99647,1.99649,1.99614,1.99624,56.0,1.882725700968877,11.764366731751059,0.020431267926557858,5.287145359019722,1.3336793101565763,-2.9059954266815042,-3.124486183538563,-144.18038689808486,-0.017459390927520347,0,0.5859149260355724,90.50772626931567,-0.00021039554362201063,-0.0001402636957480441,5.5103594758243446e-05,1.0
1777437900,EURNZD,bullish_exhaustion,1.99581,1.99603,1.99567,1.99596,76.0,1.864694872340128,12.773392000181008,0.018680591938570683,4.313716475096509,0.9185801846489159,-0.9495260668416148,0.583272123794325,-161.44899554087357,0.023676649191084597,0,0.4505453622849833,27.1523178807947,0.00019539469728857561,6.513156576293255e-05,0.00010020240886587928,0.0
1777438200,EURNZD,bullish_exhaustion,1.99596,1.99635,1.99595,1.99635,66.0,1.9026542955800188,12.919468993672412,0.018068689644313567,5.137584158416293,0.8403825648806343,-0.5305211873258696,13.359687359071899,-105.02907971265289,0.12072334294800707,0,0.33311212067241447,1.545253863134658,-0.0001302376837729602,-9.517369198797088e-05,-4.508227515220842e-05,1.0
1777438500,EURNZD,bullish_exhaustion,1.9964,1.9964,1.99609,1.99609,121.0,1.8841694583089699,13.473503551736659,0.01724800556516419,4.228464730290826,0.7206344761898313,-0.29313866066595756,16.142883655769317,-95.8654430339112,0.0647694133793313,0,0.5022637490111689,56.95364238410596,3.506855903290251e-05,8.516650050860441e-05,0.0002454799132303176,0.0
1777439400,EURNZD,bullish_exhaustion,1.99627,1.99668,1.99626,1.99658,97.0,1.4727517494961262,11.889792159087772,0.01820971003272753,4.250609037327839,0.5083105099659374,-0.04709707717865758,9.870437613612552,-30.974188176526575,0.14133016365963197,0,0.30941963301078507,0.22075055187637968,8.514559897432328e-05,3.0051387873264446e-05,-0.0001552655040119033,0.0
1777557300,EURNZD,bearish_exhaustion,1.99119,1.99126,1.99026,1.99038,541.0,1.3607700579634103,21.993231324739774,0.04654531151984192,-4.526630686199376,-1.0818234086264376,13.781351006587737,-25.731708945087238,-130.5019014270222,-0.07514242756426659,0,0.566379091401648,62.365591397849464,-0.0010249299128809453,-0.0008239632632964788,-0.0008792290919322765,0.0
1777557600,EURNZD,bearish_exhaustion,1.99035,1.99047,1.98806,1.98834,1075.0,1.3294649361442854,25.68192842730563,0.05155053964614047,-5.897170731707416,-1.1728231559820668,7.841221009196353,-18.435392350775533,-228.0855199222325,-0.1619488459205921,0,0.6129717776600764,74.40860215053763,0.0002011728376434263,0.00014585030729152848,0.00023637808423115914,1.0
1777576800,EURNZD,bearish_exhaustion,1.98697,1.98698,1.98659,1.98667,240.0,2.3717224757625956,20.331396902709944,0.0208892266959279,-6.809638554216472,-2.0899579604631078,0.15042312195131943,6.593238540973452,-80.59841047218818,0.03876602601840804,1,0.4450861548365296,21.935483870967744,0.00016610710384723504,6.543613181864139e-05,-0.00020134194405707628,1.0
1777577400,EURNZD,bearish_exhaustion,1.98703,1.98706,1.98663,1.9868,233.0,1.948484284390238,16.94074149965025,0.02113952083752727,-5.950952380951536,-1.8726616381349097,1.3784637186667603,-6.707252167443059,-63.17939738818265,0.04144313901175925,1,0.4194441063539779,15.698924731182796,-0.0002667606200925654,-0.00029192671632771727,-0.00021642842762226167,0.0
1777577700,EURNZD,bearish_exhaustion,1.98674,1.98676,1.98621,1.98627,284.0,1.7878518323332324,15.365448794473645,0.0218284235562846,-6.772125205930904,-1.8334495809447238,2.9095869130290053,-9.744605817538925,-94.99911531468247,-0.04205458244606314,0,0.4703420355030908,29.89247311827957,-2.5172811349838398e-05,5.034562269989884e-05,0.00010069124539957564,1.0
1777578000,EURNZD,bearish_exhaustion,1.98628,1.98642,1.98609,1.98622,327.0,1.6906454222556935,14.326822248321049,0.02168512479555559,-6.739966832503885,-1.8491438164484735,0.5327767894771753,-18.511385521695136,-106.05267748123092,-0.021065479127870955,0,0.41916162214358993,15.483870967741936,7.552033510882517e-05,0.00012586722518137528,0.00010069378014510022,1.0
1777578900,EURNZD,bearish_exhaustion,1.98643,1.98681,1.9863,1.98642,484.0,1.3351698850425884,11.074219712560359,0.02121548169211811,-5.839186440677256,-1.695095248178882,11.277102204015769,10.827154899320817,-69.60045135154122,0.029188372429250556,0,0.555867311657136,58.924731182795696,-0.0003574269288468823,-0.00038259783932914626,-0.0003977003856183714,0.0
1777581300,EURNZD,bearish_exhaustion,1.98547,1.98547,1.98523,1.98532,216.0,1.233707876268451,10.931851380511569,0.022522457696636723,-6.017763578274349,-1.5725013761653461,3.9760120899290854,-8.269813497344392,-132.17138707332506,-0.014833251545391892,0,0.5822846405102864,66.02150537634408,-3.0221828219101354e-05,4.029577095887582e-05,-0.00010577639876696576,1.0
1777581600,EURNZD,bearish_exhaustion,1.98531,1.98543,1.98518,1.98526,211.0,1.3045179342284605,11.480908802022475,0.021875508209792185,-6.073881578946315,-1.613351171230539,0.7884520375953983,-1.3562370829735322,-121.38994750034936,-0.00589280076979289,0,0.560233350384993,60.215053763440864,7.05197304131655e-05,-7.555685401416934e-05,-0.0005137866072957298,0.0
1777612500,EURNZD,bullish_exhaustion,1.98903,1.98952,1.98902,1.98932,98.0,1.5221160297695386,10.346979244197247,0.017378515558797308,5.2280165289243445,1.6019095492140139,-1.4238331285808101,-7.944301181028834,62.930186824035324,-0.02445188062765472,0,0.4619096656295409,26.236559139784948,5.0268433435807225e-06,-0.000165885830333945,-0.0001859932037078238,1.0
1777612800,EURNZD,bullish_exhaustion,1.98932,1.98941,1.98917,1.98933,117.0,1.353210611637146,9.089580466799289,0.016301252898497574,5.406343612334006,1.6384838013684297,-1.597057238827432,1.9191919191884779,61.938984616273636,-0.022897534129099135,0,0.44453968036240415,21.50537634408602,-0.00017091181453054993,-0.00019101908682828128,-0.00020107272297709144,1.0
1777652700,EURNZD,bearish_exhaustion,1.98641,1.98656,1.98593,1.98611,933.0,1.8843549631357817,20.82404844859873,0.028051963745355245,-5.839794871795224,-1.7151677796663691,0.5815444885413005,18.813422240843494,-81.45638163575828,0.03417542750772957,0,0.5524525221736987,57.8494623655914,5.034967851758054e-06,-7.552451777603775e-05,-4.027974281384239e-05,0.0
1777653000,EURNZD,bearish_exhaustion,1.98613,1.9864,1.98605,1.98612,504.0,1.8006569964850567,19.066898879713804,0.027404472755207503,-5.730813648293806,-1.6931860142682391,0.17975009448721813,12.083246055021995,-78.59642904616271,0.036094851461381375,0,0.5732002945257636,63.655913978494624,-8.055908001536327e-05,-4.531448250866266e-05,-3.0209655005775105e-05,0.0
1777653300,EURNZD,bearish_exhaustion,1.98616,1.9863,1.98588,1.98596,490.0,1.537833079458993,16.409092722386124,0.027118946432527345,-5.864403183023564,-1.6658645905092644,0.2603380831849469,-7.75089605735166,-84.57420924572517,0.014882751414688093,1,0.5830597447839675,66.23655913978494,3.5247437007779325e-05,5.035348143977991e-05,-2.014139257588976e-05,1.0
1777653600,EURNZD,bearish_exhaustion,1.98598,1.98614,1.98571,1.98603,453.0,1.4969809486253314,13.83436665282134,0.02639868049756003,-5.639673024523795,-1.6446562693061613,0.15286061091823733,-8.950295171837261,-86.68831168834369,0.028294226172504235,1,0.5394318635451819,53.97849462365591,1.5105512001234445e-05,-5.53868773381927e-05,0.0,0.0
1777875000,EURNZD,bearish_exhaustion,1.98247,1.98267,1.98198,1.98253,368.0,4.4720388751163265,36.89431705508402,0.022446066389914168,-5.270561797753838,-1.9521846204563498,1.095211500181929,8.006460651931562,-26.538768984803145,0.11177839892423562,0,0.4261149784848167,17.419354838709676,0.00016645397547576657,0.0002068064543789827,0.00016140991561286455,1.0
1777875300,EURNZD,bearish_exhaustion,1.98258,1.9829,1.98258,1.98286,255.0,4.072831048875895,34.01441708504929,0.022370284769041494,-4.379903381642935,-1.7445032423549385,3.5725849241491163,5.126475641349202,-4.2327265609548546,0.12579272553819404,0,0.356690066554068,4.731182795698925,4.034576319056349e-05,-5.043220398848192e-06,0.00027233390153624804,0.0
1777875900,EURNZD,bearish_exhaustion,1.98298,1.98326,1.98279,1.98285,213.0,2.764015871370317,25.764456117824377,0.022406420772408734,-4.02848874598142,-1.3807899887327824,19.734535458906787,-3.1808100805887136,32.832369942220566,0.03886609437879769,0,0.3796590973492986,7.526881720430108,0.00027737852081610725,0.0006404922207934316,0.0010288221499357153,1.0
1777972800,EURNZD,bearish_exhaustion,1.98758,1.98774,1.98731,1.98734,303.0,1.5466008342203357,15.993659069179692,0.025806210455038992,-4.0962674094696805,-1.1221619232316264,1.7546960003659797,-12.206196581193442,-72.40007324909834,-0.018955790501105085,0,0.5380923216563305,53.333333333333336,0.00020127406483028132,8.050962593220135e-05,0.00037738887155680523,1.0
1778034900,EURNZD,bearish_exhaustion,1.97717,1.97733,1.97671,1.97701,180.0,1.721325153966136,18.308914781152186,0.031721784773112195,-7.0803644646919555,-1.9764506989529644,0.6803779159364571,-4.797492185436823,-96.39122235555458,0.00929374616067178,0,0.5344236026695852,51.3978494623656,-0.00012645358394736128,-0.0003388956049792391,-0.0003388956049792391,0.0
1778035200,EURNZD,bearish_exhaustion,1.97699,1.9771,1.97674,1.97676,195.0,1.764783515185395,17.773215731202654,0.028509855954768043,-7.968111533587001,-2.1616450598015766,1.7774673771154808,-7.805607921115783,-104.76014305091307,-0.010613012582897242,0,0.6292333098948751,79.35483870967742,-0.00021246888848425183,-0.00021246888848425183,-0.00026305671907567163,0.0
1778035500,EURNZD,bearish_exhaustion,1.97677,1.97698,1.9761,1.97634,289.0,1.5795223621858292,16.994965995801845,0.029202609730253654,-8.155346534653141,-2.115929681109243,2.37200470220365,-7.071059465079447,-136.35456178875978,-0.04187391936265648,0,0.43248151362261084,19.13978494623656,0.0,-5.059858121581051e-05,-0.0012194258073003894,0.0
1778037900,EURNZD,bearish_exhaustion,1.97534,1.97573,1.97522,1.97559,183.0,1.2700418453963627,21.56478543616119,0.038433364933297104,-5.150630291627245,-1.6090791413754026,1.5775434092309488,9.482030734534973,-72.81392332520694,0.06980404833751906,1,0.4933545059829168,35.913978494623656,-3.0370674077073723e-05,-0.00024802717162963894,-0.0003543245308995635,0.0
1778038500,EURNZD,bearish_exhaustion,1.97552,1.97552,1.97492,1.9751,225.0,1.2408587355524316,21.222401312007943,0.03869605155616046,-5.313196261681553,-1.47489480961853,11.273248713461829,-9.628427437118255,-80.10862186015692,0.002345650359201679,1,0.5784961851003798,64.73118279569893,-0.00010632373044405785,0.0002734038782845616,0.00028859298263372857,1.0
1778038800,EURNZD,bearish_exhaustion,1.97515,1.97522,1.97482,1.97489,199.0,1.245615434490053,21.330332005646408,0.038736334681932445,-5.342745098037745,-1.4482298495738117,12.568521350661939,-24.774430896435305,-84.07830513815382,-0.008929827171357426,1,0.5148912189884481,45.376344086021504,0.0003797679870778392,0.00039495870656081067,0.000562056620875051,1.0
1778171700,EURNZD,bullish_exhaustion,1.97243,1.97321,1.97237,1.97321,263.0,1.3403292818247805,18.89250267444296,0.034389214963001055,4.024631578946744,1.1341975564875975,-3.370657196668958,7.515661823401658,60.4786522799234,0.02898035877230224,0,0.5269908237648242,65.39440203562341,-0.00014190076068931745,-0.00019257960379270855,-0.00017230806655144093,1.0
1778516400,EURNZD,bearish_exhaustion,1.97388,1.97394,1.97378,1.97385,114.0,2.040538932593001,13.352898755358497,0.01925171618917341,-6.307368421051704,-1.900902102529815,0.5054895133261403,5.0460157126852465,-64.41751889727709,0.0487855134251552,0,0.44119538763519334,24.173027989821882,-2.5331205512069133e-05,9.119233984344888e-05,0.00012665602756034566,1.0
1778516700,EURNZD,bearish_exhaustion,1.97384,1.97411,1.9738,1.9738,173.0,1.9113925652252033,12.159851075300349,0.01755135127310634,-6.786391752576626,-1.9921171979505872,1.848104370171863,5.071184659834913,-55.078594832249344,0.03475677689714603,0,0.4426545393421005,24.681933842239186,0.00011652649711213492,0.00015199108318975085,0.0005066369439659102,1.0
1778517000,EURNZD,bearish_exhaustion,1.97382,1.97414,1.97368,1.97403,139.0,1.6116334666953311,10.220635932820645,0.017730226997563017,-5.817142857142762,-1.8247806123288919,3.768194455250359,8.771526551354349,-45.39154539155346,0.07149110248472546,0,0.46277583541328116,34.35114503816794,3.5460453995161956e-05,0.00039006499394655947,0.00025328895710807764,1.0
1778517300,EURNZD,bearish_exhaustion,1.97404,1.97434,1.97404,1.9741,123.0,1.6876009142600485,9.779380371916155,0.01725922120025741,-5.542473794547742,-1.718444478726877,12.306871435791809,9.105060264474702,-8.127972330327037,0.06279376587437911,1,0.5229343091927848,62.34096692111959,0.00035459196595932774,0.00021782077908927278,0.00023808317714402172,1.0
1778649000,EURNZD,bullish_exhaustion,1.97486,1.97508,1.97477,1.97508,190.0,1.6451096050073488,17.062673765792795,0.028931920298346795,5.433399999999876,1.5383526364551428,-1.6188779177149684,-14.818391389819954,34.682425978966485,-0.041472733317602414,1,0.44933924965749655,28.498727735368956,5.0630860521927445e-06,-0.0001367033234096482,-0.00020252344208837592,1.0
1778649300,EURNZD,bullish_exhaustion,1.97508,1.97521,1.97497,1.97509,93.0,1.7852140139224841,16.7793977987088,0.027087373233626387,5.6523364485980565,1.5405878492381264,-3.505662154858584,-6.277501991787922,41.25443345152567,-0.030369946650880972,1,0.4629194049233786,34.605597964376585,-0.00014176569168999897,-0.0002075854771175223,-0.00018733323544750657,1.0
1778649600,EURNZD,bullish_exhaustion,1.97514,1.97517,1.97481,1.97481,151.0,1.7909644373646596,15.45423490162558,0.024957192988549974,5.396289855071759,1.520758107282339,-6.238728681969562,-0.5599162742027026,21.347622887525183,-0.05859998257412634,1,0.4227962453182307,18.575063613231553,-6.582911773789224e-05,-4.557400458771177e-05,1.0127556575145746e-05,1.0
1778649900,EURNZD,bullish_exhaustion,1.97482,1.97534,1.97463,1.97468,176.0,1.5231762921621101,14.22290467988103,0.02579079720692729,4.802412342214868,1.319653253724322,-14.30618914072123,-5.400551829127476,9.965031431305503,-0.04966856328516011,1,0.4109254962172751,15.521628498727736,2.025644661407533e-05,7.596167480294902e-05,-0.0001417951262989714,0.0
1778650200,EURNZD,bullish_exhaustion,1.97465,1.97518,1.97464,1.97472,122.0,1.26113151317647,12.005442590964476,0.02521153089335039,4.823070301290534,1.219111176597356,-22.158988238639296,-7.322760516932121,-4.096834264409549,-0.02088452372072127,1,0.4038505018691663,14.50381679389313,5.570409982169622e-05,-0.00016204829039057067,-4.5576081672327184e-05,1.0
1778809800,EURNZD,bullish_exhaustion,1.97854,1.97977,1.97854,1.97962,347.0,1.622448705348648,25.792466756180882,0.0392571734546465,5.211911764706788,1.3027684464858722,-0.5415554984185178,12.649129482670986,101.86281899427698,0.05738386976900803,1,0.5231275036349781,69.84924623115577,3.5360321677835316e-05,4.546327072874057e-05,0.00044958123276184203,0.0
1778812500,EURNZD,bullish_exhaustion,1.97979,1.98003,1.97963,1.97993,245.0,1.2458029338050387,16.869164889510124,0.035499090516188936,4.491097560975152,1.3644124992474653,-1.0420639281715012,-4.785809906294482,62.452867937880086,-0.038972697613384615,1,0.510393055267901,62.06030150753769,-0.00018182460996096772,-0.00022223007884114576,-0.0003990040051921051,1.0
1778819100,EURNZD,bullish_exhaustion,1.98079,1.9818,1.9806,1.98177,247.0,1.2361170825866146,12.585356859021013,0.025950827507010076,5.013944444445031,1.0704729354683322,-1.1645881965318137,10.254505842742176,199.1118327982567,0.12180829546591924,1,0.5678199500638847,90.45226130653266,-0.00030780564848598146,-0.0002623917003486964,9.587389051191053e-05,1.0
1778823300,EURNZD,bullish_exhaustion,1.98356,1.9844,1.98334,1.98406,295.0,1.9955445209672804,31.122153347116804,0.037693272524881166,4.337459407831991,1.5189875602786718,-0.5912354192552272,-12.95585759422097,67.94498207238908,-0.060856010598684764,0,0.46642862354601666,33.91959798994975,-1.008034031224625e-05,0.0007661058637340457,0.0004132939528038726,0.0
1778823600,EURNZD,bullish_exhaustion,1.9841,1.9841,1.98354,1.98404,381.0,1.997275051252846,30.663118328122152,0.036973620923542096,4.255073028237715,1.4913293000319654,-0.3969569416529737,2.433521411339843,59.29991462372439,-0.057218286300327485,0,0.5114514697380221,63.5678391959799,0.0007761940283461666,0.0004233785609160101,0.00026209149009104316,0.0
1778823900,EURNZD,bullish_exhaustion,1.98405,1.98625,1.984,1.98558,1068.0,1.6506855200948696,31.59885422313028,0.043132413271113904,5.275396163469769,1.3678676095022757,-0.4133908647948914,17.0704434625451,114.63119709794327,0.0723934459452357,1,0.5468929462121047,83.41708542713567,-0.00035254182656951905,-0.0005137038044298325,-0.00042305019188348947,1.0
1779212700,EURNZD,bearish_exhaustion,1.98841,1.98866,1.98823,1.98823,265.0,1.3591142706023156,10.908622817103822,0.018968774092681284,-4.288030303029288,-1.1791996655858714,0.5000996316770413,-5.42717219237943,-19.595918643183264,0.031337118470377456,1,0.4684105291628322,35.175879396984925,-3.017759514745144e-05,2.5147995956320557e-05,0.0,1.0
1775246400,EURUSD,bearish_exhaustion,1.15144,1.15146,1.1514,1.15142,41.0,2.0655014855289804,4.591934544476653,0.007196083345527011,-4.530689655174186,-1.438512082610165,6.826555857389181,-7.407407407427968,-73.28244274815061,-0.004813541981624914,0,,,0.0002258081325667849,0.0003300272706743268,0.00021712320439104538,1.0
1775465100,EURUSD,bullish_exhaustion,1.15573,1.15578,1.15556,1.15567,292.0,2.797112660903684,40.096228541153096,0.04431566598967402,4.1258019525806215,1.4477754146864537,-0.6105830828867624,-16.07396244785132,29.926934764317448,-0.06988151193676288,0,,,-0.00019036576185238463,-0.00013844782680172418,-6.0570924225733513e-05,1.0
1775465700,EURUSD,bullish_exhaustion,1.15546,1.15587,1.15541,1.15551,366.0,2.570053111495706,32.11847671725443,0.038202055493122236,4.035080906149157,1.3891758194211095,-7.530022780313999,-1.6574233441710113,13.409792677559272,-0.049432365810888564,0,,,7.788768595684559e-05,0.00024231724519907516,2.5962561985615196e-05,0.0
1775466000,EURUSD,bullish_exhaustion,1.15553,1.15568,1.15548,1.1556,528.0,2.29083923526794,26.088503631393372,0.03510853978143778,4.398661971831221,1.4000399171509228,-15.304454390465253,5.5614760418008835,2.32846645669292,-0.017911326262804804,0,,,0.00016441675320200133,-5.192107995843909e-05,-6.92281066111411e-05,1.0
1775466300,EURUSD,bullish_exhaustion,1.15558,1.15581,1.15557,1.15579,331.0,1.7424493989192262,19.78101266142358,0.03312514754904965,4.909925373134643,1.413796785603293,-22.327572167036358,18.632567373796444,5.830600239420589,0.02341306611925144,0,,,-0.00021630226944346909,-0.0002336064509989022,-0.00012112927088836489,1.0
1775466600,EURUSD,bullish_exhaustion,1.1558,1.15582,1.15551,1.15554,237.0,1.360967615045399,14.789843230912032,0.032390545916691736,4.187175572518775,1.3204492229620368,-18.50144589328378,11.99044544190049,-31.07027394933107,-0.0242789083071816,0,,,-1.7307925298970517e-05,9.519358914444886e-05,2.5961887948566797e-05,0.0
1775554200,EURUSD,bullish_exhaustion,1.15688,1.15727,1.15678,1.15725,662.0,1.6739586768119454,27.154281365999868,0.04234175847915371,4.740816326530704,1.3838876890949274,-0.30197855538084184,7.6845957076833145,73.67286751365073,-0.011875202360702641,0,,,-0.0002765176063943553,-0.0005875999135880328,-0.0006912940159861103,1.0
1775607000,EURUSD,bullish_exhaustion,1.16789,1.16875,1.16769,1.1679,1443.0,1.4564241506910895,47.365375331862985,0.08531796998275372,4.937232974909927,1.6484566650693482,-1.4630553244985265,-19.67177086595763,51.02988727513543,-0.0671241141049428,0,,,-0.0006250535148556446,-0.00039386933812812774,-0.0003681822073806629,1.0
1775607300,EURUSD,bullish_exhaustion,1.16791,1.16796,1.16699,1.16717,1474.0,1.40018709864194,43.75682140540695,0.08531013354646762,4.061406025824371,1.4816880432861488,-4.013719021832799,-13.58411365861903,3.2503905202262606,-0.09551889164926675,0,,,0.00023132876958786852,0.0002570319662087428,-9.424505427657603e-05,0.0
1775682000,EURUSD,bearish_exhaustion,1.16616,1.16616,1.16488,1.16488,25.0,1.3337063187712777,15.279366934355783,0.03127238121400675,-4.434431372549965,-0.390120725709512,0.012235114343937425,-20.701754385965337,-213.21138211382575,-0.2548071686532076,0,,,0.0012619325595770725,0.001287686285282641,0.0013907011881053588,1.0
1775728800,EURUSD,bullish_exhaustion,1.16744,1.16795,1.16742,1.16786,424.0,1.5239879329472552,15.353292639986641,0.026544277567514006,4.038709677419141,1.0268386681132242,-0.45463315458474085,14.587189966732282,81.49070456401375,0.03860759706128416,1,,,-0.00015412806329517803,-0.000162690733478299,-0.0002397547651258325,1.0
1775753400,EURUSD,bullish_exhaustion,1.17096,1.17127,1.17091,1.17107,495.0,1.624689118012994,20.76328799772205,0.03702352793355186,4.067149917628472,1.3982180675110476,-0.05668832688579073,-5.6695663237982075,67.34747316052187,-0.051586942167498276,0,,,-1.7078398387937455e-05,0.00019640158145972642,0.0004525775572765678,0.0
1775754000,EURUSD,bullish_exhaustion,1.17108,1.17132,1.171,1.1713,310.0,1.452708264667896,17.669461042254593,0.03280847897939981,4.896356877324442,1.4720773148725375,-0.20447764245432154,13.701819552113186,75.1009630320336,6.194743663681813e-05,0,,,0.0002561256723299099,0.00028173823956278987,0.00039272603090578784,0.0
1776060600,EURUSD,bearish_exhaustion,1.16942,1.16948,1.16888,1.16888,445.0,6.484097266031942,60.975304642289586,0.02224351515981435,-10.529230769230537,-3.3470662990791107,0.8934788552736085,1.4970273733731574,-28.871758934832812,0.06586122820514671,0,0.8101558617740111,97.46543778801843,-2.5665594415191784e-05,0.0001454383683525684,-1.7110396276720508e-05,1.0
1776060900,EURUSD,bearish_exhaustion,1.16891,1.16916,1.16876,1.16885,438.0,5.581299534613707,55.93067883934514,0.02267185695341909,-10.20452830188588,-3.14105589313348,0.4927156338269827,-15.697674418610283,-31.909658589565954,0.04910174831025959,0,0.8098545621205078,97.23502304147466,0.00017110835436540128,8.555417718270064e-06,-8.555417718270064e-05,1.0
1776061500,EURUSD,bearish_exhaustion,1.16904,1.1692,1.16886,1.16886,366.0,3.4630992043835627,40.16616163027804,0.02487160872254458,-8.784570024569485,-2.5468581028833746,1.0416919249344827,-8.83036070670892,-16.630496503552582,0.016441392133793618,0,0.6606538177895476,85.71428571428571,-9.4108789761016e-05,-0.0004619886042810384,-0.0008042023852300462,0.0
1776061800,EURUSD,bearish_exhaustion,1.16887,1.16904,1.16868,1.16875,309.0,2.149307967644531,26.624490553697786,0.02585179526356513,-8.558865248226637,-2.3560298544521894,2.1635570182666095,-5.431955211022444,-20.54909887147806,-0.009375658003479488,0,0.7472700004784926,94.47004608294931,-0.0003679144385025923,-0.0007101604278073603,-0.0007187165775400794,0.0
1776103200,EURUSD,bullish_exhaustion,1.17335,1.17374,1.17335,1.17369,402.0,2.0997717824813003,23.701334815651805,0.027507871998325672,6.052212389379772,1.8921623858786483,-0.6936015645265456,6.699540891490734,73.32994713772864,-0.009479192584444669,0,0.31883511889757443,14.285714285714285,-8.520137344614209e-05,-8.520137344425471e-06,0.0,1.0
1776104400,EURUSD,bullish_exhaustion,1.17369,1.17374,1.17354,1.17369,585.0,1.6757553867771013,14.510646028121643,0.024890972671050445,5.825232273837891,1.818615797446395,-1.1448846840179243,-0.9850275807667401,64.97121528440012,-0.023477798442461492,1,0.43009246560085035,34.331797235023046,1.7040274689295032e-05,0.0010394567560430001,0.0010735373054213682,0.0
1776104700,EURUSD,bullish_exhaustion,1.17368,1.17374,1.17353,1.17371,569.0,1.6469919445088712,13.474846963356173,0.022395407967654015,6.322826086956502,1.94102212513498,-7.358755154340784,-2.631149386463875,63.03654648028261,-0.02046303693515467,1,0.35459480787040154,18.89400921658986,0.0010223990593927201,0.0010564790280391811,0.001099078988847424,0.0
1776105000,EURUSD,bullish_exhaustion,1.1737,1.17495,1.17365,1.17491,1202.0,1.3933353411997946,16.195250485267977,0.02790487295683361,8.487843137254721,1.7800581503317345,-24.54083591759833,3.461323496537659,235.35771539353203,0.21740805304409408,1,0.46156258834208175,43.54838709677419,3.40451609059933e-05,7.660161203859595e-05,0.00040854193087125346,0.0
1776109500,EURUSD,bullish_exhaustion,1.17594,1.17594,1.17577,1.17593,281.0,2.9105706737886576,30.014780644896863,0.0317681689021824,6.373078393880967,1.9467338181656118,-1.5485375394547418,-8.207185172598045,55.380605928987,-0.05416294658053559,0,0.4017897478522254,28.57142857142857,7.653516790973036e-05,7.653516790973036e-05,0.00027212504145657235,0.0
1776109800,EURUSD,bullish_exhaustion,1.17593,1.17624,1.17593,1.17602,725.0,3.2256626747625616,27.662450766359512,0.03182647525430892,6.32938931297652,1.8669302486639583,-6.07234891599974,-9.230908949895351,67.52372942450684,-0.02944847942660399,0,0.43862973013117523,36.63594470046083,0.0,0.00019557490518873344,0.0002040781619361276,0.0
1776110100,EURUSD,bullish_exhaustion,1.17604,1.17616,1.17595,1.17602,502.0,3.1028944668702074,24.495319667856286,0.02933623577830377,6.5855072463755215,1.9376513757682579,-12.759630245761642,-6.168874615271932,63.03996432751608,-0.029725055759132615,0,0.38479223682868835,25.115207373271893,0.00019557490518873344,0.0002040781619361276,9.35358242204476e-05,0.0
1776110400,EURUSD,bullish_exhaustion,1.17603,1.17628,1.17598,1.17625,271.0,2.5414934919801526,20.40712571166327,0.028237437376651242,7.207139784945172,1.9735453444183388,-23.088143484991583,9.87806234932053,78.88598781550797,0.016931792705157836,0,0.3149664328778108,13.82488479262673,8.501594048970773e-06,-0.0001020191285867611,-5.100956429326953e-05,1.0
1776110700,EURUSD,bullish_exhaustion,1.17625,1.17628,1.1761,1.17626,254.0,1.7632147160035472,14.156338635548446,0.024472237673400548,7.981736972703638,2.2186307535651735,-19.898198625973123,15.183143093031944,90.85056604958665,0.00490306991258039,0,0.28277333084789086,9.90783410138249,-0.00011051978304132959,-5.951065240683562e-05,-0.00017853195722039583,1.0
1776111000,EURUSD,bullish_exhaustion,1.17626,1.1763,1.1761,1.17613,175.0,1.5992061863860203,12.621287316073555,0.02070956684817345,8.464868035188562,2.495360432789523,-14.126150042012668,4.956896821722111,81.99259762823392,-0.04134652781200896,1,0.18630455063207907,3.9170506912442393,5.101476877578115e-05,-6.801969170067146e-05,-0.0001700492292519007,1.0
1776111300,EURUSD,bullish_exhaustion,1.17614,1.17625,1.17613,1.17619,90.0,1.4787541733311738,10.764604173486733,0.01894737609205517,9.057820512819399,2.6092408618150964,-9.151519923855208,-5.581096920267086,83.83098081795691,-0.01985548357684637,1,0.19312995567584945,4.147465437788019,-0.00011902838827060336,-0.0002210527210740887,-0.00020404866560674861,1.0
1776124200,EURUSD,bullish_exhaustion,1.17652,1.17659,1.17644,1.17656,192.0,1.7524454595673256,7.747241783653292,0.011231289279157076,4.072864864863724,1.4100326829024685,-0.6955511648249653,-2.564102564098249,89.14697849551985,-0.010842777570922807,1,0.3061060964270424,11.751152073732719,7.649418644173345e-05,-0.00022098320527652593,-0.0002889780376691409,1.0
1776124500,EURUSD,bullish_exhaustion,1.17656,1.17666,1.17651,1.17665,234.0,1.7753906145749592,7.8484379228125025,0.011716070442114646,4.452435233159023,1.3942615119602673,-0.44594737580347965,11.091203482513158,103.3235659037386,0.01970014005669063,1,0.34839118465848956,17.51152073732719,-0.0002974546381677712,-0.00036544426974882693,-0.00022096630263879202,1.0
1776157200,EURUSD,bullish_exhaustion,1.17827,1.17887,1.17824,1.17887,452.0,1.2636676351762015,14.629258594184085,0.027629364197434343,4.543245614035064,0.7407772967897307,-0.43756044927604076,3.0010304474241423,95.11297950602562,0.13087727902253976,1,0.3738359864524961,22.350230414746544,-6.786159627447663e-05,-9.330969487730822e-05,-7.634429580882784e-05,1.0
1776330900,EURUSD,bearish_exhaustion,1.17818,1.17839,1.17797,1.178,375.0,1.5470558793593512,16.276591348723958,0.029347562454523135,-4.404793388429284,-1.0874625027886775,13.165182968575394,-23.4618576152159,-85.93298671285669,-0.06333722904347536,1,0.6835582674170503,88.94009216589862,-9.337860780966878e-05,-9.337860780966878e-05,0.0003395585738539264,0.0
1776331200,EURUSD,bearish_exhaustion,1.178,1.17807,1.17782,1.17789,321.0,1.4325091465269881,14.97530790869898,0.027470428356758527,-4.868785871963747,-1.2120340674141115,7.566351518466128,-16.51970252558866,-112.1368783850352,-0.057219632240140914,0,0.7236503165550113,93.31797235023042,0.0,0.0004329776125102658,0.00031412101299777007,1.0
1776456900,EURUSD,bearish_exhaustion,1.17711,1.17718,1.17696,1.177,145.0,1.926228791691065,20.48065805419248,0.02809807015414169,-5.078704103671293,-1.7353895638559804,0.73335926520288,21.358664127206623,-62.64277480875196,0.07265950360908749,0,0.7011433803050248,90.55299539170507,6.796941376374654e-05,-0.0005012744265081581,-0.00021240441801195775,0.0
1776457200,EURUSD,bearish_exhaustion,1.17699,1.17708,1.17677,1.17708,167.0,1.722595491303372,18.667872504038964,0.027914111918593176,-4.694869565217644,-1.6443160687305485,1.3708222985973473,17.601841575206244,-65.0906225374117,0.07602665333592726,0,0.515590775632281,60.82949308755761,-0.0005692051517313113,-0.00028035477622589955,-0.000203894382709624,0.0
1776457500,EURUSD,bearish_exhaustion,1.17704,1.17704,1.1764,1.17641,316.0,1.6885307549737874,19.21795903660714,0.030783728219142884,-5.89877712031507,-1.5496846843099263,3.346533462229627,-14.474009568354369,-104.38990667125682,-0.06537666153961322,0,0.7839112472375386,96.31336405529954,0.0002890148842664697,0.0003655188242195351,0.00018700963099615997,1.0
1776458400,EURUSD,bearish_exhaustion,1.17684,1.17687,1.17662,1.17663,370.0,1.6230204038330711,18.640462748635557,0.029078202760666524,-5.027724425887184,-1.4823149787686232,3.746838506814024,4.484570799782979,-75.3796780633176,0.0006556231000769989,0,0.6779699802315639,88.24884792626729,-0.00024646660377525276,-0.00028046199739950595,-0.0003994458750838925,0.0
1776458700,EURUSD,bearish_exhaustion,1.1766,1.17673,1.17634,1.17634,301.0,1.5386742274629666,17.516344095651647,0.028295997998634304,-5.822918454935434,-1.551951856608419,7.462801054747579,-6.355790179319772,-110.75020657039406,-0.04644426113807462,0,0.829161090007475,98.15668202764977,-3.400377441897806e-05,-0.00015301698488523474,,0.0
1776664500,EURUSD,bearish_exhaustion,1.17527,1.17547,1.17527,1.17531,443.0,2.318033488910988,22.552003351663416,0.026315245704169845,-6.1393071593539865,-2.001451376096135,1.0948718412297387,25.10919879341035,-64.93659687409712,0.10417734687163817,1,0.7115069740916968,91.47465437788019,-1.7016787060564198e-05,-9.359232883243696e-05,-0.000195693051195156,0.0
1776664800,EURUSD,bearish_exhaustion,1.1753,1.17544,1.17516,1.17529,766.0,2.0569785508182763,20.853476765925038,0.025525614954604137,-6.124000000000619,-1.9544666877682124,3.546799035392072,18.205019995574517,-65.0015109360861,0.0804172893626088,1,0.6565076765176526,84.7926267281106,-7.65768448637294e-05,-0.00017867930468229432,-0.00022122199627316874,0.0
1776665100,EURUSD,bearish_exhaustion,1.1753,1.17542,1.17502,1.1752,455.0,1.8878890672400972,20.68174293194567,0.024737430710878097,-6.3306142506147545,-1.9305323148416,6.3278609233926835,2.545385019609057,-68.99676375403332,0.0455472850180088,1,0.49136471135708926,53.686635944700456,-0.00010211027910156378,-0.00014465622872705808,-0.00028931245745400513,0.0
1776665400,EURUSD,bearish_exhaustion,1.1752,1.17532,1.17499,1.17508,547.0,1.7214657617126834,19.562776510222253,0.024618384644931296,-6.479407407408456,-1.8830507206546228,8.668389569646777,-10.588141233307041,-72.6864330638087,0.012799009495484969,1,0.6083469045399691,78.57142857142857,-4.255029444788505e-05,-0.00018722129557124934,-6.80804711167271e-05,0.0
1776665700,EURUSD,bearish_exhaustion,1.17506,1.17508,1.17485,1.17503,429.0,1.5812703608318066,17.64814423732304,0.024923375816540406,-6.274731707317328,-1.8083835570957578,11.0732882520672,-15.352449223415405,-85.24338090434043,0.006421018588136761,1,0.5058933518180943,58.986175115207374,-0.0001446771571789185,-2.5531263031508544e-05,0.00015318757818949535,0.0
1776666000,EURUSD,bearish_exhaustion,1.17503,1.17512,1.17486,1.17486,681.0,1.4782380341681431,16.19765001142679,0.025534957356617052,-6.419333333334305,-1.7508696290930887,16.09820742377856,-19.05866837523035,-86.24338624336158,-0.02379743167864639,1,0.7179021750703417,92.62672811059907,0.00011916313433091297,0.00029790783582739344,0.0007660487206986311,1.0
1776666300,EURUSD,bearish_exhaustion,1.17487,1.17501,1.17473,1.175,389.0,1.3897107478685804,14.992021639530448,0.026261398176288357,-5.521574074074183,-1.6356305782543694,17.315051186213836,-6.416808564567425,-86.76871339940298,0.023529442435683997,0,0.6074185736728623,78.11059907834101,0.00017872340425539868,0.0006468085106381416,0.0010382978723404435,1.0
1776943800,EURUSD,bearish_exhaustion,1.16817,1.16823,1.1679,1.16801,406.0,1.3326974043318955,12.68392092460838,0.023972397496599025,-4.476428571427216,-1.3055814481576107,0.5428980371725102,-2.9257413559736207,-77.99910474487952,0.008076314421637937,0,0.5647182983224371,81.67770419426049,-6.84925642761014e-05,0.00030821653924184567,0.0005736252258112806,1.0
1777520700,EURUSD,bearish_exhaustion,1.16668,1.16668,1.16652,1.16658,160.0,1.225668741586565,10.336219865678677,0.021246476268844433,-4.179020172911309,-0.8859476655473021,16.518222449007155,-19.159928122200874,-70.25322691889842,-0.0542169048790998,1,0.5783939539036698,64.51612903225806,-2.5716196060288077e-05,-8.572065353318337e-06,-0.0001628692417150468,0.0
1777565100,EURUSD,bullish_exhaustion,1.17315,1.17355,1.17307,1.17311,861.0,1.4408432373939164,25.65681291196784,0.04901501138000766,4.0410434782607805,1.1431832930585608,-0.33219355248701277,12.657871336539117,80.2330662782358,-0.004876422255317952,1,0.6411657235523797,80.86021505376344,4.262174902591731e-05,-0.00043474184006619954,-0.000366547041624532,1.0
1777661400,EURUSD,bearish_exhaustion,1.17275,1.17278,1.17242,1.17253,348.0,1.2090255683725408,15.833273492532587,0.03685559065804997,-4.518876033057019,-1.2522892444028761,4.76844853555164,7.759103641454985,-51.38822530123874,0.014350755022882746,0,0.614577235520583,75.05376344086021,0.00016204276223197311,-1.7057132866593605e-05,4.264283216626197e-05,0.0
1777665000,EURUSD,bearish_exhaustion,1.17204,1.17205,1.17176,1.17185,364.0,1.2401108821392925,8.462140898351011,0.0205413905972857,-6.631928783382363,-1.6205769896845716,0.3070711841258742,-6.260281890531958,-177.47620726117535,-0.05893194959490234,0,0.6237601082708735,77.63440860215054,8.533515381659029e-05,0.00015360327686986253,0.0002304049153047938,1.0
1777665600,EURUSD,bearish_exhaustion,1.17196,1.17215,1.17192,1.17203,358.0,1.3053978063196503,9.041704838471977,0.019380293776001485,-5.437106918239109,-1.6275804427852092,0.09155732412844486,12.268881911739133,-93.52611697272502,0.03429458315561529,0,0.4370060540751348,20.64516129032258,7.678984326342508e-05,8.532204807121246e-06,-0.000110918662491577,1.0
1777665900,EURUSD,bearish_exhaustion,1.17204,1.17212,1.17198,1.17212,268.0,1.3293162372664713,9.162114584586533,0.017733435386919124,-5.183367697594192,-1.6672470513723427,0.4348774376858131,21.618262689687633,-73.09035463084567,0.06132898736424461,0,0.5454175829706124,55.91397849462365,-6.825239736552025e-05,-0.0001876940927550974,-0.0001876940927550974,0.0
1777666200,EURUSD,bearish_exhaustion,1.17212,1.17224,1.17203,1.17204,115.0,1.2858667183872259,9.125884337384576,0.016881432618097877,-5.497906137185338,-1.6721604191289214,0.41199233127625234,13.893976393972785,-61.94925279444155,0.02144549405766989,0,0.444665018658861,21.72043010752688,-0.00011944984812806148,-0.00011944984812806148,-0.00030715675232917405,0.0
1777666500,EURUSD,bearish_exhaustion,1.17204,1.17206,1.17189,1.1719,132.0,1.364080306033856,9.355444930213007,0.017127253666208733,-5.770391459075969,-1.6239292106084835,0.3032833749895474,-4.208607562264021,-94.00544959122512,-0.026123063512169573,0,0.5322226341650553,50.32258064516129,0.0,-0.00018772932844091095,-4.266575646372228e-05,0.0
1777666800,EURUSD,bearish_exhaustion,1.17191,1.172,1.1719,1.1719,121.0,1.4184626707026893,9.389905970726623,0.016152036375606544,-5.756377358491293,-1.682059617952461,0.20028316151356762,-23.33802376486309,-89.36659230711903,-0.010948224398426878,0,0.45320142960172,23.440860215053764,-0.00018772932844091095,-4.266575646372228e-05,-0.00023892823619753312,0.0
1777667100,EURUSD,bearish_exhaustion,1.17191,1.17191,1.17165,1.17168,164.0,1.3790644473700562,9.411871335834833,0.01682565693217259,-6.262463768115655,-1.6556087893305962,0.12446224335504041,-21.77196939909627,-129.71654702739798,-0.07154149565183168,0,0.536510642882803,52.04301075268817,0.00014509080977731514,-5.120852109785634e-05,0.0001962993308752825,0.0
1777667400,EURUSD,bearish_exhaustion,1.17168,1.17189,1.17163,1.17185,123.0,1.4118325220263344,9.346713535447162,0.017493706532408292,-4.882926829268887,-1.5384374899046525,0.07439149413932,-1.6959757214480948,-110.17833428195813,0.019158858635100067,0,0.4555032905101495,24.301075268817204,-0.00019627085377815767,5.1201092289954175e-05,-8.533515381770052e-06,1.0
1777667700,EURUSD,bearish_exhaustion,1.17183,1.17183,1.17159,1.17162,197.0,1.2594402182333726,9.068895802110571,0.017619072005309516,-5.6571626297575905,-1.5574672754615866,0.04327547687414324,2.8937860857208832,-134.64447806350185,-0.05119545151902294,0,0.5091201589745172,41.935483870967744,0.00024752052713328254,0.0001877741929976473,0.0003499428142228478,1.0
1778026800,EURUSD,bullish_exhaustion,1.17147,1.17172,1.17131,1.17156,543.0,2.5468406148772793,23.828836526749672,0.026277539593117686,4.559257540602559,1.298457730943024,-5.424772556852503,13.780384821208223,18.928825428080266,0.010077144717590011,0,0.5111524022878904,42.795698924731184,-0.00017071255420120224,0.00023899757588186077,0.00023899757588186077,0.0
1778027400,EURUSD,bullish_exhaustion,1.17138,1.17191,1.17132,1.17184,500.0,1.2259913804859388,14.14772465243315,0.02755129905594046,4.950176991149549,1.1474697578235962,-22.617721748502426,7.8390172535541325,23.36058128971101,0.0774065503632908,0,0.33146166435697466,2.795698924731183,0.0,7.68022938284485e-05,-8.533588203163411e-05,0.0
1778062500,EURUSD,bullish_exhaustion,1.17688,1.17701,1.17675,1.17692,596.0,1.915162559318152,27.865835544201946,0.03969198052058124,4.924403669724595,1.7085362135225235,-1.2748017859379388,-21.017535751471335,30.179050635717847,-0.09042021513665098,0,0.5054124529845401,40.43010752688172,-0.0001699350847975678,8.496754239972759e-06,0.0003313734153553849,0.0
1778062800,EURUSD,bullish_exhaustion,1.17691,1.17693,1.17668,1.17672,716.0,1.8479606188323023,23.87059063009574,0.038545399803810804,4.477354330708429,1.5918851835316743,-3.1747566779542353,-10.35318757132867,8.621503414020864,-0.09380055056690569,0,0.5522645568033278,57.634408602150536,0.00017846216602079856,0.000501393704534614,0.0005863756883541793,0.0
1778063100,EURUSD,bullish_exhaustion,1.17674,1.17705,1.17665,1.17693,713.0,1.475303651192404,18.152491752644345,0.03592882693593685,5.120405405405348,1.5866763539301165,-7.239822723339159,3.9799574163279594,10.649296939627837,-0.033192496646785495,0,0.5327742187606592,50.752688172043015,0.00032287391773522245,0.00040784073819177813,0.0011640454402555012,0.0
1778063400,EURUSD,bullish_exhaustion,1.17694,1.1775,1.17694,1.17731,749.0,1.3819505682833875,18.459505551774036,0.03652394016868777,5.738139534884033,1.5199352754671835,-11.401316040931675,16.3616718298605,63.20621468930658,0.03664234723809805,1,0.616439303517969,75.6989247311828,8.493939574116816e-05,0.0008409000178370984,0.0009258394135782666,0.0
1778063700,EURUSD,bullish_exhaustion,1.17732,1.17743,1.17709,1.17741,623.0,1.4198803578740935,18.24135741859415,0.03542885291808547,5.95575342465778,1.535435613843343,-16.711521423144745,25.65767973856459,66.55773420484674,0.038443042988742154,1,0.5103681383106311,42.58064516129032,0.0007558964167111437,0.0008408285983640962,0.0017326165057203191,0.0
1778064000,EURUSD,bullish_exhaustion,1.17742,1.1784,1.1774,1.1783,1356.0,1.2513412339758827,18.54080626427163,0.03703883318582228,7.487594108019446,1.5900636059969606,-19.227372260106534,23.831906284971502,168.64695966782074,0.15134774366150316,1,0.521335954454655,47.096774193548384,8.486803021301448e-05,0.0009759823474499996,0.0005092081812783089,0.0
1778188800,EURUSD,bearish_exhaustion,1.1728,1.17289,1.17278,1.17282,63.0,1.761347001852599,18.435147669139063,0.025579372793778983,-4.389333333333746,-1.574776679954174,0.1318727644768901,9.131911868439545,-62.85458010985128,0.0695978779393858,1,0.47829427854196044,42.23918575063613,8.526457597968218e-06,-0.00030695247352530153,-0.0001790556095564444,0.0
1778189100,EURUSD,bearish_exhaustion,1.17283,1.17294,1.17279,1.17283,122.0,1.8269974756738467,16.694131298451275,0.02490922445221113,-4.283520782395598,-1.5343371997518933,1.132469220884578,5.155843029373784,-53.76539838583691,0.060476696996936766,1,0.44899895153192404,28.24427480916031,-0.00031547624122851836,-0.00018758046775757542,-0.00020463323755359752,0.0
1778189400,EURUSD,bearish_exhaustion,1.17282,1.17283,1.17236,1.17246,144.0,1.5998637105830107,16.147118314143334,0.025952758668587855,-5.11755868544558,-1.4910424167526815,3.1948802716346556,-13.117019721434481,-91.88827045972891,-0.03148821905625781,1,0.4831525126624264,45.038167938931295,0.00012793613428163653,0.00011087798304409979,0.00011087798304409979,1.0
1778189700,EURUSD,bearish_exhaustion,1.17244,1.17278,1.17241,1.17261,113.0,1.4934502852031615,16.448538636108747,0.026680408904679504,-4.364292237442881,-1.4090850324149724,1.1092333883886107,-15.577366143889982,-78.20715036806824,0.022339723975977728,1,0.41812980213042195,17.557251908396946,-1.7055969162682594e-05,-1.7055969162682594e-05,4.2639922907206085e-05,0.0
1778190000,EURUSD,bearish_exhaustion,1.17262,1.17264,1.17258,1.17259,40.0,1.37727420511887,14.888156133500125,0.025097068394386697,-4.607087378640451,-1.4521192623671266,1.5640916937034808,-12.73949564751733,-73.75271149679125,0.02074967353355239,1,0.4339441967634609,21.62849872773537,0.0,5.9696910258422164e-05,5.9696910258422164e-05,1.0
1778190300,EURUSD,bearish_exhaustion,1.17259,1.17261,1.17258,1.17259,66.0,1.6028852000155986,13.720190758317823,0.021990392452361944,-5.096620498614536,-1.5973482846558786,7.637284947511438,0.7701931347231579,-72.77676653390013,0.024982078065437913,1,0.5454106745324029,74.80916030534351,5.9696910258422164e-05,5.9696910258422164e-05,1.7056260073866625e-05,1.0
1778190600,EURUSD,bearish_exhaustion,1.17258,1.17267,1.17258,1.17266,26.0,1.634487154468879,11.761707577690865,0.021379963989075653,-4.825413105413975,-1.5535804588098394,20.734255123214812,7.096274557760829,-61.16918312034542,0.04267604457859982,1,0.6076571637787981,91.6030534351145,0.0,-4.26381048216351e-05,-0.00018760766121472816,0.0
1778190900,EURUSD,bearish_exhaustion,1.17267,1.17276,1.1726,1.17266,44.0,1.525069921117685,10.142599852255975,0.02174543345897406,-4.600000000000262,-1.4412925213183145,21.305624821800585,8.505681029535985,-47.998534395786024,0.032288208088001084,1,0.4906344662691759,49.10941475826972,-4.26381048216351e-05,-0.00018760766121472816,-1.705524192874286e-05,0.0
1778191200,EURUSD,bearish_exhaustion,1.17266,1.17267,1.17227,1.17261,311.0,1.2261829861297309,8.489729210127681,0.023451957598862812,-4.3090909090912906,-1.2731373496582157,16.121797248757588,9.708617836699958,-86.9340366663735,0.010691178942131414,0,0.4149861628824192,16.793893129770993,-0.00014497573788385676,2.5583953744190424e-05,0.00021319961453514225,1.0
1778234100,EURUSD,bullish_exhaustion,1.17694,1.17702,1.17665,1.17688,592.0,2.144073655480802,19.39069867573326,0.028586480476222798,4.888407643312428,1.6549366250809896,-0.0011083562594649266,6.926220650357031,48.752115059218035,-0.05670238004752847,0,0.4780175224449446,41.73027989821883,0.0002209231187548788,0.0002209231187548788,0.00013595268846455788,0.0
1778234400,EURUSD,bullish_exhaustion,1.17687,1.17722,1.17681,1.17714,425.0,1.698913927199342,17.03842073807357,0.027852009349536477,5.592679738563236,1.6711889927229129,-0.9273689760680952,10.70622178789781,71.95016396641758,0.004259557025995612,0,0.5639334795819397,81.67938931297711,0.0,-8.495166250399588e-05,-0.00014441782625684851,1.0
1778235300,EURUSD,bullish_exhaustion,1.17706,1.17714,1.17697,1.17697,164.0,1.3335396443533307,10.969311434365409,0.02124098320262949,5.976000000000704,1.9192497792338343,-3.335587765882707,-4.817061486108983,61.54508284918709,-0.054287836566395166,0,0.48357828000181396,46.0559796437659,0.00010195671937252015,-3.398557312428441e-05,6.797114624834677e-05,1.0
1778235600,EURUSD,bullish_exhaustion,1.17698,1.17711,1.17687,1.17709,210.0,1.2112375300354008,9.880549560958272,0.02196700580001611,6.0060773480672704,1.7790381156917372,-19.702638335175877,-7.510751213430183,59.4431903687049,-0.008847867184599343,0,0.33261826954842455,6.361323155216285,-0.00013592843367959961,-3.398210841998317e-05,-5.946868973483177e-05,1.0
1778480100,EURUSD,bearish_exhaustion,1.17573,1.17575,1.17547,1.17553,237.0,5.63574732258755,45.43334236282429,0.018714962612609957,-7.750909090909442,-2.743373446931792,0.6253303557853928,1.0568614032634258,-22.110972048400043,0.11600354450120332,0,0.33006096837008414,5.343511450381679,0.00013610881900083527,0.00031475164393923727,0.0005189148724404902,1.0
1778480400,EURUSD,bearish_exhaustion,1.17556,1.17572,1.17549,1.17569,290.0,4.7822015411710135,40.346743954972894,0.018651661091422002,-6.834006514658795,-2.503427372449801,0.9244608927487817,-6.113874922373512,-12.21426404442756,0.12953905231343799,0,0.2770497034442687,2.5445292620865136,0.00017861851338363266,0.0003827539572507366,0.0003402257397784325,1.0
1778480700,EURUSD,bearish_exhaustion,1.1757,1.17592,1.17564,1.1759,273.0,3.984240956567577,33.889455577803304,0.019498742604451176,-5.456947040497832,-2.1074077581911355,2.396344159013957,-0.0022018918633648354,18.97345909190064,0.13815821485291144,0,0.27819641803084333,2.7989821882951653,0.0002040989880092159,0.00016157836550734217,0.00024661961051131165,1.0
1778481000,EURUSD,bearish_exhaustion,1.1759,1.17619,1.17588,1.17614,285.0,2.682770306188941,24.64753711674876,0.020466465362483068,-4.060415430266752,-1.690882277003213,6.771365475420397,6.105524894627678,88.70214752570298,0.13988139358963528,0,0.31306933835841905,4.071246819338422,-4.25119458566936e-05,4.2511945856915645e-05,3.4009556685532516e-05,1.0
1778481300,EURUSD,bearish_exhaustion,1.17611,1.17611,1.17595,1.17609,211.0,1.3437444476504772,11.843635274215323,0.020528069401881052,-4.110532544378061,-1.435974795209433,19.332777453861198,3.0504603124915235,169.42719116621086,0.059070563703444524,0,0.5560534545228695,78.62595419847328,8.502750639838297e-05,7.652475575836704e-05,0.00014454676087716223,1.0
1778551800,EURUSD,bearish_exhaustion,1.17629,1.17631,1.17613,1.17616,176.0,1.3846542042370356,13.040568970951302,0.02161999339254139,-5.232696629211567,-1.4696971729290071,0.5576204662895465,-3.2472168794027,-61.85567010315167,0.022451349661475654,0,0.4632611438830211,35.11450381679389,-0.00014453815807369264,-5.951571214801721e-05,-5.951571214801721e-05,0.0
1778552100,EURUSD,bearish_exhaustion,1.17619,1.17619,1.17598,1.17599,158.0,1.2894249098260817,11.837485024301634,0.021137205977214028,-5.824482758618649,-1.4954239012937125,0.3522017962785712,-16.296204993347807,-90.84128292702796,-0.02162022540057312,0,0.4779317336124174,41.475826972010175,8.503473668985961e-05,8.503473668985961e-05,0.0,1.0
1778557200,EURUSD,bearish_exhaustion,1.17576,1.17581,1.17571,1.17579,141.0,1.2581182686035322,6.333454494084349,0.013182626149228709,-5.064516129030525,-1.4615797672674669,0.04672377752953594,13.589732624365524,-92.15442092162628,0.03433368919537201,0,0.5262689394104859,64.8854961832061,-1.7009840192483416e-05,-6.803936077004469e-05,-0.00013607872154031142,0.0
1778557500,EURUSD,bearish_exhaustion,1.17578,1.17581,1.17574,1.17577,120.0,1.2268259051164496,6.092600213424553,0.012696846686488414,-5.098947368421554,-1.4625637436963062,1.8874482828418735,13.630086492424397,-80.6374064151854,0.02311270117488503,0,0.5285717676131495,66.15776081424937,-5.1030388596329246e-05,-0.00011907090672502729,-0.00012757597149093414,0.0
1778557800,EURUSD,bearish_exhaustion,1.17577,1.17577,1.17569,1.17571,101.0,1.4366833182430014,6.157533616915842,0.012454480393003299,-5.313170731706666,-1.4628947117300892,1.8760066095839534,2.7990634312487046,-91.00854700859402,-0.0034108324134707194,0,0.5034438220993352,52.926208651399484,-6.804399043991438e-05,-7.654948924473715e-05,-8.505498805044809e-06,0.0
1778558100,EURUSD,bearish_exhaustion,1.17571,1.17571,1.17546,1.17563,190.0,1.5531052108748116,6.550951846203846,0.013002147177016657,-5.325233644859789,-1.405980955967912,1.4040696897759517,-2.2810618500178066,-124.93946731233754,-0.027918264908412625,0,0.4744481448184864,40.458015267175576,-8.506077592285166e-06,5.9542543147106386e-05,-6.804862073939155e-05,1.0
1778558400,EURUSD,bearish_exhaustion,1.17563,1.17569,1.17555,1.17562,207.0,1.5433707492477828,6.772523171553119,0.012273159208394188,-5.393465346533191,-1.4818851895965388,0.9350871670910692,-7.858663260947033,-106.17517328289874,-0.013658945615357049,0,0.42541039723981555,19.84732824427481,6.804919957126287e-05,-5.9543049624855016e-05,0.0,0.0
1778558700,EURUSD,bearish_exhaustion,1.17565,1.17574,1.17564,1.1757,116.0,1.4804736347244754,6.748437067554002,0.012454586325471058,-4.475902439025212,-1.394093579396162,0.5841019751059662,3.3421516754924028,-72.77541004780434,0.03611083402264148,0,0.35628693840235237,8.396946564885496,-0.00012758356723641118,-6.804456919273782e-05,-9.356128264015329e-05,0.0
1778559000,EURUSD,bearish_exhaustion,1.17572,1.17577,1.17554,1.17555,129.0,1.5471377173985303,7.105073813419187,0.01215236636953997,-5.367599999997955,-1.4433354704743087,0.35033004701838877,-0.8896569380313437,-92.17413506946454,-0.03610725554055443,0,0.41190283562146857,16.28498727735369,5.9546595210679953e-05,3.4026625834515656e-05,3.4026625834515656e-05,1.0
1778559300,EURUSD,bearish_exhaustion,1.17554,1.17575,1.17554,1.17562,104.0,1.4733191668090422,7.217257494716941,0.011787093497168853,-4.759999999997885,-1.4423430403938782,0.204330712776283,-0.8602150537553399,-78.58871481336669,0.018593828738899962,0,0.40749124105813445,14.75826972010178,-2.5518449839445623e-05,-2.5518449839445623e-05,0.0001701229989281572,0.0
1778559600,EURUSD,bearish_exhaustion,1.17563,1.17568,1.17555,1.17559,113.0,1.4812151634186854,7.256075972261785,0.012030433350790853,-4.594545454545208,-1.3789921885746275,0.11675412477188729,-9.751775417981719,-83.57553445707833,0.0061767878571967584,0,0.37769750761565185,10.941475826972011,0.0,0.00019564644136149667,0.0002892164785341933,1.0
1778559900,EURUSD,bearish_exhaustion,1.17559,1.17563,1.17555,1.17559,87.0,1.4195873017323515,6.809472638708401,0.012091193115187842,-4.281608040198989,-1.329756485764336,0.06566890474172737,-6.824283710703366,-87.16638273709209,0.011528925292818432,0,0.36379149982443865,9.16030534351145,0.00019564644136149667,0.0002892164785341933,0.0002892164785341933,1.0
1778660400,EURUSD,bearish_exhaustion,1.17109,1.17116,1.17089,1.17104,249.0,1.5261313261224645,17.352779110453646,0.02543526633224548,-4.953381294963964,-1.6406474751921527,0.1134081620500336,20.920584045582906,-65.79552329096265,0.08396928789256998,1,0.5115884372589303,56.48854961832062,2.5618253859827078e-05,-1.70788359066254e-05,-0.0002476431206449581,0.0
1778660700,EURUSD,bearish_exhaustion,1.17106,1.17108,1.17095,1.17107,248.0,1.6808953502612138,16.587929388108563,0.024763677662308536,-4.819999999999689,-1.5851407122412273,0.3083711474739529,16.731120171771323,-59.306348051441525,0.07493044415342943,1,0.5147654368464308,59.28753180661578,-4.269599596962159e-05,-0.00027325437420488985,-0.0003757247645316264,0.0
1778661000,EURUSD,bearish_exhaustion,1.17106,1.17115,1.17098,1.17102,243.0,1.6607250604899073,16.21940271958747,0.02445975059593998,-4.885685785535864,-1.5212503295199904,1.1109322133054167,-2.321761851429997,-51.3044629850423,0.046652647179220005,1,0.44396649532931465,25.44529262086514,-0.00023056822257516707,-0.0003330429881640562,-0.0007685607419172236,0.0
1778661300,EURUSD,bearish_exhaustion,1.17101,1.17103,1.17075,1.17075,233.0,1.6063578760109019,16.018403570584923,0.024892468198042056,-5.548529411764522,-1.4876008265065066,1.868802652559888,-22.008547008547254,-76.7533236449835,-0.02305449140028875,1,0.4476763070261142,27.2264631043257,-0.00010249839846243614,-0.0005381165919281505,-0.0005210335255178,0.0
1778661600,EURUSD,bearish_exhaustion,1.17076,1.17081,1.17054,1.17063,227.0,1.7251646184492668,15.259930642403923,0.025505191954027635,-5.639521531100053,-1.4617532086264877,0.6346074367962116,-24.54747290061354,-99.93734335839957,-0.03169029929779707,0,0.4156224667162919,17.302798982188293,-0.00043566284820995005,-0.00041857803063316545,-0.0002989843075951182,0.0
1778665200,EURUSD,bearish_exhaustion,1.16998,1.16998,1.1698,1.16996,157.0,1.7139903197239859,17.16415562190627,0.026191371621982696,-4.924475524474382,-1.5678558855820393,1.956140802710791,23.13902572523451,-68.47742922720597,0.07141889423617027,0,0.5332489260129605,68.19338422391857,0.00015385141372337152,0.0004273650381210192,0.0005384799480323554,1.0
1778665500,EURUSD,bearish_exhaustion,1.16996,1.1702,1.16995,1.17014,218.0,1.749067418415644,16.858315482441025,0.026004214391925545,-4.148075117370634,-1.4387735690021233,4.74315186165069,19.35910832463128,-36.772108302890274,0.09311443121941548,1,0.5138847267012049,58.524173027989825,0.00027347155041290705,0.000384569367767984,0.00017946570495852576,1.0
1778712600,EURUSD,bullish_exhaustion,1.17172,1.17177,1.17169,1.17174,46.0,1.9914204946254463,6.051185479513842,0.009814463959582156,4.13565217391197,1.3354001348448652,-0.09845738666111004,-9.421868586417268,63.04044630403457,-0.05341016819610579,1,0.4231546397731447,18.829516539440203,-8.534316486619176e-06,8.534316486619176e-06,-5.9740215406112185e-05,0.0
1778713800,EURUSD,bullish_exhaustion,1.17168,1.17173,1.17165,1.17172,49.0,1.835561049484776,5.201278784723867,0.0074981346104130335,4.341138211384926,1.3718458392936892,-4.3744551852722395,-0.8660130718708743,28.726572079114128,-0.026587764769373832,0,0.32416807622591004,4.580152671755725,-5.1206772949341506e-05,1.706892431641016e-05,-4.26723107910254e-05,0.0
1778714400,EURUSD,bullish_exhaustion,1.17166,1.17174,1.17165,1.17174,35.0,1.620372931456595,4.757378892372917,0.0071322502066517275,4.453675213674827,1.250190863712157,-23.750802074883204,6.52777777774714,27.76406035672718,0.02091185496135527,0,0.2928909528565963,3.5623409669211195,-5.9740215406112185e-05,-0.00011094611432571622,-0.0001450833802720819,1.0
1778774400,EURUSD,bearish_exhaustion,1.16772,1.16784,1.1675,1.16758,555.0,2.941177291856205,28.90455834722026,0.0313224177970077,-4.091718750000899,-1.2957891813824522,0.602440536305182,-6.90937583610625,-47.105077704818214,0.025953098057929756,1,0.390207159348043,12.46819338422392,7.7082512547344e-05,0.00017985919594387667,0.00023124753764203199,1.0
1778774700,EURUSD,bearish_exhaustion,1.16759,1.1677,1.1674,1.16767,491.0,2.6649221864626664,26.648138143251508,0.02728265936193049,-4.270941704036724,-1.407318618822899,0.8222256552529106,-2.3092738779024913,-47.90310019718642,0.046419540002694604,1,0.4114232796876029,15.776081424936386,0.00010276876172210514,0.0001541531425830467,-2.5692190430470774e-05,1.0
1778792400,EURUSD,bearish_exhaustion,1.16673,1.16673,1.1666,1.1666,32.0,1.4110335307844344,7.738912681374867,0.01567436506575958,-4.349843749997987,-1.1657983126053975,4.793347524672674,-15.039281705946202,-104.2203410625266,-0.02780858313238548,0,0.4855754463274752,46.482412060301506,-1.714383679074505e-05,8.571918395339218e-05,6.85753471625361e-05,1.0
1778792700,EURUSD,bearish_exhaustion,1.16682,1.16682,1.16657,1.16658,17.0,1.2377391768448818,7.2129909896131315,0.015858320903839138,-4.294054054053754,-1.1630417640865631,1.9936491804060328,-26.31738881739524,-95.27729190252333,-0.015010512224633107,0,0.39852160876037146,7.537688442211055,0.00010286478424115231,8.572065353429359e-05,0.0003943150062577505,1.0
1779184800,EURUSD,bearish_exhaustion,1.16191,1.16199,1.16184,1.16188,408.0,1.8365664340455228,17.13050587725267,0.02360706047833847,-4.175937499999794,-1.2769570662593788,2.720291761335673,-3.983815748519376,-41.581991558527974,0.030440291650200468,1,0.4500134233680182,23.366834170854272,0.0002495954831822633,0.0005594381519606895,0.0004991909663649707,1.0
1779224400,EURUSD,bearish_exhaustion,1.1603,1.16035,1.15954,1.15954,22.0,1.214193143646944,8.244767094785841,0.016570610513037827,-5.991375464683438,-0.5919639490373902,8.316671174904002,-14.594356261024119,-398.6486486486035,-0.31424988259581765,0,0.6682607223795229,99.2462311557789,0.0006036876692481208,0.0005864394501267078,0.0006554323266123596,1.0
1779685200,EURUSD,bullish_exhaustion,1.16418,1.16435,1.16417,1.16425,263.0,1.3142633469646958,30.121318803107226,0.0441117825700163,6.400278164117943,0.19099444364142903,-4.7675709352116596e-07,16.58524767142488,577.6750610987483,0.5418591935446425,1,0.4780512522409068,40.95477386934673,6.012454369774822e-05,4.2946102640994965e-05,6.871376422590281e-05,0.0
1779690000,EURUSD,bullish_exhaustion,1.16385,1.16399,1.16375,1.16398,182.0,6.896256809442333,51.20923362637236,0.01632330452413746,11.083157894733867,3.645036020132674,-0.4750631062692605,15.472271581305854,23.312390260439855,-0.08088848872355307,1,0.43620506415678983,18.84422110552764,-8.591212907438361e-05,9.45033419819108e-05,0.00012886819361157542,0.0
1779690300,EURUSD,bullish_exhaustion,1.164,1.16412,1.16382,1.16388,315.0,5.423358676043903,42.50208048375545,0.017552128594508703,9.542517482516015,3.1651409785362503,-0.8897827155429638,0.8649015756656411,18.335384101240997,-0.08976241476492498,1,0.46824311681473874,34.92462311557789,0.0001804309722652775,0.0002147987765062087,0.00015465511908452356,0.0
1779690600,EURUSD,bullish_exhaustion,1.16387,1.16411,1.16375,1.16409,279.0,3.9359542821417195,32.463598231983646,0.019144322419846514,9.426666666665676,2.7818948981088485,-3.3287656843740194,13.729594979588924,8.470847084719905,0.0035848697889511406,1,0.47025123714816974,36.68341708542713,3.436160434344693e-05,-2.5771203257418662e-05,0.00018039842280215268,1.0
1775643900,GBPAUD,bullish_exhaustion,1.90806,1.90818,1.9077,1.90797,606.0,1.2602655717730418,20.85406678881051,0.042116565175105425,5.624888888888498,1.695153038610359,-1.8163945967735344,-22.362076946570234,57.95998477899966,-0.06044575132012225,1,,,-2.6205862775574573e-05,8.385876088201627e-05,-0.00013627048643316542,0.0
1775644200,GBPAUD,bullish_exhaustion,1.90799,1.90802,1.90758,1.90792,636.0,1.266332106995766,20.395798508346427,0.04028321043709651,5.606765799256353,1.6589035283929905,-5.372243054749163,-18.208460465305393,44.09407891884299,-0.051399805683240145,1,,,0.00011006750807163179,-0.00011006750807163179,0.0001257914377961189,1.0
1775644500,GBPAUD,bullish_exhaustion,1.90792,1.90813,1.90782,1.90813,543.0,1.4624657276866955,19.658554468731623,0.03889372616870431,5.8810779595758165,1.6289268690002887,-10.153175666557189,-0.7537186782483118,54.7415826068505,-0.01983784305353591,1,,,-0.0002201107890972276,1.572219922119089e-05,0.00041401791282558165,0.0
1775668200,GBPAUD,bearish_exhaustion,1.90185,1.90211,1.90169,1.90204,799.0,1.4455215691777275,16.655846632713875,0.02989271669215046,-4.09271356784028,-1.5152591600073855,0.7377434772595566,25.81889802366031,-47.251553682712235,0.10491099856060536,1,,,5.2575129860565895e-05,0.0001419528506234613,0.00024184559735873634,1.0
1775751900,GBPAUD,bearish_exhaustion,1.89726,1.89759,1.89714,1.89719,805.0,1.6694176109170726,28.035579227966892,0.04585729420880301,-5.13195402298964,-1.6383163493062594,0.21673386118480295,14.74827614771997,-60.861502149525826,0.06832133021013828,1,,,3.1625720144035085e-05,7.379334700274853e-05,0.00011596097386146198,1.0
1775752200,GBPAUD,bearish_exhaustion,1.89723,1.89757,1.89696,1.89725,850.0,1.592200754307123,26.573293008649124,0.04615703179413789,-4.833311582382169,-1.5382851708791465,0.7278033802810646,12.824686057019449,-58.46071332799061,0.05906854057971808,1,,,4.21662933192124e-05,8.43325866384248e-05,0.00017920674660687474,1.0
1775752500,GBPAUD,bearish_exhaustion,1.89725,1.89749,1.89692,1.89733,623.0,1.519846996196546,25.36749727720806,0.04472450383282933,-4.709090909091606,-1.4896427190169765,1.8985458945718858,1.3013878224725772,-53.6948781156032,0.053285121933722306,1,,,4.216451539806876e-05,0.00013703467504333489,-0.0002898810433609178,1.0
1775752800,GBPAUD,bearish_exhaustion,1.89735,1.89756,1.89708,1.89741,874.0,1.3689303904446657,21.89847193063719,0.041221605090246305,-4.810118721461766,-1.5064116532479228,3.980075904626331,0.9786280900946736,-40.68344296847623,0.04912178666952563,1,,,9.486615965981215e-05,-0.0003320315588092315,-5.2703422033228975e-06,0.0
1775753100,GBPAUD,bearish_exhaustion,1.89742,1.89781,1.89739,1.89759,531.0,1.406982900359496,19.720917113497006,0.03782993917849141,-4.776995024875702,-1.5089215931834126,8.39620935589687,1.928145033172001,-15.181052718887575,0.053069154758581476,1,,,-0.00042685722416335725,-0.0001001270031988355,6.323810728336987e-05,0.0
1775753400,GBPAUD,bearish_exhaustion,1.89758,1.89758,1.89675,1.89678,453.0,1.5003601419509836,18.975397139737805,0.038523934547722925,-5.573176930596609,-1.4520049350465833,21.23176590078561,-16.5958829069043,-56.58725126067192,-0.03804880231718608,1,,,0.00032686974767770494,0.0004903046215165574,0.0004744883434031344,1.0
1775753700,GBPAUD,bearish_exhaustion,1.8968,1.89741,1.8966,1.8974,908.0,1.3064674676141392,17.570466616381584,0.03941483835022437,-4.3965616045849805,-1.313173296357071,21.195368655934416,-12.374195838613566,-43.04994581814936,0.03096048132773509,1,,,0.00016338146937910913,0.00014757035943935293,0.00016865183935910188,1.0
1776103800,GBPAUD,bearish_exhaustion,1.90247,1.9025,1.90229,1.90243,232.0,1.3268268408401134,10.850753910012191,0.02264021728601399,-4.077412935322547,-1.2378463939170354,18.097260707599666,-9.698622691052227,-45.81236288543591,-0.013159359993209368,1,0.6322565679416831,81.33640552995391,2.1025740763125356e-05,-1.05128703816737e-05,1.5769305572232994e-05,0.0
1776271500,GBPAUD,bearish_exhaustion,1.89398,1.89446,1.89389,1.8942,844.0,1.231217783689279,11.334439453696985,0.022474621777760044,-4.537315436240687,-1.5075614713303382,1.1891867905914264,17.158781940082918,-42.415528396796844,0.09458549576445185,1,0.5020681215645798,57.83410138248848,-7.390983000743478e-05,-0.00013726111287093445,-0.00011086474501109667,0.0
1776281100,GBPAUD,bearish_exhaustion,1.89174,1.89189,1.8916,1.89162,303.0,2.2044557857886944,14.81834756441757,0.015519577323745396,-6.0973236009730085,-2.079810892091244,1.4264797960305096,12.346783469466466,-72.03484367877668,0.0632295736395916,1,0.7606057994345258,94.93087557603687,1.0572948055065368e-05,2.1145896110130735e-05,3.700531819283981e-05,1.0
1776281400,GBPAUD,bearish_exhaustion,1.89166,1.89177,1.89157,1.89164,254.0,2.158542118537036,14.008473828082614,0.015066291683406757,-5.979649122805708,-2.054313195022841,3.0074538198420218,5.864491248651461,-71.85027006662197,0.06328367808068094,1,0.6438428505781597,84.33179723502305,1.0572836268929464e-05,2.6432090672656727e-05,-0.00010572836269051589,1.0
1776281700,GBPAUD,bearish_exhaustion,1.89163,1.8917,1.89146,1.89166,253.0,1.8277980858043625,11.901324570454548,0.014952853200741164,-5.735050505050229,-1.971140997164069,6.320923762980088,-1.5636819410814695,-73.15773623373362,0.059026274122328956,1,0.5042627607707896,58.294930875576036,1.585908672807612e-05,-0.00011629996933903985,-0.0001215863315817689,0.0
1776282000,GBPAUD,bearish_exhaustion,1.89166,1.89183,1.89152,1.89169,335.0,1.5576963099288084,10.208935851698827,0.01544348477513948,-5.238533007334728,-1.8036498301773332,11.250902408830983,-1.9023571855129973,-58.02390775418248,0.053113601868965396,1,0.530442169095737,64.51612903225806,-0.00013215696017854217,-0.0001374432385856661,-0.00011101184654993546,0.0
1776282300,GBPAUD,bearish_exhaustion,1.89168,1.89171,1.89135,1.89144,295.0,1.338539844972231,8.999402899233772,0.016200808454328385,-5.582377622377332,-1.686740215479238,18.43477728342306,-8.667434286952258,-84.24640857073875,-0.013192285437916191,0,0.7208881884096809,93.08755760368663,-5.286977117990865e-06,2.114790847196346e-05,0.0002326269931902658,1.0
1776282600,GBPAUD,bearish_exhaustion,1.89144,1.89158,1.89126,1.89143,370.0,1.2868090850526928,8.026162239904766,0.016238658430015342,-5.382511627908084,-1.640580871791345,19.45976182288996,-9.155147970929853,-94.20364108353718,-0.0029375645314668377,0,0.6590009332846078,85.25345622119815,2.6435025351156938e-05,0.00023791522816063448,0.00020619319773929057,1.0
1776718800,GBPAUD,bearish_exhaustion,1.8844,1.8844,1.8844,1.8844,1.0,1.451131428579282,11.606733160709965,0.02171968341571319,-4.041675392670156,-0.8193215564120032,0.7995345326132082,-23.393109125457535,-163.9622615672592,-0.09550229680096267,0,0.5088383178266255,60.264900662251655,-0.00018042878369772808,-0.00022288261515601704,0.0002706431755465921,0.0
1777432200,GBPAUD,bullish_exhaustion,1.88584,1.88641,1.88576,1.88638,502.0,1.2152101989044488,16.060807582770313,0.033473031490394566,4.560769230769163,1.364421984043908,-0.7064636341357584,-20.7244317672555,73.10079552405816,-0.02620381847499968,0,0.5679934192234228,83.6644591611479,9.011970016636894e-05,0.00010072201783306589,0.00023325098866622263,0.0
1777433700,GBPAUD,bullish_exhaustion,1.88644,1.88665,1.88636,1.88653,270.0,1.2797308288315843,15.959802111737163,0.03017634038608816,4.6036637390218536,1.3087962110903364,-1.013193531420157,-1.488661136470924,65.68302505436425,-0.02777725810548164,1,0.5389974147417298,72.62693156732892,-0.00016962359464212096,-0.0001537213826443562,-0.0002756383412932939,1.0
1777652100,GBPAUD,bearish_exhaustion,1.88676,1.88684,1.88628,1.88645,879.0,1.249596009083946,14.991045463071451,0.029761115928255182,-5.66768447837155,-1.503361659766839,1.1880381355503142,-5.794708994706582,-81.42449649923984,-0.008142206180053149,0,0.6331636022624263,80.21505376344086,0.0,-0.00014842693948957653,-0.0001590288637387527,0.0
1777656600,GBPAUD,bearish_exhaustion,1.8852,1.8853,1.88491,1.88516,855.0,1.5392178507216399,14.397811299771556,0.02360542341233535,-5.475056179774777,-1.689573149680197,4.45475960655475,16.93530519552212,-86.24462680734673,0.05981421496614164,1,0.6381846998481069,80.64516129032258,-6.895966390119135e-05,-4.243671624681866e-05,6.365507437045004e-05,0.0
1777656900,GBPAUD,bearish_exhaustion,1.88517,1.88532,1.88496,1.88503,905.0,1.4416900006917095,13.944902518307806,0.023228125963891323,-5.5817292006528145,-1.6550939547518433,10.02033528266844,9.365875802541396,-79.92156862746562,0.030712475006477204,1,0.6108006249526504,73.76344086021506,2.6524776794101257e-05,0.0001326238839700622,-1.0609910717551685e-05,1.0
1777657200,GBPAUD,bearish_exhaustion,1.88498,1.88513,1.88483,1.88508,575.0,1.4073925155106013,13.285367678344931,0.022962269126887962,-5.274257425741669,-1.5967487224681631,13.213186418921605,-0.06877916973503773,-82.1959356991029,0.03661800346829565,1,0.5855216677635917,67.31182795698925,0.0001060962929955167,-3.713370254843085e-05,6.365777579731002e-05,0.0
1777657500,GBPAUD,bearish_exhaustion,1.88509,1.88528,1.885,1.88528,547.0,1.3528583601923412,12.455356607258812,0.022239970417429627,-4.71039182282646,-1.5289400740572086,17.640856977813655,-0.7364456338541032,-54.54545454545173,0.06185968519376465,1,0.5326161737690254,50.53763440860215,-0.00014321480098444805,-4.243401510650724e-05,0.00010608503776632361,0.0
1777657800,GBPAUD,bearish_exhaustion,1.88528,1.88538,1.88497,1.88501,1053.0,1.2603262059198186,11.36333805833068,0.02182633362308881,-5.193611111109694,-1.4973253580733714,17.852153792839715,-1.9938006289434895,-57.00496289212574,0.0016640972948585423,1,0.565117977011619,61.935483870967744,0.00010079522124550877,0.0002493355472914516,6.366013973391205e-05,1.0
1777663200,GBPAUD,bearish_exhaustion,1.88398,1.88398,1.88371,1.88371,451.0,1.492805098181256,11.628317781404357,0.022258506579343373,-4.150868824531908,-1.1910858733909875,5.987999386740398,-2.0510673226050145,-113.57671200195415,-0.02473234715253851,0,0.49378231469099493,36.344086021505376,-4.2469382229737285e-05,4.7778055008329545e-05,1.592601833610985e-05,1.0
1777663500,GBPAUD,bearish_exhaustion,1.88376,1.88378,1.88359,1.88363,520.0,1.6151874448930321,11.862214123109858,0.020894306661682682,-4.468820326679483,-1.2920374593242734,4.488551176977282,-16.888476895673673,-118.64249186429818,-0.0177560763885137,0,0.42766596756422676,18.27956989247312,9.025127015394041e-05,5.8397880687843795e-05,0.00012210465962003703,1.0
1777663800,GBPAUD,bearish_exhaustion,1.88363,1.8838,1.88361,1.8838,440.0,1.6850237291206485,11.982060313408242,0.019679068144935957,-4.135260115606755,-1.3387273631784544,2.7677021075284074,-12.099583913713438,-98.23955816361217,0.03094377327367592,0,0.3862101311449072,8.38709677419355,-3.1850514916609285e-05,3.185051491683133e-05,4.777577237513597e-05,1.0
1777664100,GBPAUD,bearish_exhaustion,1.88379,1.88389,1.88363,1.88374,441.0,1.6945152537023618,11.762258852861299,0.018352547894842933,-4.431404958678862,-1.4053195939730778,2.1162076342261287,-0.30049499346591446,-86.80723585655255,0.022432227656614755,0,0.4031994735515797,10.75268817204301,6.370305880865068e-05,7.962882351075784e-05,0.00011678894114908189,1.0
1777664400,GBPAUD,bearish_exhaustion,1.88375,1.88398,1.88375,1.88386,440.0,1.7642419869054693,10.598899040517088,0.017251812767404142,-4.1341538461535965,-1.4232164942957921,1.4242951515181517,15.181240990503337,-65.37100309826867,0.05071394949195024,0,0.45201324885232547,22.795698924731184,1.5924750246920638e-05,5.308250082269872e-05,-3.7157750576000126e-05,1.0
1777664700,GBPAUD,bearish_exhaustion,1.88385,1.88392,1.88375,1.88389,406.0,1.7474086998582226,9.867487540668577,0.01637948227186575,-4.0781481481471,-1.4150077958932297,0.8952628009036374,16.684472934486152,-61.83099349142271,0.04952556588023947,0,0.480637132941081,32.25806451612903,3.715715885754811e-05,-5.3081655510656134e-05,-4.246532440854711e-05,0.0
1777665600,GBPAUD,bearish_exhaustion,1.8838,1.88386,1.88367,1.88381,614.0,1.3065664927590976,6.934917231126157,0.014787660569348578,-4.168410256409509,-1.3373073411332042,0.1805660843416632,-8.255159474671409,-67.14127899849224,0.009182037804301785,0,0.38352681288861407,7.741935483870968,-3.185034584163304e-05,-3.185034584163304e-05,-0.0001274013833666432,0.0
1777665900,GBPAUD,bearish_exhaustion,1.88376,1.88383,1.88367,1.88375,385.0,1.3730627004241038,6.938145813237647,0.014105602426770945,-4.362580645161195,-1.3510104900753874,0.10172327415618554,-14.170314780072935,-69.66200391073245,-0.005654334380634,0,0.48349238939678824,33.5483870967742,0.0,-9.555408095562878e-05,-6.370272063704885e-05,0.0
1777666200,GBPAUD,bearish_exhaustion,1.88374,1.88378,1.88358,1.88375,185.0,1.324765509195821,6.4973524321445195,0.013271400132715066,-4.394399999999446,-1.3770940081306864,0.05657947142586295,-7.169754837089144,-77.28461948100107,-0.0011071397997289702,0,0.4790799874033879,32.043010752688176,-9.555408095562878e-05,-6.370272063704885e-05,9.02455209024211e-05,0.0
1777983300,GBPAUD,bearish_exhaustion,1.88785,1.88803,1.88723,1.88733,1282.0,1.508069255180463,17.98433156146657,0.028271231240505627,-4.9860240963852895,-1.3846487494036885,0.3645430338900954,-10.450855792470016,-80.8334988853055,-0.013792950966470973,1,0.4923755838778679,35.6989247311828,-0.0002755215039234038,-0.0005298490460067251,-0.00011126829966146001,0.0
1777983600,GBPAUD,bearish_exhaustion,1.88728,1.88752,1.88678,1.88681,1105.0,1.5041348735723497,18.798907903076238,0.02979329435093497,-5.480457433289994,-1.3740163897015902,3.672502055296345e-06,-17.19956269447071,-113.2404181184518,-0.05731942978349497,0,0.5648997752736468,61.505376344086024,-0.00025439763410206595,0.00016429847202403813,0.0002914972890750711,1.0
1778004300,GBPAUD,bearish_exhaustion,1.88504,1.88506,1.88477,1.8849,611.0,1.5344427206957874,10.709682078561038,0.017545455234455287,-4.048207343412576,-1.1904348127542508,0.4490852157566545,-3.9322973349765817,-90.99751431966557,0.005827356070509445,0,0.46917737648764773,29.03225806451613,4.2442569897716e-05,-1.59159637116435e-05,5.3053212372145e-06,0.0
1778005500,GBPAUD,bearish_exhaustion,1.88492,1.88495,1.88477,1.88484,599.0,1.4402639744571242,8.342491765585432,0.01527223227738829,-4.095086848633678,-1.2623025004408461,1.040645980412464,-0.7447325444746937,-84.29118773947822,0.011969200299627437,0,0.48138779597882797,32.47311827956989,-0.00011672078266600217,-0.00013263725302947726,0.0,0.0
1778037900,GBPAUD,bearish_exhaustion,1.87474,1.87492,1.8746,1.87482,638.0,1.9390737582670483,25.83934373850842,0.03185067671258401,-7.06564593301401,-2.1576695884970776,0.07923840923629098,14.47230771589507,-86.19924146380176,0.07680442389124546,0,0.5042627363949201,40.0,-3.733691767748848e-05,-6.933998997238344e-05,-0.00011734459841472589,0.0
1778038200,GBPAUD,bearish_exhaustion,1.87483,1.87511,1.87453,1.87475,569.0,1.859041005857348,25.72594618475958,0.031432762463567764,-6.969454545455175,-2.0999315523149638,1.3804014534922573,11.913896458556245,-76.52044924774793,0.05890326391826452,1,0.5151562233900387,45.59139784946237,-3.2004267235596906e-05,-8.001066808904778e-05,0.0002827043605815316,0.0
1778038500,GBPAUD,bearish_exhaustion,1.87474,1.87491,1.87449,1.87469,795.0,1.9642859848476082,25.090110220062197,0.03170047924114054,-6.709567307693122,-1.9993823884927646,3.3847606656985736,1.9654426161786063,-75.4735419143525,0.044408010411773245,1,0.5321974411258475,50.10752688172043,-4.800793731229991e-05,0.00031471870015842285,0.00029338183913085736,1.0
1778038800,GBPAUD,bearish_exhaustion,1.87468,1.87495,1.87459,1.8746,568.0,1.8354828835729498,23.36869610033848,0.031168554053437297,-6.673447432763338,-1.9566673376147048,5.415515108770247,-13.295596999709495,-66.96110073042867,0.030241903432560918,1,0.48347378877787883,33.33333333333333,0.00036274405206437876,0.00034140616664890544,0.00046943347914218947,1.0
1778039100,GBPAUD,bearish_exhaustion,1.8746,1.87532,1.87456,1.87528,619.0,1.5838239209343103,21.078007159890376,0.031880953396674516,-5.118279569892449,-1.7408184304137875,7.93838664743193,1.1340203167701475,-37.20128110371847,0.10063987366605147,1,0.425522217907722,17.20430107526882,-2.1330148031295515e-05,0.00010665074015614451,1.599761102344388e-05,1.0
1778039400,GBPAUD,bearish_exhaustion,1.87527,1.87539,1.87504,1.87524,441.0,1.7804505047878345,18.987289784042602,0.03191972379916344,-4.908019093078711,-1.5901044024151048,22.434940193837,12.137352332177343,-17.908639783068306,0.06234296447815391,1,0.6028427855970366,72.90322580645162,0.00012798361809696068,3.7328555278159925e-05,1.599795226203682e-05,1.0
1778039700,GBPAUD,bearish_exhaustion,1.87522,1.87548,1.87506,1.87548,483.0,1.64714678086089,17.53123350919561,0.030011364709682357,-4.5155329949246426,-1.5138718096227495,20.450397333232615,18.927368927367553,-1.1856844207094683,0.06828667051992678,1,0.46687003774729424,27.956989247311824,-9.064346194043171e-05,-0.00011197133533813464,-0.000613176360185097,0.0
1778040000,GBPAUD,bearish_exhaustion,1.87544,1.87561,1.87518,1.87531,509.0,1.5796402594427323,15.903680839839152,0.030204529993898967,-4.505775535939357,-1.3732248116098136,14.84168994362355,2.081051478642081,9.075559307751975,0.018357733646024145,1,0.4584065084410693,25.161290322580644,-2.1329806805248097e-05,-0.0005225802667292445,-0.0001866358095461429,0.0
1778040300,GBPAUD,bearish_exhaustion,1.87534,1.87556,1.87527,1.87527,343.0,1.5019806245288152,14.481573109755882,0.029443379201015005,-4.397774902976074,-1.2931068293797687,9.72909069529858,-6.131191432398367,18.095238095283904,-1.069201140797302e-05,1,0.4840715425569324,33.763440860215056,-0.000501261151727439,-0.00016530952876125937,-0.00043727036640062167,0.0
1778040600,GBPAUD,bearish_exhaustion,1.87527,1.87527,1.8743,1.87433,409.0,1.3333306868640462,13.937017955341972,0.027095396374019257,-6.31082981715946,-1.4389889502254152,6.018668842293593,-23.45934811583853,-63.10455516550367,-0.12709257489844183,0,0.6176681546144106,75.91397849462366,0.0003361201069180808,6.402287750817415e-05,0.000384137265049489,1.0
1778541000,GBPAUD,bearish_exhaustion,1.87699,1.87699,1.87661,1.87663,128.0,1.3055928146619316,6.289175422514025,0.011875390612808262,-4.403717948718525,-0.9535506596217194,2.484308886400953,-8.296857463522514,22.66694365576161,-0.09561317870135842,1,0.3324206318466629,6.106870229007633,-3.73009064120744e-05,5.328700916007456e-05,0.00022380543847222434,1.0
1778574300,GBPAUD,bearish_exhaustion,1.87363,1.87378,1.87149,1.87169,1184.0,1.8270791679217504,43.28318278951494,0.051862984025893885,-4.856011773363147,-1.4497859131644812,0.6504880142930322,12.223825557159188,-76.84758813315828,0.0051238512824990185,1,0.676783328938436,98.21882951653944,0.00035796526134124207,0.0002564527245429993,0.0002511099594484367,1.0
1778671500,GBPAUD,bearish_exhaustion,1.86371,1.86375,1.86297,1.86302,616.0,1.3767949637285517,20.971563575980724,0.03857024769307047,-5.124890656063345,-1.4193402988132764,0.24516461381097143,12.472456988367007,-105.30373111317496,-0.0024677006882539297,0,0.6308188314405403,94.91094147582697,-0.00035426350763811953,-0.0003703663943488422,-0.0004079397966741949,0.0
1778673600,GBPAUD,bearish_exhaustion,1.86253,1.86273,1.86228,1.86271,649.0,1.9206346523635218,22.221855392489374,0.034166809188149815,-4.747115600449268,-1.5608858426822025,0.7593944531888376,24.8862008296264,-68.35505286451163,0.07926831386959544,0,0.5160034641967387,59.796437659033074,0.00020937236606877185,9.126487751709433e-05,-1.610556662079432e-05,1.0
1778673900,GBPAUD,bearish_exhaustion,1.86271,1.8632,1.86262,1.8631,415.0,1.8226785411783233,21.128614801166876,0.030019092602959065,-4.494661558110915,-1.609750393451307,3.848501694525744,27.835213175351655,-33.317028099322435,0.11283333171595034,1,0.5121354089390521,56.74300254452926,-0.00011808276528357808,-0.0002254307337233863,0.00014491975739350238,0.0
1778674200,GBPAUD,bearish_exhaustion,1.86311,1.86323,1.86282,1.86288,462.0,1.7586862077711598,20.161264947913352,0.02921743291493426,-4.797112860893349,-1.53351968323705,9.72689425846,11.336672408568234,-28.34517465955941,0.052416094930107654,1,0.5830535021700709,88.04071246819338,-0.00010736064588179328,0.0002630335824098662,-0.00013956883964616473,1.0
1778674500,GBPAUD,bearish_exhaustion,1.86293,1.86302,1.86252,1.86268,696.0,1.7870181129135596,19.412808859215243,0.028300237139114233,-5.113983739838541,-1.4980567317216087,15.66060236205439,-9.492413914352298,-44.78545314606281,0.011950824374754336,1,0.5658217894164435,82.69720101781171,0.0003704339983250371,-3.221165202826892e-05,4.2948869370951215e-05,0.0
1778703900,GBPAUD,bullish_exhaustion,1.86359,1.86392,1.8635,1.86385,216.0,1.556136232713803,12.894058474994967,0.020924430614051637,4.111794871794101,1.2202608412039695,-0.4364344147167287,-6.193457695953814,45.894663714086015,-0.030401303249967093,0,0.4584471987501002,32.31552162849873,-0.00020924430614055467,-0.00030581860128231497,-0.0004506800439949554,1.0
1778766900,GBPAUD,bullish_exhaustion,1.86806,1.86953,1.86796,1.86953,1544.0,1.2303480482746467,21.319450335684184,0.03977317446477987,4.2137175792511155,1.0203326264588668,-0.3485053990529394,7.201204238275601,131.8179285754172,0.06702875392199154,1,0.5441218166130664,74.04580152671755,-0.0001497702631141351,7.488513155706755e-05,-0.00040117034762732207,0.0
1778784000,GBPAUD,bearish_exhaustion,1.85581,1.85589,1.85523,1.8553,688.0,2.3429993987660236,39.266066906096874,0.04096372554303794,-8.16315789473774,-2.448265892956462,1.1299035770431174,5.346692004724474,-64.1796200345468,0.05073140598366104,1,0.5723576049942746,85.49618320610686,4.311971109793866e-05,5.9289602759582394e-05,6.467956664701902e-05,1.0
1778784300,GBPAUD,bearish_exhaustion,1.8553,1.85558,1.8553,1.85538,437.0,2.266571681742402,37.01323417733076,0.03899855709188558,-8.09982230997102,-2.4481810922946132,1.7226697484242826,-7.7700395586670155,-62.31776342120146,0.054287202497581004,1,0.5259283245850443,64.3765903307888,1.6169194450688096e-05,2.1558925934250794e-05,1.0779462967125397e-05,1.0
1778784600,GBPAUD,bearish_exhaustion,1.85539,1.85556,1.85528,1.85541,594.0,2.143478360082237,33.16025226583681,0.03788150019980209,-7.934756097561468,-2.3887210508756356,3.019491629149302,-17.641101776621568,-58.60331918709665,0.0484157763671754,1,0.477925016365584,41.221374045801525,5.389644337494559e-06,-5.389644337383537e-06,0.00012935146409698284,0.0
1778784900,GBPAUD,bearish_exhaustion,1.85538,1.85565,1.85526,1.85542,710.0,2.1238012168696048,29.381434991408273,0.03595643342978312,-7.967109207708929,-2.378087367271479,6.231224519866372,-14.73618090451993,-51.55379568701883,0.040687883987768514,1,0.4910612383924766,49.87277353689568,-1.0779230578572552e-05,0.00012396115165302923,0.0001455196128099523,1.0
1778785200,GBPAUD,bearish_exhaustion,1.85541,1.85564,1.85526,1.8554,585.0,1.8941523053628306,25.268290768452587,0.03507137467469624,-7.827091108672333,-2.3015351574502616,14.144239681187234,-5.1508004945252885,-46.58412954738936,0.029040301421553238,1,0.5736667453323864,91.95979899497488,0.00013474183464490253,0.00015630052818815798,0.00024253530236073573,1.0
1778785500,GBPAUD,bearish_exhaustion,1.8554,1.85579,1.8554,1.85565,310.0,1.65625300290712,20.490316694372705,0.03472021740553165,-7.215121951219656,-2.1589716565606882,21.97423494178382,9.059115360122831,-27.559055118070138,0.04552260420859157,1,0.5799386795469998,92.96482412060301,2.1555789076588283e-05,0.00010777894538294142,0.00017244631261270627,1.0
1778785800,GBPAUD,bearish_exhaustion,1.85567,1.85583,1.85565,1.85569,238.0,1.6822123953778119,17.114405917336125,0.032794886461179736,-7.21558685446026,-2.1170833125014914,18.43816455157409,14.662455404756365,-9.260696362919715,0.03323262607463082,1,0.507338502220814,59.798994974874375,8.622129773816489e-05,0.00015088727104184407,9.699895995551877e-05,1.0
1778786100,GBPAUD,bearish_exhaustion,1.85569,1.85593,1.85565,1.85585,309.0,1.5853166157929337,14.694108544851186,0.0294435741804895,-7.376261437908925,-2.1605149788632736,12.9445776020697,18.754760884569926,12.490293226614229,0.03726825501303793,1,0.4596782452200588,31.155778894472363,6.46603982001892e-05,1.0776733033290853e-05,2.155346606680375e-05,1.0
1778786400,GBPAUD,bearish_exhaustion,1.85586,1.85601,1.8558,1.85597,310.0,1.537080883394697,12.756469758092209,0.027902236720269667,-7.18035862068968,-2.072114047653785,8.335014197871175,11.607294194169057,43.58542978990757,0.030963272775131733,1,0.48118947408612794,43.21608040201005,-5.388018125296323e-05,-4.310414500230397e-05,-0.00028017694251514236,0.0
1778786700,GBPAUD,bearish_exhaustion,1.85599,1.85603,1.85581,1.85587,318.0,1.7301214795648614,12.195618765048152,0.02551748929458884,-7.65206636500699,-2.0790479737400758,5.098871497699307,2.1567685811255473,50.424766018744776,-0.005054628730084745,1,0.4705765224002829,36.93467336683417,1.0776616896635005e-05,-0.0002263089548297792,-0.0001185427858632071,0.0
1778787000,GBPAUD,bearish_exhaustion,1.85587,1.85605,1.8558,1.85589,501.0,1.7610371645584637,10.857359670261616,0.021860901546661843,-8.395563380280304,-2.2243215533799776,3.015120319961781,-6.328313874790112,65.07024265652424,-0.017226665517457114,1,0.3499192621123471,1.7587939698492463,-0.00023708301677360932,-0.00012931800914928182,6.465900457452989e-05,0.0
1778787300,GBPAUD,bearish_exhaustion,1.85591,1.85592,1.85542,1.85545,683.0,1.4951607157296152,9.927496289550316,0.021096153031805214,-9.290583941604144,-2.204491264333642,1.7404035258110184,-23.096580589115284,14.8717948719205,-0.10135106689689483,1,0.27617883932713067,0.25125628140703515,0.00010779056293630518,0.00030181357622138805,0.00023713923845969376,1.0
1778787600,GBPAUD,bearish_exhaustion,1.85544,1.85571,1.85532,1.85565,462.0,1.301921109396293,8.953339117666486,0.02005458233734272,-8.696660268712483,-2.1661993851224413,0.9866204868029484,-16.522239134106975,19.83063109078497,-0.048249490878208776,1,0.3838443320459671,4.773869346733668,0.00019400210168929455,0.0001293347344595297,0.00010238999811384986,1.0
1778787900,GBPAUD,bearish_exhaustion,1.85568,1.85601,1.85567,1.85601,469.0,1.3663082336695067,9.30760284150826,0.01835735183077295,-7.905744234799071,-2.124233675632143,0.5515212191754557,4.404822304363876,99.60552268249201,0.01798087786426788,1,0.46731095920028637,34.42211055276382,-6.465482405804135e-05,-9.15943340822345e-05,-0.00019396447217412405,0.0
1778788200,GBPAUD,bearish_exhaustion,1.8561,1.8561,1.85572,1.85589,373.0,1.3158469868270632,8.963602962317767,0.01728088872262499,-8.181737193762102,-2.0595890156214858,0.3048665534902568,19.01673161946895,94.20895778389445,-0.03251588827704395,1,0.48316742910301486,45.7286432160804,-2.6941251906165142e-05,-0.00012931800914928182,-0.000247859517536142,0.0
1779122400,GBPAUD,bullish_exhaustion,1.87509,1.87557,1.87508,1.87556,709.0,1.3966617079475556,32.0424469805127,0.052479564198727846,5.237706821480729,1.5483719473969786,-0.8503071343855169,-5.317352572926122,55.769614295427,-0.04511887550802473,0,0.5330584134962374,76.88442211055276,1.0663481840200717e-05,-0.0004425344963636668,-0.0003252361961227912,1.0
1779122700,GBPAUD,bullish_exhaustion,1.87555,1.87578,1.87532,1.87558,751.0,1.4769427277058733,30.981660723602484,0.050727165539647665,5.263453453453957,1.5262829551914283,-1.0955131475641338,3.200421266764465,56.8079800498861,-0.03756309660185323,0,0.5455006504367609,82.1608040201005,-0.0004531931455870053,-0.00033589609614104177,-0.0002559208351550213,1.0
1779123000,GBPAUD,bullish_exhaustion,1.87561,1.87573,1.87473,1.87473,681.0,1.4082275895220706,28.72681304812848,0.05246469777361996,4.060305010893918,1.333374680204541,-1.6523828246007923,1.4418886540854423,26.673117672624173,-0.08501865459565434,0,0.5359009680616528,79.14572864321609,0.00011735023176662196,0.00019736175342588425,-1.066820288786463e-05,0.0
1779123300,GBPAUD,bullish_exhaustion,1.87473,1.87515,1.87458,1.87495,1038.0,1.3977581892154574,26.602563595915377,0.05196329044964877,4.1367741935487095,1.2356275050891248,-6.3834814098390495,-1.7339713991305246,11.632079421079963,-0.041513045938691234,0,0.5148056052275535,65.32663316582915,8.000213339021123e-05,-0.00012800341342422694,-0.00010666951118698531,1.0
1779123600,GBPAUD,bullish_exhaustion,1.87497,1.87548,1.87491,1.8751,1074.0,1.4040830397558683,24.02492362850804,0.05085443062084213,4.191400749064122,1.1722112387521508,-17.00424182889327,0.04635694394363199,22.113436866969558,-0.0158541963513079,0,0.47817410658913795,41.20603015075377,-0.0002079889072582608,-0.00018665671164208586,-0.00025598634739487647,1.0
1779124800,GBPAUD,bullish_exhaustion,1.87461,1.87512,1.87457,1.87493,960.0,1.3201040922687326,16.417156187949015,0.03809666037055694,4.3839600000011325,1.0584991836358544,-8.063989262649848,6.666666666661417,-31.148019421120182,0.0285944030523082,0,0.5717596285132601,91.20603015075378,-4.800179206687627e-05,-5.866885697070057e-05,-6.400238942250169e-05,1.0
1779125100,GBPAUD,bullish_exhaustion,1.87493,1.87508,1.87479,1.87484,767.0,1.3397276212467537,15.317631367772547,0.03520300398967261,4.359696969697833,1.0510889307238238,-4.907163562057069,9.719227036348151,-37.882316410489146,0.02120655801791013,0,0.5441157896951389,81.4070351758794,-1.0667576966660874e-05,-1.600136544988029e-05,-1.600136544988029e-05,1.0
1779125400,GBPAUD,bullish_exhaustion,1.87485,1.87514,1.87478,1.87482,633.0,1.211538347151321,13.515616165706646,0.03192687450376124,4.491360381861725,1.061471022029251,-2.8911740991642887,10.580767364327698,-49.36269581291317,0.024051948171839418,0,0.5204330755101753,68.84422110552764,-5.3338453823714715e-06,-5.3338453823714715e-06,-0.00022402150606448679,1.0
1779126000,GBPAUD,bullish_exhaustion,1.87478,1.87489,1.87466,1.87481,604.0,1.36965768579375,12.883822395175919,0.02712655834838804,4.564157303372056,1.0477691920819319,-0.9415887693484586,-2.754417205316237,-73.39345083565604,0.0317847181541258,0,0.5101872187667889,61.80904522613066,-0.00021868882713449445,-0.0004053744112737512,-0.000576058373915278,1.0
1779185700,GBPAUD,bullish_exhaustion,1.8836,1.88415,1.88347,1.88413,692.0,1.6738997075979185,23.183886354954893,0.037569442812180324,4.58482341069595,1.2855893053014809,-0.565654492609994,5.634429521544412,67.9430199429964,-0.01271670941297833,0,0.5291890142789373,73.61809045226131,-9.553480916923984e-05,-0.00020168459713498788,-0.0004617515776512704,1.0
1779186300,GBPAUD,bullish_exhaustion,1.88393,1.88417,1.88366,1.88375,514.0,1.591958323290027,19.915714448195864,0.03333017347615832,4.297155858930463,1.2964373402059295,-0.13630610334813298,8.33678398896236,52.00240655003153,-0.05238620559975432,0,0.4824944618232695,44.221105527638194,-0.00026011944260129205,0.00010086264100861442,5.8394160584063215e-05,0.0
1779186900,GBPAUD,bullish_exhaustion,1.88321,1.88404,1.8832,1.88394,935.0,1.2355691245394316,15.37672587759304,0.0334784698936411,4.373137032842639,1.1011689615332336,-12.907071825387177,-6.7161720329804595,32.98278716579912,0.01386789387509446,0,0.41718043751733336,12.562814070351758,-4.246419737352625e-05,3.715617270194649e-05,0.00020170493752447172,0.0
1779333000,GBPAUD,bullish_exhaustion,1.88727,1.88788,1.88711,1.88742,486.0,1.418649803887571,34.42580409228847,0.06361669822902781,4.101392028554002,1.446172452024389,-2.662011080869604,-17.276543791260565,12.320408600851307,-0.07801783616520573,1,0.5620662631359725,89.19597989949749,-0.00018543832321371578,-0.00023312246346862686,-0.00014305242076484426,1.0
1779334500,GBPAUD,bullish_exhaustion,1.88725,1.8875,1.88718,1.88725,346.0,1.2408804901355457,17.563544031678205,0.0466286925420598,4.451363636363339,1.1896640958708644,-13.787252651855106,11.48828061869036,-45.32238754918986,0.012798015359743084,0,0.5925296113603823,95.22613065326632,-0.0003709100543118904,-0.0005351702212214038,-0.00048748178566704325,1.0
1779690300,GBPAUD,bearish_exhaustion,1.88124,1.88136,1.88115,1.88118,217.0,2.199427634588011,18.23773541256504,0.021187309485079724,-4.7158422939071105,-1.5594196208412447,0.6062050441324504,17.43683047199265,-13.824009722412782,0.05006191247006188,1,0.548557189297374,84.17085427135679,-5.8473936571767915e-05,2.1263249662339945e-05,0.00012226368555912082,1.0
1779690600,GBPAUD,bearish_exhaustion,1.88115,1.88122,1.88086,1.88107,221.0,1.4933140496076704,12.383602770122549,0.021264493081064907,-4.837500000000754,-1.4810405803395335,1.9730844723355467,10.827833395139265,-25.0294870027626,0.01949010325278322,1,0.4826241028198986,44.72361809045226,7.97418490539048e-05,0.00018074819118907293,0.00027643841005398073,1.0
1775648400,GBPCAD,bullish_exhaustion,1.86509,1.86562,1.86509,1.86543,977.0,1.5810965518524376,27.44666261721475,0.04231119443161624,4.303384615383961,1.3689991503439587,-0.1474526041581612,-22.297089355257267,75.44734526253251,-0.060577713347257714,1,,,0.0003913306851504039,0.0004931838771757846,0.0006432833180554098,0.0
1775648700,GBPCAD,bullish_exhaustion,1.86542,1.86648,1.86539,1.86616,806.0,1.5613276459577374,28.206550880239693,0.044017049525686136,4.844973913043341,1.3350502239805828,-0.6500598394844985,-3.3538540868865283,99.78431960689448,0.006177720625240188,1,,,0.00010181334933756503,0.0002518540746774267,0.0002036266986753521,0.0
1775671200,GBPCAD,bearish_exhaustion,1.85722,1.8577,1.85677,1.85724,681.0,1.3994401065696123,19.312663414726632,0.032075245294858994,-4.898657074340694,-1.5958584748404325,0.8235017648512727,13.609755042784482,-73.33811159718029,0.05526283122726619,0,,,9.153367362313425e-05,0.0003015226895823897,-0.0002261420171868478,1.0
1775675700,GBPCAD,bearish_exhaustion,1.8552,1.85525,1.85433,1.85465,854.0,1.4871534613782007,22.370903151510664,0.04197942622982524,-4.490275229358436,-1.3085407498256567,0.6748499015208802,8.45062504616012,-93.11929273541712,0.014383515188871954,1,,,-3.7742970371734685e-05,0.00018332299894852078,0.0006146712317689484,1.0
1775676000,GBPCAD,bearish_exhaustion,1.85466,1.8547,1.85437,1.85458,795.0,1.6758317275869885,22.682572758369425,0.040710025989713544,-4.580662251655414,-1.3320073233435241,0.37046838399368864,3.0889317246113634,-96.57460855139122,0.016171993970155472,0,,,0.00022107431332152316,0.0006524388271200721,0.000630870601429967,1.0
1776108600,GBPCAD,bullish_exhaustion,1.86201,1.8622,1.86187,1.86199,409.0,1.2961540128060536,11.836333051607449,0.023592270328288,4.124878048781053,1.2207209128054795,-0.21972917738162323,4.3227516712282,58.902734036233554,-0.03733163872968738,0,0.5971944220504783,77.64976958525345,-9.667076622321691e-05,-7.518837372921805e-05,-3.222358874099829e-05,1.0
1776124500,GBPCAD,bullish_exhaustion,1.863,1.86325,1.863,1.86309,190.0,1.3163888803917154,5.512165568994851,0.012076711269986055,4.028444444447097,1.1670024374411432,-7.835708065928202,19.986186652859708,109.82257904650986,0.023448386441126116,1,0.5965738653047495,77.41935483870968,-0.00022543194370638897,-0.0002361667981686244,-9.661369015978583e-05,1.0
1776664800,GBPCAD,bearish_exhaustion,1.84818,1.84837,1.84775,1.84778,794.0,2.2709241038130847,18.374464198703745,0.027136811277781402,-5.083874643874522,-1.397178520896629,0.14568528527446264,4.948360105231835,-89.85599902577815,-0.0007906605617637539,0,0.7839224312452924,96.54377880184332,-0.00012447369275558895,-0.0002056521880310358,-0.0003138901817315576,0.0
1777280700,GBPCAD,bearish_exhaustion,1.84559,1.84563,1.84512,1.8453,415.0,2.126773195066088,19.908719873074492,0.025702363533612122,-4.945542168672869,-1.5448593719764037,0.5976269686218969,4.288343658805317,-50.78970576446389,0.04650159194522266,1,0.4192853971389195,14.348785871964681,-7.044924944454856e-05,-0.00011922180675227878,-0.00030347368991490153,0.0
1777281000,GBPCAD,bearish_exhaustion,1.8453,1.84535,1.84492,1.84517,392.0,1.9783182793070098,19.077414900588963,0.024736396723803854,-5.210892018777917,-1.5481176262587524,0.5423805037237841,-10.477086377864808,-62.64661632692648,0.021494213057539884,1,0.40386513244095046,9.271523178807946,-4.877599353980688e-05,-0.00023304085802389185,-0.000319753735428141,0.0
1777281300,GBPCAD,bearish_exhaustion,1.84516,1.84519,1.84476,1.84508,416.0,1.8924508734423486,17.307324812768403,0.02373106547451537,-5.411353996735452,-1.5650851409190039,0.049959396177918114,-17.926597154178125,-71.70356111645803,0.009194537196390597,1,0.37738453881861495,3.7527593818984544,-0.00018427385262431706,-0.0002709909597415905,-0.00016801439503977278,0.0
1777395900,GBPCAD,bullish_exhaustion,1.84826,1.84849,1.8482,1.84844,390.0,1.5800971044190937,15.871065399298322,0.025929200530487626,4.459552906109206,1.4385966468786098,-0.5757505548230881,-19.685992383354524,58.875270249176594,-0.06026947517724646,1,0.4525339700498381,27.81456953642384,-5.409967323799503e-05,-0.00017311895436156188,-9.737941182841325e-05,1.0
1777396200,GBPCAD,bullish_exhaustion,1.84843,1.84849,1.84816,1.84834,398.0,1.6336641337140525,15.382938908287981,0.025428222080354158,4.157446808510031,1.3735589640723962,-3.524495783206433,-12.632433356113811,48.458889728766835,-0.06290657254599441,1,0.461870919768025,33.99558498896248,-0.00011902572037614245,-4.3282080136819445e-05,8.656416027341685e-05,1.0
1777397100,GBPCAD,bullish_exhaustion,1.84827,1.84864,1.84819,1.8485,310.0,1.6306258260383157,14.082311814181237,0.023107538931180095,4.373244147157595,1.227471047533181,-21.001678395978033,12.931929181923742,49.16657130867863,0.013343768270331601,0,0.49378199966441255,49.88962472406181,-7.573708412222935e-05,-0.00010278604273739056,-0.00012983500135244075,1.0
1777663200,GBPCAD,bearish_exhaustion,1.84506,1.84519,1.84495,1.84506,384.0,1.2460709224454862,11.343109140804362,0.025163719027334747,-4.302092307692129,-1.2321314761359912,0.5692573562814018,-0.9779318164787156,-73.29148165164642,0.0146265029805002,0,0.5102212477622078,42.365591397849464,-8.671804710957964e-05,-0.00017343609421904826,-0.00017343609421904826,0.0
1777663500,GBPCAD,bearish_exhaustion,1.84506,1.84517,1.84487,1.8449,346.0,1.3543861762168372,11.037908034251469,0.02377209759723902,-4.7490553745913155,-1.279121593885778,1.2202959893026597,-10.696759982917758,-81.28900365834463,-0.007733896919000201,0,0.5283292424886236,48.817204301075265,-8.672556778144269e-05,-8.672556778144269e-05,-0.00014634939563118454,0.0
1777663800,GBPCAD,bearish_exhaustion,1.84489,1.84491,1.84462,1.84474,389.0,1.2722921111250918,10.121164718488917,0.023619278907288672,-4.9720655737694,-1.2822160026041716,0.15948198742225417,-9.327745688732136,-113.16835796092998,-0.02232723475045789,0,0.5403257958627311,54.19354838709678,0.0,-5.962899920863851e-05,-3.794572676907304e-05,0.0
1778176800,GBPCAD,bearish_exhaustion,1.85176,1.85212,1.85157,1.85168,999.0,1.369942822668285,22.01263887792275,0.03977083359049936,-4.174742967992358,-1.3821197796995288,1.139921722386014,9.829714026031482,-24.81677672156267,0.06666682147974064,1,0.5026688441225569,52.41730279898219,-7.020651516453924e-05,-2.700250583242969e-05,3.240300699891563e-05,0.0
1778177100,GBPCAD,bearish_exhaustion,1.8517,1.85194,1.85142,1.85155,550.0,1.2031193285413122,19.385446268251357,0.0388477607564311,-4.298987090367498,-1.3238147783460994,2.7518133224566483,-2.433862433862018,-30.26154116200164,0.03617553543094943,1,0.4949058413504043,50.12722646310432,4.320704274807241e-05,0.00010261672652633891,6.481056412188657e-05,1.0
1778232600,GBPCAD,bullish_exhaustion,1.85811,1.85836,1.85807,1.85826,423.0,3.086487881269949,28.849750341014513,0.026138123067509154,5.877529411764909,1.9989277383772401,-0.37953148728090014,-11.616084316778714,55.19795270453684,-0.07598908149850145,0,0.38433008264951984,11.959287531806616,-5.381378278657145e-06,-1.076275655731429e-05,-0.00014529721352229963,1.0
1778232900,GBPCAD,bullish_exhaustion,1.85829,1.8583,1.85797,1.85825,303.0,2.8440687548989336,25.968741985927753,0.02417789394784014,6.100349761526853,2.056559099455619,-0.7742286209512343,-10.760519971278882,47.787208557921524,-0.06958789355019677,0,0.37716148698076923,10.687022900763358,-5.381407238047586e-06,-0.00013991658818779396,-0.00029597739808961965,1.0
1778233200,GBPCAD,bullish_exhaustion,1.85824,1.85833,1.85799,1.85824,338.0,2.488508363301955,22.39850767685577,0.02398582990971582,5.902435897436014,1.9651388974500856,-1.8728976268637325,1.786410470619792,44.682621249952525,-0.058211023133449454,0,0.46012208926663695,32.82442748091603,-0.00013453590494227896,-0.00029059755467542026,-0.00033364904425681186,1.0
1778233500,GBPCAD,bullish_exhaustion,1.85825,1.85832,1.85798,1.85799,238.0,2.1204889926338586,18.85630921896277,0.02268196122845594,5.415864406780274,1.9179686115312993,-4.288172773688132,-1.6547653699307894,32.755648307762286,-0.0862913465691139,0,0.44489252426131404,25.954198473282442,-0.00015608264845345943,-0.00019913993078546355,1.0764320582890008e-05,1.0
1778233800,GBPCAD,bullish_exhaustion,1.85798,1.85813,1.8577,1.8577,432.0,1.7541853231421705,15.25814922960084,0.022224102000170488,4.60449826989683,1.751152348957692,-11.340239112596308,-8.69148739117634,-1.8171762661418198,-0.10477802955071902,0,0.3980499086116728,13.486005089058525,-4.306400387565912e-05,0.0001668730150186093,9.689400872048282e-05,0.0
1778234100,GBPCAD,bullish_exhaustion,1.85768,1.8578,1.85747,1.85762,587.0,1.325795450427569,11.046130911374044,0.021840542506772687,4.269507042254257,1.5812009984902404,-23.162519386797356,-5.714674282604108,-51.52801803225343,-0.07770446272135473,0,0.43056380389525634,21.119592875318066,0.00020994606001223381,0.00013996404000815588,0.00013458080770001324,0.0
1778249100,GBPCAD,bullish_exhaustion,1.86619,1.86619,1.86516,1.86531,885.0,1.3934838903671063,28.03131359348134,0.05406990948268235,4.703682719546852,1.8041503370412784,-0.29427327933478864,-27.291303037885577,26.31832304934801,-0.15021128558804664,0,0.4862934188595507,47.58269720101781,-0.0003002181942948212,-5.361039183837679e-05,-0.0002251636457211159,1.0
1778249400,GBPCAD,bullish_exhaustion,1.86526,1.86533,1.86439,1.86475,1077.0,1.3077412278877873,27.062918691099775,0.052745484840939376,4.116833696441676,1.6321193739254447,-2.9233060415907914,-25.88263358449651,-23.053892215559433,-0.1429541618580044,0,0.5134042457832704,57.76081424936387,0.0002466818608393151,7.507708808152103e-05,-0.00011261563212217052,0.0
1778249700,GBPCAD,bullish_exhaustion,1.86474,1.86539,1.86472,1.86521,832.0,1.2457321676569146,25.511293744347093,0.049553975921516114,4.719969088098809,1.575055758490079,-7.841628285765466,-7.8918436061274,-12.12710765240947,-0.0656087846923031,0,0.5416729298892633,73.02798982188295,-0.00017156245141303206,-0.00035920888264584505,-0.0003324022496127288,1.0
1778250000,GBPCAD,bullish_exhaustion,1.86524,1.86538,1.86472,1.86489,797.0,1.2737019453677338,23.87078392468011,0.04734097683279644,4.4199676375404415,1.4685853047864263,-13.466903093408959,2.377302029149037,-26.52833948774181,-0.0637813952583885,0,0.5680133778297495,83.46055979643766,-0.00018767862983870565,-0.00016086739700460484,1.6086739700549302e-05,1.0
1778250900,GBPCAD,bullish_exhaustion,1.86461,1.86509,1.86446,1.86492,981.0,1.2683817218302353,20.85951182428206,0.04619118093154498,4.088557213929618,1.038166005436901,-13.559714687954454,9.655515050247143,-56.61799986291507,0.024141690021033783,0,0.6200493755071901,93.38422391857506,0.0003753512215001198,0.0002788323359714795,0.0002252107329001607,0.0
1778251200,GBPCAD,bullish_exhaustion,1.86493,1.86566,1.86492,1.86562,1587.0,1.2205697441027676,20.124896589383763,0.04337891501408296,5.0194880847300105,1.0697848213832761,-8.842638530379102,24.35180927939004,-14.91882404567131,0.08595192985904893,0,0.5900038006459006,89.82188295165395,-9.648267064032989e-05,-0.00015008415432937738,-0.00019832548964959784,1.0
1778252100,GBPCAD,bullish_exhaustion,1.86533,1.86545,1.86492,1.86525,1316.0,1.2198644662822467,18.33377310156323,0.04043885346659907,4.28007575757476,0.9377022695223145,-1.8789002550362666,-8.674544324646902,-47.16230990958098,0.024330486763979645,0,0.5272884939623043,65.64885496183206,-0.00024125452352230514,-7.505696287357644e-05,-0.00019836483045165831,1.0
1778783400,GBPCAD,bearish_exhaustion,1.83912,1.8395,1.8388,1.8388,372.0,2.5947196063827955,41.20992883177728,0.039078280866405975,-9.862902584492065,-2.8494841120824708,0.04739811614445535,16.829749702700312,-81.86312776477881,0.059616421395742,1,0.6002463615705736,90.83969465648855,0.0004187513595823589,0.0001740265390473006,0.0002991081139873675,1.0
1778783700,GBPCAD,bearish_exhaustion,1.83889,1.83977,1.83889,1.83957,467.0,2.43642976512673,38.5949257659936,0.041236344829034266,-7.967344632767445,-2.527483438580175,2.4565479534929824e-06,15.666138134875574,-61.07787702477925,0.12129784095947942,1,0.5337097281639189,68.70229007633588,-0.0002446223845788964,-0.0001195931657941296,-0.00038052370934504864,0.0
1778784000,GBPCAD,bearish_exhaustion,1.83956,1.83956,1.83899,1.83912,395.0,2.266524599073892,35.51437529548019,0.03961521970134953,-8.525450980390852,-2.510739038369623,3.1292262212142203,6.379281332935221,-63.670746597595645,0.05463395667277604,1,0.5582667476419597,79.89821882951654,0.00012505981121413434,-0.00013593457740668224,0.00014137196050278966,0.0
1778784300,GBPCAD,bearish_exhaustion,1.83911,1.83949,1.83911,1.83935,379.0,2.1742529075964843,33.64669578293829,0.03747441836984486,-8.274072538858679,-2.496924367880961,6.248549148491168,1.4185187820750542,-54.85139505029459,0.06956671278930264,1,0.5377870724100656,70.22900763358778,-0.0002609617527931096,1.6310109549610985e-05,0.00013048087639666583,1.0
1778784600,GBPCAD,bearish_exhaustion,1.83935,1.83945,1.83877,1.83887,511.0,1.975243906986612,30.74253615043555,0.0385329810465914,-8.333104838708165,-2.3357303242893463,11.682477788575623,-17.24946037619378,-64.53935172687397,0.006610973414722306,1,0.5421654072854256,73.2824427480916,0.00027734423858127855,0.00039154480740899444,0.0005438122325123196,1.0
1778784900,GBPCAD,bearish_exhaustion,1.8389,1.83942,1.83888,1.83938,510.0,1.8841955618280628,28.140249925154173,0.03681364683441617,-7.552911392403561,-2.2797683637202057,19.32305841804176,-9.801418439716564,-49.1288635858986,0.05898280608702911,1,0.5554317417309182,78.11704834605598,0.00011416890473969765,0.00026639411105899846,0.00015766182083076785,1.0
1778785200,GBPCAD,bearish_exhaustion,1.83938,1.83972,1.83931,1.83959,441.0,1.6992099467017845,24.677750171549352,0.03583873114583876,-7.069469122425496,-2.1571546450144763,19.72308154374184,5.356227448050717,-23.591549295757304,0.06089560019163164,1,0.4859703815048791,47.23618090452261,0.00015220782891822715,4.348795111952519e-05,0.00013046385335857558,1.0
1778785500,GBPCAD,bearish_exhaustion,1.83961,1.83991,1.83957,1.83987,277.0,1.4888333150491524,20.232111194884368,0.035328582997712216,-6.398153846153286,-1.9821665327054108,14.892343862602026,22.144249512668758,4.153464074648723,0.06445904185589127,1,0.47943354834498675,42.211055276381906,-0.00010870333230061924,-2.174066645999062e-05,-3.2610999690207976e-05,0.0
1778785800,GBPCAD,bearish_exhaustion,1.83987,1.83995,1.83966,1.83967,243.0,1.4326723570248132,17.071375528440175,0.0339734843749152,-6.597759999999626,-1.8957952725131046,9.961553205519863,13.003733439055864,15.008726003495806,0.014926826794529136,1,0.44628712158366035,22.110552763819097,8.697211999986187e-05,7.610060499985138e-05,-3.261454499992045e-05,1.0
1778786100,GBPCAD,bearish_exhaustion,1.83967,1.8399,1.83967,1.83983,485.0,1.293346612529489,14.427542960224462,0.031602298659581265,-6.430024570023649,-1.8531727610608493,6.23846035598757,2.2455223279166887,34.283081498256024,0.01813123151205969,1,0.4152248335246491,12.060301507537687,-1.0870569563614652e-05,-0.0001195762651984289,-0.0001576232586707471,0.0
1778786700,GBPCAD,bearish_exhaustion,1.83981,1.83984,1.83958,1.83961,267.0,1.3002310814797178,11.168681866230866,0.028189204699443457,-6.767438016527592,-1.760876267314063,2.1884571051409267,-16.650663263617297,43.359321570172476,-0.04150875410994752,1,0.4236411444501862,15.07537688442211,-3.8051543533645926e-05,-0.0004892341311473203,-0.0003750795005462715,0.0
1778787000,GBPCAD,bearish_exhaustion,1.83962,1.83978,1.83952,1.83954,437.0,1.2886438705052297,10.17263034153006,0.025083910729234757,-7.280433436531433,-1.8504323763787307,1.2514388579745912,-26.001404280866204,41.80554938295306,-0.05506071062387461,1,0.354836991583696,2.261306532663317,-0.00045119975646079613,-0.0003370407819345278,-0.0002228818074083705,0.0
1778787900,GBPCAD,bearish_exhaustion,1.83891,1.83921,1.83891,1.83913,518.0,1.260873260278817,9.652416206341213,0.022176634759757844,-7.602171628721176,-1.9714025372140798,0.21538553277697758,9.301447255091508,-31.457085828396167,-0.029985085935596376,0,0.45195886980478356,24.623115577889447,-0.00023380620184543233,-0.00026643032303308445,-0.0003534279795338602,0.0
1778788200,GBPCAD,bearish_exhaustion,1.83913,1.83913,1.83856,1.8387,711.0,1.212373045748058,9.703010588038962,0.022142973684823195,-8.163228070174839,-1.9575756690650281,0.11751858145701988,6.208995299382234,-85.35617959697754,-0.09089904304023506,0,0.49156602566579954,50.753768844221106,-3.263175069334601e-05,-0.00011964975254263877,-0.0003371947571654266,0.0
1778789700,GBPCAD,bearish_exhaustion,1.8382,1.8382,1.83784,1.83801,204.0,1.2097459258232115,12.708721116270402,0.022695352971030095,-6.99904109589198,-1.9282312536204622,0.005207889294112533,0.5866537048898053,-150.9310986964923,-0.038811746303385596,0,0.4613663343853452,32.1608040201005,0.0002448300063655484,-5.984733488928473e-05,-8.705066892999991e-05,0.0
1778790300,GBPCAD,bearish_exhaustion,1.83848,1.83848,1.83789,1.8379,169.0,1.327208583087452,14.001236296683727,0.02506742944198503,-5.839193798450585,-1.659911832558507,0.0014555196157317596,2.568469011978131,-110.32013910199518,-0.03728983022823329,0,0.45089038744335286,24.120603015075375,-2.7204962185112258e-05,0.00012514282605136096,0.00018499374285863013,1.0
1778790600,GBPCAD,bearish_exhaustion,1.83799,1.83831,1.83782,1.83785,223.0,1.3795855945263404,14.974306075417289,0.026078608933573586,-5.408464977645761,-1.590279173576594,0.000766146620520658,-3.170121463517834,-106.74962292609307,-0.019781438409001133,0,0.4284304709044367,17.08542713567839,0.0001523519329651446,0.00021220447805858633,-0.00010882280926083343,1.0
1778790900,GBPCAD,bearish_exhaustion,1.83787,1.83817,1.83785,1.83813,180.0,1.3978384651639826,15.23375557514277,0.02630779262464617,-4.472555391433018,-1.5079062359914,0.0004022665366818501,-3.32491582491188,-90.02056215296234,0.03472455183270103,0,0.3833952363287959,4.522613065326634,5.984342783160734e-05,-0.0002611349578104383,-0.0001414481021473346,0.0
1778791500,GBPCAD,bearish_exhaustion,1.83825,1.83833,1.83764,1.83765,277.0,1.4019810313130963,14.944887406158042,0.026042577671015886,-4.9798208955232,-1.4455930934015553,0.00011016345499115232,2.4265815361760232,-95.60438524553959,-0.045408179494551205,0,0.4471115428197007,22.613065326633166,0.00011971811824884604,-0.00020678584061162297,,0.0
1778799900,GBPCAD,bearish_exhaustion,1.83773,1.83784,1.83689,1.83689,199.0,1.9554189523550842,10.043866342030576,0.014309901129471659,-5.1860869565228604,-0.9731275925424222,5.386482797575809e-07,-12.994417342243374,-128.6278151845986,-0.1936585582651328,0,0.5603514901601598,88.69346733668341,-4.899585712803134e-05,-4.899585712803134e-05,-0.00014698757138420504,0.0
1779124800,GBPCAD,bullish_exhaustion,1.84541,1.84542,1.84513,1.8453,839.0,1.6008407918382124,19.46892732922306,0.03921158774028216,4.103810463968437,1.2043091113748063,-16.35898368041667,0.7976024367217391,15.78956779857334,-0.006389411195437878,0,0.5324733809200366,76.13065326633166,1.0838346068409166e-05,-0.0001354793258547815,-0.0001463176719233017,1.0
1779125100,GBPCAD,bullish_exhaustion,1.8453,1.84548,1.84519,1.84532,478.0,1.3734160169974152,15.868340295700825,0.03619194193186682,4.300919786096701,1.2313571718205594,-10.853935878442584,8.229316453732473,9.171075837685157,-0.002049373653057807,0,0.5736267091822231,91.70854271356784,-0.00014631608609882996,-0.00015715431469887076,-0.00016257342899872462,1.0
1779685200,GBPCAD,bullish_exhaustion,1.86131,1.86147,1.86127,1.86136,269.0,1.2604739030666492,25.039841284086492,0.04132922778429355,6.243454038997552,0.5097401115705538,-19.459640957682602,15.688731379503544,629.1840892034709,0.42194737814963434,1,0.5135366552083928,64.57286432160804,9.670348562340614e-05,0.00013431039669931089,0.00010744831735953753,0.0
1779690300,GBPCAD,bullish_exhaustion,1.8617,1.86178,1.86156,1.86162,389.0,4.5599312291714105,36.45474488395239,0.018110186673050643,9.929915254238328,3.2869186694967945,-0.920483511865072,-19.025659646572873,26.154591926676314,-0.12887826622118842,1,0.45904002104484876,29.899497487437188,6.983165200202812e-05,0.00011817664184943233,0.0,0.0
1779690600,GBPCAD,bullish_exhaustion,1.86163,1.86177,1.86148,1.86175,392.0,3.6853213189093914,27.95385874894946,0.01845421934048134,9.815717255718225,3.0273917891586772,-3.2166470367502598,-9.100298555635831,16.99384705537954,-0.0641033552174896,1,0.4793826688770226,41.959798994974875,4.8341614072633377e-05,-6.982677588285302e-05,0.00010205451859812698,1.0
1779698700,GBPCAD,bullish_exhaustion,1.86308,1.86346,1.86306,1.86335,447.0,1.907626593274113,14.953318515928482,0.021006712181208604,4.231167883212463,1.3487378439146296,-12.239105942040418,4.038677376019173,81.95273398818962,-0.008658102366299048,1,0.3969474336128825,6.532663316582915,-0.00014490031395064662,0.00013953363565621935,0.00015563367053950117,0.0
1779700200,GBPCAD,bullish_exhaustion,1.86363,1.86383,1.86362,1.86376,194.0,1.7748517104155472,12.34669841108851,0.01920081678204941,4.020598802396246,1.4388432398320188,-3.345802759097233,5.631008149119694,107.68447130190569,0.010382981763833265,1,0.5486472164248838,84.67336683417085,4.292398162841771e-05,9.121346096074845e-05,6.438597244273758e-05,0.0
1779700500,GBPCAD,bullish_exhaustion,1.86377,1.86389,1.86358,1.86384,203.0,1.5907492529899447,11.37276174078638,0.017283825711586955,4.571884700666594,1.606491260121095,-1.9692170271670815,0.23808514845558193,115.29475685953716,0.00905865255452272,1,0.49905698493904727,55.27638190954774,4.828740664453157e-05,2.146106961964378e-05,3.219160442946567e-05,0.0
1779700800,GBPCAD,bullish_exhaustion,1.86387,1.86398,1.86378,1.86393,161.0,1.4256622386367577,10.222548990850763,0.01590341758695588,5.115566265063199,1.7570968585676132,-1.1327663674516042,0.19511920828209384,139.88946064412195,0.009804327980636076,1,0.5273413349876613,72.11055276381909,-2.6825041713030018e-05,-1.609502502786242e-05,-8.584013348145181e-05,1.0
1779701100,GBPCAD,bullish_exhaustion,1.86393,1.86408,1.86387,1.86388,228.0,1.336045481192853,9.292713071113939,0.015827199175911636,4.813559322036375,1.7408189232116287,-0.640463892453489,-5.812739997519358,143.1458638232038,-0.020989487450708395,1,0.5527680628087723,86.93467336683418,1.0730304526029855e-05,-5.901667489327522e-05,-8.584243620834986e-05,1.0
1779702600,GBPCAD,bullish_exhaustion,1.86369,1.86376,1.86364,1.86374,225.0,1.4670691948489656,6.329493764184304,0.01452532465442061,4.048548812665481,1.4760729153068115,-0.03158907207286005,-6.900584795311019,48.55977053287127,-0.029776426929457082,0,0.6026113054419016,96.23115577889448,-1.0731110562600676e-05,-4.2924442250402706e-05,3.755888696921339e-05,1.0
1779702900,GBPCAD,bullish_exhaustion,1.86374,1.8639,1.86369,1.86372,362.0,1.4214671118252709,6.1021461810133735,0.013797290212202508,4.043666666667613,1.4551651010808948,-0.016951767971050094,1.9571150097548689,57.1866224150679,-0.027650000395055274,0,0.6035414322315301,96.73366834170855,-3.2193677161784784e-05,4.8290515742621665e-05,-0.0001073122572060603,0.0
1779703500,GBPCAD,bullish_exhaustion,1.86364,1.8639,1.86362,1.86381,204.0,1.247572815533507,5.51614895533801,0.011688806415736726,4.856393442621951,1.5173779577990356,-0.004816814137834599,10.536948431689112,52.68490374874277,0.021204621884408657,0,0.5628250275107609,89.44723618090453,-0.00015559525917341333,-0.00011267242905665942,-0.00018778738176106202,1.0
1775763900,GBPCHF,bullish_exhaustion,1.06192,1.06194,1.06169,1.06174,415.0,1.3891893476656474,9.996460087191148,0.018635178372965383,4.136317689528848,1.4837534761472877,-0.35111524751584966,-19.93879472693951,30.213186502907334,-0.10658207602694574,1,,,6.592951193318264e-05,0.00022604404091408625,0.00022604404091408625,0.0
1775842200,GBPCHF,bullish_exhaustion,1.06253,1.06262,1.0625,1.06256,390.0,1.2296147444119192,10.139868520200471,0.023057521457612102,6.106938775510365,1.451138177953347,-0.8805917510274099,-3.101553166078588,89.51947950143158,-0.019148075016306814,1,,,9.411233248046713e-06,0.0001411684987202566,-7.528986598392962e-05,0.0
1775842500,GBPCHF,bullish_exhaustion,1.06258,1.0626,1.06246,1.06257,367.0,1.4073085389630269,10.28018183280701,0.022048967530206076,6.154878048781288,1.4538414603421177,-3.0595276906578164,-4.579124579135559,75.77639751557055,-0.01612588607908308,1,,,0.00013175602548542997,-8.470030209761781e-05,-0.00026351205097085995,1.0
1775842800,GBPCHF,bullish_exhaustion,1.06258,1.06273,1.06255,1.06271,349.0,1.5315044954607087,10.783517010767893,0.020298509067786272,7.023178807947173,1.5586150330741262,-5.652155349093263,7.323606434714563,100.27516010421947,0.024987672642832363,1,0.4487127151101992,39.63133640552996,-0.00021642781191477667,-0.00039521600436631665,-0.00019760800218315833,1.0
1775843100,GBPCHF,bullish_exhaustion,1.06271,1.06275,1.06241,1.06248,489.0,1.3021407966085865,9.854642036114178,0.02104241289919982,5.455079872204669,1.3892209619941585,-4.345580196484548,-4.914548535452845,60.92200756409327,-0.05666720185928509,0,0.5005588506040091,57.14285714285714,-0.00017882689556525388,1.882388374352395e-05,-0.00012235524433423794,0.0
1775843400,GBPCHF,bullish_exhaustion,1.06247,1.06252,1.06227,1.06229,556.0,1.3339234805087,9.040288727945002,0.020844455979868684,4.393290322580108,1.2275608281501373,-20.078113310206703,-19.008714596943875,-4.340430523844083,-0.09327370239298555,0,0.47196029892716196,48.38709677419355,0.00019768613090587195,5.64817516872651e-05,8.47226275311197e-05,0.0
1776371100,GBPCHF,bearish_exhaustion,1.05968,1.05974,1.05948,1.05953,418.0,1.3095473884373474,7.859467928082463,0.014292051327341378,-4.462830188679017,-1.0700682366706304,12.86845776959533,-23.683135292881182,-55.33226152188131,-0.06980549258258506,0,0.658374231964633,85.02304147465438,-2.831444130890759e-05,0.0,0.00010381961813243912,0.0
1776879300,GBPCHF,bullish_exhaustion,1.05865,1.05877,1.05858,1.05876,275.0,2.1071350944552965,18.23826711343824,0.020239309596671806,4.858933333331946,1.6902856617282513,-0.33383954333481825,-14.458267980007175,65.84457289662996,-0.05852769801048865,0,0.4141069068843059,12.141280353200882,0.00012278514488661685,0.00032113037893388707,0.0004061354792399552,0.0
1776879600,GBPCHF,bullish_exhaustion,1.05877,1.05895,1.0587,1.05889,246.0,2.1621060553672233,18.549757929747823,0.021046297807813797,5.081282051281322,1.6163664991870137,-0.3315946708016355,13.115009196252196,79.0419161676464,-0.014448925135771293,0,0.498699290873916,53.42163355408388,0.00019832088318882946,0.000283315547412899,0.0005477433916647456,0.0
1776882600,GBPCHF,bullish_exhaustion,1.05932,1.05942,1.05931,1.05936,258.0,1.320325733997926,11.270263737309731,0.020767255701552467,5.411818181819705,1.674961906489055,-1.6769626192582905,-10.678055316288493,82.92865147556905,-0.04067027172062798,1,0.508345591941689,59.82339955849889,4.719830841248829e-05,-7.551729346022551e-05,-9.439661682519862e-05,1.0
1776882900,GBPCHF,bullish_exhaustion,1.05937,1.05943,1.05935,1.05941,196.0,1.3603923471564863,10.73834073014408,0.019485239088600628,5.809273356402482,1.732510675501005,-3.341074002362774,-6.599913867358069,82.65635074138754,-0.02409493554847938,1,0.5482494661924121,76.37969094922738,-0.00012270981017736826,-0.0001415882425122028,-0.00022654118801979095,1.0
1776883200,GBPCHF,bullish_exhaustion,1.0594,1.05941,1.05927,1.05928,217.0,1.3493771711421785,10.192425863450264,0.019689924153330495,4.934520547946203,1.6046850537320305,-5.149333547546036,-10.15886687721546,56.995870845434744,-0.06547480526300407,1,0.4751089417557842,40.1766004415011,-1.888074918798832e-05,-0.00010384412053476844,-9.440374594060774e-05,1.0
1776883500,GBPCHF,bullish_exhaustion,1.05931,1.05935,1.05924,1.05926,202.0,1.6160579409382314,9.94832874227862,0.019150835758654502,4.771830985917432,1.5345896258280252,-17.48318397930106,-13.011569981507229,42.46405788820319,-0.05559345224284794,1,0.3826546965854759,4.856512141280353,-8.496497554910665e-05,-7.552442271030468e-05,6.60838698713917e-05,1.0
1776883800,GBPCHF,bullish_exhaustion,1.05927,1.05929,1.05915,1.05917,261.0,1.7446394087800092,9.883237984289204,0.018410642295380055,4.2912820512829795,1.4474393247260617,-22.453984691872733,-13.90977443609437,16.81503461916849,-0.06949883248787767,1,0.35492005500360185,2.4282560706401766,9.441355023342979e-06,0.00015106168037259948,0.00017938574544240637,0.0
1776884100,GBPCHF,bullish_exhaustion,1.05919,1.05923,1.05914,1.05918,280.0,1.7988312667822586,9.714576229799318,0.017331466660190895,4.416809338523061,1.4003839191654255,-18.083083289451857,-2.519815929785045,7.754374934474032,-0.04218811392972412,1,0.4391457604435194,21.85430463576159,0.0001416189882741392,0.000169942785928745,0.0001888253176984822,0.0
1776884400,GBPCHF,bullish_exhaustion,1.05919,1.0594,1.05913,1.05933,755.0,1.7722551411409209,9.436981791707044,0.017598724800445154,5.000306513411842,1.3215712492017981,-12.46945173851508,14.65487900252683,36.53355989803402,0.02893900984880412,0,0.5235732660852542,65.34216335540839,2.831978703521365e-05,4.71996450586154e-05,4.71996450586154e-05,0.0
1776884700,GBPCHF,bullish_exhaustion,1.05935,1.05942,1.0593,1.05936,286.0,1.5930949707419615,8.30221463451583,0.015170884846914737,5.688355555557134,1.4783208135928099,-7.948632144188249,22.804136778741317,57.58859784276675,0.036315519155099944,0,0.5064053570791667,58.94039735099338,1.887932336486209e-05,1.887932336486209e-05,2.83189850476262e-05,0.0
1776885000,GBPCHF,bullish_exhaustion,1.05936,1.0594,1.05927,1.05938,202.0,1.313812369091208,6.747307348972095,0.014226650089134575,5.937061611376171,1.523328357076887,-4.831286128392394,24.110563765739364,49.23798358727222,0.035181061873905156,0,0.558813758657056,79.47019867549669,0.0,9.439483471540555e-06,0.00010383431818605793,0.0
1777056000,GBPCHF,bullish_exhaustion,1.06196,1.06207,1.06196,1.06201,344.0,1.8466488417425857,12.80077859063301,0.01674721922177289,4.345060240962527,1.5008195074939494,-0.09129525903941271,-22.1105675513603,61.57423032213366,-0.09404758245078837,0,0.42412759525047533,16.777041942604857,1.883221438614413e-05,6.591275035083832e-05,0.00026365100140313125,0.0
1777058100,GBPCHF,bullish_exhaustion,1.06214,1.06219,1.06206,1.0621,372.0,1.3276815669481519,7.900894520479149,0.015737016961010212,4.153333333333063,1.2905322783844064,-1.949163894266519,-15.913715913704763,36.5718507572445,-0.06415145777176683,1,0.4026773899129867,9.050772626931568,2.8245927878645105e-05,0.0,5.6491855757512255e-05,0.0
1777058400,GBPCHF,bullish_exhaustion,1.0621,1.06219,1.06206,1.06213,253.0,1.203848884516654,7.073122702568979,0.015871073086293996,4.18576271186558,1.1984303870570658,-8.937929422591125,-15.631359381353715,35.05795872200235,-0.03333504967003644,1,0.37335284222210186,3.532008830022075,-2.8245130068826896e-05,2.8245130068826896e-05,0.00012239556363158322,0.0
1777403400,GBPCHF,bullish_exhaustion,1.06699,1.06707,1.06696,1.06707,512.0,1.350137296883001,6.985697628224354,0.013454733857335048,4.204179104478349,1.1639171205627137,-0.5509978621554978,-19.756367663340697,74.72591940767785,-0.036903616156588014,0,0.44356290354735756,23.841059602649008,0.0,-9.371456418105772e-06,-1.87429128359895e-05,1.0
1777403700,GBPCHF,bullish_exhaustion,1.06705,1.06711,1.06701,1.06707,532.0,1.4196595789627595,7.079156228960513,0.013253916934091465,4.130707070707766,1.1439651393188541,-0.6722529119217597,-5.951700957814541,79.12587540804427,-0.03540901714226683,0,0.4825165492054931,44.150110375275936,-9.371456418105772e-06,-1.87429128359895e-05,6.560019492640734e-05,1.0
1777404000,GBPCHF,bullish_exhaustion,1.06708,1.06714,1.06704,1.06706,583.0,1.4120854426661826,7.09421739431956,0.012450765922925858,4.21505376344246,1.1665387963346416,-1.033363759607937,4.185463659143551,77.80219780214999,-0.03912956215879782,0,0.49807239701974804,52.75938189845475,-9.37154424296427e-06,7.497235394460233e-05,0.0001780593406182085,0.0
1777404300,GBPCHF,bullish_exhaustion,1.06704,1.06705,1.06694,1.06705,575.0,1.3895682452374687,6.876768263285514,0.012250061919713364,4.034754098363228,1.125251888999989,-2.365551428428134,6.190476190484333,43.53586977090686,-0.03848890713792126,0,0.4547214049771259,29.58057395143488,8.43446886273913e-05,0.00018743264139442495,0.00022491916967348757,0.0
1777404600,GBPCHF,bullish_exhaustion,1.06707,1.0672,1.06707,1.06714,390.0,1.2572238343178967,6.551594248236329,0.012382897946180107,4.469405405406748,1.107915024030113,-5.07881263186168,10.824175824188494,92.03567763826506,0.013210093755789765,0,0.5522638515688404,77.92494481236203,0.00010307925857899747,0.00014056262533501673,0.00012182094195689608,0.0
1778674200,GBPCHF,bearish_exhaustion,1.0555,1.05556,1.05537,1.05538,1093.0,1.7396387484782914,15.954099025416054,0.025853923975928488,-4.2095287958123615,-1.2793591981850339,2.513786204389401,9.344782685743326,-16.006483638932647,0.04765461020924088,1,0.5405347875379206,72.264631043257,-9.47526009598132e-06,3.790104038370323e-05,-0.00029373306297264534,1.0
1778674500,GBPCHF,bearish_exhaustion,1.05537,1.05546,1.05521,1.05537,969.0,1.6693962485411633,15.247144495075618,0.02416214218710226,-4.428235294118357,-1.269603987658949,4.327767303926269,-3.4368272892874927,-30.153937902970803,0.031564180774859694,1,0.5145851474476055,59.03307888040712,4.737674938648517e-05,-0.0002842604963188,9.475349877385852e-06,0.0
1778674800,GBPCHF,bearish_exhaustion,1.05537,1.05545,1.05522,1.05542,1024.0,1.4266146697590985,13.408763081995206,0.023687252468213606,-4.17360000000022,-1.1848918201326102,6.641539956669767,-8.788629768409791,-19.980970504246976,0.032773277629135844,1,0.5075038334429536,53.68956743002544,-0.00033162153455501553,-3.789960394917635e-05,-4.737450493652595e-05,0.0
1778783400,GBPCHF,bearish_exhaustion,1.05006,1.05018,1.04981,1.04981,626.0,2.8362276258361088,39.72798997820059,0.03442799853578991,-9.665533596837152,-2.867725527072888,0.6139571285474449,22.8995748329555,-72.02801424860856,0.07676143527608785,1,0.6180902773167842,93.12977099236642,0.0003714957944771502,0.0001619340642593503,0.00020956173021802194,1.0
1778783700,GBPCHF,bearish_exhaustion,1.04981,1.05025,1.0498,1.0502,784.0,2.613311922773568,36.41106158502428,0.03536741300976597,-8.007999999998523,-2.59424933789778,0.7223245666627606,15.470270086682916,-55.246332964858354,0.13436146097560647,1,0.5259738229454973,64.63104325699746,-0.0002094839078271571,-0.0001618739287754245,-0.00017139592458581543,0.0
1778784000,GBPCHF,bearish_exhaustion,1.0502,1.05022,1.04993,1.04998,640.0,2.336658282907856,32.560714385300095,0.03449045287937244,-8.460749506902529,-2.521193314995149,3.282079664274776,-0.5638917664152814,-53.25571366969811,0.06086492104967038,1,0.5233470947287047,62.59541984732825,4.7619954665956143e-05,3.8095963732720506e-05,8.571591839867665e-05,1.0
1778784300,GBPCHF,bearish_exhaustion,1.04998,1.05016,1.04997,1.05003,405.0,2.2614600569706598,30.224285644125235,0.03272015357384032,-8.390103950102695,-2.5003153528528634,5.9635557014454195,-4.76726147876397,-47.35517977134511,0.05935500365373945,1,0.5145180052119901,58.778625954198475,-9.523537422784223e-06,3.809414969091485e-05,7.618829938205174e-05,1.0
1778784600,GBPCHF,bearish_exhaustion,1.05004,1.05009,1.04995,1.05002,502.0,2.1321397360992975,26.63142298762315,0.032312309697499556,-8.16362105263111,-2.380710571025503,10.747087892709033,-11.373313457939183,-45.31407215753069,0.04171889560125662,1,0.5029211896888992,52.67175572519084,4.761814060705305e-05,8.571265309242904e-05,0.00017142530618463603,1.0
1778784900,GBPCHF,bearish_exhaustion,1.05002,1.05015,1.04999,1.05007,621.0,2.0124863867410525,23.759389397730605,0.03020206816143927,-8.191261261259928,-2.3786076134502605,20.41368405555012,-8.140885984019882,-34.392190925271834,0.0409694644850006,1,0.5514791690310227,76.59033078880407,3.809269858212616e-05,0.00012380127039146593,0.00019046349290996467,1.0
1778785200,GBPCHF,bearish_exhaustion,1.05007,1.05019,1.05005,1.05011,549.0,1.846725786694736,20.67866134170012,0.029180616452422405,-7.974452214450648,-2.286819470522661,19.667693276452262,0.9318107830725921,-21.875954781542628,0.034519214708516675,1,0.48770913809358885,47.98994974874372,8.570530706308865e-05,0.00015236499033433049,0.00024759310929334255,1.0
1778785500,GBPCHF,bearish_exhaustion,1.05012,1.05025,1.05011,1.0502,391.0,1.655243485079644,17.65301355717746,0.027817830617292358,-7.678435207822691,-2.202957280801638,14.56431325523372,8.871860366127308,-2.314606066074026,0.03870619189073405,1,0.44636207365398994,22.36180904522613,6.665397067218137e-05,0.0001618739287754245,0.0002666158826891696,1.0
1778785800,GBPCHF,bearish_exhaustion,1.0502,1.0503,1.05019,1.05027,288.0,1.7371681797239584,15.152905962014232,0.026047723782587427,-7.519060052218917,-2.1415604746207926,9.647390268216583,10.81128747795674,23.56771555949199,0.034645793286632344,1,0.45186395722872197,24.371859296482413,9.5213611738032e-05,0.00019994858464977838,3.808544469530162e-05,1.0
1778786100,GBPCHF,bearish_exhaustion,1.05028,1.05044,1.05023,1.05037,509.0,1.569867341871321,13.15581820702309,0.02516120169898886,-7.004540540539832,-1.9902807843855732,6.006317987883165,8.464392142541655,63.10250287436379,0.03522431203201768,1,0.4535644306174261,25.879396984924625,0.0001047250016661394,-5.712272818148012e-05,-0.0001047250016661394,0.0
1778786400,GBPCHF,bearish_exhaustion,1.05039,1.05048,1.05036,1.05048,474.0,1.5633268357997567,11.612494310372842,0.02393463668309129,-6.504431818180306,-1.846763813854253,3.5944717433643802,6.189868028935166,106.28019323676452,0.03536875373205007,1,0.44891770776779605,23.115577889447238,-0.00016183078211862156,-0.0002094280709772356,-0.0004664534308126411,0.0
1778786700,GBPCHF,bearish_exhaustion,1.05046,1.05048,1.0503,1.05031,578.0,1.7320303514444582,11.084360857191987,0.02325843934511535,-6.923859649121517,-1.7368153367156036,2.092893672861834,-6.453596453603311,93.46092503995821,-0.04169171721168261,1,0.4210737958515653,13.316582914572864,-4.760499281175612e-05,-0.00030467195399463964,-0.00013329397987260627,0.0
1778787000,GBPCHF,bearish_exhaustion,1.05032,1.05036,1.05025,1.05026,596.0,1.8369177081913681,10.496202788205665,0.019791017734382414,-7.844810996563905,-1.8861727269734465,1.1942796579990613,-17.554171577162386,77.93664143535474,-0.06931684674310513,1,0.34431013205539657,1.256281407035176,-0.0002570791994362942,-8.569306647865371e-05,8.569306647876473e-05,0.0
1778787300,GBPCHF,bearish_exhaustion,1.05027,1.05031,1.04998,1.04999,603.0,1.6519889585989707,10.320673320183985,0.02000019047800416,-8.492380952379486,-1.8279895489029199,0.6710569007636025,-28.478501489993445,17.590936195737132,-0.146499177789603,0,0.3230563005915544,0.7537688442211055,0.00017143020409715604,0.00034286040819431207,0.00018095410432472647,1.0
1778787600,GBPCHF,bearish_exhaustion,1.04999,1.0502,1.04994,1.05017,800.0,1.5484883115915533,10.381844998939146,0.019248584242822508,-7.391802120142739,-1.7746752877107523,0.37248766356619,-13.435880324768807,21.019411694729634,-0.05462126778816813,0,0.4065537515589979,8.793969849246231,0.00017140082081934516,9.522267823136588e-06,-9.522267823303121e-05,1.0
1778787900,GBPCHF,bearish_exhaustion,1.05015,1.05037,1.05015,1.05035,537.0,1.5033171870589201,10.422314268671743,0.01768118110289875,-6.528307692307308,-1.7262769796837132,0.20472371228169095,10.234947591262337,80.78994614000439,0.008453698353990522,0,0.4611827462726579,31.65829145728643,-0.0001618508116342232,-0.00026657780739736125,-0.0002380158994619297,0.0
1778788200,GBPCHF,bearish_exhaustion,1.05036,1.05037,1.05011,1.05018,662.0,1.2732558732054071,9.409066633217828,0.017479996626429913,-6.958599221788091,-1.6376047190634542,0.11160150378107403,17.712877985339546,50.15105740192658,-0.07232849243783533,0,0.4775797447342337,40.45226130653266,-0.00010474394865622738,-7.617741720455928e-05,-0.00011426612580689444,0.0
1779720300,GBPCHF,bullish_exhaustion,1.05687,1.05701,1.05682,1.05686,632.0,3.596787882884736,22.603162993216095,0.023249464045782965,6.300000000000136,1.9726592107250434,-0.014793441421531384,-13.66107795776951,44.574725479265226,-0.05630972731300598,0,0.4212942683976727,13.819095477386934,-6.623393826998836e-05,0.00016085385008413056,0.0003406316825314004,0.0
1779720600,GBPCHF,bullish_exhaustion,1.05686,1.05696,1.05668,1.05679,436.0,2.6082847619713942,16.68584262764471,0.020074268032704654,6.704915824916184,2.129505920209568,-0.841215578093923,-3.717768764670211,26.518246187390293,-0.07130000128052878,0,0.5155618592455917,65.57788944723619,0.00022710283026894373,0.00040689257089887576,0.0004542056605381095,0.0
1779720900,GBPCHF,bullish_exhaustion,1.05679,1.0572,1.05673,1.05703,1140.0,1.5488304197829887,12.017929266093613,0.020745457961047466,7.310097719871613,2.0062416857425633,-3.8138504393244546,8.558738631194053,70.73429714943099,0.021911007219965507,0,0.527219933397307,71.85929648241206,0.00017974891914152025,0.00022705126628386196,-0.00016082798028438372,0.0
1775224800,GBPJPY,bearish_exhaustion,210.808,210.815,210.741,210.75,301.0,1.453274685278337,15.77012997506027,0.03043551940348791,-4.453184855234751,-1.3002616107753882,0.5456357386955142,2.2827118387855307,-81.64762859862128,0.002282833210714099,0,,,1.4234875444829598e-05,-0.00012336892052200454,-0.00017556346381975008,0.0
1775227200,GBPJPY,bearish_exhaustion,210.726,210.731,210.679,210.696,175.0,1.365544171513771,10.884624492708499,0.0224087242825102,-5.640665658095515,-1.5285112005983694,2.0865872506195084,6.482139566711261,-93.11964631112974,-0.0017400410167308935,0,,,0.00013289288833195911,0.00011865436458213807,-4.2715571249463125e-05,1.0
1775227500,GBPJPY,bearish_exhaustion,210.697,210.73,210.696,210.724,106.0,1.2431620621698807,9.55560931197645,0.0215922249008143,-5.054065934066953,-1.4953244843437308,1.316523011809315,14.763425165725891,-70.36276522925948,0.04706812237405966,0,,,-1.4236631802666544e-05,-0.00017558512556703487,-0.00015660294982999812,0.0
1775456400,GBPJPY,bullish_exhaustion,210.849,210.86,210.832,210.85,304.0,3.1323369652615405,24.959754068406394,0.01873369694095223,4.673924050633777,1.7306999473331655,-0.35351857633543204,-11.418961265858862,13.51351351351045,-0.09986939808566778,1,,,-3.794166469039961e-05,-2.8456248517882976e-05,0.00015176665876226458,1.0
1775456700,GBPJPY,bullish_exhaustion,210.85,210.855,210.823,210.842,264.0,2.454424763445317,20.02186194941178,0.01886991884240872,4.327684021544948,1.5602637027503223,-0.9787380877482974,-19.727356590103202,-10.338602921084117,-0.0807608170030122,0,,,9.485776078621555e-06,0.00018971552157531768,0.0004173741474657877,0.0
1775457000,GBPJPY,bullish_exhaustion,210.842,210.855,210.819,210.844,270.0,2.1423342229821434,17.59702967102817,0.018598720245434613,4.331074681239349,1.4434294229752471,-2.5326788313705606,-4.8921219300095515,-35.51594989029697,-0.0489584201595508,0,,,0.00018022803589379244,0.0004078845022861266,0.000502741363282766,0.0
1775648400,GBPJPY,bullish_exhaustion,213.048,213.075,213.019,213.057,1046.0,1.5802769509387187,20.450598372153166,0.03124583025736198,4.951673819741878,1.5259018417863472,-0.40971983957084035,-16.940137449220234,60.067108547221444,-0.06225464715812379,0,,,0.0001736624471386783,0.00022998540296725878,0.00020651750470546126,0.0
1775648700,GBPJPY,bullish_exhaustion,213.059,213.111,213.052,213.094,785.0,1.5979384036958615,20.017544809457622,0.031139845728712683,5.3160818083955235,1.497718831718178,-0.8754467062238547,4.073658898165615,75.15697060623441,-0.015039246177556061,0,,,5.631317634469113e-05,3.2849352867847514e-05,-0.00036603564624060336,0.0
1775649000,GBPJPY,bullish_exhaustion,213.087,213.138,213.076,213.106,946.0,1.652676415375138,19.98819405286372,0.03187548517102802,5.161303890641257,1.4351491224486146,-0.3605667481392629,18.404100347753364,81.15503223994592,-0.008215114192761467,1,,,-2.346250222895474e-05,-0.00042232504012085226,-0.00028155002674723484,1.0
1775727300,GBPJPY,bullish_exhaustion,213.129,213.144,213.106,213.138,412.0,1.5917068737801006,18.76625195218775,0.03089882745317433,4.124685466375764,1.3341290840038218,-0.08194761234709347,-11.480036084168947,56.464386798561115,-0.048293043592778515,0,,,0.00018298004110017807,-0.00011260310221550274,-0.00015013746962067032,1.0
1775727600,GBPJPY,bullish_exhaustion,213.138,213.187,213.133,213.177,392.0,1.6024897988469204,17.598501051159765,0.030357067467076747,4.64472406180934,1.3377363559583861,-0.23738947958270273,3.334039697677593,79.31853093144395,-0.0016152538441494184,0,,,-0.0002955290673946065,-0.0003330565680161879,-0.0004221843819924853,1.0
1776061200,GBPJPY,bearish_exhaustion,214.102,214.111,214.042,214.082,483.0,2.8300547066077075,26.749773861829965,0.020919887840038356,-6.288165869218424,-2.073135350396919,0.014419072019194793,16.258571826431186,-38.544567855638974,0.09002790205047483,1,0.5791998357057812,74.19354838709677,0.00026625311796424356,0.00013079100531587784,0.000121448790650458,1.0
1776061500,GBPJPY,bearish_exhaustion,214.081,214.152,214.079,214.139,509.0,2.115174688758539,21.93056343037896,0.022615484068089966,-4.526253687316047,-1.7006179358984435,1.8451049782920032e-06,12.362801270109728,5.706760316105409,0.1369026752665352,1,0.3316867690927532,15.668202764976957,-0.00013542605503902294,-0.00014476578297273335,-0.0002895315659455777,0.0
1776061800,GBPJPY,bearish_exhaustion,214.142,214.19,214.101,214.11,478.0,1.2162878751266215,13.316388150599733,0.023986335461743204,-4.704700973574494,-1.4704081351698963,2.1468819195070266,-2.0894177286095044,57.11017606929474,0.04648525288858107,1,0.5606395057457143,70.50691244239631,-9.340992947581839e-06,-0.00015412638363465625,-0.00018681985895108166,0.0
1776073800,GBPJPY,bullish_exhaustion,214.465,214.509,214.462,214.504,275.0,1.2179789758348822,9.860278515209902,0.02177781566510902,4.471437308868388,1.0416244510971213,-0.06042844452210261,-3.51914952105858,80.65353921709685,0.010694101988420694,1,0.5253582886124575,63.36405529953917,0.0,-8.391451907652225e-05,-0.00013985753179424076,1.0
1776112500,GBPJPY,bullish_exhaustion,215.293,215.317,215.29,215.302,1033.0,1.8087794221889042,12.135279803527093,0.016322587408785116,6.141788617885642,1.924634577835471,-0.18046936229065125,-16.212961054228032,83.93956351428587,-0.06628023254393219,0,0.30799361778143797,12.442396313364055,4.644638693562797e-05,0.00013004988341958068,0.00021365337990375544,0.0
1776112800,GBPJPY,bullish_exhaustion,215.299,215.315,215.287,215.312,111.0,1.8917309517052388,12.023358950357355,0.016454527118124465,6.170161290322821,1.858663238878066,-0.4467138482259685,-11.006380551381604,77.18906860010391,-0.04066644943205914,0,0.3011262153296405,11.29032258064516,8.359961358395118e-05,0.0001671992271681244,-2.322211488459125e-05,0.0
1776113100,GBPJPY,bullish_exhaustion,215.317,215.339,215.302,215.33,454.0,1.8331514501681356,11.650504017127641,0.01681804008465617,6.3162919132154505,1.7985965978960794,-0.544138857538897,10.451985500920749,89.64992389648988,-0.008135391653685268,1,0.3653395515698775,20.967741935483872,8.359262527291023e-05,-0.0001068127989598544,-0.001787953373891371,1.0
1776439500,GBPJPY,bearish_exhaustion,214.28,214.319,214.201,214.308,1336.0,2.04018928904131,42.03353314220246,0.059160513973210795,-4.347808450704476,-1.4899338337135923,1.9020687264353813,5.898798371332603,-22.39976651709375,0.08917330081644635,1,0.4117507042545962,29.953917050691242,-0.0001633163484330291,-0.0002613061574928688,0.0001866472553522236,0.0
1776439800,GBPJPY,bearish_exhaustion,214.307,214.352,214.241,214.273,1441.0,1.7522066354070627,36.497423482994115,0.05827012402735675,-4.526773455378009,-1.3942857786735738,6.297115035432951,-0.1819190409932503,-11.32450837858025,0.04097732579056181,1,0.43071494101755975,34.7926267281106,-9.800581501162586e-05,0.0003500207678990286,9.333887144080677e-06,1.0
1776440100,GBPJPY,bearish_exhaustion,214.272,214.307,214.185,214.252,1509.0,1.4984586283477113,32.16639615397777,0.059142638441778694,-4.459007891770255,-1.2798087377974188,13.180107658985852,-10.218406828577088,-20.19294145845254,0.013996929892829935,1,0.3870642548815483,25.806451612903224,0.00044807049642470176,0.00010735022310170983,7.934581707513821e-05,1.0
1776440700,GBPJPY,bearish_exhaustion,214.349,214.434,214.275,214.275,1587.0,1.2343310841291504,25.532346081067356,0.053436005133587455,-4.373624454148361,-1.1594316320646447,19.655195128206167,-6.242523766816468,38.51921781501142,-0.009153983305766195,1,0.6864878440953738,89.17050691244239,-2.8001400069976867e-05,7.467040018660498e-05,0.00021467740053671136,1.0
1776850500,GBPJPY,bullish_exhaustion,215.56,215.601,215.544,215.585,349.0,1.448030399353359,13.94762045063982,0.02557824391439968,4.052020725388692,1.3018993891048598,-0.5710803998227618,1.869274315623457,51.69655636950043,-0.03495611240930854,0,0.5192461231767198,63.13465783664459,-0.0003061437484055407,-0.0002875895818355012,-0.0005056010390334098,1.0
1777058400,GBPJPY,bullish_exhaustion,215.654,215.676,215.654,215.668,243.0,1.5614846291470545,9.211726179219797,0.014903860166022942,5.474311111109243,1.586330176671017,-1.2432215316614332,-8.297658991859045,78.8032026970916,-0.02795736272278454,0,0.44622838185880154,25.607064017660043,-9.2735129921806e-06,5.5641077953083595e-05,0.00015301296437120193,0.0
1777058700,GBPJPY,bullish_exhaustion,215.669,215.673,215.655,215.666,236.0,1.495693818934702,8.323865113545377,0.013943518482945874,5.562090261281404,1.627962180791986,-1.8035580963807263,-5.055806240116031,70.77311309932874,-0.03409996182787183,0,0.4411514039189189,22.737306843267106,6.491519293727599e-05,0.00016228798234307895,8.80991904148587e-05,0.0
1777059000,GBPJPY,bullish_exhaustion,215.664,215.694,215.664,215.68,429.0,1.320097308124234,7.689217973596237,0.014008849088597864,5.792624113473468,1.5860194999829136,-3.3371434583597193,7.664513350563276,91.10901665097825,-0.0006910868105811305,0,0.5228976708658948,64.90066225165563,9.736646884261901e-05,2.3182492581597103e-05,3.7091988130510956e-05,0.0
1777350900,GBPJPY,bearish_exhaustion,215.248,215.251,215.201,215.208,323.0,1.6930677090980266,17.710633081745648,0.03325686246395829,-4.791017964072001,-1.4855403067509676,0.7166243064785875,6.801579993690893,-53.17183070069569,0.03356331000688099,0,0.4152334456900572,13.024282560706402,-0.00029738671424850427,-0.00027880004460800745,-0.00017192669417498418,0.0
1777351200,GBPJPY,bearish_exhaustion,215.21,215.219,215.141,215.144,295.0,1.669153910661218,18.205723387595,0.029681117231783988,-6.197897091722442,-1.6685557310403132,0.6776193680007969,-17.090131606262226,-89.11818575838737,-0.03138205971930679,0,0.5393151033942326,73.06843267108167,1.8592198713474062e-05,0.00012549734131561685,0.0004322686200870507,1.0
1777404300,GBPJPY,bullish_exhaustion,215.751,215.756,215.74,215.754,468.0,1.378793468425353,7.1588976917011475,0.012745997756703153,4.15636363636146,1.3202255899677398,-6.286630403273961,5.969974196562347,79.44936086530753,-0.01537236768258725,1,0.4557643536454717,30.684326710816777,-3.707926620122315e-05,0.00010196798205375224,2.3174541375903246e-05,0.0
1777404900,GBPJPY,bullish_exhaustion,215.745,215.789,215.737,215.776,546.0,1.2344467273159734,6.8211293291651485,0.01360537912332182,4.357372262773934,1.2044818046716863,-19.201127247561445,0.2610928737589404,96.87191531368889,0.035654027692403466,1,0.4043528861690994,9.933774834437086,-7.878540708894377e-05,-1.390330713335608e-05,-5.0978792822342633e-05,1.0
1777542600,GBPJPY,bearish_exhaustion,215.125,215.204,215.12,215.204,1030.0,2.6467940096611384,57.34363083610107,0.06561880156237244,-4.977258472432403,-1.784485111418576,0.0315219440287621,6.179752795332774,-25.16602025166011,0.10966827941013924,1,0.47716502936939265,31.61290322580645,-0.000260218211557417,-0.0008085351573391408,-0.0012406832586754346,0.0
1777542900,GBPJPY,bearish_exhaustion,215.203,215.274,215.147,215.148,1412.0,2.603920147884474,52.11707944399399,0.06483908751185334,-5.293620071684121,-1.6840254798470764,1.3920785931230593,-2.985262099320394,-15.733265824679519,0.050075221571691975,1,0.5010499606639309,38.924731182795696,-0.0005484596649747431,-0.0009807202483871347,-0.0012874858237119646,0.0
1777543200,GBPJPY,bearish_exhaustion,215.149,215.154,214.993,215.03,1453.0,2.1881387146623883,46.93479794482245,0.06048989841949051,-6.414014277868826,-1.7550435691023332,3.0683356596134588,-20.656897261506067,-49.782257886246704,-0.0212019648866239,1,0.620176598365103,76.77419354838709,-0.00043249779100584806,-0.0007394317072035861,-0.00037669162442444115,0.0
1777543500,GBPJPY,bearish_exhaustion,215.029,215.051,214.917,214.937,1296.0,1.800518760823845,40.73697760511833,0.058787990367941884,-7.1353306953074025,-1.8035833570508994,3.244782918372625,-30.48818783550644,-80.31599736668254,-0.05706311821762742,0,0.6254204571006605,78.06451612903226,-0.00030706672187663653,5.5830313068439e-05,0.00023727883054092125,1.0
1777551000,GBPJPY,bearish_exhaustion,211.429,211.449,211.206,211.263,1938.0,1.5992517151380519,137.11786048559034,0.23389938472087574,-5.345620121422321,-1.650671878460602,0.14509174981330966,-3.579694154132568,-72.3719968655692,0.03225356057076086,1,0.8964159991063915,97.63440860215053,0.0007857504626933576,0.0016377690366984332,0.001983309902822361,1.0
1777551600,GBPJPY,bearish_exhaustion,211.431,211.686,211.337,211.609,3082.0,1.4231015957805382,111.31358032444935,0.21339897101325314,-4.689446377728475,-1.5792651406560532,1.1657930981270785,-2.8926588132694917,-35.31372230878807,0.06986318022485653,1,0.8636346762120706,93.11827956989247,0.0003449758753171217,0.0008128198706103262,0.0013562750166580262,1.0
1777551900,GBPJPY,bearish_exhaustion,211.609,211.831,211.609,211.682,1829.0,1.3459817557690146,99.54169938750375,0.1994906105789433,-4.64467523680656,-1.548117788581715,5.0657592797207505,5.83396010080083,-7.711628825829985,0.06239798647823242,1,0.8733087052135015,94.83870967741936,0.00046768265605967585,0.0010109503878459325,0.002163622792679565,1.0
1777552200,GBPJPY,bearish_exhaustion,211.681,211.795,211.648,211.781,1782.0,1.5702672884083848,94.90527238243705,0.18647969904220643,-4.5122589980104895,-1.498649906252484,16.70618710326449,11.495542569531835,3.8407035109292798,0.05841086305872642,1,0.9114766927310952,98.70967741935483,0.000543013773662393,0.001695147345606829,0.001152133571944658,1.0
1777552500,GBPJPY,bearish_exhaustion,211.779,211.929,211.769,211.896,1997.0,1.7004399127515788,87.04558868346706,0.1731644634295001,-4.3308156511583995,-1.4374814280323558,23.405801347477365,8.28180831418986,32.73621355813026,0.05578506728641587,1,0.8650916648928769,93.54838709677419,0.001151508287084324,0.0006087892173520792,6.607014761961238e-05,1.0
1777553400,GBPJPY,bearish_exhaustion,212.024,212.056,211.899,211.91,1793.0,1.6745253428858662,69.63308470045764,0.13590675286678439,-4.726944444444761,-1.240468401439728,8.570507987297987,-11.230418613009292,73.7555270289598,-0.034908811946037614,1,0.9005925646419966,98.27956989247312,-3.3032891321838065e-05,-0.000358642820065036,-0.0015525458921240576,0.0
1777553700,GBPJPY,bearish_exhaustion,211.91,211.99,211.875,211.903,1571.0,1.558725775258423,64.11687104342286,0.11787738459848013,-5.198135544752895,-1.2944952436391461,5.226050840554194,-19.182555131961657,73.15743282356468,-0.04785254029160913,1,0.8535412249106913,92.04301075268818,-0.00032562068493602325,-0.0015195631963681455,-0.0010193343180605607,0.0
1777554000,GBPJPY,bearish_exhaustion,211.905,211.941,211.784,211.834,2097.0,1.547407553218226,61.13966224170525,0.10651871613757027,-5.768762266540354,-1.3233273302891255,3.0834244852813697,-21.255141229625224,62.623906705538296,-0.07485919097112465,1,0.7041200237150904,86.88172043010752,-0.001194331410444116,-0.0006939395942104909,9.441355023276365e-05,0.0
1777554300,GBPJPY,bearish_exhaustion,211.829,211.989,211.581,211.581,2305.0,1.4365993714416818,60.5936605088351,0.11056218253462075,-6.337148091603283,-1.2653013298536246,1.7769115021465893,-18.62398972112246,33.36521600509516,-0.13347415788051986,1,0.6453547160020929,81.29032258064515,0.0005009901645234294,0.001290285989762996,0.0007325799575577108,1.0
1777554600,GBPJPY,bearish_exhaustion,211.588,211.757,211.118,211.687,3082.0,1.2748685001683526,60.7600573851287,0.11873999955460057,-5.201682296106862,-1.1223747834993674,1.0060555548668475,-0.13449786537372788,-11.362296208639721,-0.06352533244756195,0,0.5555015805367977,58.49462365591398,0.0007889005938013227,0.00023147382692356722,-0.0005054632547110138,1.0
1777554900,GBPJPY,bearish_exhaustion,211.69,211.872,211.668,211.854,1722.0,1.2993810027624748,61.480367791685005,0.12083793555939669,-4.21484374999996,-0.9949634642950456,0.561827854730879,18.552812468183458,50.935205745260575,-0.007607774538317223,0,0.68918927126577,84.94623655913979,-0.0005569873592191632,-0.0012933435290340967,-0.0007835584883930657,0.0
1777565700,GBPJPY,bullish_exhaustion,212.58,212.686,212.565,212.677,1356.0,2.0843514036083124,40.21902389986231,0.04856459056960375,4.357621023513471,0.9865200465738905,-0.21731299909632185,9.27904799688957,-19.48563650692575,0.014495839419116969,0,0.41467757247189707,13.548387096774196,0.00011284718140647243,0.0005172162481132947,0.00040436906670682227,0.0
1777590600,GBPJPY,bullish_exhaustion,213.22,213.288,213.218,213.286,389.0,1.442609507492531,16.381470676004916,0.024313430256621967,5.3442975206616365,1.3056629279573109,-0.8796223202984663,22.512768235125158,150.91571548332894,0.1049282978093862,1,0.4180363105387108,15.053763440860216,-5.626248323842287e-05,-0.0004125915437487304,-0.0004125915437487304,1.0
1777971000,GBPJPY,bullish_exhaustion,212.947,213.039,212.941,213.025,555.0,1.353578451158854,15.461192497147227,0.027495096149011685,4.457121951218521,1.1247904865001608,-1.5074026246803953,10.280580367834062,82.3130755064337,0.03755346632335618,0,0.5321171470578491,49.89247311827957,-0.00018777138833470097,0.0005163713179203722,0.0009857997887572356,0.0
1778047500,GBPJPY,bearish_exhaustion,212.52,212.527,212.419,212.445,1279.0,3.7425513063558604,77.98154404858751,0.07087548710086322,-5.606110056926011,-1.5058944003321002,9.25090657745335,12.808490428512933,70.06357954648098,-0.010628587202916814,1,0.6597007827732227,82.79569892473118,3.765680529088655e-05,0.0001741627244697952,0.00026830473769678953,1.0
1778047800,GBPJPY,bearish_exhaustion,212.443,212.511,212.365,212.453,1444.0,3.75355457429503,78.56298619553351,0.06250121875695562,-6.053060785368318,-1.542689214556651,5.687422053236844,5.0657771772357165,68.3061910727268,-0.021324023698362986,1,0.3890091848599933,8.60215053763441,0.00013650077899574065,0.000230639247268849,-0.00010825923851387476,1.0
1778048100,GBPJPY,bearish_exhaustion,212.454,212.499,212.44,212.482,955.0,4.085802531007591,79.03435189451108,0.052743963522287884,-6.6288081580626885,-1.6332711773906587,3.374695227675673,-4.1095025525496425,69.3917380461859,-0.020879915133075442,1,0.3599217072931572,5.591397849462366,9.412562005262082e-05,-0.00024472661213648106,-0.0005271034722941215,0.0
1778048400,GBPJPY,bearish_exhaustion,212.482,212.507,212.414,212.502,1092.0,4.1378801011398965,77.92127643234343,0.05149531365755249,-6.32156657963431,-1.4829644640550246,1.95284496530617,2.0128173780590686,65.93573496606227,-0.024708324272320156,1,0.31526835882474286,2.1505376344086025,-0.0003388203405144674,-0.0006211706242764681,-0.00038587872114159705,0.0
1778048700,GBPJPY,bearish_exhaustion,212.506,212.51,212.378,212.43,1059.0,3.5615338005850483,68.39281063461328,0.051613640795959564,-6.6629055374592125,-1.3672078628521882,1.1091703560551025,-3.5769808531884877,56.00323406548906,-0.08094675269997482,1,0.335155806117647,3.010752688172043,-0.00028244598220594774,-4.707433036776898e-05,-0.0001930047545073421,0.0
1778049000,GBPJPY,bearish_exhaustion,212.441,212.448,212.344,212.37,875.0,1.5577771267758085,30.4023865036442,0.05038376418514919,-7.065420560747842,-1.339138076809921,0.6209585969541109,-16.07698422336025,36.955042092069945,-0.1094021492229705,1,0.38386312517550386,7.956989247311828,0.00023543815039772653,8.946649715113608e-05,0.000593304139002715,1.0
1778049300,GBPJPY,bearish_exhaustion,212.374,212.431,212.342,212.42,636.0,1.2324603290395786,23.864633538586943,0.04855609506772354,-6.515623268698355,-1.2844530443128497,0.34366617659107135,-15.130290451482026,36.5448504983131,-0.05830526696329174,1,0.5960692841225502,70.3225806451613,-0.00014593729403999944,0.0003577817531306149,0.0003059975520196545,1.0
1778147100,GBPJPY,bullish_exhaustion,212.929,212.985,212.927,212.975,363.0,1.7250535924314971,17.17676495971117,0.024751396039104895,4.321788617885967,1.3005230218672814,-2.715370525453679,-9.073286052006516,44.91908857457872,-0.03049842237727937,0,0.4400244447872474,23.40966921119593,3.2867707477457486e-05,-8.451696208477966e-05,-3.756309425984039e-05,1.0
1778147400,GBPJPY,bullish_exhaustion,212.974,212.993,212.934,212.982,507.0,1.8035995016059643,17.212873216414465,0.02454935829587111,4.337322404371583,1.2556739985876957,-3.9047966761553994,7.508274231679632,46.583936006962645,-0.016678467662517384,0,0.45928509101872095,32.56997455470738,-0.00011738081152401492,-7.042848691429793e-05,0.00012207604398506433,1.0
1778148300,GBPJPY,bullish_exhaustion,212.962,213.017,212.955,213.008,530.0,1.3381002394284134,12.240556988685428,0.024412228648688587,4.4065384615386005,1.0854123376255973,-18.627941977517537,9.178451178455155,61.1857028998696,0.03837341353826283,0,0.4024110486544808,14.249363867684478,0.00021125967099822063,0.00045538195748506816,0.0002675955832645016,0.0
1778233200,GBPJPY,bullish_exhaustion,213.301,213.318,213.291,213.303,368.0,2.2932662686856538,21.079263101313593,0.025918863909891742,4.029250645995596,1.4682051116082115,-1.1136397285190753,-13.617283950625438,50.022281639917566,-0.07238673952891019,0,0.4744118441591045,40.20356234096692,-5.156983258558512e-05,3.750533278945589e-05,4.2193499388165634e-05,0.0
1778234100,GBPJPY,bullish_exhaustion,213.311,213.329,213.289,213.312,599.0,1.9002709766030104,14.933241167117957,0.023473329475806402,4.106533523539419,1.3502056389048005,-9.97996368923394,8.448028673839698,38.617401668663554,-0.021546790162939124,0,0.4785430501724398,42.49363867684479,0.0002625262526252392,0.0003469096909689551,0.0003094059405939209,0.0
1778234400,GBPJPY,bullish_exhaustion,213.311,213.369,213.304,213.368,529.0,1.5205021511516479,12.66089458761355,0.02323283180768991,5.081556195966932,1.3782711612938023,-18.301308072792295,23.225113397155482,72.78336380253648,0.055542519891139,0,0.4829600931797123,44.783715012722645,8.436129129019143e-05,4.686738405013102e-05,-0.00010779498331514592,0.0
1778234700,GBPJPY,bullish_exhaustion,213.368,213.391,213.364,213.386,326.0,1.4257700583324353,11.657508105879407,0.02142328255569194,5.684437500000932,1.5212146706197276,-17.56834563853662,22.04820963696769,115.09971509968213,0.056972098764095404,1,0.5364066552940784,69.72010178117048,-3.749074447245704e-05,-0.00019214006542134232,-0.00021557178071662797,1.0
1778235000,GBPJPY,bullish_exhaustion,213.387,213.39,213.366,213.378,178.0,1.3131228270051196,10.243435211874552,0.020888483616599757,5.445192307693289,1.5495383379860812,-9.438420770855373,15.746939879618608,114.02795838753212,0.01633265856596244,1,0.6209350481480391,93.89312977099237,-0.00015465511908441254,-0.00017808771288507774,-8.435733768230591e-05,1.0
1778515800,GBPJPY,bullish_exhaustion,214.311,214.348,214.308,214.343,297.0,2.285685160384004,23.94304311947495,0.027292703750531257,5.51145299145326,1.6940887044849047,-0.03794972929964047,-12.487445012593895,69.81862485018048,-0.03253245193350313,0,0.39172948515263184,12.72264631043257,-8.397755000166818e-05,-0.00010730464722430444,-8.397755000166818e-05,1.0
1778516400,GBPJPY,bullish_exhaustion,214.324,214.334,214.306,214.32,328.0,2.2630143089167603,19.730457648358453,0.026395776675730988,4.877020202020494,1.5897237830617132,-0.44441905709287255,1.5019647045082465,53.94229865618327,-0.05279807324915248,0,0.46453055200385673,35.6234096692112,2.332960059714395e-05,0.0002332960059723277,0.0003546099290778759,0.0
1778516700,GBPJPY,bullish_exhaustion,214.32,214.328,214.301,214.325,346.0,1.9036473298358954,15.032175405639622,0.024695472496709402,5.082699055330225,1.6153962805101656,-2.243371757768074,-0.5268364865429476,48.96112233235125,-0.03870805852366197,0,0.4434952205131181,24.93638676844784,0.00020996150705721028,0.0003312726000233024,0.0001633033943777562,0.0
1778517000,GBPJPY,bullish_exhaustion,214.327,214.37,214.322,214.37,326.0,1.6492669027536815,12.529940617946535,0.02322419848193053,6.09974175035837,1.7001538401302712,-4.916213000524834,12.258355916892725,85.37676749598577,0.024526259604528124,1,0.47814570510759963,41.98473282442748,0.00012128562765312267,-4.6648318328124105e-05,3.2653822829686874e-05,1.0
1778517300,GBPJPY,bullish_exhaustion,214.371,214.417,214.363,214.396,417.0,1.53160107337988,11.406583063374908,0.02168883747831151,6.843440860214259,1.8297036680944698,-4.752063459425685,15.994590048417692,142.37288135589324,0.04328857953587742,1,0.5359575670725776,69.46564885496184,-0.00016791358047707483,-8.862105636286977e-05,0.0,1.0
1778517600,GBPJPY,bullish_exhaustion,214.392,214.401,214.308,214.36,1208.0,1.2361271974683734,10.174650710649498,0.022958707648016066,5.511407837444945,1.6577073234079762,-2.194118371923693,3.4553519036349485,89.6424577628925,-0.03126355668141182,1,0.5068506682053048,53.43511450381679,7.930584064186341e-05,0.00016794178018275652,6.531069229320785e-05,0.0
1778540100,GBPJPY,bearish_exhaustion,213.896,213.902,213.887,213.89,291.0,2.9718187096297246,8.55929964127509,0.013324606105942336,-4.037192982457118,-0.7909214230508343,1.8473301661927337,-20.86936907201971,33.25968932496715,-0.07538872467652653,1,0.3178461368612186,4.325699745547073,-3.740240310434739e-05,0.0001309084108653824,0.00012623311047743613,1.0
1778540400,GBPJPY,bearish_exhaustion,213.891,213.9,213.88,213.882,162.0,2.7721339366077635,8.295335545977823,0.011855669414510878,-4.55650704225368,-0.8625159300138011,1.0509623026232475,-12.336925160469253,24.146981627270602,-0.08898490068446052,1,0.3991739454395254,13.740458015267176,0.00016831710943421285,0.00016364163417215138,0.00024312471362719634,1.0
1778674800,GBPJPY,bearish_exhaustion,213.051,213.061,212.991,213.021,629.0,1.3546435071952632,15.789022975343707,0.0268920502136924,-4.021596009975328,-0.954589867566355,6.95588221649761,-22.856062114892637,-111.03575600021516,-0.05124098704058457,0,0.5136964751798236,58.269720101781175,-0.00029105111702598663,-3.286060998675122e-05,-0.0002581905070391244,0.0
1778784000,GBPJPY,bearish_exhaustion,212.047,212.054,211.977,211.991,406.0,2.1870939590749874,36.11867426500663,0.039556935368549276,-7.885553662691444,-2.315960819773134,1.21382492648102,-0.2143785425537601,-69.07976635063459,0.04625175887713537,1,0.544645572491882,74.30025445292621,0.00022170752531947002,0.00013679826030355002,0.000273596520606878,1.0
1778784300,GBPJPY,bearish_exhaustion,211.994,212.039,211.994,212.038,308.0,2.1393817716996635,33.88239430921022,0.037998579769393,-7.3092907801417875,-2.265527654590627,1.8296584719931857,1.3770812032810085,-56.85751419384417,0.08204255049221318,1,0.517086891582079,60.05089058524173,-8.489044416570835e-05,5.187749365687111e-05,6.1309765230666e-05,1.0
1778784600,GBPJPY,bearish_exhaustion,212.037,212.051,212.005,212.02,432.0,2.133834276890644,30.33820139627144,0.03800180575956303,-7.227872340425733,-2.1440223986046307,4.888700926537734,-7.068240401568104,-50.21861708859874,0.04693554443060114,1,0.49564150162159265,50.63613231552163,0.00013677954909918633,0.00014621262145064762,0.00032544099613240896,1.0
1778784900,GBPJPY,bearish_exhaustion,212.02,212.057,212.007,212.049,514.0,2.006396904268122,27.431671397891865,0.03644710151224942,-6.848354898336814,-2.0805244607776503,10.3292269034662,2.1507048607376476,-39.26466180438771,0.06152692378591471,1,0.5268305276750268,65.13994910941476,9.431782276747569e-06,0.00018863564553472933,0.00021221510122648723,1.0
1778785200,GBPJPY,bearish_exhaustion,212.048,212.073,212.047,212.051,495.0,1.8421528053119773,24.111259913047945,0.03523411147048639,-6.748642447419584,-2.0001349222238383,23.016941312185935,5.070174480738473,-23.497370670294988,0.044534355940534204,1,0.565281989292768,89.9497487437186,0.00017920217306222064,0.0002027814063598754,0.0006555026856747137,1.0
1778785500,GBPJPY,bearish_exhaustion,212.053,212.089,212.053,212.089,301.0,1.7435118908673972,21.341813504153272,0.03367858372125258,-6.202000000000123,-1.901298372394416,20.43463489534578,12.105718355711929,-4.1245878284349935,0.06275148371061891,1,0.46336066784214164,32.914572864321606,2.3575008604836967e-05,0.0004762151738184617,0.0004715001720976275,1.0
1778785800,GBPJPY,bearish_exhaustion,212.092,212.111,212.087,212.094,294.0,1.8131604207076095,18.638788733242713,0.030040588472225224,-6.515336322869981,-1.933325595193045,14.680409510286822,4.2206859970263935,21.272078513528164,0.04365979276853182,1,0.41182137180607453,10.804020100502512,0.0004526294944695586,0.0004479146039020332,0.0004007656982281116,1.0
1778786100,GBPJPY,bearish_exhaustion,212.092,212.219,212.091,212.19,821.0,1.4802913326284308,17.03223378691474,0.03167646246961676,-4.448459086078284,-1.5506519633370277,9.571754587901353,1.354800497693006,93.74832263653487,0.10842552782179767,1,0.44106325277727015,20.603015075376884,-4.712757434410797e-06,-5.184033177807468e-05,-4.712757434410797e-06,0.0
1778786400,GBPJPY,bearish_exhaustion,212.189,212.198,212.169,212.189,683.0,1.51748142661506,15.685782938940356,0.030734055824892154,-4.302431544359395,-1.3535008002421423,5.9016490236024595,-2.84958883850733,123.12943679045453,0.05264644483209329,1,0.3975192867394282,7.035175879396985,-4.7127796445556314e-05,0.0,-0.0004948418626790074,0.0
1778786700,GBPJPY,bearish_exhaustion,212.188,212.203,212.175,212.179,494.0,1.66488469265823,15.513671685989571,0.02888396791657444,-4.414731934731246,-1.232855157861345,3.508711044327441,-3.728795539037634,127.83651530132947,0.0024293169372686025,1,0.4153739976315391,12.311557788944723,4.713001757949975e-05,-0.0004477351670052476,-0.0002780671037190263,0.0
1778787000,GBPJPY,bearish_exhaustion,212.18,212.205,212.173,212.189,469.0,1.7890523552485296,15.152180349066358,0.025650986351115,-4.429291338582682,-1.1747276091812502,2.0332993309729375,-2.9060782868467356,133.2854688581976,-0.013884371644961556,1,0.36584136297841957,3.7688442211055273,-0.0004948418626790074,-0.00032518179547469384,-3.770223715637844e-05,0.0
1778787300,GBPJPY,bearish_exhaustion,212.19,212.197,212.079,212.084,576.0,1.5088990468613794,14.77199386896853,0.027516051591416287,-5.556817625459606,-1.0707174189038626,1.1561227702360242,-18.55793881901878,67.53765974161726,-0.14968016789452093,1,0.34073481475872686,1.0050251256281406,0.000169744063672983,0.00045736594934076,0.00036777880462457446,1.0
1778787600,GBPJPY,bearish_exhaustion,212.083,212.167,212.076,212.12,710.0,1.4007571923736717,14.901942802524683,0.027511381697689668,-4.573219094247775,-0.9897742178455136,0.6477972862579833,-18.064098401728366,61.36807378983997,-0.07493210170615809,1,0.4235341806891003,14.824120603015075,0.00028757307184612557,0.00019800113143508824,0.00035357344899100696,1.0
1779089100,GBPJPY,bullish_exhaustion,212.075,212.121,212.062,212.068,1535.0,2.009054743627139,26.79678366810121,0.03378296449386806,4.68490528414819,1.659340216498693,-1.2965696987719184,-23.24052158786865,32.991138018765135,-0.11790155543939888,0,0.4788764297177275,41.70854271356784,0.000330082803629006,0.0005092706113132284,0.00028292811739616397,0.0
1779089400,GBPJPY,bullish_exhaustion,212.069,212.156,212.044,212.138,1591.0,1.7448917824856995,24.950119371689016,0.03471459952618368,5.328147429680849,1.5448018798433403,-3.415503721102354,-2.4923491898142487,43.67695389223489,-0.0177586584649948,0,0.4955283302140888,53.768844221105525,0.0001791286803871639,-4.713912641785001e-05,-7.070868962666399e-05,1.0
1779089700,GBPJPY,bullish_exhaustion,212.138,212.179,212.105,212.176,877.0,1.5318153508819357,22.276821426897317,0.035415342518878956,5.535057034221326,1.4837079390158852,-3.891882874235719,19.10251075044921,63.6150856739106,0.016340939815727984,0,0.552754630749745,86.68341708542714,-0.00022622728301036066,-0.00024979262499058574,-7.069602594067526e-05,1.0
1779090000,GBPJPY,bullish_exhaustion,212.176,212.186,212.124,212.128,555.0,1.3755107892989153,19.14603723066325,0.034211150141155326,4.882086614173456,1.4414648660434017,-3.519646149894612,20.47064278675711,54.74228469865401,-0.037253380318498466,0,0.5282601641565513,72.8643216080402,-2.3570674309802975e-05,0.00015556645044512152,0.00030641876602821583,0.0
1779090300,GBPJPY,bullish_exhaustion,212.126,212.152,212.118,212.123,527.0,1.2611230680664287,16.244570985171293,0.03330278052962548,4.756036400404518,1.3819821405088364,-7.40717197971577,6.919376340341209,36.630036630003595,-0.03176133744702221,0,0.482751845669237,44.9748743718593,0.00017914134723717723,0.00032999721859505726,0.00041013940025380613,0.0
1779124500,GBPJPY,bullish_exhaustion,213.405,213.447,213.399,213.413,452.0,2.492754662663932,31.17705655857529,0.04046479964067191,5.486749379652867,1.7262340464752413,-1.8204408074653884,-16.915198750581013,48.5923489565016,-0.051800428121891645,0,0.4584086841155764,29.64824120603015,7.965775280793785e-05,0.00017805850627650166,-4.685750165211999e-06,0.0
1779124800,GBPJPY,bullish_exhaustion,213.415,213.447,213.408,213.43,598.0,2.456564956109551,26.06884551718213,0.034872591214251805,6.355623800383314,1.9087553808850033,-5.343564203753971,-12.895869636460851,50.242244558563954,-0.03197007762844697,0,0.4311201912319349,18.090452261306535,9.83929157098995e-05,-8.43367848943899e-05,-0.0001452466850958567,1.0
1779125100,GBPJPY,bullish_exhaustion,213.429,213.459,213.427,213.451,362.0,2.0908484654415123,20.970322608073936,0.03225899286353818,6.913734439833483,1.9842906097482407,-9.762051059236683,6.822627269735719,60.85574416683581,-0.009365912552502445,0,0.5301828153046494,74.62311557788944,-0.00018271172306516537,-0.00024361563075359083,-0.0003092044544181771,1.0
1779125400,GBPJPY,bullish_exhaustion,213.45,213.457,213.406,213.412,394.0,1.6257878666216201,16.152226344184438,0.02918566635696277,6.740229357798561,2.050349818142885,-14.726416612731157,6.385977814546649,41.464273143232035,-0.05313108896503204,0,0.5248605901802884,70.85427135678391,-6.091503757987837e-05,-0.00012651584728140541,-0.00024834592244105114,1.0
1779295200,GBPJPY,bullish_exhaustion,213.491,213.542,213.47,213.542,1038.0,1.2585084975977618,13.676268455481145,0.029602741247287668,4.0202937853110114,1.0115857458721906,-22.35828682996035,10.545894460137006,41.00102681665735,0.03162832277941746,0,0.468142669597737,34.67336683417086,-0.00011239006846430755,-0.0002247801369286151,-0.00021073137837046563,1.0
1779690000,GBPJPY,bullish_exhaustion,214.207,214.242,214.185,214.24,330.0,3.9198446641894624,29.063312038238738,0.016803584764748553,6.172777777778045,2.0677552046794574,-0.8207379883313592,6.570380498807744,27.07337988485768,-0.057736828372750855,1,0.483610161969965,45.97989949748744,-9.335324869308437e-05,-1.867064973870569e-05,0.00017270351008202844,1.0
1779690300,GBPJPY,bullish_exhaustion,214.242,214.251,214.213,214.22,412.0,3.280839131834094,24.99720217170871,0.017271963402109056,5.324324324323915,1.8633061578818748,-0.9970562331877915,-5.643064179945306,25.779199820373517,-0.07953533378149989,1,0.45391269122857664,26.13065326633166,7.46895714685003e-05,0.00026608159835683765,0.0001353748482868511,0.0
1779690600,GBPJPY,bullish_exhaustion,214.22,214.24,214.192,214.236,438.0,2.432763361519266,19.44235110128029,0.018204223379822915,5.322051282050928,1.6699065959060309,-2.899547296628313,5.15129508592608,7.524791946973273,-0.025885506163788943,1,0.4771780005476259,40.20100502512563,0.00019137773296740157,6.0680744599528325e-05,0.00018204223379836293,0.0
1779702000,GBPJPY,bullish_exhaustion,214.455,214.47,214.448,214.469,116.0,1.2036515427603578,7.163192411180113,0.01658581360076649,4.032449799200011,1.2744234977939581,-2.593323222759736,4.494702828027471,106.20650204984211,-0.0019053310685677653,1,0.4770367457195821,39.949748743718594,-4.662678522304731e-05,-8.392821340141854e-05,-0.0001865071408920782,1.0
1775178900,GBPNZD,bullish_exhaustion,2.31429,2.31459,2.31414,2.31459,84.0,1.7384672607454756,9.946984206022739,0.01583125181688893,4.275321637425803,1.22361092233516,-0.25080734274740735,-7.483078872824265,60.262568043554154,-0.028968103570289887,0,,,2.1602097995732095e-05,-2.1602097995732095e-05,8.208797238373755e-05,1.0
1775187000,GBPNZD,bullish_exhaustion,2.31629,2.31629,2.31617,2.31621,17.0,1.6526227360480155,8.591384487522049,0.014185735687671848,4.134869565215045,1.4306180525670613,-5.410627552638218,-26.918765794427742,39.618565934279616,-0.07900248914965731,0,,,-2.5904386907860122e-05,-5.1808773815831266e-05,-4.749137599779907e-05,1.0
1775188200,GBPNZD,bullish_exhaustion,2.31609,2.31666,2.31609,2.31666,48.0,1.3346328543711627,6.223175390758972,0.01291884498742759,5.148257756563945,1.2102756429759784,-16.618266016429576,22.2741362706155,80.22483392945404,0.10277648975289289,1,,,3.453247347451338e-05,4.7482151027677943e-05,6.474838776493463e-05,0.0
1775188800,GBPNZD,bullish_exhaustion,2.31673,2.3168,2.3167,2.31677,34.0,1.2201987724184813,5.373225963457819,0.012054960755091609,5.425984654730045,1.3649377981174635,-5.889954237561501,16.09105060652206,130.5603697285357,0.057069351423161475,1,,,1.726541693813921e-05,1.726541693813921e-05,-3.4530833876500466e-05,0.0
1775189400,GBPNZD,bullish_exhaustion,2.3168,2.31684,2.3168,2.31681,52.0,1.3114680339234936,5.004898718050759,0.010883190988593274,5.694390934844364,1.5267030081909108,-0.866043135589333,0.20410288451502367,120.62832062833964,0.016437312023319453,1,,,-5.17953565462026e-05,-3.0213957985303352e-05,-2.1581398560899245e-05,1.0
1775189700,GBPNZD,bullish_exhaustion,2.31678,2.31678,2.31662,2.31669,43.0,1.2404135970694283,4.9692903883790365,0.010143782724488539,5.328510638299555,1.5759301880058882,-0.39792847690266875,-7.483865560304395,79.15210808294616,-0.03280661132943025,1,,,2.1582516435136867e-05,3.0215523009191614e-05,5.1798039444106436e-05,0.0
1775191200,GBPNZD,bullish_exhaustion,2.31699,2.3171,2.31684,2.31705,41.0,1.2974764922474398,4.928690949451342,0.01041965306871095,5.3622485207103,1.4030337605573782,-0.6517639836128165,8.037500934341395,120.03117692913602,0.04390734090685466,1,,,4.7474158952010015e-05,3.4526661056188956e-05,-4.3158326320180684e-05,0.0
1775191500,GBPNZD,bullish_exhaustion,2.31704,2.31726,2.31703,2.31716,42.0,1.5379316631784279,5.36405269156176,0.01044998434043646,5.579351032448793,1.4365701226246463,-0.38981486367736906,8.460157429080951,143.47977684796945,0.047417532163178525,1,,,-1.2946883253484032e-05,-9.062818277549844e-05,-0.00010357506602898248,1.0
1775192100,GBPNZD,bullish_exhaustion,2.31712,2.31717,2.31691,2.31695,69.0,1.6423745100126226,5.784969662808637,0.010481760195824157,4.277411764703536,1.3626621683403086,-0.12942015185482258,-11.815229617677417,86.94285658155306,-0.05265274244544646,1,,,-1.2948056712369649e-05,-4.316018904049201e-06,-7.768834027488403e-05,1.0
1775192400,GBPNZD,bullish_exhaustion,2.31696,2.31701,2.31683,2.31692,69.0,1.508497938280174,5.67798226510033,0.00927956079622866,4.473488372094509,1.4459999766893543,-0.3315689749870072,-19.51017569558342,61.39077121649917,-0.05624651892086879,1,,,8.63214957802505e-06,-6.474112183418868e-05,0.00010358579493452424,1.0
1775192700,GBPNZD,bullish_exhaustion,2.31692,2.31694,2.31675,2.31694,60.0,1.4653001811310682,5.515307458291632,0.008601246225008817,4.706810035842705,1.4714547773990572,-0.29921393702330157,-15.593120411672245,47.80541735774536,-0.03894241729615086,1,,,-7.33726380485189e-05,9.495282570970431e-05,6.905660051614859e-05,0.0
1775207700,GBPNZD,bullish_exhaustion,2.31952,2.31988,2.31949,2.31963,72.0,1.791162802790753,9.91675661143229,0.015365751064978428,4.269018036071702,1.2901399334944235,-4.864699278228912,2.6208411801724942,73.42196670257894,-0.008340696557157327,1,,,-0.00010777580907295192,-0.00012070890616178165,-0.00022417368287197537,1.0
1775528400,GBPNZD,bullish_exhaustion,2.32076,2.32105,2.3206,2.32097,184.0,1.5461050191179109,19.83189785331003,0.03089841131694337,4.1230278884458595,1.4143985025964991,-0.5634725404505758,-18.980909814250833,54.340852921122796,-0.07090440630758997,0,,,-0.00012063921550042878,-0.00034468347285832035,-0.0004222372542513897,1.0
1775623500,GBPNZD,bearish_exhaustion,2.30024,2.30045,2.29995,2.30034,266.0,2.580302251738661,55.82022546176013,0.06297205754677145,-5.063333333333481,-1.5892021930383216,0.026347068348019864,-2.6508787296332343,-43.32463771537046,0.06007289433809731,0,,,6.086056843779275e-05,-0.0003173443925680308,-0.00021301198953183054,0.0
1775623800,GBPNZD,bearish_exhaustion,2.30035,2.30071,2.30034,2.30048,342.0,3.5214575774711707,55.44173821799162,0.05082790175466416,-5.966035430665825,-1.8459081261790526,0.6104214301981339,-3.6654985491003202,-33.535684987706794,0.06503218090340736,1,,,-0.0003781819446375678,-0.00027385589094430784,-0.00047381416052305614,0.0
1775624100,GBPNZD,bearish_exhaustion,2.30049,2.30096,2.29953,2.29961,273.0,3.033513166638199,50.72053643782525,0.05205851675470333,-6.347279236276708,-1.746349389972972,2.5567273079496826,-17.73225158914918,-42.97227356746948,8.461106400836781e-05,1,,,0.00010436552284964762,-9.56683959454363e-05,0.00013480546701405416,0.0
1775624400,GBPNZD,bearish_exhaustion,2.29973,2.30001,2.29923,2.29985,299.0,2.615154401359193,40.733846065297534,0.05046912997431333,-6.130879999999846,-1.7183969328195574,4.116233372606496,-19.293893860364904,-51.17528713677638,0.019573339035534706,1,,,-0.00020001304432915035,3.043676761538272e-05,-7.3917864208628e-05,1.0
1775624700,GBPNZD,bearish_exhaustion,2.29986,2.30002,2.29847,2.29939,269.0,2.187133306801471,33.121926472512776,0.05150434307732353,-6.171314837153429,-1.632436131127867,8.713342754646192,-15.184923753297486,-67.99700588614331,-0.008137020729759794,1,,,0.00023049591413393244,0.00012612040584691897,0.00022179795511001466,1.0
1775642100,GBPNZD,bullish_exhaustion,2.30696,2.30794,2.30658,2.30776,434.0,1.2844230765340379,21.62582436577758,0.042155906283893124,4.453069016152933,1.0469985696198745,-6.4861675516394826,17.398986112434976,39.7977132805856,0.052124653460051386,0,,,0.0004333206225950459,0.00039865497278746,0.00040732138523935646,0.0
1775646300,GBPNZD,bullish_exhaustion,2.30904,2.30964,2.30904,2.3095,421.0,1.2419214248182455,15.971629036990182,0.03235084897782356,4.789445506693317,1.0622726605832928,-0.10838776538155592,0.7209899138972986,150.8506244468724,0.07290982563450295,1,,,0.0001991773111063022,4.329941545799798e-05,-0.0002121671357436794,0.0
1775751900,GBPNZD,bearish_exhaustion,2.29095,2.2911,2.29063,2.2907,325.0,1.8238078898114864,28.741251922690534,0.04349886809397112,-4.161462365591628,-1.3479130281550395,0.3980084104611613,20.863702308423946,-58.66666666666989,0.06912187000333765,1,,,0.00016588815645857125,0.00010477146723708586,1.746191120610696e-05,1.0
1775752800,GBPNZD,bearish_exhaustion,2.29095,2.29113,2.29055,2.29074,303.0,1.7195854363201073,23.32279246633389,0.03829080808572174,-4.147557003257846,-1.2523656164299704,3.6037237913650104,-6.565730031812194,-42.99292195413997,0.0254358000863479,1,,,0.00010913503933229762,0.00011350044090563394,0.0002881165038370881,1.0
1775840100,GBPNZD,bullish_exhaustion,2.30434,2.30465,2.3042,2.30453,283.0,1.4829576122516,16.375023695972033,0.028143327644744347,5.6749339207049125,1.800139253267478,-0.5643127675122912,-20.159144184454625,55.67836826130689,-0.0621229988585881,0,,,0.00022998181841837884,8.244631226328458e-05,0.00010414271022707311,0.0
1776061500,GBPNZD,bearish_exhaustion,2.30141,2.30141,2.30074,2.30079,272.0,2.1564058133793784,20.800786394658083,0.022725113672137573,-4.647923497266727,-1.2483070301979327,1.5281999828868866,-18.400107085112275,-45.85149274437804,-0.04470460488092264,0,0.6312239866393317,81.10599078341014,6.519499823975927e-05,-6.084866502376052e-05,3.042433251199128e-05,0.0
1776729300,GBPNZD,bearish_exhaustion,2.29079,2.29121,2.29078,2.29096,176.0,5.698330539957929,61.26048832979392,0.036291710524347605,-5.256254295533426,-1.9204054521005214,0.32348019469868655,7.267970912388449,-24.661840066742318,0.09447419425756137,0,0.5751743299915956,87.85871964679912,-0.0004976079896636953,-0.0008468065789015711,-0.0009602961204037141,0.0
1776729600,GBPNZD,bearish_exhaustion,2.29087,2.29087,2.28925,2.28982,277.0,5.112887636723196,56.8505445348371,0.03599783888191009,-6.499688041595176,-1.9030701716797171,1.6427200118864882,-8.080691823652288,-43.868872077621376,-0.021390349369221205,0,0.5994767068149325,93.81898454746137,-0.00034937243975519117,-0.00046291848267565605,-0.0008122909224306252,0.0
1776729900,GBPNZD,bearish_exhaustion,2.28992,2.29026,2.28902,2.28902,268.0,4.216490409024884,51.23597151388295,0.03569837123061018,-7.324545454545526,-1.9490744406011817,0.15630396801626567,-25.11501164039904,-56.98023452675267,-0.06817595329557456,0,0.5941114612139942,92.71523178807946,-0.00011358572664277311,-0.0004630802701591774,-0.0002970703619890047,0.0
1776734100,GBPNZD,bearish_exhaustion,2.28711,2.28734,2.2865,2.28664,225.0,1.829929118900381,24.629904294374313,0.03423613436557734,-7.10474452554877,-1.8757464904916585,2.224163522187872,3.869299434204695,-86.92695121503218,0.005009588081734865,0,0.5896105613832453,91.16997792494482,-2.6239373053904558e-05,-0.00015743623832331632,-0.000266766959381437,0.0
1776734400,GBPNZD,bearish_exhaustion,2.28657,2.28694,2.28657,2.28658,152.0,2.058023340355331,24.176464511137546,0.0336435075215205,-7.0239182915518725,-1.8629663758878963,3.161363178782618,-0.08588109674262867,-89.14779869599425,0.009795577887266168,0,0.570737878735885,85.20971302428256,-0.00013120030788327242,-0.00024053389778622147,-0.000590401385475281,0.0
1776734700,GBPNZD,bearish_exhaustion,2.28657,2.28697,2.28628,2.28628,176.0,1.9604308459576185,23.100726855880758,0.032460715972791564,-7.386448508181646,-1.9040881550235593,4.739090834848062,-14.147520308880374,-95.54666158441034,-0.008305166996941617,0,0.5660510002206592,83.00220750551877,-0.00010934793638583962,-0.00045926133282025994,-0.0007129485452350703,0.0
1776735000,GBPNZD,bearish_exhaustion,2.28628,2.2863,2.28576,2.28603,245.0,1.870768626498545,21.09791667446034,0.03115194713729899,-7.723731193581817,-1.9676354891341126,5.194022022625923,-6.701766800614015,-120.09883644622957,-0.016113341496018365,0,0.5879860106585028,90.94922737306842,-0.0003499516629265065,-0.0006036666185481598,-0.00019684781039608357,0.0
1776735300,GBPNZD,bearish_exhaustion,2.28594,2.286,2.28522,2.28523,179.0,1.7733116607904325,18.760940960381824,0.03160044534435476,-8.39196834817122,-1.9937724300896673,6.9948981569377615,-1.5836575052919928,-154.1388429122777,-0.06856684951583299,0,0.6673443525436379,98.89624724061811,-0.00025380377467465465,0.00015315745023469773,-0.0001225259601878026,1.0
1776737100,GBPNZD,bearish_exhaustion,2.28603,2.28614,2.2852,2.28537,169.0,1.2707633712057775,16.6071810004139,0.030910905955207974,-6.333265925178014,-1.784994145225718,18.676533147952416,12.22520554677908,-69.2297529396585,0.023202386145234104,1,0.6811236189648953,99.33774834437085,-0.0001312697725093237,5.250790900368507e-05,0.00019690465876442964,1.0
1776737400,GBPNZD,bearish_exhaustion,2.28537,2.28538,2.28492,2.28507,154.0,1.2514085664166505,16.55220159953043,0.03050859961151408,-6.469262295082606,-1.7649127994939056,22.81963576546931,0.9016561707433439,-93.02448569464785,-0.004891869769426586,1,0.6371766240764717,96.68874172185431,0.00018380180913468713,0.00032821751631240126,0.00039823725312571057,1.0
1776918600,GBPNZD,bullish_exhaustion,2.29207,2.29213,2.29166,2.29203,163.0,1.9293025850830352,22.49584187024453,0.029325220749412358,4.63859723698338,1.6444101080384914,-1.07185714577696,-1.8193553434502263,23.980099502448457,-0.09614358984826105,0,0.5105626540127443,61.147902869757175,-6.544416957898758e-05,-8.289594813326584e-05,-4.362944638569566e-06,1.0
1776918900,GBPNZD,bullish_exhaustion,2.29204,2.29213,2.29172,2.29188,118.0,1.8687841669540364,20.67997298688051,0.028454494002423864,4.369594742607847,1.5414471780984127,-2.8204081906315253,2.3336528501551346,15.330793056555063,-0.0838169331656711,0,0.5361764726103969,71.08167770419426,-1.7452920746174883e-05,6.108522261194516e-05,-0.00012653367541060057,0.0
1776919200,GBPNZD,bullish_exhaustion,2.29187,2.29194,2.29175,2.29184,177.0,1.7432331757147157,18.042077141166992,0.027177165197266658,4.308211009175767,1.4645771141288586,-5.7317228889205865,4.414782173041109,2.9810089173004153,-0.061198396344041305,0,0.5465156059777656,75.71743929359823,7.853951410208282e-05,-0.00010908265847542342,-8.726612678022772e-05,1.0
1776919500,GBPNZD,bullish_exhaustion,2.29183,2.29209,2.29183,2.29202,158.0,1.9273456375742821,16.717623538311653,0.02655175035869336,4.497089201879596,1.385713331551257,-12.185272471132407,6.531385281390829,6.2319097406877475,-0.01842108597318915,0,0.4980446355153651,52.53863134657837,-0.00018760743798051926,-0.000165792619610583,-0.00013088891021884042,1.0
1776921000,GBPNZD,bullish_exhaustion,2.29152,2.2921,2.29148,2.29209,160.0,1.6934247842761074,11.820536148301937,0.02010018305189843,4.945364341086073,1.1031957406768829,-5.537444405872285,16.326172523339807,-33.78574689746505,0.08793360284015345,0,0.4001468508145859,8.167770419426049,-0.0001570618954753744,-0.0003446636039596829,-0.00042755738212707506,1.0
1776921300,GBPNZD,bullish_exhaustion,2.29209,2.29216,2.29152,2.29173,225.0,1.5389195073564805,11.091002088604663,0.01951114909447607,4.062236421725542,1.0273624859156136,-3.284383916964062,8.71414761553779,-53.24869963864687,0.017844137650739392,0,0.4960275623941375,50.993377483443716,-0.00018763117819275976,-0.0002705379778593642,-0.00027926500940322896,1.0
1776939600,GBPNZD,bullish_exhaustion,2.29596,2.29689,2.29596,2.29684,231.0,1.364813032255373,18.383466282622354,0.03293344644940782,5.536808309726365,1.635548019577985,-0.39621749108835047,-11.258292585873846,83.73481982879068,-0.006950985416409287,0,0.49706870705748796,51.87637969094923,0.0001393218508907168,-0.00014802946657144211,-0.00014367565873107946,1.0
1777281600,GBPNZD,bearish_exhaustion,2.2927,2.29299,2.29256,2.29269,256.0,2.3352578551025718,27.08110155947118,0.035080438885574855,-5.264049733571117,-1.702611219449725,0.0013372618317175474,6.36725510556991,-50.76426868603426,0.06667135136122149,1,0.42169150687254076,15.2317880794702,-3.0531820699675194e-05,8.723377342767513e-05,0.00010468052811329898,1.0
1777281900,GBPNZD,bearish_exhaustion,2.29268,2.2931,2.29255,2.29262,282.0,2.333507679009549,25.150342434224214,0.034583016062718776,-5.258450450451535,-1.6388904314069908,0.4631762992721393,11.314685765899114,-45.92093545518423,0.04749807426343923,1,0.45256220613388254,28.03532008830022,0.00011776918983530393,0.0001352164772183695,0.00010032190245223838,1.0
1777282200,GBPNZD,bearish_exhaustion,2.29262,2.29303,2.2924,2.29289,269.0,2.0870694637202427,22.3868143371971,0.034641248131644,-4.746654676259296,-1.5211553002345133,1.3626840186782863,5.110546086155836,-40.951700031781435,0.05927675768819522,1,0.38918034742893354,5.077262693156733,1.744523287205979e-05,-1.7445232871948768e-05,3.489046574411958e-05,0.0
1777282500,GBPNZD,bearish_exhaustion,2.29288,2.29327,2.29277,2.29293,249.0,1.8375092046344381,19.326733345038484,0.029002193699763146,-5.415639097744497,-1.6839689436685703,5.031260218174093,0.4871836121868256,-22.17380779472359,0.05329467394704358,1,0.4337839697072502,20.309050772626932,-3.4889857082442965e-05,1.744492854105495e-05,-0.00011775326765317562,1.0
1777282800,GBPNZD,bearish_exhaustion,2.29292,2.29294,2.29265,2.29285,226.0,1.4388283077547752,14.858509732684194,0.026853666210797007,-5.755591647332192,-1.6959261672848411,12.472723972820603,-2.0310810404920545,-28.925298355369698,0.029470500710153176,1,0.49724858922039206,52.09713024282561,5.2336611640502184e-05,-8.286630176412846e-05,-6.978214885411393e-05,0.0
1777283100,GBPNZD,bearish_exhaustion,2.29286,2.29312,2.29269,2.29297,248.0,1.4126905653642543,13.948291740222531,0.025014345088309544,-5.720298879202929,-1.6797848834275104,23.285520731152346,-4.486572358738854,-10.702790988190515,0.03241637465259708,1,0.5243899582547775,66.00441501103754,-0.00013519583771259835,-0.00012211236954695615,-8.286196504969645e-05,0.0
1777283400,GBPNZD,bearish_exhaustion,2.29297,2.29297,2.29255,2.29266,225.0,1.2305732512125527,11.678450518492285,0.02426999953890105,-6.188754813863542,-1.642576824743991,20.1672613208804,-11.407636084362949,-27.9633754021362,-0.01816773413094876,1,0.4531580628396762,28.47682119205298,1.3085237235310743e-05,5.2340948941465015e-05,8.287316915711607e-05,1.0
1777434600,GBPNZD,bullish_exhaustion,2.30564,2.3058,2.30544,2.30549,134.0,2.1162044615056543,28.869617177387603,0.038417615592100385,5.8524516129026045,1.9059600033746196,-0.6167372927541237,-24.995353168156193,47.10541518440871,-0.08292928477091763,0,0.4516794082922712,27.593818984547465,-1.3012418184299435e-05,-0.00013012418184410457,-3.0362309097031748e-05,1.0
1777434900,GBPNZD,bullish_exhaustion,2.30551,2.30582,2.30535,2.30546,146.0,2.004993851925603,25.088052717487543,0.038356150802259244,5.633925686590994,1.7799072601820747,-2.5548771087226214,-23.581637903881877,40.581861887334256,-0.06287840518483001,0,0.44615743403373737,25.386313465783665,-0.00011711328758690076,-1.7350116679692995e-05,4.337529169839982e-06,1.0
1777435200,GBPNZD,bullish_exhaustion,2.30543,2.30543,2.30496,2.30519,136.0,1.8299785999069078,21.911975093182285,0.036563456498475554,5.396881355932069,1.7144147613518008,-6.0512134416641175,-6.923455692933585,14.88532549671912,-0.06677560628726638,0,0.456747023726576,31.567328918322296,9.977485586865065e-05,0.00012146504192722674,8.242270702196741e-05,0.0
1777435500,GBPNZD,bullish_exhaustion,2.30519,2.30542,2.30509,2.30542,93.0,1.6631976551105083,17.950933667864007,0.035072630087857826,5.695724381624974,1.664498282341057,-10.978664453398395,7.862392194616277,13.755833947428856,-0.02620269153013638,0,0.4880841104855403,47.019867549668874,2.1688022139310092e-05,-1.735041771122603e-05,-0.00018651699039640146,1.0
1777435800,GBPNZD,bullish_exhaustion,2.3054,2.30555,2.30516,2.30547,112.0,1.4376345782867403,14.31808502097534,0.02958801706996615,6.546136125653503,1.8424913367280515,-18.099617399365776,14.799901097206796,10.233330654455054,-0.012981707258409025,0,0.5235439838928504,65.12141280353201,-3.9037593202340126e-05,-0.00020820049707870325,-0.00019518796601136756,1.0
1777436100,GBPNZD,bullish_exhaustion,2.30546,2.3055,2.30533,2.30538,94.0,1.4698804070723428,12.36889346141075,0.026645746657200698,6.8310232558132675,1.8974755305122584,-19.94972263245551,12.766555789805452,-0.3090507726113716,-0.014432531850359585,0,0.4710707985222591,37.52759381898454,-0.0001691695078468447,-0.00015615646878175404,-0.0002298970234841935,1.0
1777436400,GBPNZD,bullish_exhaustion,2.30539,2.3054,2.30493,2.30499,92.0,1.3331299706161457,10.755275368795804,0.025596640332498567,6.167118644067828,1.7791620050508747,-15.424710160696343,-2.9471496338227894,-54.44025157237478,-0.04542648632537756,0,0.5065089286198657,59.16114790286976,1.3015240846847576e-05,-6.0737790619547205e-05,-0.00013882923570163186,1.0
1777436700,GBPNZD,bullish_exhaustion,2.30503,2.30512,2.30495,2.30502,92.0,1.278599213942631,8.58479261585286,0.022993292899848073,6.619245283018239,1.791211320367693,-10.43728037833192,-13.245690339975969,-88.49661665203743,-0.01702442492198002,0,0.4777619798788156,41.94260485651214,-7.375207156545827e-05,-0.00015184250028188462,-0.00033839185777118086,1.0
1777437000,GBPNZD,bullish_exhaustion,2.305,2.30511,2.3047,2.30485,140.0,1.3074537576344463,8.597061863952483,0.02156942348278378,6.387701149424311,1.7023871204047678,-6.581089727818096,-11.907388611862062,-123.20017321649543,-0.018782150226500042,0,0.5246266600275701,66.22516556291392,-7.809618847209876e-05,-0.00026465930537777904,-0.00016920840835621398,1.0
1777437300,GBPNZD,bullish_exhaustion,2.30486,2.30491,2.30456,2.30467,99.0,1.464059079242679,9.195128422058533,0.019370607133717244,6.345471999999435,1.6612245841546058,-3.971776360813376,-3.015637096581388,-140.5545927210112,-0.01977738669049173,0,0.5746450664669059,87.63796909492274,-0.0001865776879119707,-9.111933595695731e-05,0.00010847539994873756,1.0
1777437600,GBPNZD,bullish_exhaustion,2.30473,2.30479,2.30414,2.30424,99.0,1.4167568755712356,9.61133295896886,0.019312224421071247,5.042247191009235,1.386125229175406,-2.3265059227832996,-1.2371704318439498,-172.64669214850545,-0.05197321768299825,0,0.4927838384845386,49.448123620309055,9.547616567728845e-05,0.0002951081484567908,0.00010849564281500967,0.0
1777437900,GBPNZD,bullish_exhaustion,2.30424,2.3045,2.30407,2.30446,76.0,1.5268891057060165,10.252734217795712,0.017698599361986988,5.640700525392321,1.2984311407226943,-1.3335578378274622,3.6013306158895766,-157.96260477110772,0.028270677805654787,0,0.43395548451645194,20.52980132450331,0.00019961292450298984,1.3018234206629842e-05,3.0375879815691675e-05,0.0
1777438200,GBPNZD,bullish_exhaustion,2.30445,2.30492,2.30445,2.30492,87.0,1.5534154308703851,10.350137168411255,0.017633087978266692,6.3543760984162505,1.210237863779435,-0.7519383209695554,17.728120162410793,-84.06380045286544,0.12023276847025413,0,0.3271191508167814,0.8830022075055187,-0.00018655745101792132,-0.00016920326952774012,-0.00012581781580278673,1.0
1777438500,GBPNZD,bullish_exhaustion,2.30491,2.305,2.30449,2.30449,127.0,1.519071762729337,10.595802894131893,0.01760538278380058,4.905422535208302,1.0412042774038206,-0.4185459482538487,16.053134038142062,-92.58788341142257,0.03376051733122539,0,0.5288594168637282,68.21192052980133,1.7357419646035765e-05,6.0750968760903135e-05,0.00015621677681409984,0.0
1777438800,GBPNZD,bullish_exhaustion,2.30451,2.30479,2.30411,2.30453,144.0,1.4623447257908806,10.936202538555856,0.018596912540584844,4.33299999999835,0.8549351218415748,-0.2305627419910986,6.87375547590284,-103.98043139874436,0.05060577636259387,0,0.4784180084187243,42.384105960264904,4.3392795928021144e-05,0.00013885694696957884,0.00022998181841837884,0.0
1777439100,GBPNZD,bullish_exhaustion,2.30455,2.30481,2.3043,2.30463,138.0,1.251283997725347,10.096375610019317,0.01872007964092449,4.169867549667446,0.7563332736182893,-0.12592526571787022,-3.4124358317953636,-82.5891311873155,0.06976244560736494,0,0.3904238666757175,5.739514348785872,9.546000876503591e-05,0.00018658092622247935,7.376455222751765e-05,0.0
1777651500,GBPNZD,bearish_exhaustion,2.30135,2.30135,2.30099,2.30114,831.0,1.9275356839140803,22.80784787222579,0.034237688400405974,-5.856137805982858,-1.710182993768446,0.8309851690848308,10.16830977318466,-60.071332860426665,0.033042313452404284,1,0.6000938086632448,71.82795698924731,8.691344290046032e-06,-0.00017382688580458439,-6.518508217667751e-05,0.0
1777651800,GBPNZD,bearish_exhaustion,2.30108,2.30152,2.30096,2.30116,930.0,1.574543192345241,19.07047283287741,0.03184729192481578,-6.042923976607109,-1.7446675963208154,1.9091568557588334,5.079629671723744,-52.73907735144249,0.03128227564078253,1,0.6093995786135261,73.54838709677419,-0.00018251664377966215,-7.38757843868898e-05,-0.00020859045003396304,0.0
1777652100,GBPNZD,bearish_exhaustion,2.30124,2.3013,2.30042,2.30074,758.0,1.3678558182827403,16.85367532432972,0.0323187943257988,-6.2737752161377065,-1.672511782435047,4.522202312461763,-8.207517862691091,-78.54676394320457,-0.011729556327736748,0,0.6322385370454524,79.78494623655914,0.00010866069177750681,-2.6078566026543903e-05,9.562140876417935e-05,0.0
1777875000,GBPNZD,bearish_exhaustion,2.29677,2.29695,2.29613,2.29689,367.0,3.9494635096561255,29.639404243770006,0.01984049239250578,-4.840313479624537,-1.7408645083565493,3.8150582640884876,2.2989417989472543,-25.48895899053305,0.08701692992308255,0,0.3940447423243618,9.89247311827957,0.00017414852256747437,0.00012190396579736529,0.00014367253111813305,1.0
1777945200,GBPNZD,bullish_exhaustion,2.30645,2.30698,2.30624,2.30692,193.0,1.6215369022487218,13.979354408381425,0.02216932409569886,4.738100558659835,1.235636880124787,-0.3874151851945413,3.544973544971022,78.08114314875348,0.023172134490129167,0,0.45220245066743264,23.010752688172044,-8.669568082120271e-05,-0.0002687566105457062,-0.00030343488287398745,1.0
1778038200,GBPNZD,bearish_exhaustion,2.28711,2.28733,2.28658,2.28695,258.0,1.4669245423609378,25.589126182615075,0.038291798496440446,-6.05699836867858,-1.8091128824588834,1.1722361934934027,8.867082707293157,-79.95310467584245,0.052935489252651305,1,0.5043977373327259,40.215053763440864,-0.0001923959859202462,-0.0002929666149238397,0.00014429698944007363,0.0
1778038500,GBPNZD,bearish_exhaustion,2.28684,2.28688,2.28619,2.28651,257.0,1.5257296594511298,25.87016511785562,0.03901766697468618,-6.186453162530435,-1.7383501784280093,2.9009023927090576,-3.896830798588084,-89.19897917181875,0.013779961095718728,1,0.5417216186098553,54.83870967741935,-0.00010058998211237569,0.00033675776620278874,0.00025366169402296634,1.0
1778038800,GBPNZD,bearish_exhaustion,2.28653,2.28669,2.28627,2.28628,222.0,1.5385211778647752,26.00847828320696,0.0385217158753221,-6.26763990267692,-1.7319525064127563,3.149937285171159,-21.938551855451834,-84.02145741668089,0.0039838331002551765,1,0.49443152902853016,36.98924731182795,0.0004373917455429144,0.0003542873138897562,0.0004855048375524973,1.0
1778039100,GBPNZD,bearish_exhaustion,2.28627,2.28739,2.28627,2.28728,193.0,1.3801678936867896,24.756656102746934,0.03984770432253939,-4.7297178683388275,-1.5450695736923983,2.7847818829943725,-2.7531581478970324,-50.472267299132334,0.0835102182453415,1,0.4134441970341907,13.118279569892474,-8.306809835256779e-05,4.8092056941007044e-05,-0.0002798083312931521,1.0
1778039400,GBPNZD,bearish_exhaustion,2.28729,2.28729,2.28634,2.28709,214.0,1.6494301898616948,23.359332001568067,0.04131888119837896,-4.527830687830925,-1.392123707837089,17.337868480746412,13.80847953216891,-48.55637847046409,0.04371850925700377,1,0.6193585884876776,76.55913978494624,0.00013117105142335106,-0.00019675657713524863,-0.00020550131389673876,0.0
1778039700,GBPNZD,bearish_exhaustion,2.2871,2.28739,2.28686,2.28739,214.0,1.826623016651404,21.49468939677419,0.03972087963012206,-4.141226415094679,-1.3251940514295015,22.49809328404366,25.68226120857708,-27.156703738065048,0.052983213411852303,1,0.5621073327605498,60.43010752688171,-0.0003278846195883256,-0.0003366282094438011,-0.0007912948819396304,0.0
1778040000,GBPNZD,bearish_exhaustion,2.28745,2.28746,2.28658,2.28664,237.0,1.668653972841571,20.16233167170671,0.04107711376892357,-4.552608365020026,-1.237925151110169,18.16355301338379,-3.041836617695722,-41.30635991010523,-0.01883676041177553,1,0.4678331492957469,28.602150537634408,-8.746457684449815e-06,-0.0004635622572857212,-0.0001530630094810359,0.0
1778040300,GBPNZD,bearish_exhaustion,2.28667,2.28683,2.28649,2.28662,131.0,1.5820357848565398,18.45302248594866,0.040483958231551,-4.376512345679266,-1.2085558889238466,12.539028590202506,-16.76859632742464,-53.65334107934327,-0.012939788901449945,1,0.4345721191547805,20.21505376344086,-0.0004548197776631513,-0.00014431781406609723,-0.0005291653182426526,0.0
1778040600,GBPNZD,bearish_exhaustion,2.28662,2.28672,2.28558,2.28558,145.0,1.3866947844070285,17.728006383463736,0.034345767813859236,-6.180127388536352,-1.470735431489745,7.99813410667781,-27.287581699347246,-104.72193074503333,-0.09346891008760706,1,0.5378458267893933,53.118279569892465,0.000310643250291065,-7.437936978782478e-05,0.00019688656708582997,0.0
1778101800,GBPNZD,bearish_exhaustion,2.27965,2.27965,2.27681,2.27706,8.0,1.2970225025258921,19.84943145830286,0.03434880315594996,-6.406502283105996,-0.4191011530642575,0.0349651658526966,-20.8254395877715,-484.29596997889485,-0.43740149551493407,0,0.6814308815796908,98.72773536895674,0.0012691804344198143,0.0016468604252850572,0.0021167645999666806,1.0
1778540100,GBPNZD,bearish_exhaustion,2.28057,2.28064,2.28038,2.28038,94.0,1.6639974878109256,9.2527674648362,0.01622536594777982,-5.824324324323765,-1.4814202093435453,5.87151667911354,-20.197782816830603,19.22740779582509,-0.03932823826215805,1,0.36583371383774643,9.414758269720101,1.3155702119682644e-05,7.454897867886778e-05,-7.893421271909506e-05,1.0
1778540400,GBPNZD,bearish_exhaustion,2.28037,2.28067,2.28035,2.28041,102.0,1.2823317004717434,7.400627852622922,0.015598698730241514,-5.672530120482825,-1.4381845145569567,3.494300632721405,-27.73636991028236,26.622172784541576,-0.030638616506643707,1,0.3814007533749669,11.704834605597965,6.139246889813599e-05,-9.208870334720398e-05,-0.00010524423239666181,0.0
1778540700,GBPNZD,bearish_exhaustion,2.28049,2.28074,2.28037,2.28055,81.0,1.2732360987841806,7.348147956813525,0.015253212727507381,-5.098069815195422,-1.3394991937369813,2.0264257528342,-12.93776769966976,53.794778384911915,-0.0041692489029903305,1,0.4862145476990668,47.32824427480916,-0.00015347175023572301,-0.0001666264716844168,-0.00022363026462901558,0.0
1778541300,GBPNZD,bearish_exhaustion,2.28017,2.28024,2.28014,2.28017,74.0,1.2051577696647957,5.750059490553024,0.013814759425835146,-6.132063492063033,-1.3960474359864883,0.6462413488747529,-0.26359415985344725,-57.75819872722986,-0.0691550882694165,0,0.5399758635437467,71.2468193384224,-5.7013292868446364e-05,0.00016665424069239876,0.00010525530991101206,1.0
1778574300,GBPNZD,bearish_exhaustion,2.27478,2.27489,2.27274,2.27289,359.0,1.8393144970996798,40.54501312000113,0.051162051082854196,-4.440442260442809,-1.3699667396389013,0.8211749570752119,11.648470773613653,-67.20104145344744,0.019481517930747077,1,0.6280066850118101,94.65648854961832,0.0004751659781159212,0.00033437605867425724,0.00018478676926725335,1.0
1778649000,GBPNZD,bullish_exhaustion,2.27812,2.27879,2.27812,2.27876,187.0,1.5837645791620016,15.047416527501818,0.026204727884589316,7.122583732057221,1.7864729819260083,-0.913552699465086,4.220789899838735,82.7456302327767,0.022843575771786473,1,0.4681173138166425,37.659033078880405,-7.899032807323625e-05,-6.582527339438204e-05,8.776703119162121e-06,1.0
1778649900,GBPNZD,bullish_exhaustion,2.27862,2.27921,2.27862,2.27878,263.0,1.5224038971823444,13.072238852982663,0.02388496100043564,7.14918635170502,1.7629954824518583,-0.7192669090466097,-4.097404775908281,99.29232246897244,0.005973771556667302,1,0.47389201811172355,39.94910941475827,6.143638262590123e-05,0.000355453356620572,0.00017114420874331238,0.0
1778650200,GBPNZD,bullish_exhaustion,2.27877,2.27943,2.27875,2.27892,256.0,1.3054368440054203,11.621170918487444,0.02378946418228318,7.191093544135544,1.7287910819263124,-1.4320360411757491,-3.6714062427545713,116.84950080115068,0.014339262509858055,1,0.48387322511786307,46.31043256997455,0.0002939989117651809,0.00010970108647967436,0.0003817597809490092,0.0
1778650500,GBPNZD,bullish_exhaustion,2.27898,2.27959,2.27897,2.27959,239.0,1.251073358356885,11.553865911860463,0.02353180051801405,8.227003994673604,1.7943297212663019,-1.3739421762647908,8.22841280856673,163.4524484779569,0.08258089602279221,1,0.46674720488553395,36.895674300254456,-0.00018424365785063568,8.773507516712797e-05,9.650858268384077e-05,0.0
1778784000,GBPNZD,bearish_exhaustion,2.26528,2.26538,2.26457,2.26459,262.0,2.262654749774084,35.06245114687215,0.037597471128486756,-7.969194630872157,-2.367057148218732,1.6269298997228425,3.715557714253123,-61.6526791478525,0.045353860389225606,1,0.5565794671703728,79.13486005089058,0.0001192268799208307,0.00016338498359513842,0.00014130593175809558,1.0
1778784300,GBPNZD,bearish_exhaustion,2.26458,2.26503,2.26458,2.26486,233.0,2.2172646859648935,33.34490827821889,0.03617379062218949,-7.617367044463814,-2.3246933609011444,2.6111991772416907,-5.101153870122332,-58.31394382580739,0.06327679138197062,1,0.5106851630913274,55.97964376590331,4.415283946901383e-05,2.2076419734506914e-05,0.0002031030615579077,1.0
1778784600,GBPNZD,bearish_exhaustion,2.26492,2.26507,2.26482,2.26496,223.0,2.091022531970129,29.309042417833073,0.03522610301538075,-7.3669829901524375,-2.2411321280615817,5.086782466600958,-11.61754425056565,-48.022467015164146,0.057689054170501304,1,0.47508979864134665,40.71246819338422,-2.207544504095882e-05,0.0001589432042949923,0.00023841480644248847,1.0
1778784900,GBPNZD,bearish_exhaustion,2.26501,2.26523,2.2649,2.26491,235.0,2.0670053000739914,25.90985040002683,0.032893139241737084,-7.6051006711413285,-2.2556397685215224,10.724582194558657,-9.074189382415177,-39.59286162675152,0.03994039046109411,1,0.5124237479888101,56.99745547073791,0.00018102264549146874,0.0002604960020486935,0.0002693263749995456,1.0
1778785200,GBPNZD,bearish_exhaustion,2.26483,2.26551,2.2648,2.26532,268.0,1.8010151734201776,22.450239009526083,0.03317096796163798,-6.67847908745298,-2.0550884378201304,22.668753491528886,4.885865949665799,-22.012180986691884,0.06207206144461772,1,0.5774330124357606,92.71356783919597,7.945897268379909e-05,8.828774742641876e-05,0.00016333233273901904,1.0
1778785500,GBPNZD,bearish_exhaustion,2.26532,2.26562,2.26525,2.2655,196.0,1.625448429469059,18.770631476655385,0.032096352114008506,-6.347308447937759,-1.933025798177747,19.98761825823668,12.318870076798838,4.396791113851995,0.05403013022099922,1,0.4904319642997407,50.25125628140703,8.828073273070558e-06,8.386669609383723e-05,9.710880600311e-05,1.0
1778785800,GBPNZD,bearish_exhaustion,2.26551,2.26572,2.2655,2.26552,173.0,1.6594246064182647,15.91135797778539,0.03017282692589049,-6.373291536050006,-1.8715392005646978,14.320431282587862,12.195111651637419,28.4279896794614,0.03145424963891435,1,0.46407628423743574,33.41708542713568,7.503796037999777e-05,8.827995338811512e-05,0.00015007592075999554,1.0
1778786100,GBPNZD,bearish_exhaustion,2.26552,2.26577,2.26538,2.26569,243.0,1.5522152297752196,13.86969834590677,0.027711520236975592,-6.324050056883178,-1.8352460322705444,9.323530181764298,6.55663754861547,47.298596423740776,0.028419769605972506,1,0.45496027291019425,27.1356783919598,1.324099943045276e-05,7.503233010686117e-05,8.827332953753597e-05,1.0
1778786400,GBPNZD,bearish_exhaustion,2.26569,2.26582,2.26555,2.26572,207.0,1.479141876584692,12.224507316134975,0.026197916272593946,-6.275234657040738,-1.7473898405539108,5.743418731751063,1.7149359129723223,71.09820039762437,0.007893650799098293,1,0.4543239081007699,26.633165829145728,6.179051250820855e-05,7.503133661712624e-05,-0.00015006267323414146,1.0
1778786700,GBPNZD,bearish_exhaustion,2.26578,2.26592,2.26567,2.26586,181.0,1.6895434981465896,12.083738710915624,0.02417877286580441,-6.14320730117446,-1.6866747211930129,3.4125403429791277,3.033594786470431,92.43480506064884,0.004026873838934221,1,0.4520822443605247,24.87437185929648,1.3240006002224192e-05,-0.00021184009603414378,-0.00010150671268316369,0.0
1778787000,GBPNZD,bearish_exhaustion,2.26592,2.26609,2.26574,2.26589,191.0,1.8260805739315096,11.576971209201151,0.02108915891138286,-6.52370702541176,-1.7211997011520483,1.976686654371676,-3.0065862504490752,108.68146575084788,-0.015684212896898593,1,0.3585787068761576,2.512562814070352,-0.00022507712201391694,-0.00011474519945819939,7.502570733786129e-05,0.0
1778787300,GBPNZD,bearish_exhaustion,2.26589,2.2659,2.26533,2.26538,273.0,1.7163119075606577,11.244882238406861,0.020494827105636982,-7.3058461538473205,-1.6675534151979314,1.1235535008757296,-20.79509483666805,64.21965649950282,-0.10475910069899018,1,0.3115435569387697,0.5025125628140703,0.00011035676133808181,0.0003001703908394049,0.0002383706044901679,1.0
1778787600,GBPNZD,bearish_exhaustion,2.2654,2.26569,2.26523,2.26563,232.0,1.644569474594875,11.384686216950119,0.019893552156101765,-6.474611727417459,-1.5700404582983225,0.6293813693692698,-19.18704749865074,63.4375839084043,-0.05382200311872421,0,0.3607792098108402,2.763819095477387,0.00018979268459551335,0.0001279997175178682,0.00011475836742991241,1.0
1778787900,GBPNZD,bearish_exhaustion,2.2656,2.26609,2.2656,2.26606,232.0,1.6461116229180535,11.860093838725254,0.01866045660120003,-5.425945945945356,-1.4499184096687634,0.3484932128793474,0.5364595300496262,104.69361147332995,0.0069837242901652835,1,0.4106681574992281,10.050251256281408,-6.178124144995412e-05,-7.502007890336504e-05,-2.2064729089166235e-05,0.0
1778788200,GBPNZD,bearish_exhaustion,2.26615,2.26617,2.26576,2.26592,310.0,1.6960803143056964,11.32109639511341,0.01740068997518431,-5.6644202898557445,-1.3777482864558792,0.1911482100331483,17.592361988107207,100.36445192038596,-0.0440214801320414,1,0.45494636500241353,26.884422110552762,-1.3239655415775431e-05,3.971896624777038e-05,-1.765287388777459e-05,1.0
1778809800,GBPNZD,bullish_exhaustion,2.27088,2.27207,2.27087,2.27193,356.0,1.4331333472971617,19.190695277231665,0.03351461406947587,5.112757973732129,1.2077029834484965,-1.8033673207632148,10.86648897749356,105.14893386140977,0.07432936946775758,1,0.5316139396212176,75.37688442211056,2.6409264370030883e-05,-0.00015405404215784735,0.00022447874714459637,1.0
1778819100,GBPNZD,bullish_exhaustion,2.27331,2.27404,2.2732,2.27404,227.0,1.2266360315221139,10.44896383215984,0.022866792140858596,4.565000000000134,1.0862217740091689,-2.0226722901140377,15.617283950623793,163.911218969574,0.08746901351912087,1,0.6154992635176291,97.73869346733667,-0.00022427046138140394,-0.00021547554132717028,3.078222018970678e-05,1.0
1778833500,GBPNZD,bullish_exhaustion,2.28036,2.2809,2.28016,2.28061,546.0,1.330386822657565,18.442265726447772,0.035892652780238565,4.270855148341875,1.4089560777575314,-1.5005773914457592,-18.713885465922026,71.77700348430355,-0.050850604508106335,0,0.495343312062926,52.76381909547738,0.00018854604689111376,-1.3154375364421433e-05,0.00031132021695956524,1.0
1778833800,GBPNZD,bullish_exhaustion,2.28062,2.28137,2.28029,2.28104,653.0,1.201512491542244,17.350178232009323,0.03560406030331992,4.643518029902862,1.4006511147617786,-2.4307827745723927,-4.347131758366334,85.08534705868448,-0.010098276481844363,0,0.5288306392584524,73.36683417085426,-0.00020166239960717203,0.00012275102584791142,-0.00017097464314519417,0.0
1778834400,GBPNZD,bullish_exhaustion,2.28058,2.28146,2.28056,2.28132,499.0,1.2491480897910265,17.44461075450151,0.03494217633400161,4.722616487454997,1.3468832550880836,-4.197848220104717,17.120884191452618,84.17706826666881,0.01671727739849942,0,0.5453321439637189,81.90954773869346,-0.0002936896182911264,2.6300562832037855e-05,2.191713569321685e-05,0.0
1778846700,GBPNZD,bullish_exhaustion,2.28598,2.28686,2.28578,2.28672,477.0,1.788298598368788,24.29415364838627,0.037014963416093886,4.225518987341773,1.1654128389826257,-7.137697042064232,15.314639876043977,88.79454052924987,0.03491383143780961,1,0.5304064292856016,74.87437185929649,-0.00023177301987120646,-0.0003104883851104967,-0.00019241533725156135,1.0
1779122400,GBPNZD,bullish_exhaustion,2.28753,2.28787,2.28742,2.28776,558.0,1.2850013646957483,27.75714650591227,0.04867518570878784,4.240590121873447,1.3147864281278017,-0.9983526898562332,-7.435372983209216,34.05221339387178,-0.06574780637565525,0,0.5237535776404244,70.10050251256281,3.496870301078481e-05,-0.00036717138161357354,-0.0002841207119627098,1.0
1779122700,GBPNZD,bullish_exhaustion,2.28775,2.28803,2.28748,2.28784,486.0,1.3863335744908052,27.01045792024302,0.046737783861006264,4.3632865731470325,1.2779570282871868,-2.0255744541485825,0.8355500989053262,33.49640058865264,-0.04443370780247809,0,0.5292193320012113,73.86934673366834,-0.00040212602279887655,-0.0003190782572207729,-0.00020106301139932725,1.0
1779155100,GBPNZD,bullish_exhaustion,2.28948,2.2902,2.28944,2.29008,310.0,1.2239817646792621,16.595257382005965,0.031221616712078078,4.2405594405598945,1.280904251424559,-1.6488231941318645,-10.175816688249594,42.688811011205715,-0.022285912490127496,0,0.4776853329951886,40.7035175879397,5.676657584019473e-05,0.00012663313072014404,0.0002445329420803777,0.0
1779155400,GBPNZD,bullish_exhaustion,2.29014,2.29039,2.28996,2.29021,247.0,1.2757914237414103,15.424422405593363,0.030346562105656404,4.38474820143951,1.2726703652794031,-2.122737121220979,2.778478320123522,59.85013092652814,-0.008469704634787406,0,0.5104693151068442,62.311557788944725,6.986258902008657e-05,0.00018775570799167696,0.0002576182970119856,0.0
1779186600,GBPNZD,bullish_exhaustion,2.29402,2.29402,2.29351,2.2936,439.0,1.9541820889552501,22.08763371137896,0.02974114305645645,4.1856335078538045,1.4141578571365663,-0.07137967397950717,-7.826490119664223,31.498457448671108,-0.10412880455324404,0,0.4886623737685314,49.246231155778894,0.00020055807464247621,0.00028775723753038385,0.00018747820020914574,0.0
1779186900,GBPNZD,bullish_exhaustion,2.29361,2.29425,2.29359,2.29406,634.0,1.7452215345547533,19.846132214823378,0.029081316841882164,4.837944325481281,1.3692912814581992,-1.5986511486644872,5.831370337421799,41.16054924740412,-0.028888784467315718,0,0.5023731705801993,57.78894472361809,8.718167789867337e-05,-1.3077251684867619e-05,0.00023103144643110696,1.0
1779187200,GBPNZD,bullish_exhaustion,2.29407,2.29466,2.2939,2.29426,769.0,1.7189729996990017,18.707091737436293,0.029639186491505494,4.877647058823932,1.29262678112677,-2.51256552252363,13.853555404774585,57.25836895233498,-0.003123352382796165,0,0.520384482651563,68.5929648241206,-0.00010025018960369003,0.0001438372285615941,-0.0002702396415402708,0.0
1779187500,GBPNZD,bullish_exhaustion,2.29422,2.29447,2.29352,2.29403,730.0,1.5595841611092216,17.053200065235682,0.030451712862145184,4.238936605316247,1.1789358101805825,-3.343160421214762,13.284586773416393,32.84992309380555,-0.026353818822762016,0,0.49966239694671716,56.03015075376885,0.00024411189042861103,-0.00017000649511988986,-0.00036180869474233823,1.0
1779187800,GBPNZD,bullish_exhaustion,2.29403,2.29476,2.29391,2.29459,635.0,1.2324494766791387,14.141392354430039,0.030195248077312695,4.887298969071705,1.1769255000346017,-7.979032792240503,11.582725623710111,63.14789775287813,0.033340990681926475,1,0.48088325400112764,42.96482412060301,-0.00041401731899815,-0.0006057727088498721,-0.00023969423731473594,1.0
1779436800,GBPNZD,bullish_exhaustion,2.28929,2.29049,2.2891,2.29042,617.0,1.5424684771927375,19.9207145734918,0.03371184573758977,4.2916928769654135,1.1692938789375613,-0.4088048495080727,14.221164127496543,82.01058201059884,0.024561596833852437,1,0.5442272113418964,81.65829145728644,1.3098034421510363e-05,-8.732022947821605e-06,-0.00039730704412299644,1.0
1779443700,GBPNZD,bullish_exhaustion,2.29201,2.29251,2.2919,2.2925,420.0,1.2980602835983008,13.369738711939997,0.026203458482629782,4.9297978596912015,1.2943859383311893,-1.2501930613928494,4.084745990120723,96.20991253642532,0.01647431612976385,1,0.488173827946551,48.24120603015075,0.0001221374045801138,-8.287895310787885e-05,0.0001657579062157577,1.0
1779444600,GBPNZD,bullish_exhaustion,2.29231,2.29296,2.2922,2.29288,412.0,1.3431673404499311,14.160592234226105,0.02613681109721131,4.874803337306798,1.3017685812804722,-2.3575063581546942,0.6577999148304912,103.1076433769661,0.02172561515034069,0,0.41223763693806276,11.306532663316583,-0.00012211716269483475,-0.00020934370747682784,-0.0001395624716513666,1.0
1775228700,GBPUSD,bearish_exhaustion,1.32048,1.3205,1.32003,1.32004,160.0,1.5090601881252759,12.430281679187097,0.02121147844004686,-6.7614285714296365,-1.5727215541550295,0.555858017752553,1.6505809927287487,-145.94254560705787,-0.06514966397736986,0,,,8.333080815714489e-05,0.0002727190085147768,0.00025756795248632613,1.0
1775229600,GBPUSD,bearish_exhaustion,1.32041,1.32142,1.32035,1.32038,1007.0,1.2139560270193683,13.566517048867631,0.02499280510156204,-4.135757575758017,-1.20791285432683,2.4810759818689334,7.802261598262806,-14.331723027362019,0.04524852185019768,1,,,-0.00024235447371223628,1.5147154607042523e-05,-0.00019691300989121974,1.0
1775457000,GBPUSD,bullish_exhaustion,1.32142,1.32142,1.3212,1.32133,168.0,2.3769485606963032,20.793056674239807,0.02054207286813601,4.722421052630871,1.6194293213221356,-0.9630921114049187,-9.948824702929809,-34.14157562848405,-0.08109035494922845,0,,,-0.00011352198163960825,0.00013622637796761872,3.027252843734729e-05,0.0
1775465700,GBPUSD,bullish_exhaustion,1.32496,1.32522,1.32486,1.32488,212.0,3.0279855818717243,37.40180117776295,0.039356664107584205,4.33539726027459,1.6172504582238691,-1.295193631030216,-10.542102553640827,33.358954650264415,-0.07971796540384839,0,,,8.302638729529299e-05,0.0003849405229152669,0.0002113398949337153,0.0
1775466000,GBPUSD,bullish_exhaustion,1.32493,1.32519,1.32493,1.32499,403.0,2.7974490332043205,31.508666689115586,0.03525633077554219,4.808807339449984,1.6884277943634038,-4.338916719659764,-2.56227699906732,31.621349446129003,-0.047196274954159984,0,,,0.0003018890708610389,0.00012830285511578055,4.528336062925575e-05,0.0
1775466300,GBPUSD,bullish_exhaustion,1.32501,1.32541,1.32499,1.32539,326.0,2.211717344418254,25.24194035184488,0.03416784062480807,5.543470031545783,1.6979389042546342,-7.948412923891794,17.56445268100406,47.02572347264633,0.02240527568316771,0,,,-0.000173533827779071,-0.00025652826715161225,-6.0359592271019835e-05,1.0
1775466600,GBPUSD,bullish_exhaustion,1.32541,1.32541,1.32509,1.32516,253.0,1.7925875109926506,19.482315980686266,0.032610617370192975,5.095999999999423,1.6806718570029104,-11.33656501457969,20.195208877546854,40.587313731928646,-0.023462260883096848,0,,,-8.300884421486021e-05,0.00011319387847508189,6.791632708513795e-05,0.0
1775466900,GBPUSD,bullish_exhaustion,1.32518,1.32518,1.32495,1.32505,248.0,1.294484839972609,12.895333250798286,0.028947694696156347,5.2694227188081735,1.7619569442319452,-21.599599953608177,8.04212120979706,0.7210078930882511,-0.037457684086715896,0,,,0.0001962190106032935,0.00015093770046403776,0.0001132032753479173,0.0
1775606700,GBPUSD,bullish_exhaustion,1.33947,1.33984,1.33858,1.33911,1472.0,1.5316669582479783,55.772179914061404,0.09249213496810971,4.922445213379111,1.6574527981325253,-0.17780807616064465,-16.451062198924788,52.99287449656286,-0.07216006760018413,0,,,-6.720881779687105e-05,-0.0005600734816407771,-0.00017175586770312723,1.0
1775607000,GBPUSD,bullish_exhaustion,1.33908,1.33976,1.33878,1.33902,1106.0,1.34461980131573,45.37379975208616,0.08972446800111958,4.833412604042454,1.5965132223155731,-2.3245217737896837,-21.44585033781228,47.50460054570353,-0.06069543103125581,0,,,-0.0004928977909217647,-0.00010455407686216223,-7.468148347300474e-05,1.0
1775607300,GBPUSD,bullish_exhaustion,1.33903,1.3391,1.33821,1.33836,1114.0,1.4101246451520713,42.4806154886955,0.08864794012288085,4.184828416616341,1.4648954349912429,-6.41172169676102,-13.445757912586958,10.793999268189364,-0.07973304052206148,0,,,0.0003885352222123828,0.0004184225469978653,6.724648076739115e-05,0.0
1775612400,GBPUSD,bullish_exhaustion,1.34041,1.3407,1.34014,1.34062,825.0,1.220932764982952,30.989390442300014,0.06409614314911975,4.2325852036568055,1.1887544473326779,-2.34880397181826,-20.56838957165602,72.90795244249271,-0.027520541181960557,1,,,0.0001939401172592614,1.4918470558455965e-05,-0.00017156241142157747,0.0
1775612700,GBPUSD,bullish_exhaustion,1.34062,1.3409,1.34053,1.34088,953.0,1.3330262685233714,32.001359173500724,0.0606744398135139,4.5099912203687,1.22722115815435,-2.6191897741887447,-3.066948148672644,83.4020976094086,-0.005569159960204926,1,,,-0.00017898693395379528,-0.00036543165682245693,0.00011186683372099715,1.0
1775668500,GBPUSD,bearish_exhaustion,1.34278,1.34278,1.34206,1.34208,974.0,1.2229583920536888,16.685761544923697,0.03358326520880189,-4.389477020601804,-1.1534779039235725,3.292175153382317,-4.465391026011218,-60.82126923423512,-0.03371668319193563,1,,,-0.0004917739628038653,-0.00033530042918439307,-0.000454518359561229,0.0
1775676300,GBPUSD,bearish_exhaustion,1.33911,1.33936,1.33901,1.33915,415.0,2.492822989199022,38.54458996463208,0.04320437804364173,-4.26913580246909,-1.4918927174691057,0.03178985724290617,-0.36599480578006194,-51.13117386330811,0.0777932820340079,1,,,0.00034350147481609916,0.0007990143001157524,0.0005227196355896968,1.0
1775681700,GBPUSD,bearish_exhaustion,1.33958,1.33971,1.33908,1.33909,723.0,1.426004079181904,13.324231684325799,0.025870447201351142,-4.007175257734042,-0.5832285688578841,0.01510960902803049,-3.256291244357385,-140.22611232676928,-0.14570310323513935,0,,,1.4935515910252661e-05,0.0001269518852355933,-1.4935515910030617e-05,1.0
1775754600,GBPUSD,bullish_exhaustion,1.34525,1.34554,1.3452,1.34547,513.0,1.274043185736402,18.041092423627163,0.03726791169097471,4.882849002848731,1.2960184556411483,-1.914145012185088,24.193269048638875,118.21806205580846,0.050851804166605966,1,,,5.9458776487053555e-05,-0.00023783510594799218,-0.00023040275888730477,1.0
1776060600,GBPUSD,bearish_exhaustion,1.34125,1.34146,1.34098,1.34098,348.0,7.347369069339439,77.08591590842984,0.023916410812560764,-11.962048997773714,-4.10426229890208,0.3364554498875683,7.309101076849544,-26.745854986400307,0.1653819379678515,0,0.827789057423323,97.92626728110599,7.457232769958466e-06,0.00017897358648144568,0.00010440125878097284,1.0
1776060900,GBPUSD,bearish_exhaustion,1.34101,1.34117,1.34088,1.34099,336.0,6.656295258615831,70.64377140051286,0.023862966912503968,-11.675625000002109,-3.8564113142668295,0.44861913930261454,-3.9834290634512968,-26.236732594566657,0.1261885429812224,0,0.7659312974995516,95.39170506912443,0.00017151507468371463,9.694330308218646e-05,8.948612592196703e-05,1.0
1776061200,GBPUSD,bearish_exhaustion,1.34098,1.34131,1.34082,1.34122,286.0,5.391324872039421,61.89231331659318,0.025722849346117127,-9.903188405798591,-3.2962453553415694,0.9176588598092937,-6.202690491680656,-16.35900415679266,0.1274976827856234,0,0.4310031049329724,35.02304147465438,-7.4558983611972e-05,-8.201488197312479e-05,-0.0002535005442806382,0.0
1776061500,GBPUSD,bearish_exhaustion,1.34122,1.34139,1.3411,1.34112,358.0,4.3184973214830835,50.10192000139583,0.025937808910250663,-9.827597535936041,-3.036720740438373,3.0752584375899206,-3.1893390307516825,-0.10896807235551784,0.06439281260382801,1,0.4328435607155914,35.25345622119816,-7.456454306886684e-06,-0.00017895490336439224,-0.0003206275351945731,0.0
1776061800,GBPUSD,bearish_exhaustion,1.34113,1.34144,1.34097,1.34111,334.0,2.644495168995685,32.501514195723395,0.026949957231589952,-9.202924901186426,-2.7163127205601887,6.898779307402985,-4.433434959346229,27.043302129486854,0.035706810594256636,1,0.4911543191210823,53.45622119815668,-0.00017149972783736533,-0.0003131734160509714,-0.0005741512627599477,0.0
1776104400,GBPUSD,bullish_exhaustion,1.34902,1.34907,1.34877,1.34887,233.0,2.256377693451828,17.602694962309325,0.02329992618159729,6.174000000000968,2.120966425624194,-0.8484238327065583,-7.873015873013863,55.77384850469352,-0.07817104371791958,0,0.4226679282857421,32.71889400921659,-0.00016309948327131174,0.0006375707073329462,0.0006672251588366596,0.0
1776104700,GBPUSD,bullish_exhaustion,1.34887,1.34888,1.34847,1.34865,307.0,2.046786345730479,16.27048145153397,0.021979651609280584,5.618891566265005,2.0529319473398338,-5.584513824326706,-11.75785869904442,20.19844082216107,-0.10963384740423712,0,0.39871226276239674,28.110599078341014,0.000800800800800916,0.0008304600897193204,0.0007340674007341175,0.0
1776105000,GBPUSD,bullish_exhaustion,1.34865,1.34982,1.34859,1.34973,858.0,1.5237528824539635,16.133885950421295,0.026142794696505142,7.582105263158594,1.8202612897390043,-20.664572877645753,3.311546840946491,116.41821316297148,0.13441739498179076,1,0.28409848602486,10.138248847926267,2.9635556740847946e-05,-6.668000266729646e-05,0.0002074488971868238,1.0
1776105300,GBPUSD,bullish_exhaustion,1.34972,1.34986,1.34955,1.34977,628.0,1.4539292293924715,15.091378020122095,0.026777048788206588,7.3120948616601416,1.8388184379170953,-10.888207694127885,19.248981766960206,169.40682056959145,0.07967261121096482,1,0.4918044151671058,53.91705069124424,-9.631270512755474e-05,0.00017780807100464813,0.00028152944575743355,0.0
1776108300,GBPUSD,bullish_exhaustion,1.35041,1.35067,1.35039,1.35058,254.0,1.7351696197972635,20.055595430798185,0.03252570853157438,5.834926829267454,1.5813228778000257,-0.807057909262312,8.33861906102895,98.24850985784627,-0.0059838891540974345,1,0.5498416605704441,68.4331797235023,-7.404226332274888e-06,-7.404226332274888e-06,-8.885071598863092e-05,1.0
1776108600,GBPUSD,bullish_exhaustion,1.35059,1.35075,1.35048,1.35057,287.0,1.7805257240045915,20.156459423631706,0.03236728619345031,5.590849673201539,1.5559158584228518,-0.5548759231278666,10.387909585774928,94.28675400290633,-0.017833899591159812,1,0.5685071101068608,72.11981566820278,0.0,-8.144709270907491e-05,-0.0001777027477287696,1.0
1776108900,GBPUSD,bullish_exhaustion,1.35059,1.35068,1.3505,1.35057,257.0,1.9452619523531292,19.771836691573316,0.03115086857506933,5.55388794566978,1.5712561375524736,-1.7532805821444128,6.3972127827627645,84.46949712603482,-0.02359514075331204,1,0.5404396836287202,66.82027649769586,-8.144709270907491e-05,-0.0001777027477287696,-1.4808562310841822e-05,1.0
1776109200,GBPUSD,bullish_exhaustion,1.35057,1.35058,1.35027,1.35046,293.0,1.9369605252996778,19.34205573740823,0.026287339128890162,5.977464788731479,1.7740036633887173,-5.65991355787834,-6.147142617720206,62.78684098884732,-0.04979789435294345,1,0.3722249009085713,21.889400921658986,-9.626349540159396e-05,6.664395835498382e-05,1.4809768523305067e-05,0.0
1776109500,GBPUSD,bullish_exhaustion,1.35045,1.35045,1.35025,1.35033,273.0,2.128706494390428,18.354336792282375,0.025760898658635567,5.459137577001518,1.6895384591880176,-23.96554634287972,-15.899782135073657,47.408972287787634,-0.06543589364652168,1,0.2693337605574813,8.294930875576037,0.00016292313730703611,0.00011108395725489828,0.00023697910881037565,0.0
1776109800,GBPUSD,bullish_exhaustion,1.35034,1.35075,1.35034,1.35055,645.0,2.1168326481250928,17.498320341167908,0.026126921836077073,5.726963562752284,1.602978777426071,-22.5506671542785,-8.22222222222765,68.30399964307048,-0.006358546880096036,1,0.23113960560754823,5.299539170506913,-5.183073562620155e-05,7.404390803755767e-05,0.00017030098848636044,0.0
1776110100,GBPUSD,bullish_exhaustion,1.35056,1.35061,1.35046,1.35048,355.0,2.173528605649903,16.162972498883544,0.023906843704248316,5.753008849557044,1.6610483626915824,-16.55935588970476,-2.3703703703762926,61.00267027716337,-0.023513388854642457,1,0.27261949426532034,8.986175115207374,0.00012588116817724426,0.000222143237959882,0.00013328594277606243,0.0
1776110400,GBPUSD,bullish_exhaustion,1.3505,1.35069,1.35048,1.35065,249.0,1.8722590615213355,13.977194440143583,0.02305768122226822,6.177339449539716,1.6721105750811953,-10.92173101071564,13.592592592586918,73.24764964891182,0.015955881008599824,1,0.3569574099470784,19.12442396313364,9.624995372603529e-05,7.403842594344567e-06,1.4807685188689135e-05,0.0
1776110700,GBPUSD,bullish_exhaustion,1.35066,1.35078,1.35058,1.35078,460.0,1.2550168452312904,9.480014604817278,0.020570125620541842,7.031670951156922,1.8462908003936873,-6.781862370883992,15.999999999998025,99.25003989150979,0.03676570476407466,1,0.3890156502227039,26.26728110599078,-8.883756052069369e-05,-8.143443047725629e-05,-0.00015546573091107518,1.0
1776111000,GBPUSD,bullish_exhaustion,1.35077,1.35083,1.35064,1.35066,306.0,1.2221139873940718,8.760550480993023,0.018721006238220563,6.831525423728804,1.9438792436355161,-4.051451543066561,8.734693877549944,101.81084538923899,-0.011161402502389875,1,0.449585135122986,40.09216589861751,7.403787777970905e-06,-6.663409000040588e-05,-0.0001258643922230629,1.0
1776111300,GBPUSD,bullish_exhaustion,1.35068,1.35072,1.35064,1.35067,165.0,1.2013945039660554,7.9000248775317266,0.01686993439234933,7.1852037617574,2.062212974400404,-2.3559647279331983,-3.0200404486091657,89.1289669142607,-0.010444089800378895,1,0.40268188342236927,28.80184331797235,-7.403732962163456e-05,-0.00013326719331896442,-0.00013326719331896442,1.0
1776123300,GBPUSD,bullish_exhaustion,1.35126,1.35136,1.35125,1.35131,62.0,1.3319607890822387,6.624838697417882,0.01067746958771177,4.949900990100755,1.9097693576839643,-3.639747166964696,-16.81720430107817,75.9117896521785,-0.07912921860567775,1,0.2618048123767096,7.603686635944701,-3.700113223470414e-05,0.0,2.220067934066705e-05,0.0
1776123600,GBPUSD,bullish_exhaustion,1.35131,1.35139,1.35126,1.35126,61.0,1.2735937709082767,6.711551758966677,0.010783586113278622,4.463529411766488,1.7831623201723807,-6.647562248112763,-12.825396825392279,66.49070889643944,-0.08878561380200262,1,0.33304140967187373,16.129032258064516,3.70025013691766e-05,5.920400219050492e-05,0.00019241300711936304,0.0
1776123900,GBPUSD,bullish_exhaustion,1.35127,1.35142,1.35127,1.35131,104.0,1.2610096330756828,6.757144533453388,0.010994622149723927,4.614615384617876,1.6728880761127944,-11.39298414553673,0.1613756613984627,68.44444444445936,-0.045801391383054016,1,0.38001747981467376,23.732718894009217,2.220067934066705e-05,0.00015540475538555754,-0.00022200679340789176,0.0
1776124200,GBPUSD,bullish_exhaustion,1.35131,1.35138,1.35124,1.35134,120.0,1.3999049215608403,6.7967664951141815,0.011575811522531796,4.462100456624125,1.5295133482636116,-19.115887030796813,6.791423001959483,58.420860113926814,-0.02454645649624045,1,0.3405802932307281,16.589861751152075,0.00013320111888948105,-0.0002442020512971599,-0.0003034025485814107,1.0
1776124500,GBPUSD,bullish_exhaustion,1.35136,1.35158,1.35136,1.35152,146.0,1.4748485855191011,6.680153675867503,0.012419878570583354,5.088851063833757,1.4513432906169477,-19.546959025931642,17.95562435501096,102.47368702248579,0.04671956621867951,1,0.36250479142432124,20.276497695852534,-0.00037735290635732,-0.0004365455191193135,-0.0002219722978572536,1.0
1776168600,GBPUSD,bullish_exhaustion,1.35687,1.35746,1.35686,1.35739,378.0,1.2890731469338075,21.361133621561674,0.03978222913090569,4.305555555555795,1.1735686189712402,-7.708418363347789,-2.3373936387187833,71.88841201715333,0.02362534391634727,0,0.5580637839220849,69.5852534562212,0.00033888565555950656,0.00011787327149903604,0.0006556700727129439,0.0
1776334500,GBPUSD,bearish_exhaustion,1.35393,1.35396,1.35368,1.3537,104.0,1.427497870689221,17.960276778950337,0.031289903861371086,-4.671231028668709,-1.3315046326379953,1.5151394665729865,19.509760783361756,-73.97854744944244,0.017169622589954612,0,0.6329631459996673,81.5668202764977,-0.0002807121223312725,-0.0003398094112432304,-0.00019945335007753862,0.0
1776334800,GBPUSD,bearish_exhaustion,1.35369,1.35373,1.35329,1.35332,202.0,1.4355983443184577,17.300407924627404,0.031245909530420734,-5.373918918919216,-1.3639807777781032,1.277932361554278,-6.757060004109043,-108.36460894695773,-0.037237161845112256,0,0.7058159322931976,91.01382488479263,-5.9113882895478476e-05,8.128158898101923e-05,0.00019212011940994422,1.0
1776458700,GBPUSD,bearish_exhaustion,1.35197,1.3522,1.35182,1.35206,291.0,1.5707377005363885,19.095130810716302,0.03042975692118592,-4.067291666666094,-1.3836619764234124,2.9034108762387234,16.7452300785614,-40.48940464180489,0.059304454111708114,1,0.4192476565433378,32.25806451612903,-0.0003919944381167717,-0.0005473129890685158,,0.0
1776665100,GBPUSD,bearish_exhaustion,1.34915,1.34922,1.3486,1.34885,286.0,2.9185993670165042,35.19314850589326,0.030713994460888933,-7.728000000000056,-2.2758589161102014,0.05038286997722496,1.659965822539867,-82.27014903540726,0.03528342247883922,0,0.6671553865378117,87.09677419354838,-1.482744560188376e-05,-0.0001927567928236007,-0.000378099862846093,0.0
1776666900,GBPUSD,bearish_exhaustion,1.34893,1.34941,1.34884,1.3494,852.0,1.220670705945763,16.791775565389205,0.033983357682778964,-4.188660436138004,-1.6025026013902663,10.852542448123078,26.215277777778795,-1.939497149903909,0.1315608310097944,1,0.4166958511473854,31.336405529953915,0.00033348154735435287,0.00018526752630809717,0.00022973173262186286,1.0
1776744900,GBPUSD,bearish_exhaustion,1.35159,1.35167,1.35151,1.35151,211.0,1.3456501363460862,5.932916365612365,0.012895628910306427,-4.101311475411312,-1.124159532802181,8.19533096152022,-20.782538023923507,-97.45405496546915,-0.04068422275333836,0,0.4750644412257363,39.735099337748345,-1.479826268391271e-05,4.439478805173813e-05,2.219739402598009e-05,1.0
1776745200,GBPUSD,bearish_exhaustion,1.3515,1.35158,1.35149,1.35149,188.0,1.3971091180121469,5.829203236653737,0.012631561144680782,-4.148451882847726,-1.1653302840896043,4.079101476295776,-14.141414141426777,-110.91854419415282,-0.025513417875662456,0,0.4637185562174324,34.437086092715234,5.919392670294954e-05,3.699620418928795e-05,1.4798481675626363e-05,1.0
1776745800,GBPUSD,bearish_exhaustion,1.35157,1.35158,1.35147,1.35154,53.0,1.2516226348190893,5.074239038080873,0.011256999951375687,-4.005446009389725,-1.2351686753905258,1.2212052034605634,11.678160919537799,-97.80309896843819,0.012606727944322552,0,0.556930202535862,79.24944812362031,-2.2196901312554473e-05,-2.2196901312554473e-05,5.17927697294418e-05,0.0
1777058700,GBPUSD,bullish_exhaustion,1.35282,1.35287,1.35268,1.35283,189.0,1.664463815304752,10.386312587436844,0.017529390769192896,4.076024096384981,1.3225501481962452,-8.820501892956159,-21.36042463911327,55.76172804256811,-0.05542942908759353,0,0.33976951762927765,1.7660044150110374,0.00014044632363252596,0.00018479779425351062,0.00018479779425351062,0.0
1777059000,GBPUSD,bullish_exhaustion,1.35281,1.35311,1.35276,1.35302,215.0,1.4629669507296676,10.123691301814045,0.017685305042478564,4.5878208955215225,1.3008398888966797,-24.714261774984053,-8.07768302211828,87.46685384492484,0.007660446533070766,0,0.36212403136402727,3.090507726269316,4.4345242494747694e-05,4.4345242494747694e-05,-5.173611624353924e-05,0.0
1777059300,GBPUSD,bullish_exhaustion,1.35301,1.35311,1.35292,1.35308,249.0,1.3272959013431844,9.419956428882053,0.017209414288673064,4.717914110429484,1.3341301725014882,-22.508943694835665,15.238716086174058,100.28901124404611,0.012310698100493544,0,0.533545900102994,69.75717439293598,0.0,-9.607709817593957e-05,-7.390546013619215e-06,1.0
1777059600,GBPUSD,bullish_exhaustion,1.35309,1.35314,1.35304,1.35308,196.0,1.2741467348766604,8.552587844471018,0.01636478045855342,4.6714838709672115,1.3848393398983438,-16.330313992856,20.666772840693277,108.06939727863993,-0.0019561980265727567,0,0.617091365398025,94.48123620309052,-9.607709817593957e-05,-7.390546013619215e-06,0.00012563928223019438,1.0
1777282200,GBPUSD,bullish_exhaustion,1.35541,1.35547,1.35529,1.35543,222.0,1.6134897543760363,12.431120273615,0.023397951730657954,4.080810810810885,1.2505821502302115,-0.3276984712895512,-5.717963953272271,60.81575246135309,-0.03759094480146006,0,0.5090715526916118,60.48565121412803,-0.00016968784813675697,-0.00018444331319200646,-0.0004721748817718696,1.0
1777418100,GBPUSD,bullish_exhaustion,1.35212,1.35229,1.35212,1.35226,22.0,2.8114763191189325,8.733992420240773,0.007870422213817669,4.355973154362521,1.154765896195618,-0.31721207377013627,3.8186093741591876,77.54279959725763,0.036823336673466066,1,0.34661746756834005,1.9867549668874174,-6.655524825105452e-05,-6.655524825105452e-05,-6.655524825105452e-05,1.0
1777564200,GBPUSD,bullish_exhaustion,1.35757,1.35789,1.35712,1.35787,660.0,2.251377598610096,44.8612964058995,0.06827920619373522,4.600154083204815,1.4740428681589117,-1.013571783040348,-10.273343965613147,31.444906444906316,-0.04880471841908341,1,0.620884270480918,76.98924731182795,-4.41868514658994e-05,0.00021356978208530997,0.0002945790097728107,0.0
1777564500,GBPUSD,bullish_exhaustion,1.35788,1.35808,1.35779,1.35781,971.0,2.4111665313738344,42.567972893187715,0.0668618689549453,4.517230527143883,1.4150203154368792,-2.073226116212041,-0.7079209206903627,39.56509656801325,-0.04280093577250581,1,0.6446587004554238,81.0752688172043,0.00025776802350852,0.00033878083089700084,0.0001988496181350996,0.0
1777564800,GBPUSD,bullish_exhaustion,1.35783,1.35821,1.35746,1.35816,765.0,2.2194200228946612,41.009997516549916,0.057483233618592616,5.529039341263069,1.580171380208282,-4.460782363774783,13.366480711527657,38.3220733615719,-0.008012201093357565,1,0.4965108963939234,37.634408602150536,8.099193025867812e-05,-5.890322200630127e-05,-0.0005301289980562673,1.0
1777565100,GBPUSD,bullish_exhaustion,1.35817,1.35883,1.35814,1.35827,911.0,2.2058423372048592,40.36560776366887,0.05132579363034275,6.1605737704921895,1.7047318446015474,-6.470612551910406,12.17672417138634,62.21122112210252,-0.0005761243315603714,1,0.594215755127414,69.46236559139784,-0.00013988382280405443,-0.0006110714364596648,-0.0003681153231686052,1.0
1777565400,GBPUSD,bullish_exhaustion,1.35827,1.35842,1.35796,1.35808,857.0,2.1978804203049074,39.11566828386142,0.047072758179614996,6.205675977653889,1.7587004655656193,-10.053086561155055,6.944355189971034,43.42074994247136,-0.024165025915447648,1,0.527973241785538,48.38709677419355,-0.00047125353440147233,-0.0002282634307257947,-0.00016935673892548575,1.0
1777565700,GBPUSD,bullish_exhaustion,1.35808,1.35815,1.35728,1.35744,702.0,1.5734701372442095,30.224452004053944,0.046095170741563316,5.107123287671957,1.6144770163711848,-19.11898332493027,-12.427912602859344,-5.261953786344446,-0.083654232781885,0,0.40702534845920374,11.397849462365592,0.00024310466760968374,0.00030203913248461056,0.00027257190004714715,0.0
1777566000,GBPUSD,bullish_exhaustion,1.35745,1.35779,1.35736,1.35777,428.0,1.2031933761009252,22.223163965392274,0.045873538438553456,5.438807339450112,1.5021275019542075,-18.981908874917195,-15.146317302270731,-25.524057782165468,-0.01647040571061681,0,0.4760877907749368,31.182795698924732,5.892014111386068e-05,2.9460070556819318e-05,1.4730035278631703e-05,0.0
1777577100,GBPUSD,bullish_exhaustion,1.36038,1.36047,1.36027,1.36047,225.0,1.9202630619124228,26.665180917128943,0.03270928429145788,4.125842696629126,1.5669781333382922,-0.7817641127000314,-17.255699635559772,66.63895240077302,-0.07109686534184495,0,0.42728018913904525,17.8494623655914,0.0001029056135013473,0.00033811844436115734,0.0002205120289311413,0.0
1777577400,GBPUSD,bullish_exhaustion,1.36044,1.36069,1.36034,1.36061,300.0,1.9142011091002717,25.227079768852235,0.032443431360092964,4.3626537216834045,1.5394357323452679,-2.8768913257362243,-3.64183405372939,71.91803171706263,-0.04099331228945697,0,0.45484583672012163,23.870967741935484,0.00023518862862981216,0.00011759431431479506,0.00010289502502547343,0.0
1777577700,GBPUSD,bullish_exhaustion,1.36062,1.36096,1.36041,1.36093,414.0,1.7827383658667701,23.70185063120677,0.03322307959578033,4.833870458136414,1.511521624426633,-4.660742850726322,14.147843729409175,85.0381998467385,0.006248509501581436,0,0.5061962459859746,40.86021505376344,-0.00011756666397233495,-0.0001322624969690711,-2.939166599313925e-05,1.0
1777578000,GBPUSD,bullish_exhaustion,1.36091,1.36091,1.36065,1.36077,271.0,1.6880121186151167,22.192288552177224,0.03270207309097149,4.44853932584325,1.4964182151852428,-4.1650070761830165,16.129350290840925,80.41182507370533,-0.03337558815665439,0,0.5372171824441778,52.473118279569896,-1.4697560939858079e-05,8.818536563848234e-05,-0.00030864877973502125,0.0
1777578300,GBPUSD,bullish_exhaustion,1.36076,1.36089,1.36068,1.36075,292.0,1.6700495512566762,20.038811750209394,0.032072649011837276,4.380098199672401,1.4733164077299972,-5.886718794952316,9.106280193229878,76.32743362829912,-0.037107134732686335,0,0.5233936674188218,47.52688172043011,0.00010288443872874531,-0.0002939555392246218,-0.00026455998530217073,1.0
1777578600,GBPUSD,bullish_exhaustion,1.36079,1.36091,1.36064,1.36089,349.0,1.690323877359699,18.292196843939923,0.030389776438318004,4.820449050087021,1.5206307343118337,-12.610957209314023,1.7540779752700502,77.54358574032172,-0.01430240597322866,0,0.4254555930840121,16.989247311827956,-0.00039679915349510875,-0.00036740662360656984,-0.00045558421327207554,1.0
1777660800,GBPUSD,bearish_exhaustion,1.35828,1.3583,1.35801,1.3582,737.0,1.339474772664098,20.306131956160836,0.036340114016452534,-5.003531114326681,-1.5534911335116697,0.35445515583959214,15.53549627433145,-76.03175031234812,0.0580857713099064,0,0.5371362930578568,52.25806451612903,0.00014725371815638155,-0.00011044028861739719,1.472537181546052e-05,0.0
1777661100,GBPUSD,bearish_exhaustion,1.35819,1.35845,1.35809,1.3584,594.0,1.2158779476879071,18.79149139056051,0.036860592293455445,-4.323024251070153,-1.4242176545047844,0.6879887904357269,21.96902395602288,-53.993250843675874,0.07247859973785344,0,0.5088740311829095,41.72043010752688,-0.0002576560659599547,-0.00013250883392235124,-0.00030182567726744214,0.0
1777661400,GBPUSD,bearish_exhaustion,1.35841,1.35845,1.35799,1.35805,781.0,1.331105478378463,18.104800311794218,0.03676489925155318,-4.812875536481407,-1.3837760802524373,2.9747436136625627,1.1162415909179657,-64.615384615379,0.007826949013994956,0,0.5676984528798747,63.2258064516129,0.00012517948529144896,-4.418099480874016e-05,0.00011781598615656641,0.0
1777661700,GBPUSD,bearish_exhaustion,1.35806,1.35851,1.35804,1.35822,784.0,1.255314147720457,17.296542782897212,0.038232813114644326,-4.106024759285366,-1.2556689602866173,3.6389664145028595,-6.997197313960655,-48.028337761131006,0.03162815695550785,0,0.5096480765924544,42.1505376344086,-0.00016933928229589945,-7.362577491121236e-06,-9.571350738468709e-05,0.0
1777663500,GBPUSD,bearish_exhaustion,1.35815,1.3582,1.35796,1.35796,265.0,1.2780545467276585,11.366670034556236,0.02745715211472906,-4.99977011494265,-1.306755875895036,9.12280701607321,-3.815937149272685,-59.39363817090469,-0.02152257045162028,1,0.45567513592919395,24.731182795698924,-7.363987157205099e-05,-6.627588441499022e-05,-0.00018409967893018298,0.0
1777666200,GBPUSD,bearish_exhaustion,1.35733,1.35746,1.35725,1.3573,266.0,1.487848640282026,10.518954866147487,0.01720853374872439,-7.067645259940306,-2.0075282730626363,0.058570223008302946,3.2970310887193364,-122.91690392133074,0.010948262740742936,0,0.45512543541163325,24.086021505376344,-0.00011788108745303116,-0.0001473513593163167,-0.00016945406321366985,0.0
1777666500,GBPUSD,bearish_exhaustion,1.35727,1.35729,1.3571,1.35714,212.0,1.5979394476359534,11.109465117322554,0.016789509030545463,-7.543322884014028,-2.0677307172836925,0.8608790838245284,1.6794052031984936,-136.07847215006356,-0.022093219701810222,0,0.5660065806274754,62.1505376344086,-2.9473746260499922e-05,-5.1579055955874864e-05,3.68421828256249e-05,0.0
1777666800,GBPUSD,bearish_exhaustion,1.35713,1.35724,1.35707,1.3571,378.0,1.7218969514840468,11.66738190613671,0.01647420444856194,-7.438338658148634,-2.10549514858558,0.8462509128761866,-2.5184484803388756,-124.62025725554064,-0.008478635783093375,0,0.5161858097687692,46.02150537634409,-2.2105961240859173e-05,6.631788372257752e-05,-0.00014737307493917218,1.0
1777667100,GBPUSD,bearish_exhaustion,1.35711,1.35718,1.35705,1.35707,115.0,1.806832928602031,11.604707070185759,0.016264031016402128,-7.224724919094778,-2.1178025919746655,0.6310348395368948,-4.798197628313024,-115.48752411172305,0.003570356693576771,0,0.4699827355533547,29.462365591397848,8.842579970069764e-05,-0.0001252698829095067,3.684408320880905e-05,0.0
1777667400,GBPUSD,bearish_exhaustion,1.35708,1.35731,1.35705,1.35719,304.0,1.873433573899798,11.75686007223362,0.016631001238904607,-6.176835443038911,-1.9934268063730454,0.4194752821572365,3.7950644657812074,-88.81989468238228,0.05306934107611518,0,0.40519106453504483,11.182795698924732,-0.0002136767880693835,-5.157715574077848e-05,-0.000147363302116843,0.0
1777667700,GBPUSD,bearish_exhaustion,1.3572,1.3572,1.35685,1.3569,273.0,1.7349495082823183,12.012938742359765,0.01721360664540026,-6.86813455657684,-1.9448125529228135,0.26170203161885297,3.489994158074678,-112.19219219218992,-0.03361236048493383,0,0.5083236075469371,41.50537634408602,0.00016213427666000868,6.632765863368029e-05,0.0002800501142310452,1.0
1777668000,GBPUSD,bearish_exhaustion,1.35693,1.35716,1.35682,1.35712,156.0,1.7741727751027108,12.023536406534514,0.017789773301445922,-5.4500591715972835,-1.8013656241396485,0.15684966504886688,12.87445995067446,-93.86281588449043,0.052382759691983846,0,0.46149036462583876,26.021505376344084,-9.579108700796812e-05,0.00011789672247108918,-0.0001694765385523711,1.0
1777668300,GBPUSD,bearish_exhaustion,1.35712,1.35712,1.35694,1.35699,142.0,1.7898055552543568,11.602632155230937,0.017423015013270683,-5.81148036253745,-1.7982340875964766,0.09142473350445357,6.382390354530589,-90.17985836936725,0.010294493965072177,0,0.4755379627924703,30.967741935483872,0.00021370828082756255,-7.369251063016335e-05,,0.0
1778011500,GBPUSD,bearish_exhaustion,1.35435,1.35443,1.35418,1.35426,200.0,1.2426566069284872,7.4491629215567015,0.014873700133548245,-4.604113475177533,-1.2690931365642582,0.020009016842035272,12.833852307537576,-85.220285032236,0.02209816665701007,0,0.43009668103074383,18.494623655913976,-7.384106449281891e-05,-8.86092773914049e-05,-0.0001402980225362338,0.0
1778014500,GBPUSD,bearish_exhaustion,1.35397,1.354,1.35346,1.35346,220.0,1.5378175485076537,7.267928330022824,0.012718725129881231,-7.087136929456621,-1.5986779490333738,0.5114465049752982,1.2544802867312832,-207.42138364776534,-0.16945283434799754,0,0.7409777217718089,88.81720430107526,0.00024381954398355887,3.694235514895006e-05,0.000317704254281459,1.0
1778026500,GBPUSD,bullish_exhaustion,1.35667,1.357,1.35645,1.35696,324.0,3.116795122288094,29.869203778143262,0.029793487964693013,4.866855123674452,1.4114061410064767,-0.5898321917354536,13.772494408174872,25.73490950935566,-0.000752121820173403,0,0.28515814299275466,0.6451612903225806,0.00011054120976305981,-8.843296781035903e-05,0.00031688480132063823,1.0
1778189400,GBPUSD,bearish_exhaustion,1.35485,1.35504,1.35469,1.35472,58.0,2.3945229700193407,23.670039000506307,0.028471882434325236,-5.624370370370553,-1.8533642625817748,0.13543121163038124,-7.91309957133592,-74.34685094259339,0.03598406041387189,1,0.45394391846828364,30.53435114503817,7.381599149636209e-05,6.643439234688131e-05,0.00025835597023737833,1.0
1778190000,GBPUSD,bearish_exhaustion,1.35482,1.35488,1.35474,1.35481,30.0,2.3144364642480446,21.651998910036173,0.026677436055874394,-5.451699604743496,-1.8182762471932483,1.3480651210730639,-4.742216010553651,-65.80046323801812,0.04905096938726399,1,0.45354826364698014,30.279898218829516,0.00019190882854425162,0.00024357659007523402,0.00019928993733442368,1.0
1778190300,GBPUSD,bearish_exhaustion,1.3551,1.3551,1.35482,1.35507,17.0,2.575729472192068,19.688852192748666,0.022929759031954586,-5.323218390805805,-1.9503593773560297,5.355155155651008,17.762134993830546,-42.32490002774605,0.10200465232600003,1,0.4909768913053819,49.61832061068702,5.165784793415007e-05,7.379692562148321e-06,-5.9037540496076346e-05,1.0
1778190600,GBPUSD,bearish_exhaustion,1.35507,1.35514,1.35484,1.35514,15.0,2.1850522973564686,17.09047185425429,0.022612318389878268,-5.011934731934608,-1.8060393343824062,23.527578302406543,25.93596306334657,-31.250000000018073,0.08642615668892813,1,0.6830760509681416,99.23664122137404,-4.4275868175902566e-05,-0.00011068967044003397,-0.00028041383178123436,0.0
1778190900,GBPUSD,bearish_exhaustion,1.35516,1.35516,1.35489,1.35508,10.0,1.8884860416881968,14.82737775797316,0.022771454716433843,-5.01083333333349,-1.6550608274676248,23.28431183533379,21.380824315842133,-23.95772816554129,0.043085117598311164,1,0.5605359325292391,80.40712468193384,-6.641674292306998e-05,-0.0002361484192815455,-0.00012545384774331758,0.0
1778191200,GBPUSD,bearish_exhaustion,1.355,1.35506,1.35461,1.35499,126.0,1.407912090371317,12.384624752352513,0.023721840857023568,-4.927377777778702,-1.488964698440934,17.402436161309396,1.3325152119425638,-46.116257762452776,0.006685043607936698,1,0.45438253108821575,30.788804071246815,-0.00016974295013238994,-5.904102613296658e-05,2.214038479997349e-05,0.0
1778233500,GBPUSD,bullish_exhaustion,1.36156,1.3617,1.36145,1.36145,157.0,2.7662572534698926,29.513031478061876,0.02990509068587375,5.212912280703139,1.9054648414463855,-0.6629758566049304,-5.435507971740547,46.655159788682774,-0.09383747380713171,0,0.4450355061095518,26.208651399491096,0.0,7.345109992895615e-06,0.00022035329979064322,0.0
1778233800,GBPUSD,bullish_exhaustion,1.36145,1.36161,1.36129,1.36145,409.0,2.6113679351062933,24.78786435690233,0.02901318447243649,5.164050632911377,1.8316220774188519,-2.7873733304228665,-0.08278369693754861,34.47142253323069,-0.07095530283116541,0,0.4619099630666245,33.842239185750635,7.345109992895615e-06,0.00022035329979064322,0.00022769840978376088,0.0
1778234100,GBPUSD,bullish_exhaustion,1.36143,1.36154,1.3612,1.36146,386.0,2.198865856576592,20.288845817285953,0.027439030788375538,5.262715105163038,1.8070528104950199,-6.883942435837511,10.059608274456734,22.209347238307295,-0.0517150601328371,0,0.46175553424329135,33.587786259541986,0.0002130066252405971,0.0002203516812835371,0.00015424617689840936,0.0
1778234400,GBPUSD,bullish_exhaustion,1.36146,1.3618,1.36141,1.36175,252.0,1.6642351201815264,16.185781360895305,0.026856198693906427,5.923750000001187,1.7843504837561397,-14.06631691899122,24.687845740478743,46.748184853733285,0.014453500488465554,0,0.5298985859475213,66.92111959287533,7.343491830402726e-06,-5.8747934642999766e-05,-0.00017624380392877725,1.0
1778234700,GBPUSD,bullish_exhaustion,1.36175,1.36187,1.3617,1.36176,150.0,1.4561873372336493,13.434123617655677,0.02543976702418613,6.030103092784418,1.8136342231905063,-22.411431169749157,21.64787175235196,62.39270703839587,0.008126210360498168,1,0.5000293266845626,51.14503816793893,-6.609094113507741e-05,-0.00018358594759726454,-0.0001028081306544415,1.0
1778235000,GBPUSD,bullish_exhaustion,1.36175,1.36175,1.36167,1.36167,105.0,1.2798155356599428,10.640767870726068,0.022136683001649712,6.387582938388679,1.9737411593125738,-18.89484678810205,11.183614093278933,43.1841349272323,-0.01664031768971193,1,0.5102328923450077,55.72519083969466,-0.00011750277233102402,-3.6719616353320106e-05,-0.00013953454214299388,1.0
1778235300,GBPUSD,bullish_exhaustion,1.36171,1.36171,1.36149,1.36151,113.0,1.2011583924922495,8.927836765824798,0.02103756648342977,5.917007481297686,1.9176418635772836,-13.291989527654358,-7.36231125076479,4.295593476397373,-0.048424472778515255,1,0.5705673585178566,84.98727735368958,8.079264933780195e-05,-2.2034358910349994e-05,-1.4689572606862988e-05,1.0
1778479800,GBPUSD,bearish_exhaustion,1.35896,1.35944,1.35895,1.35917,319.0,5.78182719686171,59.70260349914071,0.023228461907949433,-7.338280542987372,-2.9762120780589076,0.022167660377583304,14.354463246486816,-18.971908074255747,0.22852626152106792,0,0.3631389747391045,8.9058524173028,-0.0005150201961490186,-0.0007504580001029826,-0.0004340884510400933,0.0
1778480100,GBPUSD,bearish_exhaustion,1.35915,1.35916,1.35835,1.35847,354.0,4.585846537552097,55.05250329019103,0.02660556150879741,-8.104505928854218,-2.5222567449956688,0.8104899285702851,-13.444057604915571,-35.55506018725985,0.015053104141431987,0,0.42133055917136825,18.06615776081425,-0.00023555912165895698,8.097344807023177e-05,0.000515285578628788,1.0
1778508900,GBPUSD,bullish_exhaustion,1.36243,1.36279,1.36227,1.36267,746.0,1.3826964838084945,18.152038184631586,0.029878316624190736,4.0152982456138515,0.9965695732646559,-2.5107828310256366,23.97474747475065,84.19877163600198,0.03997600630743804,0,0.5533049022520045,77.60814249363868,-6.604680516941741e-05,-0.00015410921206160388,-0.0003375725597540846,1.0
1778534700,GBPUSD,bearish_exhaustion,1.36084,1.3609,1.36082,1.36084,17.0,1.627350584289045,9.947032055458312,0.016113996817091473,-7.530814332248155,-2.1183303852610105,0.1300573609326527,6.848030018756219,-73.10357922719275,0.03481604773295506,0,0.5238864801179202,62.849872773536894,-1.4696804914726691e-05,-0.00017636165897538802,-0.00016166485406077236,0.0
1778535000,GBPUSD,bearish_exhaustion,1.36083,1.36093,1.36081,1.36082,21.0,1.6189855141579081,9.135013706574343,0.01527440387833253,-7.698556701031314,-2.1375976682965536,0.9488117642832434,1.459245361672508,-67.92452830193686,0.02606065625176331,0,0.5097449735445734,54.70737913486005,-0.00016166723005239803,-0.00014697020913856385,-0.0001910612718801774,0.0
1778535300,GBPUSD,bearish_exhaustion,1.3609,1.36091,1.36058,1.3606,36.0,1.6641451852033073,8.460995662267608,0.016116839209591914,-7.966775244301683,-2.0109450929025066,2.5608965241937436,-12.461492136278814,-102.52873563217896,-0.04175134305784185,0,0.5336961154861033,68.44783715012723,1.4699397324680064e-05,-2.939879464947115e-05,-4.409819197404019e-05,0.0
1778535600,GBPUSD,bearish_exhaustion,1.36063,1.36064,1.36061,1.36062,15.0,1.6501761230185252,7.662825447943475,0.014751678331516829,-8.23558718861279,-2.1509743981371354,0.7458720046946721,-17.783204449867124,-120.57844361213866,-0.012988192537539602,0,0.4445035080815842,25.699745547073793,-4.409754376677455e-05,-5.879672502229205e-05,-6.614631565016182e-05,0.0
1778536500,GBPUSD,bearish_exhaustion,1.36056,1.3608,1.36052,1.36053,44.0,1.4808222555930788,7.0511588824396725,0.012022625636437391,-9.325589519651112,-2.4719507032914105,0.9061918443286938,-0.4973584988771602,-99.1071428571113,0.0021273827852919965,0,0.5632828667754493,81.42493638676844,0.00013965145935768142,0.0001690517665908775,0.0001837519202076976,1.0
1778536800,GBPUSD,bearish_exhaustion,1.36055,1.36072,1.36054,1.36072,121.0,1.3807770512826019,6.290831084137361,0.01202094689366083,-7.743406113536808,-2.2984298873967095,10.312167415762426,14.699862016931734,-80.35115936199524,0.08671787212423551,0,0.6523171476675029,97.20101781170484,2.9396202010811834e-05,4.409430301621775e-05,4.409430301621775e-05,1.0
1778574300,GBPUSD,bearish_exhaustion,1.35249,1.3526,1.35115,1.35146,500.0,1.298040324022178,38.00066448624602,0.06347632507488941,-4.659983347210811,-1.4437958392930577,2.1045149316447205,13.361504364385667,-58.09398843368896,0.04121385466991404,1,0.6559182520999494,97.70992366412213,-0.00012578988649314393,-0.0001997839373716337,-0.00033297322895242676,0.0
1778574600,GBPUSD,bearish_exhaustion,1.35146,1.35169,1.3512,1.35129,512.0,1.344020641903559,36.09241562277461,0.06184566493604193,-4.823897435897582,-1.4372337391848282,2.364890096980598,-1.1771810173310655,-71.61209430433058,0.024612441023939842,1,0.6321711023492418,95.16539440203562,-7.400335975271677e-05,-0.00020720940730711845,0.0006956315816737391,0.0
1778574900,GBPUSD,bearish_exhaustion,1.35126,1.3514,1.35059,1.35119,604.0,1.2274043808874486,34.23553762792875,0.06454627825419175,-4.579066339067126,-1.3370078949182551,2.0667359106254857,-11.08274941608228,-85.68330893915342,0.016667035545523196,1,0.576966979244743,87.27735368956743,-0.00013321590597903388,0.0007696919012130099,0.0011693396191505556,1.0
1778575200,GBPUSD,bearish_exhaustion,1.35119,1.35144,1.35088,1.35101,531.0,1.2065329690634432,33.585542932367694,0.06508358297019784,-4.575077173030532,-1.2961290459646588,1.9316934427142813,-9.54844265149826,-75.57382432536961,0.005345507303402569,1,0.5702287190528448,84.47837150127226,0.0009030281048993949,0.0013027290693630178,0.0014581683333210194,1.0
1778783400,GBPUSD,bearish_exhaustion,1.34041,1.34063,1.34,1.34001,700.0,2.5602968772771635,43.81075466686238,0.04019159771728364,-9.436816976129208,-2.735777633342925,0.4443099752463311,16.51993771664916,-83.32691896513845,0.04692967256255967,1,0.633997301988701,95.92875318066157,0.0003059678659114162,8.20889396349056e-05,0.0003059678659114162,1.0
1778783700,GBPUSD,bearish_exhaustion,1.34002,1.3405,1.34001,1.34042,582.0,2.4746821959921244,41.0975354760418,0.04071218615913256,-8.178638743456114,-2.561120792758879,0.09162388965434909,10.249192633322515,-71.687941366482,0.0989695922279177,1,0.5689186274724348,83.7150127226463,-0.0002238104474716618,0.0,-0.00015666731323016325,0.0
1778784000,GBPUSD,bearish_exhaustion,1.34043,1.34044,1.33997,1.34012,275.0,2.271244196999564,37.31864447984827,0.040667999880605474,-8.348256880734695,-2.4702370587544977,2.05561346569775,-3.682980816531135,-72.09523809525334,0.043447578978497554,1,0.5412490859087835,72.7735368956743,0.00022386054980150227,6.715816494029525e-05,0.0002984807330685957,1.0
1778784300,GBPUSD,bearish_exhaustion,1.34015,1.34044,1.34015,1.34042,208.0,2.203007314649158,34.88753367782818,0.03911354010576472,-7.714114441417131,-2.4161735105215554,3.9592070759209013,1.601935074633289,-56.97979472544978,0.07908949541077558,1,0.527900963502616,65.9033078880407,-0.00015666731323016325,7.460348249055393e-05,0.0001417466167321635,1.0
1778784600,GBPUSD,bearish_exhaustion,1.34042,1.34051,1.34013,1.34021,393.0,2.1488661933945323,31.534687060093052,0.03943944818882131,-7.666702702703004,-2.2831050012686163,10.071915723337971,-7.540315435056868,-54.81411933024152,0.033195487904908096,1,0.5376036469864738,69.97455470737913,0.00023130703397233887,0.0002984606889966379,0.0003954604129203787,1.0
1778784900,GBPUSD,bearish_exhaustion,1.34022,1.34055,1.34014,1.34052,298.0,2.0297213799460616,29.06230729014601,0.03809822201192354,-6.940867132867818,-2.195568891614136,21.550014630958756,3.768171735503209,-41.55565423328069,0.06742036217200921,1,0.606945745813615,91.0941475826972,6.713812550374065e-05,0.0001641154178975146,0.0001641154178975146,1.0
1778785200,GBPUSD,bearish_exhaustion,1.34052,1.34073,1.3405,1.34061,297.0,1.8235331448027745,25.840244649640237,0.036497244857613506,-6.713459854015173,-2.11406611103758,20.84430199408007,7.957982731128347,-19.84871751122294,0.05866988257105664,1,0.46869315098918835,35.427135678391956,9.697078195736175e-05,9.697078195736175e-05,1.4918581839440392e-05,1.0
1778785500,GBPUSD,bearish_exhaustion,1.34062,1.34075,1.3406,1.34074,258.0,1.7481530825644593,22.79189162840935,0.034522513153713484,-6.486666666666728,-2.039764757720766,15.456810462454982,15.563958772792986,-5.161420908794995,0.055382865638067755,1,0.43025141907055975,17.587939698492463,0.0,-8.20442442234226e-05,-2.237570297003444e-05,0.0
1778785800,GBPUSD,bearish_exhaustion,1.34074,1.34084,1.34068,1.34074,154.0,1.7779626291059591,19.680814157921976,0.03127270867473706,-6.801567291311852,-2.057408235036775,10.245754361968707,4.911030434696485,11.15374776160908,0.0321489647959453,1,0.39067734527287507,5.527638190954774,-8.20442442234226e-05,-2.237570297003444e-05,-0.00022375702970001132,0.0
1778786100,GBPUSD,bearish_exhaustion,1.34075,1.34079,1.34055,1.34063,340.0,1.607015662465721,16.686713921440557,0.029730158848555604,-7.0637275985670325,-2.0015239127471673,6.3815464224717715,-4.148127320085663,11.337868480733272,-0.006235406508925017,1,0.40160556885465754,8.040201005025125,5.967343711543727e-05,-0.00014172441314896922,-8.205097603364297e-05,0.0
1778786400,GBPUSD,bearish_exhaustion,1.34061,1.34076,1.34061,1.34071,200.0,1.5218081350814974,13.623018837687015,0.029035788073907057,-6.6578348623854335,-1.8789188907372976,3.8201092913746635,-9.717256455494123,32.62976359450906,-0.002184366397516359,1,0.4116022148818954,10.301507537688442,-0.00020138583287954148,-0.0001417159564709447,-0.0006936623132519637,0.0
1778786700,GBPUSD,bearish_exhaustion,1.3407,1.34075,1.34043,1.34044,210.0,1.3668610047223002,11.54306479365335,0.027922601107523804,-7.244732824426821,-1.8506821858906863,2.2247229244128732,-22.61948089186609,17.440903855647356,-0.060727782466806414,1,0.3886932436026406,5.025125628140704,5.968189549698799e-05,-0.0004923756378503175,-0.00047745516397601495,0.0
1778790000,GBPUSD,bearish_exhaustion,1.33963,1.33973,1.3396,1.33963,86.0,1.2357831371483354,12.503880569420806,0.023034078706170174,-5.915648148146607,-1.7864898011693764,0.0027764206399751856,-2.3197743197719394,-89.26553672315981,0.0007462690213325068,0,0.4103897599033363,9.798994974874372,7.464747728858079e-05,0.00014929495457693953,0.00014183020684810366,1.0
1778790300,GBPUSD,bearish_exhaustion,1.33961,1.33983,1.33961,1.33973,71.0,1.5110145951720804,12.673279509881846,0.022925728105133315,-5.228837209300094,-1.702792303261521,0.0014650262768896027,10.899399399403368,-69.83267785908535,0.02766295443471968,0,0.4063862553144217,8.542713567839195,7.464190545847238e-05,6.717771491260294e-05,6.717771491260294e-05,1.0
1778790600,GBPUSD,bearish_exhaustion,1.33976,1.33997,1.33976,1.33983,187.0,1.521049264701224,12.803024611327471,0.02340382202006855,-4.505512528472975,-1.55282882655149,0.0007709263285136103,18.040769029898044,-43.9289516445779,0.04162369433430156,0,0.4066918957451152,9.045226130653267,-7.463633446058715e-06,-7.463633446058715e-06,6.717270101419537e-05,0.0
1778790900,GBPUSD,bearish_exhaustion,1.33984,1.33993,1.33971,1.33982,77.0,1.5194212243798921,12.608241502598124,0.02287087604518727,-4.327272727271726,-1.4812765648543402,0.0004046685978238429,17.37198067632103,-45.60092747648329,0.02608517444447057,0,0.3946157358004695,6.281407035175879,0.0,7.463689152276132e-05,0.00013434640474097037,1.0
1778791200,GBPUSD,bearish_exhaustion,1.33981,1.33992,1.33974,1.33982,72.0,1.5416375825560558,12.148720813169627,0.02265762778369351,-4.0880000000001635,-1.3929654159803309,0.00021193667791408188,3.645580362965056,-40.765159253452985,0.015856330994630758,0,0.3628591402147053,3.2663316582914574,7.463689152276132e-05,0.00013434640474097037,0.00017912853965462716,1.0
1778791500,GBPUSD,bearish_exhaustion,1.33981,1.33996,1.33979,1.33992,57.0,1.5635818675417397,11.155168893635823,0.01929752735771456,-4.1064088397771945,-1.4918449652627837,0.00011076972202772595,2.644582988778282,-24.527968942951784,0.033688443113907424,0,0.34865754097520235,1.507537688442211,5.970505701835549e-05,0.00010448384978212211,-0.00020150456743683876,1.0
1778799900,GBPUSD,bearish_exhaustion,1.33977,1.33977,1.33891,1.33892,147.0,1.6226865051952157,8.574227625523969,0.014137193729698972,-5.448905660375924,-0.7538777976354103,9.237055564881302e-13,-26.126984126949967,-261.8789194405084,-0.30220091674463845,0,0.5740004475042391,92.21105527638191,-0.000164311534669781,-0.00017924894691245807,-0.0003136856570968849,0.0
1779089100,GBPUSD,bullish_exhaustion,1.33437,1.33533,1.33436,1.33514,787.0,1.8359215647425036,29.224823343246296,0.041515175508614346,4.097164948453054,1.1752054193851638,-1.0073496982785457,6.818980226842747,53.70400042726977,0.007996956351386607,0,0.5388898983750375,79.89949748743719,0.00029210419881064986,0.00028461434755899795,0.0001647767275343437,0.0
1779089400,GBPUSD,bullish_exhaustion,1.33513,1.3358,1.3351,1.33553,877.0,1.6075359767838147,27.176432538902983,0.041128669089104126,4.730871261378037,1.217924562816108,-3.0738564760213194e-06,21.441213667040614,95.85677905362378,0.043410311491986986,1,0.5554868301556162,87.68844221105527,-7.487664073435596e-06,-0.00012729028924851615,-0.00037438320367211286,1.0
1779685200,GBPUSD,bullish_exhaustion,1.34829,1.34848,1.34827,1.34838,247.0,1.2448428963330334,30.74890187051272,0.04852383707009053,6.085414847161366,0.2063854451164678,-4.068919017304492e-07,18.767935319057404,652.6508226696548,0.512109488255767,1,0.6109314988480641,97.23618090452261,0.00014090983253978173,0.00015574244649130264,0.00011866091161261139,0.0
1779690000,GBPUSD,bullish_exhaustion,1.34803,1.3482,1.34782,1.34819,220.0,6.931328948176928,55.34132732070352,0.017536739734646773,11.013051359517128,3.6506361639207294,-0.7316308349768832,11.976734558697718,20.59879833274982,-0.09323784775238719,1,0.510584731454497,62.8140703517588,-0.00012609498661164675,6.675616938256468e-05,0.00015576439522613228,0.0
1779690300,GBPUSD,bullish_exhaustion,1.3482,1.34828,1.34798,1.34802,227.0,5.663589821620226,47.22856827708107,0.01833376783303117,9.562080924855808,3.2309292180155067,-1.6455185539934547,2.0059198542794405,14.017361605209183,-0.11022199684247444,1,0.5083122453287879,60.55276381909548,0.00019287547662494298,0.0002818949273750704,8.901945074990536e-05,0.0
1779690600,GBPUSD,bullish_exhaustion,1.34802,1.34828,1.34786,1.34828,282.0,4.0726327292389755,36.37230014226145,0.020131469088656772,9.395473684211366,2.798227485733129,-5.2967926338890265,14.42954131478377,0.7381630284842914,-0.00474276829624625,1,0.4807737415169713,42.71356783919598,8.900228439201463e-05,-0.0001038359984573134,9.641914142477503e-05,1.0
1775186700,NZDCAD,bearish_exhaustion,0.79483,0.79484,0.79483,0.79483,4.0,1.81265393435035,8.93874294918549,0.01446850269868929,-4.33391304347768,-1.3056266454561425,0.224015933126189,3.740833565406529,-40.98190139375977,0.03794641055541318,0,,,6.290653347251762e-05,0.00010065045355611701,0.00021388221380669314,1.0
1775187000,NZDCAD,bearish_exhaustion,0.79484,0.79488,0.79484,0.79488,8.0,1.8284260152043499,8.648629174582169,0.011592046238784492,-4.6905426356592015,-1.4949922113170002,0.4143371061485031,23.651721897342398,-23.367697594514414,0.07131009201940619,0,,,3.7741545893643647e-05,0.00015096618357479663,0.00012580515297910821,1.0
1775187300,NZDCAD,bearish_exhaustion,0.79489,0.79495,0.79489,0.79491,6.0,1.7741854023925616,8.30289828701744,0.011501751321353072,-4.250312499999748,-1.357117283744151,3.3837152858403474,16.54320987654684,4.691831947197877,0.068688063453696,0,,,0.00011322036456951068,8.806028355423656e-05,-0.00018870060761588814,1.0
1775193000,NZDCAD,bearish_exhaustion,0.79466,0.79467,0.79461,0.79464,14.0,1.554858838183303,6.495252738762159,0.00934834821878048,-4.1919230769223965,-1.2512549266344302,1.9938435309997686,0.7054673721339313,-73.98373983744217,0.02931914519941226,0,,,-0.00025168629819793953,-0.00022651766837811227,-0.00020134903855839603,0.0
1775193300,NZDCAD,bearish_exhaustion,0.79464,0.79464,0.79444,0.79444,23.0,1.4826419482850077,7.089240766352043,0.010339718184237453,-5.933565217389007,-1.2799659808134443,5.306498083002346,-17.46031746030983,-138.355489906437,-0.13113591565316454,0,,,2.517496601384117e-05,5.03499320274603e-05,0.0,1.0
1775231700,NZDCAD,bearish_exhaustion,0.79398,0.79411,0.79379,0.79381,247.0,1.306345593062568,11.385063889210983,0.023395306901435993,-4.042769230768838,-1.0865104941278623,0.5340317502563607,-18.132248410025234,-43.36283185842083,-0.015487546258013869,1,,,-0.00018896209420393717,-0.0003023393507263217,-0.000226754513044769,0.0
1775464200,NZDCAD,bullish_exhaustion,0.79635,0.79665,0.79635,0.79661,213.0,1.437130659503189,28.09512527718273,0.04581915868492591,4.793424657535361,1.2941706399132857,-0.2427544532506829,16.095993953137345,78.4905660377704,0.0004110674255649812,0,,,1.2553194160158654e-05,-0.00020085110656409277,-0.00020085110656409277,1.0
1775465700,NZDCAD,bullish_exhaustion,0.79643,0.79686,0.79643,0.79676,77.0,1.6691304485600236,23.394337766377845,0.04339001527615473,4.051322314050099,1.1510418883282056,-22.639487008891805,3.924470652668667,78.65104478463283,0.03501070706452209,1,,,-0.00023846578643504923,-0.0002510166173000927,-0.00022591495557011676,1.0
1775606400,NZDCAD,bullish_exhaustion,0.80387,0.80473,0.80362,0.80363,1301.0,2.0681809574559473,113.26999168359714,0.14727815394788782,4.490645745322811,1.5790138711878607,-0.450285675855028,-15.474368005372146,48.44777867891883,-0.07853162904633007,1,,,-0.00017420952428348624,-0.0010452571457013615,-0.0010452571457013615,1.0
1775606700,NZDCAD,bullish_exhaustion,0.80365,0.80385,0.80291,0.80349,1094.0,1.806934816752357,92.7110411572241,0.1406364733848561,4.4323893805310774,1.527245151443309,-2.0249637542706864,-8.699358789418946,22.38790341158558,-0.06714440772840297,0,,,-0.0008711993926495687,-0.0008711993926495687,-0.0011698963272723795,1.0
1775623800,NZDCAD,bullish_exhaustion,0.80643,0.80659,0.80638,0.80654,187.0,3.971046814477049,67.04044017752366,0.05783080460096087,6.36967840735056,2.012764547813564,-0.3650776672915441,-4.634265107758193,54.89069730333309,-0.06324402953134832,1,,,0.00034716195105000125,0.00034716195105000125,0.0005083442854663112,0.0
1775624100,NZDCAD,bullish_exhaustion,0.80659,0.80686,0.80633,0.80682,187.0,3.469655144657086,62.69662144149279,0.05816485886390218,6.705509893454806,1.958010865510949,-1.013737207720439,8.86748738780092,60.29161345254319,-0.015569645648023708,1,,,0.0,0.0001611263974616861,-6.197169133137503e-05,0.0
1775624400,NZDCAD,bullish_exhaustion,0.80681,0.80704,0.80671,0.80682,144.0,2.899040686960718,52.65983260690606,0.056748363062041174,6.651856474258915,1.949885900144082,-0.8021826160690466,15.216892482743432,69.25728221782036,-0.023517532289426577,1,,,0.0001611263974616861,-6.197169133137503e-05,0.00024788676532550014,1.0
1775624700,NZDCAD,bullish_exhaustion,0.80685,0.80737,0.80682,0.80695,229.0,2.4660671859572507,44.540380499924176,0.05629663724961155,6.747295597484112,1.9206391219685646,-1.2482415735058225,10.607756965205844,83.92327706177637,-0.008665210014225887,1,,,-0.00022306214759271192,8.674639073058543e-05,0.00035937790445506046,0.0
1775625000,NZDCAD,bullish_exhaustion,0.80695,0.80702,0.80659,0.80677,238.0,1.5713916366287173,29.77825757908923,0.04639311257058787,7.423206106870069,2.2238388382489798,-2.0092051160821143,-6.261520478355777,61.763930623643674,-0.05098568467218138,1,,,0.00030987766029966224,0.0005825700013635249,0.0006073602141873913,0.0
1775625300,NZDCAD,bullish_exhaustion,0.80673,0.8071,0.80652,0.80702,149.0,1.2830502875193301,26.02926576592285,0.04894550320934033,7.370126582278146,2.054020609899624,-11.254336018453316,-5.119890719080651,78.21764911057508,0.00014506702135965094,1,,,0.0002726078659760489,0.00029739039924669974,0.0002106515327997549,0.0
1775753700,NZDCAD,bullish_exhaustion,0.81051,0.81055,0.81034,0.81044,145.0,1.8895659785826713,31.99661978674499,0.048474549979906606,4.286545454545651,1.4989443145772539,-0.9674617973375064,-18.952821869486925,28.28137057415896,-0.08676452185742556,0,,,0.00011105078722661865,0.0008390503923794146,0.0009624401559646945,0.0
1775754000,NZDCAD,bullish_exhaustion,0.81046,0.81053,0.81029,0.81053,112.0,1.778959310315715,29.24280585628623,0.04503226284036521,4.664657534246721,1.5023027238916717,-2.6836429378589486,-1.0655715961998702,23.216689098252857,-0.04884749424139036,0,,,0.0007279187692004196,0.0008512948317769276,0.0007525939817156768,0.0
1775754300,NZDCAD,bullish_exhaustion,0.81056,0.81114,0.8105,0.81112,143.0,1.4573870882534559,23.52148522102214,0.04658461668521945,5.859357277882786,1.4751672229501274,-5.10096607656412,21.903443323177527,85.0939435010214,0.06724896872846382,1,,,0.00012328632015012886,2.465726403011459e-05,-0.0001972581122398065,0.0
1775754600,NZDCAD,bullish_exhaustion,0.81108,0.8113,0.81099,0.81122,127.0,1.475465702832428,23.738332468566806,0.04508201051678886,6.109687499999769,1.5480044873604029,-3.061379327418294,26.913571259084392,120.27536043644324,0.05484808125924758,1,,,-9.861689800561013e-05,-0.0003205049185178721,-0.00016025245925899156,1.0
1776107400,NZDCAD,bullish_exhaustion,0.80937,0.80944,0.80931,0.80935,68.0,1.502678541955476,18.721853352169727,0.02930040861714614,5.389156626504282,1.6718579920243863,-1.1918513297762559,-25.261024781330903,66.11431918987894,-0.09295034396026106,0,0.46321062988644873,44.00921658986175,7.41335639711238e-05,1.2355593995039271e-05,4.942237598082322e-05,0.0
1776107700,NZDCAD,bullish_exhaustion,0.80937,0.80945,0.8093,0.80941,45.0,1.5066074908270224,18.173939618492284,0.0297394751379771,5.337448071214802,1.5642589403943767,-3.0254572278648624,-19.42256283360514,62.26038951082065,-0.05381449534112946,0,0.47019924409729114,47.235023041474655,-6.177339049429076e-05,-2.4709356197583077e-05,-0.00019767484958166381,1.0
1776108000,NZDCAD,bullish_exhaustion,0.80939,0.8094,0.80931,0.80936,41.0,1.6734975166803672,17.70432851844125,0.028505768226042595,5.154427244580805,1.528493899550796,-4.742199937870453,-7.046087396880605,50.02632964716186,-0.058664093899854844,0,0.4897300106018216,52.995391705069125,3.706632400923837e-05,-0.00013590985469991157,-0.00029653059207279675,1.0
1776108300,NZDCAD,bullish_exhaustion,0.80934,0.80944,0.8093,0.80939,61.0,1.5758882626333242,16.5150090735996,0.027269213322909387,5.296440129449474,1.5055633749246238,-7.665126909957934,2.816244400042944,48.63165336462035,-0.0361973221003924,0,0.5117122093380563,60.13824884792627,-0.0001729697673557018,-0.00033358455132892484,-0.0004941993353019258,1.0
1776108600,NZDCAD,bullish_exhaustion,0.80937,0.80945,0.80925,0.80925,73.0,1.4527732266392308,15.367837737177206,0.02745046118540243,4.404372990353167,1.3568014117127842,-11.205340697734641,-2.4853801169562715,29.527917856492056,-0.0667636517525922,0,0.4970131767205646,55.76036866359447,-0.00016064257028125528,-0.0003212851405622885,-0.0003336422613531287,1.0
1776135000,NZDCAD,bearish_exhaustion,0.80789,0.80794,0.80781,0.80781,36.0,1.2785178282751226,11.520894614726005,0.02184035496324449,-4.30995951416967,-1.0764517735049706,12.87805666322148,-15.746058646905105,-17.45200698083485,-0.0200774964113278,1,0.4404070126138134,37.327188940092164,6.189574281090238e-05,-0.00011141233705946885,4.951659424845545e-05,0.0
1776145200,NZDCAD,bullish_exhaustion,0.80911,0.80923,0.80899,0.80923,69.0,1.2632066966456033,12.865814139483124,0.022861238461253125,4.36972972972939,1.053804368119375,-3.0297436857361078,12.301198257080674,47.328831054742324,0.02269082073269919,0,0.5184282209409096,61.29032258064516,0.00011121683575754382,4.942970478105657e-05,0.00018536139292901765,0.0
1776330600,NZDCAD,bearish_exhaustion,0.80919,0.80929,0.80914,0.80918,125.0,1.515214846249595,20.065128986223236,0.036898023748912434,-4.0526315789476035,-1.30339337141953,0.04672027586126455,16.805489156049035,-60.08840938036354,0.04416702382102177,0,0.5670370054099323,71.88940092165899,-0.00030895474430903125,-0.000543760349983935,-0.000679700437480002,0.0
1776330900,NZDCAD,bearish_exhaustion,0.80919,0.8093,0.8089,0.80893,160.0,1.520718945207034,19.313006985855587,0.036379626702649055,-4.810970873785892,-1.328753970254466,0.11809769370761852,3.4385864060723392,-86.75338644078737,-0.016550631611299074,0,0.7329752432780398,93.77880184331798,-0.00023487817240064324,-0.0003708602722115595,-0.00022251616332691349,0.0
1776454500,NZDCAD,bearish_exhaustion,0.8059,0.80597,0.80564,0.80571,114.0,1.4388994293656567,20.133479330063757,0.03306755177775876,-4.005576407506327,-1.1303453810209814,0.09776962478206788,-12.407407407410005,-74.21549464367196,-0.012319953574092934,0,0.47318558349533624,48.8479262672811,-9.929130828723043e-05,-0.0001489369624306791,-4.96456541435597e-05,0.0
1776729300,NZDCAD,bullish_exhaustion,0.80569,0.80575,0.80555,0.80565,108.0,4.737881914940327,58.59397695295094,0.041226693619172125,4.9563010752692325,1.800610406194054,-0.20371534277379055,-9.190353143837783,22.11510566601927,-0.08428683272073456,0,0.4660013002706719,35.32008830022075,0.00011171104077467575,0.0004220194873705285,0.0006330292310556818,0.0
1776729600,NZDCAD,bullish_exhaustion,0.80566,0.80602,0.80566,0.80574,155.0,4.956352829747252,53.90272872634671,0.03820800045388654,5.506450116009621,1.8181131604750094,-1.1138434099195536,1.2315135521501794,28.231193726401916,-0.04400662826635758,0,0.40402450944703033,9.713024282560706,0.0003102737855884552,0.0005212599597885781,0.0007818899396827561,0.0
1776729900,NZDCAD,bullish_exhaustion,0.80571,0.80599,0.80558,0.80599,123.0,4.21166237050967,48.30574500490145,0.03739854978704098,6.298672985782265,1.8022330010940215,-2.0586956223705783,21.97078820532339,27.159436834098603,0.022077278218915166,0,0.42843479947272883,18.543046357615893,0.0002109207310263539,0.0004714698693533137,0.0003598059529275055,0.0
1776730200,NZDCAD,bullish_exhaustion,0.80601,0.80621,0.80594,0.80616,60.0,3.3060786439523446,41.03084306637709,0.03508697316378141,7.154141414141923,1.9009861054784574,-1.1132827444138655,25.402282764973968,50.40866194808903,0.049756016972057816,0,0.4427816321461041,23.399558498896248,0.00026049419470086654,0.00014885382554341575,4.9617941847879266e-05,0.0
1776733800,NZDCAD,bullish_exhaustion,0.80668,0.8068,0.80657,0.80663,71.0,1.2833108027548303,17.25447061929329,0.03604059924801695,6.237051597050836,1.5023864863795615,-0.46388069250190256,-5.792258476587406,96.10751870167212,-0.021410559883306514,1,0.5382310033356406,71.96467991169978,0.0003099314431649347,0.00014876709271915978,0.00045869853588387244,0.0
1776734100,NZDCAD,bullish_exhaustion,0.80667,0.80698,0.80655,0.80688,90.0,1.2444134851932156,18.088627912787125,0.03620648140279248,6.603618581906326,1.500508930927963,-6.6001485529205866,-1.896809476514747,115.42927643516003,0.03405369776721831,1,0.5488553392090657,77.04194260485652,-0.00016111441602228993,0.0001487209994051053,0.0003222288320443578,0.0
1776734400,NZDCAD,bullish_exhaustion,0.80686,0.80686,0.80672,0.80675,42.0,1.3856509228106197,18.21587820999178,0.03523839036699264,5.838492462310372,1.4923324852440116,-4.1083170845551535,-2.12986890392029,101.15930845689962,-0.01621852066833295,1,0.5261834934049774,66.66666666666666,0.0003098853424234882,0.0004834211341804284,0.000805701890300714,0.0
1776734700,NZDCAD,bullish_exhaustion,0.8067,0.807,0.80664,0.807,69.0,1.3824298613149033,18.583627275162605,0.03505045140732939,6.4399999999994115,1.5141883127013656,-11.867446610931268,10.11264370675299,113.178208474512,0.038333525447840515,1,0.506336492539061,58.719646799117,0.0001734820322178976,0.0004956629491945641,0.0007558859975216325,0.0
1776735000,NZDCAD,bullish_exhaustion,0.80701,0.80717,0.80696,0.80714,82.0,1.4594575454270122,18.531495827951773,0.03424790884215653,6.7800516795852666,1.5836256775967563,-6.772437745124563,8.823309005899162,145.73470713824426,0.04703751685985727,1,0.5683627435833772,84.10596026490066,0.0003221250340710302,0.0005823029462053153,8.672597071135435e-05,0.0
1776736800,NZDCAD,bullish_exhaustion,0.80728,0.80733,0.80691,0.80691,73.0,1.2969507811957945,18.839370076430694,0.033549501891697794,4.076622691292616,1.511443347715937,-1.0993815806216105,-20.095860566448867,46.187632969636866,-0.13227448194491226,0,0.4342532824024653,20.750551876379692,0.00044614641038043246,0.000582468924663182,0.0003346098077852133,0.0
1776737100,NZDCAD,bullish_exhaustion,0.80692,0.80729,0.80692,0.80727,73.0,1.2559789013270106,17.931693094259852,0.03512721005009954,4.8538035264479955,1.3988288021780897,-13.798529684661105,-7.005036756482422,60.81784649049474,-0.004656776203052473,0,0.44574289290447666,25.165562913907287,0.0001362617216047468,-0.00011148686313133815,-0.00033446058939390344,1.0
1776737400,NZDCAD,bullish_exhaustion,0.80726,0.80739,0.80726,0.80738,50.0,1.2682875860963785,17.917762301324583,0.03441466754900482,5.042159383032746,1.4076579476873576,-17.211314990098586,13.165842793389245,88.74298422115534,0.01624094881777127,0,0.5738564536742936,87.41721854304636,-0.0002477148306868626,-0.0004706581783050501,-0.00040872947063330667,1.0
1776737700,NZDCAD,bullish_exhaustion,0.80736,0.80736,0.80715,0.80718,40.0,1.2386268942038676,16.69966295108145,0.034511686187893346,4.026256410256481,1.3151944424533446,-17.779015143573893,19.281893004114735,57.851851851846995,-0.04221392242795429,0,0.5717803856124352,85.8719646799117,-0.00022299858767560465,-0.00016105453554349225,-0.0006194405213212351,1.0
1776820800,NZDCAD,bullish_exhaustion,0.80624,0.80659,0.8062,0.80649,70.0,1.3740498348844736,18.544827338227176,0.03498404904498081,4.027037974683534,1.0554929256992303,-1.7378676519117136,7.93389873578564,63.78711364207777,0.017053822129719873,0,0.5254666105882566,66.44591611479028,-6.199704894049862e-05,0.0002727870153380607,0.0002851864251260938,0.0
1776918600,NZDCAD,bearish_exhaustion,0.80412,0.80428,0.80412,0.80424,95.0,1.8131933249895429,21.550881395069556,0.031174063179436797,-5.440455840455603,-1.8580591407549811,1.1633076691618287,6.14099010508744,-23.589378852557093,0.11098194722852729,1,0.35651302249281286,2.6490066225165565,6.217049636925154e-05,7.460459564323507e-05,9.94727941909801e-05,1.0
1776918900,NZDCAD,bearish_exhaustion,0.80424,0.80433,0.8042,0.80429,104.0,1.7119282428227829,19.496964977615814,0.029928792564162233,-5.236083086053301,-1.7521554958986758,4.2776344623138245,3.134227563352624,-4.72153294735663,0.09143236828724673,1,0.38228415274192834,4.415011037527594,1.2433326287863977e-05,3.729997886336989e-05,0.00026109985204336716,1.0
1776919200,NZDCAD,bearish_exhaustion,0.80431,0.80432,0.80426,0.8043,35.0,1.483807501717524,16.161932887424822,0.028152253068331183,-5.262586750788086,-1.6854517831487907,9.104459773059132,0.7884574483256301,9.881024400092036,0.06384489258758258,1,0.4080711038731755,10.816777041942604,2.4866343404150726e-05,0.00024866343404195135,0.0001491980604251264,1.0
1776919500,NZDCAD,bearish_exhaustion,0.80431,0.80436,0.80424,0.80432,87.0,1.540493476428506,14.864367890506275,0.02761871607604897,-5.013890675240449,-1.5496583881447674,19.055978063278808,-0.7283996325025157,23.71487320082012,0.04217389231939486,1,0.45739717132604857,32.22958057395143,0.00022379152576079697,0.00012432862542266498,0.00012432862542266498,1.0
1776919800,NZDCAD,bearish_exhaustion,0.80432,0.80452,0.80427,0.8045,187.0,1.4841509592472604,13.730424794161163,0.02619195596200151,-4.187661016948061,-1.407926589624628,21.36370990670836,0.4097714736048772,66.749920419178,0.07424281691928201,1,0.4931002057292906,49.668874172185426,-9.944064636413508e-05,-9.944064636413508e-05,9.944064636413508e-05,0.0
1776920100,NZDCAD,bearish_exhaustion,0.80448,0.8045,0.80437,0.80442,139.0,1.538017687452944,12.928488021138907,0.025306609553645838,-4.468210526314818,-1.2889680240195884,16.599692173313805,-4.752571720657244,75.03046330140323,0.009203293495916176,1,0.49443289001642193,50.331125827814574,0.0,0.00019890107157949366,-1.2431316973815498e-05,1.0
1776920400,NZDCAD,bearish_exhaustion,0.80442,0.80454,0.80434,0.80442,108.0,1.6433738200032866,12.833254276187915,0.025661790038608644,-4.161245674739586,-1.1265619439447618,11.258712690449173,-9.237987987990522,79.2881544450348,-0.00991012709128295,1,0.47411191243776896,39.29359823399559,0.00019890107157949366,-1.2431316973815498e-05,3.729395092122445e-05,0.0
1776921000,NZDCAD,bearish_exhaustion,0.8046,0.8046,0.80441,0.80441,174.0,1.5363570504549082,12.761757617969296,0.022998222299573438,-4.169729729728439,-0.944424403317321,4.294145295256172,-7.504748338084568,88.85424785652128,-0.061526633817606466,1,0.5377487843896952,71.7439293598234,4.972588605323125e-05,0.0004102385599384917,0.0003605126738852604,1.0
1776974700,NZDCAD,bearish_exhaustion,0.80187,0.80189,0.80144,0.80149,123.0,1.9272619751547941,26.044746344843514,0.032706940466238336,-5.2040326975478965,-1.2782813441230239,3.2578527828338952,-20.408240297011446,-85.41650932707745,-0.0635094728968121,0,0.5649757732821868,81.89845474613686,-0.00044916343310585916,-0.0005489775293515686,0.0001746746684299083,0.0
1777434600,NZDCAD,bearish_exhaustion,0.8019,0.80194,0.80182,0.80187,63.0,2.140762694174959,30.635772875433446,0.04070841550732372,-6.122013129102609,-1.8902349212187863,0.7583039917406774,18.94873401452037,-44.912808932387755,0.05994089319161783,1,0.49839791287311624,52.980132450331126,1.2470849389600858e-05,0.00018706274084334673,0.00014965019267454416,1.0
1777434900,NZDCAD,bearish_exhaustion,0.80189,0.80193,0.80178,0.80188,73.0,2.0306466250325697,26.02515152879236,0.03999529676688349,-5.987884187082205,-1.804737794452512,2.2264043144615475,22.38974992513166,-42.109745863546635,0.04738549115772257,1,0.5035113166446944,57.395143487858725,0.0001745897141716135,0.0001371776325633789,0.0001122362448244818,1.0
1777435200,NZDCAD,bearish_exhaustion,0.80195,0.80207,0.8019,0.80202,44.0,1.8272259536105564,22.326376362226803,0.038830524354575416,-5.514587155963341,-1.705352257249202,5.334746938705543,10.614602819033934,-14.262391029790583,0.06341226020929536,1,0.4394274493905073,22.075055187637968,-3.740555098374898e-05,-6.234258497295198e-05,-2.4937033989091972e-05,0.0
1777435500,NZDCAD,bearish_exhaustion,0.802,0.80204,0.80199,0.80199,21.0,1.6856563626968413,17.403393814374862,0.03696162937549877,-5.669493975904267,-1.6532035161416467,11.12789877053862,1.8147354821208665,0.24996875388518444,0.03529288648397717,1,0.4491859519896521,26.93156732891832,-2.493796680758109e-05,1.2468983403790546e-05,0.0001620967842492771,1.0
1777435800,NZDCAD,bearish_exhaustion,0.80196,0.80212,0.80195,0.80197,61.0,1.3315685952619778,13.349990779673465,0.03054977118844785,-6.640816326530926,-1.8527130977581225,20.175114552848214,-5.545880632963176,19.434154721602162,0.018172104015720347,1,0.6111349541575891,94.03973509933775,3.740788308803644e-05,0.00018703941543951608,0.00019950870980212088,1.0
1777436100,NZDCAD,bearish_exhaustion,0.80197,0.80201,0.80193,0.802,27.0,1.3351115412344896,11.388064496350465,0.027253295333095402,-7.001830065358259,-1.912566125495742,20.13832740241255,-8.077785377721952,24.257962725588364,0.0153451585257118,1,0.5051056632016765,58.27814569536424,0.000149625935162101,0.00016209476309225757,0.00018703241895257072,1.0
1777436400,NZDCAD,bearish_exhaustion,0.80198,0.80215,0.80198,0.80212,17.0,1.2730274914767468,10.287180639772497,0.026002521888423554,-6.4620547945197035,-1.8007393050469611,15.09445319639132,-0.6178830569335503,78.90710382509747,0.038053747144993176,1,0.5390725408883819,72.84768211920529,1.246696254919577e-05,3.7400887647809355e-05,0.00019947140078779846,1.0
1777436700,NZDCAD,bearish_exhaustion,0.8021,0.80215,0.80207,0.80213,33.0,1.3133142294617817,9.106128800747143,0.022885495938491988,-6.950972762643899,-1.8371416417926092,10.059819677057163,8.789567501646815,108.40302668251879,0.016662449728743606,1,0.5211620390004966,64.45916114790286,2.4933614252153902e-05,0.0001870021068903771,0.0003615374066547883,1.0
1777437000,NZDCAD,bearish_exhaustion,0.80214,0.80229,0.80214,0.80215,49.0,1.3584734117762605,9.351438059974232,0.022261600520029526,-6.687520000000009,-1.6899267670878126,6.2861701934164245,3.0930217204781343,143.28593996832717,0.0008815507572987817,1,0.5843734274033409,89.84547461368653,0.00016206445178568174,0.00033659539986286013,0.00024932992582438196,1.0
1777437300,NZDCAD,bearish_exhaustion,0.80214,0.80234,0.80214,0.80228,34.0,1.5014334174368555,10.260360774446239,0.020655417773629777,-6.057413793103762,-1.5699924691519829,3.771217943593143,-0.9847848805330557,145.7937346004191,0.030345229114030287,1,0.6353057480133089,96.46799116997794,0.00017450266739804654,8.725133369891225e-05,-9.9715809941614e-05,1.0
1777437600,NZDCAD,bearish_exhaustion,0.80226,0.80249,0.80225,0.80242,59.0,1.3425503087302606,9.977579673789528,0.02047378109789288,-4.889043478259608,-1.2992162521070767,2.1996824621318183,-1.3225898390907673,181.21638394708097,0.04944406639007085,1,0.56463239221402,81.45695364238411,-8.723611076499882e-05,-0.00027417063383261553,-0.0002243214276813621,0.0
1777437900,NZDCAD,bearish_exhaustion,0.80243,0.80249,0.80234,0.80235,34.0,1.431655476614633,10.639420938300418,0.019051180015845593,-5.308224299065009,-1.1774683480139712,1.2568761488900293,0.719614445102323,168.2500344210302,-0.02693408632129124,1,0.585186387230066,90.28697571743929,-0.00018695083193120965,-0.00013709727674959815,-3.7390166386264134e-05,0.0
1777438200,NZDCAD,bearish_exhaustion,0.80234,0.80234,0.8022,0.8022,25.0,1.466729721557605,10.607179719172619,0.018876660611887842,-5.909056603772222,-1.0809416347192546,0.7069551835080858,-14.543381941751342,97.92646802577613,-0.1124030417536027,1,0.5005206237753443,54.966887417218544,4.986287708796944e-05,0.00014958863126413036,2.493143854409574e-05,1.0
1777438500,NZDCAD,bearish_exhaustion,0.80218,0.80229,0.80217,0.80224,44.0,1.4286885185248155,10.830786543389346,0.018074391703229754,-5.464827586206676,-1.0059264233548546,0.39274146018397005,-20.403239886739,81.39684998702646,-0.08548367343758596,1,0.48418684117349203,45.033112582781456,9.972078181097466e-05,-2.493019545257713e-05,-0.00021190666134818237,0.0
1777438800,NZDCAD,bearish_exhaustion,0.8023,0.80238,0.80214,0.80232,55.0,1.421143604153248,11.269460180748046,0.0191409199037067,-4.211720930232462,-0.8064587353100096,0.21599972849551818,-9.797696856519089,87.41594620555232,-0.042773255864431384,1,0.5006156044685434,55.18763796909493,-0.0001246385482102097,-0.00031159637052557976,-0.00043623491873578946,0.0
1777439100,NZDCAD,bearish_exhaustion,0.80231,0.80241,0.80222,0.80222,48.0,1.2377112206584964,10.493504925093587,0.01949946042588783,-4.37004566210018,-0.7234630877311267,0.11781487142130231,-0.4232804232784133,79.8908098271698,-0.09154511040528142,1,0.5867044291897475,90.72847682119205,-0.00018698112737169925,-0.0003116352122860544,-0.0002493081698288213,0.0
1777612500,NZDCAD,bearish_exhaustion,0.80068,0.80068,0.80045,0.8005,175.0,1.2358838735944044,9.568985561610205,0.01909520835192318,-4.604299065421431,-1.2843677167686924,1.076498379397094,5.0323458218223465,-93.01117173291193,-0.02110557455663038,0,0.5787428789228659,65.16129032258064,2.4984384759507705e-05,0.0001873828856964188,0.0002873204247346717,1.0
1777648200,NZDCAD,bullish_exhaustion,0.80277,0.80321,0.80261,0.80316,285.0,2.474231977297284,54.520101300193915,0.05967499804344362,4.722026825633352,1.3093903341217938,-0.5828616876414827,20.122881628317344,48.676263458179335,0.022729064056609575,0,0.529351273194601,49.46236559139785,0.00019921310822268445,7.470491558358994e-05,0.00018676228895864178,0.0
1777911900,NZDCAD,bearish_exhaustion,0.79913,0.79924,0.79862,0.79868,440.0,1.8484533373089167,51.69415646198661,0.06984739105237915,-4.040102432778249,-1.2849732922850559,0.39026353609908876,17.917488399552717,-54.790211989694356,0.05218978157926839,1,0.6520981461759685,82.15053763440861,0.0003380577953624453,1.2520659087522645e-05,-7.512395452491383e-05,1.0
1777912500,NZDCAD,bearish_exhaustion,0.79897,0.79898,0.79857,0.79869,545.0,1.5114658160235435,42.51015631361971,0.0659115015122987,-4.0275169606508445,-1.216971341176353,0.35067125138624766,-3.6127073961173863,-58.26278477526151,0.02821292509229769,1,0.6621923677696734,83.01075268817203,-8.76435162578959e-05,0.00010016401858048418,-8.76435162578959e-05,1.0
1778033700,NZDCAD,bullish_exhaustion,0.80573,0.80592,0.80569,0.80583,161.0,1.664014132971676,25.29196760146754,0.04396531703780394,5.938709677418984,1.7520125240096176,-0.9910797826053823,-13.91566584861203,78.83443326482221,-0.032884131079019586,1,0.5390908557665685,53.76344086021505,0.00011168608763623133,0.0,9.927652234331674e-05,0.0
1778034000,NZDCAD,bullish_exhaustion,0.80585,0.8061,0.80577,0.80592,178.0,1.7459110204165567,24.800272763419724,0.04413766697864657,5.9187951807223005,1.6964403546197107,-1.4789222465464746,-7.7719734409644445,88.17705591898769,-0.015166988027303608,1,0.5643696252272413,61.29032258064516,-0.00011167361524710984,-1.2408179471901093e-05,-1.2408179471901093e-05,1.0
1778034300,NZDCAD,bullish_exhaustion,0.80594,0.80594,0.8057,0.80583,158.0,1.6488573554167654,22.518773570570577,0.039621969185279306,6.033467561520822,1.8036040855277822,-1.543685049258528,2.484844590113404,66.60179478860324,-0.03937094422236106,1,0.5353780677708938,51.82795698924731,9.927652234331674e-05,9.927652234331674e-05,0.00022337217527268471,0.0
1778034600,NZDCAD,bullish_exhaustion,0.80581,0.80597,0.80574,0.80591,119.0,1.5429958903341308,20.7647587299157,0.03740226221645039,6.354407582937923,1.8381587593348416,-4.143643380560192,3.6345136345162103,69.61095439587454,-0.017991604724323103,1,0.5253942578316628,47.956989247311824,0.0,0.0001240833343674197,0.00033502500279181113,0.0
1778034900,NZDCAD,bullish_exhaustion,0.80593,0.80608,0.80586,0.80591,109.0,1.5732254157929544,19.373338345993552,0.03616142887277652,6.25676470588199,1.8209822885079487,-10.122035888479942,-0.0864627693889446,79.32653391615261,-0.019267941446209882,1,0.5583734972564693,59.13978494623656,0.0001240833343674197,0.00033502500279181113,0.0002729833356081013,0.0
1778035200,NZDCAD,bullish_exhaustion,0.80593,0.80603,0.80588,0.80601,74.0,1.5896929673301023,17.996077383941447,0.03278938403813014,6.9281081081081455,1.9459711806358488,-20.367641395500762,8.89856755710018,81.32574098410149,0.004171817800312716,1,0.6750928478773867,84.3010752688172,0.000210915497326436,0.00014888152752456918,0.00026054267316788504,0.0
1778035500,NZDCAD,bullish_exhaustion,0.806,0.80629,0.80589,0.80618,386.0,1.323920627950978,16.497903784874396,0.03322547605462217,7.117973333333405,1.9008212325740923,-20.429841714232303,10.552641018741646,114.11032626975914,0.036893087694554266,1,0.6008860180579163,72.04301075268818,-6.202088863527244e-05,4.961671090830677e-05,0.0011908010617975862,0.0
1778036100,NZDCAD,bullish_exhaustion,0.80615,0.80627,0.80611,0.80622,102.0,1.2206350692999282,14.360572973590784,0.02985714640101963,7.330682492581636,2.019132182039824,-10.230853819003752,3.299157198766906,137.12666230654003,0.018249942261087684,1,0.5891321057103842,68.17204301075269,0.0011411277318844615,0.0006449852397607536,0.0006077745528516587,0.0
1778036400,NZDCAD,bullish_exhaustion,0.80623,0.80729,0.80623,0.80714,374.0,1.285358217700044,20.48004704959546,0.036194818388738,8.833349633251522,1.8710164145838986,-6.396318552963788,2.470274453456156,286.4248231804347,0.203343764805076,1,0.4334481820775815,19.78494623655914,-0.0004955769754936279,-0.0005327452486556528,-0.00045840870233171405,1.0
1778038800,NZDCAD,bullish_exhaustion,0.8068,0.80693,0.80675,0.80693,90.0,1.2094874132516416,21.71983682121259,0.040453146050906115,5.422319474835269,1.4618931501644765,-13.715116117927451,21.395781830505243,89.43686889305424,0.016366723291511856,0,0.5600541724129118,60.0,-0.0006692030287632766,-0.0007683442182098155,-0.0008179148129329183,1.0
1778062500,NZDCAD,bullish_exhaustion,0.81074,0.81131,0.81074,0.81117,188.0,1.2495366495957134,26.017884547755642,0.053626243574094096,4.033103448275648,1.1753842463432318,-7.249405205385727,-10.349527016196532,72.81289621445856,0.005802450115986514,1,0.5942781915107276,69.6774193548387,0.0001479344650319181,7.396723251607007e-05,0.00039449190675200363,0.0
1778062800,NZDCAD,bullish_exhaustion,0.81115,0.81131,0.8111,0.81129,185.0,1.2368578989491321,22.45576236106512,0.05344222516873107,4.191235584843445,1.1706731718090413,-8.519213265624728,14.060657933204183,101.18920458591028,0.015377056781027593,1,0.6279463988753192,78.92473118279571,-7.395629183148955e-05,0.00024652097277177987,0.0004314117023507258,0.0
1778066400,NZDCAD,bullish_exhaustion,0.8125,0.81258,0.81234,0.81258,177.0,1.4924361598141958,42.13016160056259,0.06364208535071343,4.146629834254044,1.3427402198751925,-0.08908533534253138,-13.833457944737608,49.56614020850032,-0.06649258363723698,0,0.5972526161518311,70.75268817204301,0.0002584360924462459,0.00046764626252193686,0.0004553397819291316,0.0
1778066700,NZDCAD,bullish_exhaustion,0.81261,0.81307,0.81259,0.81279,209.0,1.4456232669127627,42.157610273399854,0.06292259641832991,4.409217877095008,1.3158913429458874,-1.4628313191575302,4.460504069323537,68.32607342874768,-0.026888185005615163,0,0.6278224128051111,78.70967741935485,0.00020915611658600675,0.00019685281561043766,-0.00047982873805041404,0.0
1778067000,NZDCAD,bullish_exhaustion,0.81276,0.81296,0.81249,0.81296,185.0,1.5704372133231206,42.156818530785515,0.06519385947647792,4.389056603773689,1.2492580443513768,-2.2075753148360775,19.33884483105271,61.118509593366554,-0.004867876500444114,0,0.5976248397733245,71.3978494623656,-1.2300728203240574e-05,-0.0006888407793741447,-0.0006396378665616265,1.0
1778067300,NZDCAD,bullish_exhaustion,0.81293,0.81303,0.8128,0.81295,171.0,1.6720976328635646,41.50433429352424,0.06510679799319669,4.196599190283219,1.21907933852977,-2.3617643948852134,20.72804697806017,65.88033890437102,-0.012949971154108638,0,0.6486992412577205,96.94656488549617,-0.0006765483732086297,-0.0006273448551570304,-0.0008118580478504445,1.0
1778515500,NZDCAD,bullish_exhaustion,0.81532,0.81548,0.81532,0.81547,208.0,2.441266407406738,28.277378992322497,0.03144549418477127,5.118774373260683,1.5094196021275514,-0.29364720566687197,7.812646702238553,66.55968743460133,-0.013958204357211575,0,0.4511962940509045,28.75318066157761,1.2262866812884354e-05,-2.4525733625990753e-05,-0.00024525733626001855,1.0
1778516400,NZDCAD,bullish_exhaustion,0.81544,0.81545,0.81527,0.81527,75.0,1.867806235304007,18.146431482227058,0.026984925239489015,4.297272727274523,1.5049116933064768,-0.8490327307096379,-9.195532900383824,34.86384869546802,-0.08026124993195298,0,0.430532383811197,20.865139949109416,0.0,-0.00015945637641523458,-0.0003311786279392992,1.0
1778516700,NZDCAD,bullish_exhaustion,0.81529,0.81534,0.81521,0.81527,88.0,1.2817678134567778,12.326119107824143,0.025145043973160662,4.3492682926842505,1.4809624531939756,-14.627076569532178,-21.254208754200263,10.904622945773946,-0.058059770037333015,0,0.33775625809440807,7.633587786259542,-0.00015945637641523458,-0.0003311786279392992,-0.0008831430078379832,1.0
1778542200,NZDCAD,bullish_exhaustion,0.81588,0.81596,0.81588,0.81592,49.0,1.613478729164503,10.285022508705573,0.015495216617877105,4.975141242938207,1.6461687356257306,-0.27916157078057324,-18.796992481201805,80.95962890481454,-0.05261769477262444,1,0.33101674721860863,5.597964376590331,0.00011030493185604229,1.2256103539609597e-05,-8.579272477693412e-05,0.0
1778809800,NZDCAD,bearish_exhaustion,0.80872,0.80878,0.80834,0.80839,145.0,1.4595500288266345,25.17948945124911,0.044091165332149955,-4.449699398797583,-1.1155844126658434,0.3933986921898138,-8.046698872783963,-120.00946930134756,-0.04760145254931589,0,0.5345525694349965,78.39195979899498,-0.0001608134687466345,-0.00012370266826666754,-0.00056903227402616,0.0
1778819100,NZDCAD,bearish_exhaustion,0.80815,0.80818,0.80775,0.80776,95.0,1.2647909345915946,12.642182812610963,0.02599782113499106,-4.218095238095388,-0.8864421792397106,0.4051176322149388,-13.047703613212285,-174.3048096431394,-0.10790830686545809,0,0.469033771035919,36.18090452261307,0.00027235812617609767,0.00028473804100226374,-8.665940378327353e-05,1.0
1778823300,NZDCAD,bearish_exhaustion,0.80711,0.80721,0.80664,0.80677,239.0,1.7200664747851209,26.5846203449106,0.03771653808219311,-4.2538967136155525,-1.321216931409979,0.11706155658079764,1.4508421464918229,-85.22920203735256,0.0026038134801317082,1,0.5278218777205083,72.61306532663316,-8.676574488397648e-05,-0.0012890910668468258,-0.0008676574488392097,0.0
1778828100,NZDCAD,bearish_exhaustion,0.80575,0.80588,0.80555,0.80562,238.0,1.230196536956091,24.173073179106055,0.0490305603137959,-4.141265822784133,-1.086531491401869,13.435197074156058,-8.689458689459464,-77.26038839007565,-0.02303809668847991,0,0.48292709678101253,45.22613065326633,-9.930240063549256e-05,0.00037238400238326363,0.00035997120230391033,1.0
1778837700,NZDCAD,bearish_exhaustion,0.80374,0.80384,0.80359,0.80376,219.0,1.6649018312070105,29.7294656032288,0.04345646888196859,-4.287607361963199,-1.6120905885647567,0.8612501100261056,19.555555555557206,-59.89516198333112,0.09400790152378938,1,0.516031147262088,66.08040201005025,0.0,-0.00018662287249926468,-8.70906738330568e-05,0.0
1778838000,NZDCAD,bearish_exhaustion,0.8038,0.80386,0.80367,0.80376,172.0,1.6830837444184525,27.628852214489104,0.04061269177721916,-4.383807439825092,-1.6185720117119036,2.641135099663583,16.91726699713628,-48.92251260889345,0.07702069767189362,1,0.49292414237819626,51.256281407035175,-0.00018662287249926468,-8.70906738330568e-05,2.4883049666524215e-05,0.0
1778838300,NZDCAD,bearish_exhaustion,0.80376,0.80379,0.80353,0.80361,175.0,1.5652505175646245,25.696928294250835,0.040798041693999525,-4.629455337690239,-1.546652804746617,4.929316748602714,1.3102259874171835,-59.40302896632427,0.02849209996070247,1,0.5014831948940921,57.03517587939698,9.955077711820692e-05,0.00021154540137624522,0.00012443847139786968,1.0
1778838600,NZDCAD,bearish_exhaustion,0.80357,0.80369,0.80346,0.80369,190.0,1.5263459336946634,23.617360032988575,0.04034960174765412,-4.2481057268720885,-1.47480605995716,6.8689204133384205,-5.849500293944459,-58.0617054140839,0.04168420804965146,1,0.4640270346547765,33.165829145728644,0.00011198347621599325,2.488521693688739e-05,0.00046037651333219465,1.0
1779111900,NZDCAD,bullish_exhaustion,0.80703,0.80785,0.80697,0.80764,1035.0,1.6053769261429716,32.15401858933634,0.05669074623063851,4.255475819033534,1.0837526798406645,-3.4956119681805404,-3.591957824897797,82.39656632311448,0.043099037976503655,1,0.5550607998767929,87.43718592964824,0.0005324154326185049,-3.7145262740789775e-05,-0.0008295775345451561,1.0
1779155700,NZDCAD,bearish_exhaustion,0.80537,0.80537,0.80513,0.80515,325.0,1.2330478358394705,19.164639217004073,0.03912314475563582,-4.150476190474273,-1.1141946223273618,0.41036862983838107,-16.287194062185023,-65.5705424829782,-0.011502981193761969,1,0.48159941017711144,43.46733668341709,-0.00033534124076262106,-0.0006831025274793845,-0.0005837421598461345,0.0
1779437100,NZDCAD,bearish_exhaustion,0.80836,0.80838,0.80819,0.80823,175.0,1.5259247952088757,18.494571237991615,0.0320806842465293,-4.253223140495556,-1.2074300011559502,0.8202469673263422,1.0441292356181862,-62.570875858896734,-0.00040286216704975395,0,0.4902582278768023,50.0,-1.2372715687325453e-05,0.0006310085000555965,0.00027219974512204814,1.0
1779685200,NZDCAD,bullish_exhaustion,0.81113,0.81128,0.81109,0.81122,151.0,1.2130480619027644,31.567737091606936,0.052566328668986195,5.745862646566877,0.25061427966948613,-0.1672433192140984,16.360670194001592,644.9292640278663,0.46535691332331,1,0.61891876557629,98.24120603015075,-7.396267350412433e-05,8.628978575475621e-05,0.00011094401025601996,0.0
1779690300,NZDCAD,bullish_exhaustion,0.8111,0.81111,0.81099,0.81101,145.0,4.074267985475458,46.023215824561746,0.02589363879606957,7.310476190477447,2.5299195769281067,-0.6086685605148006,-21.68864643965054,16.51174647998692,-0.12409971603144268,1,0.4579897904527628,29.396984924623116,0.00016029395445182892,0.00014796365026326086,-9.864243350876656e-05,0.0
1779690600,NZDCAD,bullish_exhaustion,0.81102,0.81118,0.81098,0.81114,155.0,2.9447596490363517,34.71056824670612,0.026682024241016067,7.485148514852598,2.3099393216900084,-2.597723646304246,-10.90246729590805,11.659656113948015,-0.04394750326184693,1,0.4562928197655437,27.889447236180903,-1.2328328032107372e-05,-0.000258894888675143,-0.00011095495228929941,1.0
1775187600,NZDCHF,bearish_exhaustion,0.45606,0.45608,0.45602,0.45608,14.0,1.8812032309382745,9.735219191811645,0.013312200867014347,-4.15717647059212,-1.4582054843406171,2.3237738410020716,8.796296296293562,13.066920393196014,0.11276530358610956,1,,,-0.00010962988949303476,-0.00030696369058058615,-0.000285037712681957,0.0
1775187900,NZDCHF,bearish_exhaustion,0.45608,0.45608,0.45603,0.45603,13.0,1.583557091242608,7.778467546408681,0.01315702914281793,-4.8466666666687805,-1.3615597199092013,8.680326015454614,2.7537277537345233,18.19395760293195,0.015372074772894857,1,,,-0.000197355437142277,-0.00017542705523754254,-0.0001534986733329191,0.0
1775192700,NZDCHF,bearish_exhaustion,0.45587,0.45591,0.45586,0.45586,15.0,1.4095488826882288,6.554215107459974,0.011124969445508011,-4.752112676057688,-1.3265816498449328,5.4618549697419105,16.426166426160776,-53.72082782908459,0.026354736403522108,0,,,-6.58096784099671e-05,-0.00021936559470014938,-0.00017549247575998628,0.0
1775193000,NZDCHF,bearish_exhaustion,0.45585,0.45585,0.4558,0.45583,10.0,1.4437044929172445,6.713144590184043,0.011282401647232355,-4.997222222222682,-1.2944621006635422,9.556504355910434,-8.585858585852002,-94.5424013433676,-0.014529800035990763,0,,,-0.0001535660224206703,-0.0001096900160146852,-0.0001096900160146852,0.0
1775193300,NZDCHF,bearish_exhaustion,0.45584,0.45584,0.45575,0.45576,18.0,1.406611348131755,6.911102015253511,0.011440858597258572,-5.975890410956238,-1.3586888343636137,11.786317183952448,-26.85185185184602,-125.67204301069978,-0.08783764552959152,0,,,4.388274530464642e-05,4.388274530464642e-05,-4.38827453045354e-05,1.0
1775193600,NZDCHF,bearish_exhaustion,0.45578,0.4558,0.45573,0.45578,13.0,1.2274685801257306,6.3542141130313,0.012223942628963511,-4.964615384616291,-1.288562919861199,4.094594159940392,-17.20679012345702,-130.3086256923284,-0.017976997984731454,0,,,0.0,-8.776163938750692e-05,0.0,0.0
1775207400,NZDCHF,bearish_exhaustion,0.45529,0.45529,0.4552,0.45522,37.0,1.9347618901115617,14.277007843207024,0.019927570342755847,-4.21543307086585,-1.2609705817077672,5.038062976836468,-9.878863826231445,-48.556430446178894,-0.003257894302754487,1,,,-2.1967400377853608e-05,0.0001537718026447532,0.00030754360528972846,1.0
1775207700,NZDCHF,bearish_exhaustion,0.45522,0.45522,0.45516,0.45521,54.0,1.6834569684620322,12.127480423263767,0.01898652741121209,-4.389752066115042,-1.288312876727841,8.152578031600928,-12.049800426991098,-67.8642714570311,-0.004538464150937081,0,,,0.00017574306364087633,0.00032951824432680965,0.00032951824432680965,1.0
1775624100,NZDCHF,bullish_exhaustion,0.46034,0.46056,0.4602,0.46048,119.0,2.713123605282639,54.25999501892553,0.060185644793011805,5.584845360824427,1.6097563691837984,-0.4287785640935624,-1.0852713178295659,53.06483880489154,-0.01830085800876928,1,,,6.51494093120153e-05,8.686587908268706e-05,-0.00019544822793604588,0.0
1775655300,NZDCHF,bullish_exhaustion,0.4606,0.46081,0.46054,0.46073,539.0,1.5166236276042868,31.090568642134837,0.04899057706559012,4.672278481012082,1.4781917643185196,-0.7733521049660368,-7.870030373090657,44.60628129267386,-0.052347312929374945,0,,,2.170468604179021e-05,0.00028216091854238456,-0.00023875154645891516,0.0
1775655600,NZDCHF,bullish_exhaustion,0.46076,0.46083,0.46063,0.46074,439.0,1.4445048085031802,28.982092357168167,0.049764664297808216,4.47738317756966,1.3752064141190505,-1.0536930021070958,3.9431994067853395,47.619047619049816,-0.03692731259966947,0,,,0.0002604505795025247,-0.0002604505795025247,0.00013022528975126235,1.0
1775655900,NZDCHF,bullish_exhaustion,0.46075,0.4609,0.46069,0.46086,279.0,1.3047564339151088,25.948671655965267,0.04944172695767668,4.8609404388710455,1.3470299701749588,-1.5026098755703003,17.244985849637985,62.01066133600832,0.005203693613162437,0,,,-0.0005207655253222088,-0.00013019138133052444,-4.33971271101008e-05,1.0
1775752200,NZDCHF,bullish_exhaustion,0.46275,0.46283,0.46273,0.46275,140.0,1.50271221632332,24.170041279618918,0.045380875202593166,4.058095238095625,1.2680853578636715,-0.7386581297181039,-7.285176731849024,57.51971716072613,-0.04206095639543612,0,,,-4.321988114541764e-05,-8.643976229061323e-05,-0.00010804970286326654,1.0
1775752800,NZDCHF,bullish_exhaustion,0.4627,0.46276,0.46267,0.46271,133.0,1.4787569659722837,19.81785190050996,0.03751192508729608,4.3497942386835025,1.3406393477059402,-2.4658872764320705,3.0293742017897394,32.04513071038992,-0.04186649165211123,0,,,-2.1611808692312273e-05,-0.00021611808692267864,-0.0003674007477686425,1.0
1775753100,NZDCHF,bullish_exhaustion,0.46269,0.46277,0.46266,0.4627,111.0,1.3529374763139175,16.843802254729084,0.03643212201673452,4.2533898305082305,1.279755096693518,-6.133954559742122,-1.8666294383160036,24.40318302388871,-0.03312899467157781,0,,,-0.00019451048195373577,-0.00034579641236220926,-0.00034579641236220926,1.0
1776702000,NZDCHF,bearish_exhaustion,0.45832,0.45833,0.45824,0.45825,66.0,1.5446168488752485,15.5026689768829,0.028524666822539138,-4.008743169397824,-1.127157152919254,4.3457169072669375,1.851851851849716,-47.24614983031024,-0.003230795234176699,1,0.5829593042580025,74.65437788018433,0.0001309328968903678,6.54664484451839e-05,-0.00021822149481720565,1.0
1776732900,NZDCHF,bullish_exhaustion,0.46029,0.46036,0.46026,0.46031,66.0,1.3441046478282526,19.517697530224485,0.03879373217428096,8.57471999999955,1.9894645717115618,-0.2856894944465438,3.6748436748418953,93.55191256829909,-0.0114049192245533,1,0.6385964663066837,97.13024282560706,4.344898003516562e-05,0.00013034694010549686,0.0001520714301233017,0.0
1776733200,NZDCHF,bullish_exhaustion,0.46034,0.46035,0.46019,0.46033,69.0,1.3616251203555445,20.007859635676713,0.039412719446608825,8.342677165353908,1.888687438272569,-1.6570988234904434,-0.2116402116378282,78.89258388076462,-0.007432477753978682,1,0.5617864816357887,79.91169977924945,8.68941846066118e-05,0.00010861773075832026,0.00026068255382005745,0.0
1776733500,NZDCHF,bullish_exhaustion,0.46036,0.46041,0.46029,0.46037,48.0,1.4945016111934608,20.659875513376083,0.03956444971280946,8.260549019607494,1.8231636410460919,-5.752197343485008,1.197691197695903,91.24472573840285,0.0029233048026226665,1,0.585154942482294,90.06622516556291,2.172165866598519e-05,0.00017377326932699333,0.00015205161066100814,0.0
1776733800,NZDCHF,bullish_exhaustion,0.46036,0.46044,0.46033,0.46038,48.0,1.5661349685170318,20.69567466400721,0.0363054122991576,8.398803418802586,1.9192924677200638,-13.389449322374972,2.9110149110185404,92.89794158855624,-0.0007759570772769968,1,0.5047995420020865,58.05739514348785,0.00015204830791959445,0.00013032712107396982,0.00041270255006731205,0.0
1776734100,NZDCHF,bullish_exhaustion,0.46038,0.46051,0.46031,0.46045,78.0,1.538358148114708,20.594578096397427,0.03505887098025285,8.588318584070018,1.9444296921946593,-20.306439714819817,3.537037037040747,99.37085720709007,0.021017309928759408,1,0.4999340988610469,54.52538631346579,-2.171788467808522e-05,0.0002606146161363565,0.00039092192420442373,0.0
1776734400,NZDCHF,bullish_exhaustion,0.46044,0.46045,0.46038,0.46044,35.0,1.6865263227560132,20.084326264978948,0.03397371458356642,8.177534246574414,1.9440073422780513,-19.729257249783203,0.4292929292954284,94.4164869398821,0.0026291747079357636,1,0.48599147506258794,46.13686534216336,0.000282338632612289,0.0004126487707409865,0.000564677265224578,0.0
1776734700,NZDCHF,bullish_exhaustion,0.46043,0.46057,0.46038,0.46057,42.0,1.591186664096857,19.362107815754914,0.03349886320987341,8.659259259258583,1.9660558032700386,-14.65250065409229,4.9229797979801475,123.2638888888743,0.048924952904488776,1,0.5396055258847847,73.50993377483444,0.0001302733569272796,0.0002822589400091058,0.0006079423323273048,0.0
1776735000,NZDCHF,bullish_exhaustion,0.46055,0.46065,0.46055,0.46063,61.0,1.5924015046050386,18.406246105692247,0.0322539627404699,8.864423076922538,2.0465933471938884,-9.053200769905569,5.5261437908449125,159.87279560567075,0.04869502689091474,1,0.5636887251080259,80.79470198675497,0.0001519657859887502,0.0004776067559646435,0.0,0.0
1776735300,NZDCHF,bullish_exhaustion,0.46063,0.46072,0.46061,0.4607,47.0,1.510595599026555,16.671157835511828,0.031163757015720737,9.071442786069719,2.1366153020284027,-3.583466618573672,5.206838833088213,185.4516386890764,0.051237661171126166,1,0.6583064665422833,98.45474613686534,0.00032559149120903186,-0.0001519426958975778,0.00023876709355330483,1.0
1776737100,NZDCHF,bullish_exhaustion,0.46066,0.46085,0.46066,0.4608,47.0,1.3665289703485028,18.160878729678995,0.03286210317460248,6.379245283019517,1.838422873697075,-11.313335515739254,-4.72498029944844,98.88076143473413,0.0010667789412829433,1,0.422741102046808,15.894039735099339,0.00010850694444441977,8.680555555562464e-05,0.0,0.0
1776737400,NZDCHF,bullish_exhaustion,0.46082,0.46088,0.4608,0.46085,32.0,1.3984237747562387,18.705065228833423,0.03161859297261251,6.578627450981034,1.8851844742346473,-12.056351146676917,0.9259259259229395,110.63341931790545,0.01220648652934808,1,0.53670578707127,71.30242825607064,-2.169903439286358e-05,-0.00010849517196487302,-0.0001952913095366604,1.0
1776737700,NZDCHF,bullish_exhaustion,0.46084,0.46084,0.46076,0.46084,33.0,1.477433615677568,18.477403498764232,0.031154289682194563,6.217114427860979,1.865816700398902,-9.227722336043797,14.01851851851795,90.3040734366371,-0.0075237262798757325,1,0.5435067432855597,74.83443708609272,-8.679802100519662e-05,-0.00017359604201028223,-0.00045568961027697696,1.0
1776738000,NZDCHF,bullish_exhaustion,0.46081,0.46081,0.46073,0.4608,34.0,1.4199026946613091,17.880148828431185,0.03115699404761923,5.566567164179071,1.7851098710621844,-6.213688469480607,3.6296296296282833,71.91037597516018,-0.03258056006395959,1,0.5309413120551083,68.65342163355407,-8.680555555551361e-05,-0.00036892361111107164,-0.0003906249999999778,1.0
1776738300,NZDCHF,bullish_exhaustion,0.46077,0.46086,0.46075,0.46076,41.0,1.3629024076035274,17.16151476963531,0.02976448848486403,5.163958333333997,1.7580274837593033,-3.9067662621136643,-10.824915824915124,69.81898780941854,-0.04830177948606082,1,0.5091968787008242,60.70640176600441,-0.0002821425470961314,-0.0003038458199496885,-0.0005208785484851486,1.0
1776822300,NZDCHF,bullish_exhaustion,0.46084,0.46085,0.46076,0.46085,54.0,1.4503860305362228,13.094572661352275,0.024488910243492847,4.086582278481188,1.36065996698188,-2.3692904705229267,-11.584472172705176,25.000000000021508,-0.04885148627345043,0,0.42325674262906005,16.335540838852097,-0.00013019420635784762,0.0,0.00017359227514379683,0.0
1776869400,NZDCHF,bullish_exhaustion,0.46263,0.46283,0.46261,0.46281,163.0,1.956982131822505,31.140643660181638,0.03966453373337434,4.074708171206041,1.1525575958705767,-5.333671150788263,14.355019731363722,52.5923560097651,0.02641658490180321,0,0.542510780188453,74.39293598233996,-0.0002808928069835126,-0.0002592856679847211,-0.00015124997299109655,1.0
1776918300,NZDCHF,bearish_exhaustion,0.46203,0.46211,0.46202,0.46207,39.0,1.8122940827491796,23.997636824630227,0.03168969451134657,-4.049756097560454,-1.4987265239363203,0.0973892269385645,11.279333438799142,-35.19846963175343,0.10837099284276785,1,0.4069783149260121,10.596026490066226,0.0001298504555586888,0.0001947756833380332,0.0002380591685242628,1.0
1777282500,NZDCHF,bullish_exhaustion,0.4632,0.46328,0.46316,0.46326,61.0,1.4131742974316892,17.331044665926463,0.034692027309564354,4.333155555554719,1.336658131009059,-9.159701476829056,-18.544061302682017,43.06741138864843,-0.0389195948912193,0,0.4060005028333526,10.375275938189846,-2.158615032599176e-05,-8.6344601303745e-05,0.00015110305228160925,1.0
1777282800,NZDCHF,bullish_exhaustion,0.46328,0.46331,0.46322,0.46325,60.0,1.291376421197267,15.613439410639584,0.030838023282707606,4.608799999998855,1.4038721263392995,-16.04356062327851,-8.483853311438882,50.538024422663284,-0.03614755684752077,0,0.4833702060383232,44.81236203090508,-6.475984889364739e-05,0.00017269293038313371,0.0003669724770642979,0.0
1777283100,NZDCHF,bullish_exhaustion,0.46322,0.46326,0.46316,0.46322,78.0,1.2720229667979834,15.159346559304359,0.029914819863440346,4.325567010309484,1.3328629638421339,-21.137765783273537,1.3445658123342383,22.50507286473917,-0.038989144096299444,0,0.46733863252023317,35.54083885209713,0.0002374681576788884,0.0004317602866887871,0.0004749363153577768,0.0
1777285500,NZDCHF,bullish_exhaustion,0.46352,0.46354,0.46349,0.46351,26.0,1.2158433287230659,10.496190895780432,0.024194269194375603,5.699872611466856,1.5420194563971914,-0.6302353031622909,1.4012238573572944,112.18464841650965,-0.007833524580884729,1,0.566035883841237,82.78145695364239,0.00010787253780941697,-2.1574507561794576e-05,6.472352268560577e-05,1.0
1777285800,NZDCHF,bullish_exhaustion,0.46352,0.4636,0.46351,0.46356,52.0,1.2447891387702674,10.745646639432245,0.024037572574977968,5.932051282053169,1.5422571720565235,-0.36202622552880775,-0.5395222061875415,125.11671335197519,0.014317472808165319,1,0.5903169512566571,91.3907284768212,-0.0001294330830960977,-4.314436103203256e-05,-2.157218051601628e-05,1.0
1777286700,NZDCHF,bullish_exhaustion,0.46353,0.46357,0.4635,0.46355,51.0,1.2552870918198304,9.859995175406743,0.02095628457401515,5.78941176470952,1.595526306892662,-0.06284485251611983,-10.23428731761426,90.44444444446195,-0.0065663231148238065,1,0.5429630871306518,74.61368653421634,-4.3145291770074756e-05,0.00012943587531011325,-0.00015100852119520614,0.0
1777287000,NZDCHF,bullish_exhaustion,0.46355,0.4636,0.46349,0.46353,71.0,1.258845451949234,10.105142832713108,0.02126538273065823,5.180000000002416,1.50137559621212,-0.034354432302854496,-5.868686868686716,81.2749003984019,-0.02429753128991833,1,0.5331649720905174,69.5364238410596,0.00017258861346625132,-0.00010786788341643483,-2.157357668330917e-05,1.0
1777287300,NZDCHF,bullish_exhaustion,0.46352,0.46362,0.4635,0.46361,61.0,1.3211528190904134,10.719096041307463,0.021569853972086234,5.5880000000036505,1.4720266951841432,-0.01864239498624583,8.555555555557461,93.86973180075495,0.030529092457074608,1,0.5918157747596791,92.05298013245033,-0.0002804081016372084,-0.00019412868574886222,-8.627941588845722e-05,1.0
1777287900,NZDCHF,bullish_exhaustion,0.4635,0.46358,0.46348,0.46352,51.0,1.2622984403188005,10.459129433672068,0.021574042112528682,4.1000000000016135,1.2626928513904456,-0.005393156197800007,-2.7777777777770325,54.84499184168484,-0.021269852245285475,0,0.5176453610548434,62.47240618101545,0.00010787021056257728,0.00012944425267513715,0.0004746289264756509,0.0
1777292100,NZDCHF,bullish_exhaustion,0.46386,0.46403,0.46381,0.46401,130.0,1.4316177509223385,16.299007313739764,0.028170575141548138,4.092896174863077,1.2214865368752854,-11.56285787427052,3.7819185645252915,73.8074943965596,0.0161126501351924,1,0.44917744470808885,26.71081677704194,-0.0003017176353957707,0.0,-4.310251934214193e-05,0.0
1777434600,NZDCHF,bearish_exhaustion,0.46229,0.46235,0.46225,0.46235,40.0,1.8541889140339114,28.226691537278207,0.042021350553847585,-6.178529411764655,-1.947306850961938,1.4962592540238098,27.65815504945987,-35.01433108683381,0.07892785161918058,1,0.482220622902174,43.4878587196468,-0.00010814318157237324,0.00010814318157237324,-2.1628636314496852e-05,1.0
1777434900,NZDCHF,bearish_exhaustion,0.46234,0.46236,0.46226,0.4623,27.0,1.761441433210318,24.22704544199022,0.041562374463087824,-6.280743494423903,-1.8428275937425644,5.315105280677963,20.586080586081323,-31.941146342572832,0.037661515479648834,1,0.5124979248526531,61.58940397350994,0.00021630975556985454,8.6523902227853e-05,0.0001514168288989648,1.0
1777435200,NZDCHF,bearish_exhaustion,0.46231,0.46244,0.46231,0.4624,44.0,1.564840758057352,20.847576581899805,0.04062654473554075,-5.675589353612037,-1.7197975894875333,11.2281924997252,4.372933119735336,-1.0316368638345075,0.05961357749720719,1,0.45636168779178815,31.125827814569533,-0.00012975778546708838,-6.487889273354419e-05,-8.650519031139225e-05,0.0
1777435500,NZDCHF,bearish_exhaustion,0.4624,0.46241,0.46234,0.46234,17.0,1.4102505395716816,16.471254858279952,0.039704855424887706,-5.897431906614816,-1.6336164291751505,19.692811347948687,-10.923016549617884,5.605381165880917,0.014729518864254429,1,0.45348693777274934,28.918322295805737,6.488731236764522e-05,4.32582082450228e-05,0.00023792014534773642,1.0
1777435800,NZDCHF,bearish_exhaustion,0.46236,0.46243,0.46233,0.46237,31.0,1.206493862979166,13.361442161046396,0.033522936176654285,-6.505806451612469,-1.780032822736656,20.490101691847485,-8.349934665725357,29.123940628382048,0.018029280638078307,1,0.5799614771939585,88.74172185430463,-2.1627700759196955e-05,0.00017302160607313155,0.00012976620455473764,1.0
1777436100,NZDCHF,bearish_exhaustion,0.46235,0.46237,0.46235,0.46236,12.0,1.2168750301050109,11.686940390297407,0.02966148826517335,-7.116666666666178,-1.857702829482267,15.566934521224908,-8.79162881226835,34.624896949752774,-0.00029902746415429567,1,0.49537535069726535,50.77262693156733,0.0001946535167403063,0.00015139717968692956,0.0001946535167403063,1.0
1777437000,NZDCHF,bearish_exhaustion,0.46243,0.46251,0.46242,0.46245,40.0,1.2756332323079573,10.264755966277232,0.02440418269156551,-6.7465822784806155,-1.6407155592191744,3.9415620213864884,2.858999350234612,121.17877231600205,-0.007827547470606261,1,0.5751755169548074,88.0794701986755,0.00012974375608165722,0.0003676073088980658,0.0003243593902042541,1.0
1777437300,NZDCHF,bearish_exhaustion,0.46244,0.46254,0.46244,0.46251,31.0,1.3984460988416432,11.010803052498979,0.023011085474599645,-6.216375838926586,-1.519794914013829,2.303390594068375,1.6473645988579193,130.79882326319657,0.01088020434789904,1,0.6344171417118302,96.02649006622516,0.00023783269550925468,0.0001945903872349053,-2.162115413706367e-05,1.0
1777437600,NZDCHF,bearish_exhaustion,0.46252,0.46265,0.46251,0.46262,30.0,1.2992220131041587,10.678475502224385,0.02316001408128944,-4.7786666666660835,-1.239325014100835,1.3180070960429475,5.232853375262621,179.41326098018456,0.05007052985856973,1,0.5936119992531212,92.49448123620309,-4.323202628497835e-05,-0.0002593921577103142,-0.00010808006571272344,0.0
1777437900,NZDCHF,bearish_exhaustion,0.46262,0.46265,0.46257,0.4626,27.0,1.4242644802656643,11.459285910060174,0.021771354456180562,-4.883120567374382,-1.0939246977099906,0.7421576459022816,5.476190476185721,171.54457790562827,-0.00785668570161669,1,0.627634820399469,95.36423841059603,-0.0002161694768698652,-6.485084306107058e-05,-2.161694768698652e-05,0.0
1777438200,NZDCHF,bearish_exhaustion,0.46259,0.46259,0.46247,0.4625,27.0,1.4304942501183837,11.38529498115395,0.021312741312742908,-5.571594202896723,-1.0061775260560326,0.4126674631541647,-9.502500211878967,103.05233396811131,-0.10070886168453316,1,0.5006615373621544,55.40838852097131,0.0001513513513513587,0.00019459459459447714,0.00023783783783781764,1.0
1777438500,NZDCHF,bearish_exhaustion,0.4625,0.46259,0.4625,0.46257,33.0,1.46989558422344,11.953032691247115,0.020846265738931766,-4.556740740739697,-0.8695858176220688,0.22712358345364692,-11.576646931336143,109.21357790427226,-0.046401739260453406,1,0.5015755339570527,56.29139072847682,4.3236699310389426e-05,8.647339862077885e-05,-4.3236699310278404e-05,1.0
1777875900,NZDCHF,bullish_exhaustion,0.46182,0.46196,0.46178,0.46195,88.0,3.243577920983907,35.95676851588447,0.0275230776367255,4.1811235955059045,1.2883177172041196,-4.92808995410968,0.8945665808350896,6.211802424638759,-0.006628856796656364,1,0.36844324390599287,6.881720430107527,-0.00032471046650073276,-0.0006494209330014655,-0.001125662950535844,1.0
1778033700,NZDCHF,bullish_exhaustion,0.46296,0.46308,0.46294,0.46305,75.0,1.6421688854903869,24.27582243104241,0.041649312786338724,6.324888888888611,1.8941308706995386,-0.37311758146589113,-13.573380171738272,90.31975470871343,-0.025663857220931993,1,0.5112307023100745,43.01075268817204,0.00010797969981646283,0.00012957563977966657,0.00028074721952275894,0.0
1778036400,NZDCHF,bullish_exhaustion,0.46338,0.46396,0.46338,0.46388,161.0,1.6618529122760664,25.12100109794371,0.03556954384754645,9.734545454545557,2.1612365195152914,-1.0151812508525637,-0.7598569251667016,225.13842746401383,0.18102866171928875,1,0.27923138869381675,0.43010752688172044,-0.000560489781840201,-0.000668276278347868,-0.000560489781840201,1.0
1778037900,NZDCHF,bullish_exhaustion,0.4636,0.46362,0.46346,0.46349,56.0,1.289649261597958,22.380779325341777,0.03976045098830875,5.320000000000621,1.6968940299193631,-3.037693312865258,-9.450636977516698,69.33953128024422,-0.07466936476255569,0,0.4555182227181461,24.516129032258064,4.31508770415423e-05,0.00021575438520793355,0.00043150877041564506,0.0
1778583000,NZDCHF,bullish_exhaustion,0.46445,0.46469,0.46444,0.46464,91.0,1.3926011091447739,16.552115099062195,0.02905475206611489,4.094814814814666,1.0224106698141384,-0.8140380989166118,10.019841269841287,69.95884773660485,0.029100603068208254,1,0.5844489829756663,88.54961832061069,-6.456611570238024e-05,-2.1522038567534096e-05,0.00010761019283744844,1.0
1778649000,NZDCHF,bearish_exhaustion,0.46371,0.46376,0.46369,0.4637,39.0,1.4101873130501323,16.419500883440055,0.030962136849564243,-4.849154228857102,-1.4111216970604101,1.554073465854837,14.059156088143496,-22.574541658476047,0.049028620922089886,0,0.4883434969486249,48.091603053435115,-2.1565667457479343e-05,-4.313133491484766e-05,-4.313133491484766e-05,0.0
1778649300,NZDCHF,bearish_exhaustion,0.46369,0.4637,0.46361,0.46369,40.0,1.4533087501429802,16.04465369973647,0.029884497955838682,-4.950515463918477,-1.3601878158364455,4.447723840562524,0.9495829757287311,-38.64734299517208,0.029254552597303946,0,0.48336259108967644,45.5470737913486,-2.156613254544748e-05,-2.156613254544748e-05,-6.469839763634244e-05,0.0
1778649600,NZDCHF,bearish_exhaustion,0.46368,0.46371,0.46362,0.46368,66.0,1.4413294403276298,14.918503301541023,0.027882529823524137,-5.222541436465177,-1.3619082267918141,8.16702173752155,-8.014692726258701,-33.05849107731028,0.014529969447819922,0,0.4546992325332992,31.043256997455472,0.0,-4.313319530702131e-05,-0.0001725327812284183,0.0
1778649900,NZDCHF,bearish_exhaustion,0.46366,0.46369,0.4635,0.46368,83.0,1.2909250572202462,13.58499260174191,0.02911490683229818,-4.8459259259262835,-1.2173884443933807,14.738899163860914,-5.119947148935097,-51.31637661757366,0.007102011846271001,0,0.5329036428616513,67.68447837150127,-4.313319530702131e-05,-0.0001725327812284183,4.3133195307243355e-05,0.0
1778689500,NZDCHF,bullish_exhaustion,0.46454,0.46461,0.46448,0.46451,297.0,1.2167171615144994,14.462691597537825,0.029985514689824317,4.121025641026512,1.1795149840955053,-1.8505233158678323,0.08672936258889052,70.02895934404542,-0.013415136994447538,0,0.5405040733942709,72.01017811704835,-0.00015069643280007927,2.1528061828535172e-05,-6.458418548571654e-05,0.0
1778792100,NZDCHF,bearish_exhaustion,0.46315,0.46315,0.46277,0.46277,121.0,1.3485126997842685,12.108968881722461,0.022072056776122083,-6.19524475524392,-0.9196333529309929,0.5684116320588073,-14.358974358971217,-316.5862808145565,-0.2829752201142122,0,0.6996344771463179,99.74874371859298,-0.00025930807960761193,-0.0003673531127773577,-0.00019448105970576446,0.0
1778809800,NZDCHF,bearish_exhaustion,0.46227,0.4623,0.462,0.46204,120.0,1.4899730836396274,22.81276300864628,0.03895766600294381,-4.330000000000191,-1.0340482912352649,1.4932116692269135,-14.629629629627068,-94.40856985532486,-0.06013431662163193,0,0.5099320745166483,61.55778894472361,-2.164314777941545e-05,-2.164314777941545e-05,-0.00032464721669112073,0.0
1778835000,NZDCHF,bearish_exhaustion,0.45974,0.45977,0.45951,0.45957,94.0,1.5122006723384682,24.0643951275114,0.040255020997889905,-4.822702702702986,-1.3846881122183068,1.5477781284020549,1.2733446519500227,-99.16805324461686,-0.005123277703424245,0,0.5370872666379906,79.39698492462311,-0.00013055682485807463,-0.0002611136497159272,-0.00043518941619336005,0.0
1779438300,NZDCHF,bearish_exhaustion,0.46082,0.4609,0.46066,0.46071,274.0,1.5389750224729246,24.700505717908886,0.04201589472150027,-4.243394833948298,-1.1701914906887598,0.15056081983814085,-7.182940516277405,-82.13613819054743,-0.018503527268383224,0,0.5463821022037859,82.91457286432161,-0.0001085281413469863,-6.511688480825839e-05,-0.0001736450261553557,0.0
1779442200,NZDCHF,bearish_exhaustion,0.4605,0.46051,0.46036,0.46044,83.0,1.3352265591755867,16.811928611289275,0.03568015686858312,-4.525043478261181,-1.308910526530544,1.5679296795466633,22.61623325453582,-89.5522388059954,0.04040162601538176,0,0.5324774152905639,76.38190954773869,-0.00034749370167663773,-0.0004995221961602292,-0.00015202849448359146,0.0
1779442500,NZDCHF,bearish_exhaustion,0.46044,0.46044,0.46021,0.46028,176.0,1.2336865168570912,17.14154706924396,0.03553737476566908,-5.315109170306025,-1.3366463603680614,2.6236033229376234,10.218676122935406,-121.88669505742142,-0.027047713776998793,0,0.5432461502486352,80.90452261306532,-0.00015208134179200972,0.00019553315373244118,0.00028243677761352615,1.0
1779443400,NZDCHF,bearish_exhaustion,0.46037,0.46049,0.46036,0.46041,73.0,1.3563814843353486,17.553399103962278,0.03273479848706278,-4.249099526066621,-1.3260881793879284,0.8652890619570819,8.829966329964826,-47.06240487057159,0.0652076778057684,1,0.5181640288528327,67.33668341708542,-0.00017375817206399802,-0.0002823570296039968,-4.343954301588848e-05,0.0
1779720900,NZDCHF,bullish_exhaustion,0.45982,0.46004,0.45981,0.45998,189.0,1.5136958082785925,13.169686739714178,0.023758796966327354,7.054901960782591,1.7952507878846107,-0.7667023792565573,-1.1381976899176323,119.20529801326472,0.05903044424464475,1,0.4962990160766483,54.020100502512555,0.0001521805295883194,0.0,-0.00023914083221010518,0.0
1775193300,NZDJPY,bearish_exhaustion,91.099,91.099,91.067,91.073,34.0,1.2974895264690773,10.882027787080986,0.018117334445992332,-4.025454545453646,-0.9351343788560506,13.043865778137718,-15.009620009623248,-55.20485208568653,-0.0780070897137049,1,,,0.0,8.784162155639486e-05,6.588121616735165e-05,1.0
1775230500,NZDJPY,bearish_exhaustion,90.883,90.884,90.875,90.88,176.0,1.2987361707682044,11.31781283282538,0.02043511066398319,-5.561230769231623,-1.7910872651764524,5.0640886902331435,28.73808386231031,-17.527435377380097,0.0905068218994164,1,,,0.00018705985915512535,0.0002750880281690016,0.00023107394366195244,1.0
1775243100,NZDJPY,bearish_exhaustion,90.821,90.831,90.706,90.758,328.0,1.2413878553715514,11.753619006048476,0.021564411480449776,-5.1248175182496345,-1.0098654095479305,15.417503252537252,0.677191166328285,-240.93943729138434,-0.18016815874216527,0,,,-5.5091562176312614e-05,0.00018731131139970714,0.00026443949844634496,1.0
1775463000,NZDJPY,bullish_exhaustion,91.205,91.252,91.193,91.222,194.0,1.362976214978706,30.622026116566026,0.0499566207399837,5.028589341693646,1.4637927837876286,-0.46332042681832775,-6.147257052676515,73.75427235115212,-0.05552543638626139,0,,,-0.000241169893227422,-0.000515226590076967,-0.000471377518580951,1.0
1775606400,NZDJPY,bullish_exhaustion,92.189,92.234,92.152,92.175,2315.0,1.9176309289374,95.57739866558816,0.13468170018210807,4.154890678940925,1.450700070987316,-0.09767450591017734,-16.17463146874872,51.201519246221864,-0.0765173164133392,1,,,-0.00019528071602925579,-0.0013669650122049015,-0.0016815839435855295,1.0
1775606700,NZDJPY,bullish_exhaustion,92.177,92.2,92.113,92.157,2028.0,1.7266876514805043,81.30645231753287,0.12804236249009962,4.078644067796196,1.4163778441731691,-0.8843259522024027,-15.24664098104719,35.829398096093776,-0.07030018646616631,1,,,-0.0011719131482142986,-0.001486593530605429,-0.001584252959623278,1.0
1775625000,NZDJPY,bullish_exhaustion,92.373,92.399,92.363,92.373,501.0,1.7765310381279076,34.023318475831395,0.05080334234957971,6.65095890410922,1.9668822578785456,-0.14784447686454882,-2.0745428973272837,61.99616122841578,-0.039894159785998744,1,,,9.743106751969322e-05,0.00040054994424765233,0.0005954120792872608,0.0
1775625300,NZDJPY,bullish_exhaustion,92.371,92.393,92.347,92.382,423.0,1.5046498497157306,29.39921464083155,0.05126230527283314,6.559517345399324,1.8733941329356363,-1.0785784793437756,-3.9732770745398582,58.578938297156725,-0.022092691902316806,1,,,0.0003030893464093243,0.0004979324976726041,0.0005195817367020794,0.0
1775625600,NZDJPY,bullish_exhaustion,92.375,92.43,92.368,92.41,419.0,1.2311395833068817,25.171811813744522,0.05171054462257349,6.848071748878747,1.8234089275592253,-2.5843657881995483,4.526005901658678,100.66137566137633,0.01594516110294635,1,,,0.00019478411427331643,0.00021642679363709227,0.0005086029650469559,0.0
1775746200,NZDJPY,bullish_exhaustion,93.016,93.074,93.014,93.067,430.0,1.594274742498804,31.345151085747712,0.046280022533692095,4.961990049750163,1.4273044077343813,-0.5011814414985309,-4.483772934849597,86.3107221789712,0.0001986825801652548,0,,,-5.372473594289495e-05,-0.0003653282044118189,-0.00018266410220590945,1.0
1776102300,NZDJPY,bullish_exhaustion,93.434,93.454,93.425,93.449,145.0,1.472038960148814,17.837844436269506,0.03256168758207318,4.26046948356742,1.3612191768409236,-7.381047212997856,-10.753510077643881,55.773634281974864,-0.025941317761819266,0,0.4710725111523995,47.926267281105986,0.0,1.0701024087955702e-05,-3.210307226397813e-05,0.0
1776102600,NZDJPY,bullish_exhaustion,93.45,93.453,93.435,93.449,171.0,1.259927923359483,15.266467278575687,0.029733559787385618,4.42457583547562,1.4196534011450923,-14.775306096201447,-1.462288102233714,58.054753060949416,-0.024367143247936915,0,0.44578733313174,38.70967741935484,1.0701024087955702e-05,-3.210307226397813e-05,-0.00012841228905602353,1.0
1776108300,NZDJPY,bullish_exhaustion,93.53,93.539,93.526,93.53,123.0,1.7329623681241897,18.981313034720127,0.02879137327977454,4.032148541113404,1.2718056704415277,-1.3528668103593873,7.372997372995357,72.32484469495856,-0.03870995936691369,1,0.5878818103960031,75.57603686635944,-6.41505399336939e-05,-0.00019245161980119274,-0.00032075269966858055,1.0
1776134400,NZDJPY,bearish_exhaustion,93.315,93.321,93.294,93.301,235.0,1.4094461541822232,15.711373359800428,0.026718439704365084,-4.011461318052201,-1.0015604282917443,19.9317935388054,-15.698702016012085,14.550264550278381,-0.028383332598654405,1,0.465121256837605,44.47004608294931,-2.143599747050917e-05,-0.00027866796711717434,-0.0004072839519404514,0.0
1776333300,NZDJPY,bearish_exhaustion,93.69,93.698,93.671,93.675,155.0,1.3058035608039111,14.93768235961722,0.03095809981318,-4.058620689656636,-1.0976474589161545,0.6054362264655321,-6.206084079720661,-75.24849076159954,0.005088242377109279,1,0.6345465333854193,82.48847926267281,-0.00028823058446758587,-5.337603416066816e-05,0.0001281024819856924,0.0
1776404700,NZDJPY,bullish_exhaustion,93.896,93.916,93.896,93.91,78.0,1.2836783361899984,13.399750640601171,0.023959109785966198,4.045333333332563,1.2749550985694362,-0.8546611663632859,-3.016273849608119,64.0887505487167,-0.029785770156169882,0,0.5215156700205382,61.9815668202765,-6.389095942926915e-05,-8.518794590561818e-05,2.1296986476571078e-05,1.0
1776422400,NZDJPY,bearish_exhaustion,93.643,93.648,93.58,93.612,259.0,1.9099801672693981,21.777449157283783,0.030673723149050158,-4.00427860696632,-1.0748082209340306,3.3489250428638555,-21.36058913733857,-85.31288008539056,-0.062171929308658336,0,0.48230051273156577,51.382488479262676,0.00039524847241811933,0.0003632012989789324,0.00019228304063578783,1.0
1776714300,NZDJPY,bullish_exhaustion,93.565,93.576,93.565,93.575,45.0,2.0872717181789135,13.120562342331956,0.0174802488454606,4.742882096070618,1.3719749156419283,-0.23870154954445866,23.084091834104292,76.70817369098346,0.007738137941662388,0,0.4932828905238862,55.06912442396313,-8.549292011761356e-05,3.205984504406345e-05,-0.00016029922522042828,0.0
1776714900,NZDJPY,bullish_exhaustion,93.569,93.585,93.562,93.578,135.0,1.707030765620383,11.167338360878428,0.018242993621819054,4.446025104602643,1.25843232774118,-0.17944531890680082,9.528619528619416,76.7838430027604,0.009869106864907728,1,0.47634375279510544,50.0,-0.00019235290346020228,-0.00021372544828912599,-0.0001709803586313896,1.0
1776729600,NZDJPY,bullish_exhaustion,93.806,93.875,93.804,93.85,318.0,4.87992370843095,58.072183585576035,0.03813075576527931,6.6194011976031195,2.0293998695065008,-0.8093862800539853,12.749227388970507,41.50563607086448,0.007800810491440111,0,0.4019058895531657,8.830022075055188,0.0004262120404903147,0.0005327650506128379,0.0009589770911029305,0.0
1776734100,NZDJPY,bullish_exhaustion,93.983,94.012,93.97,94.008,240.0,2.0056220022277254,27.930777409183833,0.03631909746282733,8.138744769875775,1.9919481129618657,-1.561374918639359,2.3913028674926835,89.69178353537713,0.009270902750012406,1,0.5042352246301509,57.615894039735096,-0.0001808356735596428,0.0001701982809974023,0.00040422091736891375,0.0
1776734400,NZDJPY,bullish_exhaustion,94.005,94.005,93.989,93.991,151.0,2.1391177825868777,26.781159440378843,0.03526173478615399,7.549741379311882,1.967354469957028,-1.0651088563341773,0.5013857394798151,82.48138331440764,-0.039293050817877574,1,0.4745623843917668,39.51434878587197,0.0003510974455001037,0.0005851624091668395,0.0009043419050760448,0.0
1776734700,NZDJPY,bullish_exhaustion,93.992,94.024,93.978,94.024,163.0,1.9744647763169914,25.641826477228488,0.034413705923105845,8.34931567329022,2.005551212340744,-5.018280352003373,11.402116402114714,95.63029055136727,0.02954344104480031,1,0.47152166640066856,37.969094922737305,0.0002339828128989918,0.0005530502850334962,0.000787033097932488,0.0
1776735000,NZDJPY,bullish_exhaustion,94.025,94.055,94.02,94.046,228.0,1.8659857218974605,24.23007293722257,0.034709458289408045,8.532954048140802,2.011668521503208,-4.936462408412396,5.971573814712883,131.73071086017544,0.049958457427718955,1,0.4792065434282899,42.60485651214128,0.00031899283329428485,0.0005529209110435307,0.00013823022776082716,0.0
1776736800,NZDJPY,bullish_exhaustion,94.067,94.069,94.028,94.029,329.0,1.3893372195695712,20.335779726721615,0.034108018346921065,5.7346993318493995,1.887346360326853,-2.5129130145967338,-21.13400673400981,58.09106166420029,-0.12143225179505869,0,0.42006937245533155,14.79028697571744,0.00041476565740361515,0.0005530208765380795,0.0003296855225516371,0.0
1776737100,NZDJPY,bullish_exhaustion,94.029,94.074,94.029,94.068,222.0,1.2923867205513364,19.080170973049654,0.03538473687727266,6.286180257511251,1.7626259777004696,-15.922932627220945,-9.508738220863275,72.47333113383418,-0.006972302960990108,0,0.4399391294831187,22.29580573951435,0.00013819789939195637,-8.50448611642296e-05,-0.00030828762172041557,1.0
1776737400,NZDJPY,bullish_exhaustion,94.068,94.084,94.068,94.081,166.0,1.3007957623443083,19.03701074788109,0.034772468101194276,6.421048034935111,1.760139918678908,-20.14982830729336,10.193714904321155,94.61307082310319,0.01318095047611852,0,0.554166821860761,78.36644591611478,-0.00022321191313867672,-0.00044642382627735344,-0.00037201985523105385,1.0
1776737700,NZDJPY,bullish_exhaustion,94.081,94.081,94.054,94.06,144.0,1.3033992880703584,18.02050122136238,0.03478023146319858,5.425764192140203,1.662804342150861,-19.63081566984772,18.11319544653137,66.44019815995757,-0.04070427230890524,0,0.5819441885523676,89.62472406181016,-0.00022326174782050234,-0.00014884116521363122,-0.0005634701254517704,1.0
1776738000,NZDJPY,bullish_exhaustion,94.057,94.057,94.03,94.039,129.0,1.2500185545500075,17.015926669078997,0.03509182360509918,4.410303030303472,1.5032586365124496,-14.593175038273216,-2.505757858697379,22.518035557947602,-0.07120651305054061,0,0.5435526342048803,75.05518763796908,7.443720158661904e-05,-0.00034028435011002056,-0.0004466232095194922,1.0
1776738300,NZDJPY,bullish_exhaustion,94.037,94.063,94.036,94.046,99.0,1.2052073076612033,16.251538571962705,0.033949951543468734,4.438031319911524,1.4359497500148022,-9.685497976512803,-16.179606522742745,29.497098646027354,-0.03306391445279221,0,0.5177233654320158,62.69315673289183,-0.00041469068328270353,-0.0005210216277141688,-0.0008825468387811952,1.0
1776917700,NZDJPY,bearish_exhaustion,93.834,93.852,93.828,93.85,184.0,2.5797496677445015,37.03828709225871,0.0359235862698842,-4.712542372881585,-1.820520011611818,0.07883655173123151,31.77193980916043,-44.51534487998711,0.15086519545635088,1,0.4903171062118376,48.12362030905077,-0.00022376132125734305,-9.589770911033746e-05,0.00014917421417171006,0.0
1776918000,NZDJPY,bearish_exhaustion,93.847,93.859,93.826,93.829,204.0,2.2150393120153766,32.1838498966109,0.03699739495708791,-5.04115226337436,-1.6733236367706008,1.1979147729040194,16.453580439190063,-44.65625275791121,0.06756532521464752,1,0.4969697805355123,51.65562913907284,0.00012789222948139667,0.00037301900265385157,0.0004582804889747827,1.0
1776918300,NZDJPY,bearish_exhaustion,93.829,93.844,93.828,93.841,197.0,1.880411688311696,26.4436321199284,0.03623149795931409,-4.617058823529966,-1.5850562097282996,1.6801108161380611,-0.14726424011442418,-40.17622304049234,0.07652961625886559,1,0.40126601706544274,8.609271523178808,0.0002450954273718331,0.0003303460108055045,0.00040494027130999477,1.0
1777281900,NZDJPY,bullish_exhaustion,94.072,94.085,94.052,94.084,262.0,2.4132619540940516,27.51405009916445,0.037884079272626395,5.575871743486492,1.7083914650617973,-0.04957482275150937,3.1810307071618666,59.74395448079221,-0.03139835071616733,0,0.5729459201364957,86.53421633554083,-0.00020194719612265377,-0.00031886399387781594,-0.00022320479571447116,1.0
1777282500,NZDJPY,bullish_exhaustion,94.062,94.062,94.048,94.054,232.0,2.1012831328542854,22.612714388391925,0.03022579733830688,5.519095477386747,1.8480236586076217,-1.97900591360019,-4.046370910482501,26.643157997850523,-0.08453512692549582,0,0.45607612075634313,30.90507726269316,9.568971016649108e-05,6.379314011106807e-05,0.0005209773109065008,0.0
1777282800,NZDJPY,bullish_exhaustion,94.055,94.067,94.055,94.063,130.0,1.8853914569031291,19.806816922647183,0.02726136434395644,6.236434540391405,1.9151161129315948,-8.415303520020217,-11.54837764593534,31.51346008489158,-0.04067404778688444,0,0.44187221016792116,22.958057395143488,-3.189351817400876e-05,0.0004252469089864874,0.00039335339081247866,0.0
1777283100,NZDJPY,bullish_exhaustion,94.063,94.078,94.054,94.06,217.0,1.7985182689387142,18.434347812405413,0.026578779502443736,6.023200000000544,1.824985008935404,-18.698289230836693,-4.88482384823131,30.507780507800508,-0.0351935611088231,0,0.4224989968832404,15.673289183222957,0.00045715500744192283,0.00042526047203894635,0.0005209440782478758,0.0
1777283400,NZDJPY,bullish_exhaustion,94.058,94.103,94.057,94.103,169.0,1.4316590751536944,15.707904712709228,0.028388346507851336,6.9902673796792465,1.7146228361314464,-22.389181836689374,18.699186991872075,78.97289821867743,0.08339758850570254,1,0.4686932534906235,35.98233995584989,-3.187996131903681e-05,6.375992263807362e-05,0.0,0.0
1777350600,NZDJPY,bearish_exhaustion,93.857,93.871,93.843,93.869,120.0,1.9812731611517465,22.960028112105576,0.0351553761092589,-5.795151515150413,-1.8061686256728544,1.0746847429021058,15.127500417302116,-42.54680523769363,0.07424804439716916,0,0.3924438863910921,6.181015452538632,-4.261257710214128e-05,-0.0005220040695012029,-0.00043677891529680934,0.0
1777350900,NZDJPY,bearish_exhaustion,93.867,93.876,93.856,93.865,113.0,1.2652512668143252,14.556154412018886,0.034091514408992205,-5.86937499999908,-1.7371614102507913,5.102223326797023,14.882980664339087,-27.7067784480327,0.04501099073201722,0,0.4349394401497418,20.97130242825607,-0.00047941192137646027,-0.00039418313535388716,-0.0002450327598145785,0.0
1777434600,NZDJPY,bearish_exhaustion,93.531,93.538,93.523,93.534,142.0,2.136026534823238,32.59436528100978,0.043452495502016714,-5.984323374340568,-1.8721949769384874,0.06621156961827254,18.745030554991047,-54.677452810626384,0.06618623491897042,1,0.48813335817684306,47.24061810154526,-3.2073898261542055e-05,0.00014967819188749232,0.00011760429362572822,1.0
1777434900,NZDJPY,bearish_exhaustion,93.532,93.538,93.52,93.531,104.0,2.011777546098655,27.864133603327314,0.04307204486824024,-5.912269503545817,-1.7868255505757644,0.7343263542502482,19.04490106545274,-53.00287483194935,0.04678735111648687,1,0.4780420907534985,42.16335540838852,0.00018175791983399137,0.0001496829928044896,0.0002245244892067344,1.0
1777435200,NZDJPY,bearish_exhaustion,93.535,93.555,93.533,93.548,168.0,1.8403843936354811,24.154930219089977,0.04054450274572501,-5.634802259886588,-1.7556349024143956,2.1079932908334538,11.264486368127365,-28.845241483981596,0.06690201447696545,1,0.4352706496623606,21.41280353200883,-3.2069098216958025e-05,4.27587976226107e-05,8.55175952452214e-05,1.0
1777435500,NZDJPY,bearish_exhaustion,93.55,93.555,93.545,93.545,61.0,1.58806046574052,18.740239607599804,0.03909501156815287,-5.709374999999901,-1.6910054083193446,5.962494629959998,3.3071947545613085,-15.624015623997442,0.04132008819362773,1,0.4352431516332223,21.192052980132452,7.483029557975307e-05,0.00011759046448234223,0.00024587097119033174,1.0
1777435800,NZDJPY,bearish_exhaustion,93.543,93.566,93.543,93.552,121.0,1.2426213498541248,14.239733942832146,0.032983947812063874,-6.259814814814263,-1.8427097165083937,11.87249771402923,0.43368467281744927,10.387707161497843,0.04528276403665434,1,0.5382519432526476,72.18543046357617,4.275696938593754e-05,0.0001710278775439722,0.0002351633316228785,1.0
1777436100,NZDJPY,bearish_exhaustion,93.554,93.558,93.549,93.556,36.0,1.2593394013480521,12.385505987975428,0.02977590198078358,-6.499589743589031,-1.866329974197567,22.782094978478128,-2.0112933299416653,28.400597907309923,0.036922851500064115,1,0.5697860446987771,84.98896247240619,0.00012826542391719542,0.00019239813587579313,0.00032066355979298855,1.0
1777437000,NZDJPY,bearish_exhaustion,93.572,93.597,93.571,93.586,117.0,1.201480243664758,9.658975695610827,0.02556853741860107,-5.391044776118291,-1.5002012875889186,9.165090858351562,3.338589193057146,172.61548687279074,0.03858643796065127,1,0.621428147494596,94.92273730684326,0.0,0.00014959502489686471,0.0001816511016603517,1.0
1777437300,NZDJPY,bearish_exhaustion,93.588,93.594,93.581,93.586,89.0,1.4472829812033006,10.520805328629837,0.022973521680593398,-5.667906976743399,-1.4496997796301323,5.635417112306172,-1.2368044372830695,155.55555555561384,0.005153756061248771,1,0.6388528774477413,97.35099337748345,0.00014959502489686471,0.0001816511016603517,-7.479751244854338e-05,1.0
1777437600,NZDJPY,bearish_exhaustion,93.584,93.608,93.582,93.6,100.0,1.3876535040072364,10.739456677079735,0.02258852258852417,-4.762837837837663,-1.2293220963002327,3.3441624710350197,-3.2921810699577634,166.2162162161953,0.021145340643698756,1,0.568821890328869,84.32671081677704,3.205128205130414e-05,-0.00022435897435901797,-0.00011752136752130049,0.0
1777437900,NZDJPY,bearish_exhaustion,93.601,93.608,93.592,93.603,72.0,1.5505661821275551,11.86732419864798,0.02037480483684317,-4.751610486891764,-1.1220808448306785,1.9353120712708147,0.7026281331784503,155.5555555555799,-0.00580529556754682,1,0.5916545294988428,91.83222958057395,-0.00025640203839616404,-0.00014956785573105869,-0.00014956785573105869,0.0
1777438200,NZDJPY,bearish_exhaustion,93.601,93.601,93.579,93.579,44.0,1.5752307823698202,12.055831584890708,0.020380030318159322,-5.609438202247801,-1.0210488555026307,1.0992783636070413,-11.324076601861023,98.0156343957231,-0.11642914658618131,1,0.5143420125483038,61.81015452538632,0.00010686158219264108,0.00010686158219264108,0.0001602923732888506,1.0
1777438500,NZDJPY,bearish_exhaustion,93.577,93.591,93.573,93.589,156.0,1.5545317497814697,12.429009281613405,0.01938567261415178,-4.96062992126044,-0.9338995623906355,0.6154504098658435,-14.933723405943532,82.62871101092229,-0.07134667014573287,1,0.46360196302466916,34.216335540838855,0.0,5.342508200745222e-05,-0.00020301531162858488,1.0
1777438800,NZDJPY,bearish_exhaustion,93.589,93.605,93.573,93.589,166.0,1.5265336816509296,12.792268286660137,0.02068313889147757,-4.265092250922828,-0.762969395319557,0.3406329496995113,-13.923895034999575,84.38375350144483,-0.06815004294100463,1,0.48866756302608405,47.682119205298015,5.342508200745222e-05,-0.00020301531162858488,-0.0003526055412494955,0.0
1777439400,NZDJPY,bearish_exhaustion,93.596,93.598,93.568,93.57,146.0,1.31722087112736,12.220129679297155,0.021374372127821003,-4.431999999998725,-0.6245376947944034,0.10161108482765258,-4.69326469326802,43.022415039771495,-0.12968585797049959,1,0.48859867721409966,47.46136865342163,-0.00014962060489465134,-0.00011755904670296413,-8.549748851127692e-05,0.0
1777551600,NZDJPY,bearish_exhaustion,91.817,91.931,91.782,91.9,1981.0,1.245171561918536,96.38260511837672,0.20892274211099152,-4.0165624999999805,-1.410080018775434,1.4578372336365644,0.201402112603418,-21.60595870730006,0.07529083092572748,1,0.8386375294693613,91.61290322580645,0.00029379760609349326,0.000576713819368857,0.001338411316648358,1.0
1777553700,NZDJPY,bearish_exhaustion,92.014,92.062,92.011,92.015,1737.0,1.6011126295701041,67.06168863026012,0.11535386311238108,-4.351305518169719,-1.0562291703761875,4.902613053727933,-17.735436867985023,78.45793260842376,-0.05017690524847002,1,0.8733712908381407,95.05376344086022,0.00028256262565884427,-0.0006738031842633552,-0.0004238439384882664,0.0
1777554000,NZDJPY,bearish_exhaustion,92.016,92.053,91.989,92.041,2120.0,1.6458262596811737,66.06952482534075,0.10391331813306792,-4.324212098581291,-1.0286181881038359,2.883035641132693,-14.41542703650046,79.61278894251419,-0.040506891017747994,1,0.6965510340119183,86.23655913978494,-0.0009560956530241249,-0.0007062070164383094,0.00010864723329828685,0.0
1777554300,NZDJPY,bearish_exhaustion,92.041,92.093,91.95,91.953,2051.0,1.5981196604287702,66.0332223355952,0.10774137719424988,-4.81188175919279,-0.943972698109031,1.657382263374373,-15.674071752503757,64.72153819365948,-0.1029248154670362,1,0.6931182253129867,85.80645161290322,0.0002501277826716386,0.0010657618566005667,0.0004132545974573354,1.0
1777554600,NZDJPY,bearish_exhaustion,91.953,91.997,91.737,91.976,2990.0,1.4441029069173517,66.64329841891772,0.11548043589010867,-4.054068594485635,-0.8173391232134858,0.9366234761347414,0.20207124762760031,17.285332338481297,-0.06288069112831882,0,0.4209037116639132,16.344086021505376,0.0008154301122031971,0.0001630860224406394,-0.0006305992867703392,1.0
1777651500,NZDJPY,bullish_exhaustion,92.739,92.76,92.735,92.755,1099.0,1.4208507648471091,24.94427568728498,0.04782183478749993,4.14769726247974,1.3218626668076205,-9.263193432264828,-10.518518518522662,26.793525809266484,-0.0371605547360938,0,0.6143625435239672,74.83870967741936,0.0001832785294595407,0.00040968141879149655,-0.00012937307961835565,0.0
1777651800,NZDJPY,bullish_exhaustion,92.757,92.779,92.746,92.772,913.0,1.243730157941681,21.618206570043647,0.04619620451984059,4.491200000000026,1.300956520704406,-20.044427780120827,1.1851851851847073,42.71503803393825,0.000472302924413911,0,0.5147445489427187,45.16129032258064,0.00022636140214715716,-0.00031259431725105813,0.00012934937265551838,1.0
1777977600,NZDJPY,bullish_exhaustion,92.705,92.725,92.675,92.679,389.0,1.3724890407558932,23.103370399580832,0.04477821297165399,4.002409638554981,1.510834084567268,-2.3544836265289177,-27.332777951332467,34.70020307100561,-0.12192033405354044,1,0.7058421759062548,87.09677419354838,6.473958501929111e-05,0.00017263889338470229,0.00022658854756740787,0.0
1777977900,NZDJPY,bullish_exhaustion,92.68,92.687,92.671,92.685,275.0,1.2356819740253226,20.15909686013261,0.042848665603155325,4.161726618705768,1.4366611392063817,-7.576523033651114,-22.87535045152172,9.39381774387135,-0.07656854437389538,1,0.6181787595631779,76.34408602150538,0.00010789232346097855,0.00016183848519180088,0.0001834169498839966,0.0
1777983000,NZDJPY,bullish_exhaustion,92.778,92.815,92.753,92.8,1193.0,1.22807409098346,16.422538138258957,0.03571428571428452,4.576551724138481,1.17472737218055,-0.8461499434256523,-3.8708213982376947,132.11876541931719,0.03061074425233132,1,0.5076656207748257,41.29032258064516,0.000258620689655098,0.0004202586206896175,0.000969827586206895,0.0
1777986300,NZDJPY,bullish_exhaustion,92.856,92.91,92.855,92.902,557.0,1.2422093267122583,21.62966496459659,0.04420941268372135,4.199999999999758,1.036851154485251,-16.727927973025785,26.044086885398883,135.4473139370053,0.08752735384761666,1,0.5895985550056592,68.38709677419355,-0.0004090331747432785,-0.000290628834686002,-0.00036597705108620815,1.0
1777995300,NZDJPY,bullish_exhaustion,92.998,93.103,92.994,93.088,956.0,1.4997359776363786,31.107858106013616,0.0499527328979006,4.638279569892833,1.1972067856032016,-0.2955019953490705,-8.422293414220462,130.53099428419478,0.04881659184959108,0,0.39354734375278566,9.67741935483871,-0.0002148504640769877,-0.00017188037126147915,-0.00019336541766934445,1.0
1778038200,NZDJPY,bullish_exhaustion,93.644,93.654,93.617,93.632,385.0,1.8395607595141827,34.37115550229792,0.04264415096181994,6.901824686941123,2.1830718174287993,-0.06955252480047136,-15.365276778475529,75.72653463844082,-0.09006700486640595,0,0.41787509790139143,14.838709677419354,-0.00014952153110059374,-6.40806561859053e-05,-0.0005980861244020419,1.0
1778038500,NZDJPY,bullish_exhaustion,93.634,93.651,93.604,93.618,344.0,1.747426816398442,33.543393130755774,0.043566102977753346,6.164903677758551,2.0048226689881434,-1.8003869952704719,-12.667582488456333,58.40584964949875,-0.09410252053616308,0,0.49343208462262905,36.12903225806451,8.545365207557332e-05,-0.0004486316733961493,-0.0005234036189620817,1.0
1778038800,NZDJPY,bullish_exhaustion,93.618,93.628,93.586,93.626,360.0,1.6314294968613545,32.63912093564689,0.04508820809848148,5.899424703892099,1.82982203914943,-5.037152724841377,4.029372188086882,42.435168492582875,-0.05614626883177575,0,0.4955114916516106,37.41935483870968,-0.0005340396898299016,-0.0006088052464059412,-0.0008224211223377687,1.0
1778039100,NZDJPY,bullish_exhaustion,93.624,93.626,93.576,93.576,197.0,1.4622406266913823,30.87760662077239,0.0461046177896641,4.397019867548836,1.595436697577284,-7.929304161857374,-1.4989738393980083,18.056580565803536,-0.11607229908007663,0,0.5517583458805019,57.204301075268816,-7.480550568517152e-05,-0.0002885355219285346,0.0001496110113705651,1.0
1778040600,NZDJPY,bullish_exhaustion,93.59,93.643,93.589,93.643,256.0,1.3298251143301512,22.390821258782328,0.04202892138989778,5.237676950998065,1.1544818703145368,-6.419731402622942,26.88255174011921,36.59259259258603,0.11332035000139107,1,0.6018897542016957,72.68817204301075,-0.00033104449878795794,2.1357709599101327e-05,-0.005125850303813406,0.0
1778047500,NZDJPY,bearish_exhaustion,92.996,92.999,92.954,92.976,894.0,3.8736227850132736,74.60865987483301,0.07167748359023361,-4.389667738478593,-1.1217452316019216,18.23172009255198,-2.755349726319409,71.95447603934268,-0.014451006878303904,1,0.6147032117404138,75.48387096774194,0.0003334193770436755,0.00036568576837048283,0.0008819480295991777,1.0
1778047800,NZDJPY,bearish_exhaustion,92.973,93.024,92.935,93.007,902.0,3.5352958489741577,76.31285552623149,0.06566326036903333,-4.132538011696294,-1.0557843052864777,12.577862135742023,1.4279244115692364,78.00394406750826,0.0057662584127431546,1,0.36658928921134937,6.666666666666667,3.2255636672529064e-05,0.000548345823432772,0.00035481200339759766,1.0
1778048100,NZDJPY,bearish_exhaustion,93.006,93.032,92.989,93.01,701.0,3.778533990311934,76.66659707041298,0.05460242370251817,-4.732433192686622,-1.091872803041808,8.019966882497258,-0.2474614921908369,82.5532492199194,-0.014164333110817436,1,0.33696692321903066,3.4408602150537635,0.0005160735404794448,0.00032254596279979175,3.225459627986815e-05,1.0
1778049000,NZDJPY,bearish_exhaustion,93.04,93.048,92.996,93.013,796.0,1.5813656990709808,35.59701020287401,0.05498463348441153,-4.128435754190067,-0.6103847745929466,1.6516418991078297,-4.033490048984945,86.8927051225653,-0.07980729105759855,1,0.3596272131010372,5.376344086021505,0.00015051659445441956,-0.0002902820035909359,0.00050530570995444,0.0
1778150100,NZDJPY,bullish_exhaustion,93.469,93.503,93.466,93.499,291.0,1.2548902324790772,18.370162386811543,0.03697518537249511,4.245702479339373,1.1101500868753533,-7.374154690715628,-5.046543870072931,71.12803932850939,0.0047558888084232925,0,0.48667814100354306,47.837150127226465,0.000278077840404789,0.000278077840404789,0.0004171167606070725,0.0
1778150400,NZDJPY,bullish_exhaustion,93.497,93.534,93.492,93.525,234.0,1.29415898104758,19.054568038967727,0.037270401344179464,4.750819672131357,1.135587004142703,-7.303023977604923,13.239172569629119,110.30152242166841,0.04408267196253291,1,0.5678088497904147,82.95165394402035,0.0,0.0001390002673080648,-2.138465650902699e-05,0.0
1778150700,NZDJPY,bullish_exhaustion,93.525,93.536,93.516,93.525,603.0,1.3261759157533053,19.070540920395178,0.03497918814679136,4.841310043669107,1.22501250529395,-2.3713939153220593,22.886470816404994,116.08683259067821,0.020170825068306242,1,0.6081829833186342,91.85750636132316,0.0001390002673080648,-2.138465650902699e-05,0.0,1.0
1778515500,NZDJPY,bullish_exhaustion,93.71,93.715,93.699,93.711,245.0,1.3795717734645359,12.193391258055522,0.02583932058593724,4.950796460176971,1.3985987958562092,-1.1881545746794586,-8.436070604093281,76.96969696970916,-0.026770226261309777,1,0.5245915619824869,63.358778625954194,0.0001600665877004026,0.00011738216431367299,9.603995262019716e-05,0.0
1778515800,NZDJPY,bullish_exhaustion,93.712,93.728,93.71,93.726,240.0,1.4294433368412507,12.023251786497033,0.023701305629480862,5.806173633440691,1.5174625506078012,-3.5401850945061284,2.4980642663673507,101.89150606713113,0.015477114023913077,1,0.48982436654587824,48.60050890585242,-4.267759213028022e-05,-6.401638819542033e-05,-2.1338796065029086e-05,1.0
1778516100,NZDJPY,bullish_exhaustion,93.726,93.733,93.722,93.722,351.0,1.4986887421656132,11.965342504898235,0.02233047889350729,5.697474402730888,1.571216494714528,-2.845067377642053,6.791089870361631,104.5442250473158,-0.012442045714126123,1,0.5239691047510393,63.104325699745544,-2.1339706792411484e-05,2.1339706792522506e-05,4.267941358482297e-05,0.0
1778516400,NZDJPY,bullish_exhaustion,93.722,93.727,93.716,93.72,256.0,1.5985984409188216,12.285000146349505,0.021416377050181405,5.562135231317454,1.5794520652755093,-5.3174374357717795,2.7100271002721996,84.67886616433395,-0.024545200549590276,1,0.44804322164049537,27.735368956743002,4.268032437049207e-05,6.402048655562709e-05,5.335040546294856e-05,0.0
1778516700,NZDJPY,bullish_exhaustion,93.72,93.724,93.708,93.724,316.0,1.6804840079009788,12.339909336968343,0.020043654011476984,5.835285171103029,1.6360319977513345,-19.775876512743054,-4.061324595759288,73.63640576484273,-0.011882627131056565,1,0.2865653841670445,3.0534351145038165,2.1339251419005834e-05,1.0669625709391894e-05,-0.00039477615125271814,0.0
1778517000,NZDJPY,bullish_exhaustion,93.723,93.733,93.721,93.726,189.0,1.6105568851353151,11.344582680992957,0.018823866528881166,6.038704453441955,1.6882218766855603,-21.775020490380065,-1.862347641758717,95.23809523811755,-0.00926681097071694,1,0.4143793678679141,16.539440203562343,-1.0669398032625566e-05,-0.00041610652326995456,-0.00023472675671643017,1.0
1778517300,NZDJPY,bullish_exhaustion,93.724,93.731,93.716,93.725,146.0,1.4457339833188474,9.81281023269238,0.018366802575927148,5.846307053941142,1.6627095738490507,-16.83149776983557,0.8888888888845656,87.58664146189173,-0.01753057815789882,1,0.5099011164097795,54.961832061068705,-0.00040544145105358975,-0.00022405974926642536,-0.00025606828487600986,1.0
1778649300,NZDJPY,bearish_exhaustion,93.698,93.702,93.689,93.695,175.0,1.2444948352540892,13.121859671155281,0.029350552324028324,-4.731636363637353,-1.1983166910444591,10.771125219016195,-0.26886512180966804,-18.96806751932569,0.00942179627714541,0,0.528965974516866,66.41221374045801,0.00024547734671021004,0.0002774961310636481,0.00014942099364967376,1.0
1778812200,NZDJPY,bearish_exhaustion,93.25,93.261,93.239,93.256,733.0,1.267338782553397,19.290393571792492,0.044271375874703485,-4.21986159169537,-1.2470770309312393,1.680840690375461,7.393427462704359,-67.52873563218793,0.034912871200822176,0,0.5111303533000289,63.31658291457286,0.0,0.00023590975379605972,0.0003109719481855233,1.0
1778812500,NZDJPY,bearish_exhaustion,93.257,93.265,93.251,93.256,491.0,1.2555567304500692,18.14309567062943,0.04151398914202283,-4.310553505534947,-1.2577829708044839,3.405753268333558,2.3947114963677762,-52.66723880933541,0.02931440075050526,1,0.5012288955220153,56.78391959798995,0.00023590975379605972,0.0003109719481855233,0.00077206828515064,1.0
1778819100,NZDJPY,bearish_exhaustion,93.223,93.227,93.176,93.177,410.0,1.4367334602438193,16.39164938110664,0.029437062181195434,-4.285312499999513,-0.9861160205954692,2.6839189205705622,-11.403406192139077,-153.8461538461173,-0.09098597980716039,0,0.4991169449937169,55.527638190954775,0.0003005033430996118,0.00020391298281752235,-0.0002146452450713099,1.0
1778823900,NZDJPY,bearish_exhaustion,93.055,93.055,92.915,92.943,1689.0,1.5764396292790932,35.557585554153874,0.052336224506262914,-5.317121879589551,-1.2697111144056044,0.6228479534998836,-18.89168103802168,-126.84619376224522,-0.10815527034937374,0,0.6032555907187774,96.4824120603015,0.00032277847713113594,0.00017214852113656143,0.0008284647579699378,1.0
1778832000,NZDJPY,bearish_exhaustion,92.844,92.845,92.789,92.797,546.0,1.2055376765928014,20.556989864777883,0.04910873042385954,-4.691974921629708,-1.0285348500417606,1.3546966967025327,-7.944006124288629,-151.8502006241631,-0.08440770106388419,0,0.5022038131637194,57.537688442211056,-0.00011853831481611898,-0.00026940526094587636,-0.0003125101026972832,0.0
1778835600,NZDJPY,bearish_exhaustion,92.748,92.758,92.691,92.702,591.0,1.5946455394452548,30.038562288113212,0.04761802026154757,-4.551132686084607,-1.3104939657358317,4.333810428298349,-3.9374847905964288,-82.51837980303583,-0.016526235696106457,0,0.5170924791378237,67.08542713567839,-0.0004099156436754292,-0.0009277038251601644,-0.0014023429915211993,0.0
1778835900,NZDJPY,bearish_exhaustion,92.706,92.723,92.664,92.664,862.0,1.551000435281956,29.889071758895415,0.04941046607713534,-5.029516380655437,-1.325566272335983,2.9917606262245133,-18.771285186271562,-112.35495007584419,-0.05191927039579318,0,0.5016446938872804,57.286432160804026,-0.0005180005180005498,-0.000992834326167591,-0.0005180005180005498,0.0
1778837700,NZDJPY,bearish_exhaustion,92.643,92.663,92.62,92.643,565.0,1.264157620569871,28.363618671767913,0.052814105144016917,-4.113751824817443,-1.3935796052412126,0.39082627708906137,19.830735713088316,-73.98661944115361,0.06675283807247175,1,0.5520933883603321,86.4321608040201,-0.0002914413393348969,-0.0006152650497069923,-0.00047494144187898435,0.0
1778838000,NZDJPY,bearish_exhaustion,92.641,92.642,92.608,92.616,427.0,1.2699501520069718,28.003159910008495,0.05051580103407011,-4.686045801526085,-1.4333671874784613,2.2587201638195493,9.40289648623095,-85.37296037298263,0.020484611607584857,1,0.5503364695736509,85.42713567839196,-0.000323918113500965,-0.0001835535976504321,0.000323918113500854,0.0
1778838300,NZDJPY,bearish_exhaustion,92.615,92.62,92.579,92.586,311.0,1.2697327390863171,28.330170008926256,0.05099505941966045,-5.080242057488689,-1.4361929723712927,2.0941171676385544,-12.890075251041857,-103.05848550148247,-0.015488227696724201,1,0.5327537859059085,76.63316582914574,0.0001404099971917816,0.0006480461408853166,0.0007452530620180031,1.0
1779089100,NZDJPY,bullish_exhaustion,92.893,92.947,92.893,92.941,834.0,1.3187864269246512,20.276111823309265,0.039425933810542706,4.242027290448382,1.1664479164541277,-1.209644151221113,-9.138678932725142,82.84495804102816,-0.003949708606884069,0,0.46914868436704954,36.4321608040201,0.0004841781345155116,0.0004949376486156343,0.0001721522256052932,0.0
1779089400,NZDJPY,bullish_exhaustion,92.939,92.996,92.935,92.986,1001.0,1.3101933103069272,21.721974109218472,0.04109681641783113,5.097046728971984,1.198860662624933,-4.584553337849684e-06,-2.3973359101297333,140.50870147257416,0.06210251450350442,1,0.5201789519794152,68.09045226130654,1.0754307099958282e-05,-0.0003118749058999004,-0.0003226292129998587,1.0
1779690000,NZDJPY,bullish_exhaustion,93.336,93.351,93.315,93.343,143.0,3.7195520898380288,40.817036366210814,0.02617075884487573,4.394035087719449,1.5801802873715909,-0.1802734519606588,-0.5782065912795105,21.23352749205164,-0.07031008219158774,1,0.47982367236073387,42.462311557788944,-0.000139271289759324,3.213952840597223e-05,0.00014998446589453707,0.0
1779690600,NZDJPY,bullish_exhaustion,93.331,93.352,93.32,93.346,205.0,2.4606535038732296,27.206393270035342,0.027394241393772514,4.1585474860332585,1.3041741163807656,-1.6742915438697281,6.002351557915254,0.9576749318495837,-0.015736829097790794,1,0.4842791780206363,46.231155778894475,0.00011784115012947183,-0.0001071283182997318,-3.213849548988623e-05,1.0
1775186700,NZDUSD,bearish_exhaustion,0.57094,0.57096,0.57094,0.57095,4.0,2.001232361938993,10.935159704314302,0.015888306456657366,-4.905511811025188,-1.5028788132329864,1.3983725241217337,3.011803011805249,-24.056641725033444,0.05642491665067581,1,,,3.502933706989175e-05,5.254400560494865e-05,0.00014011734827934497,1.0
1775187000,NZDUSD,bearish_exhaustion,0.57095,0.57097,0.57095,0.57097,8.0,2.1190462814334348,10.39154779227314,0.012259838520412394,-5.834285714287063,-1.7778633320896111,6.0993836421062415,20.76719576718856,-13.135402609123894,0.06690441389817518,1,,,1.7514055029366205e-05,0.000105084330175087,7.005622011679868e-05,1.0
1775187300,NZDUSD,bearish_exhaustion,0.57096,0.57104,0.57096,0.57098,22.0,1.975874454796421,9.96644893064948,0.012760016613040109,-5.2513725490202185,-1.5499523691037955,19.290196851965774,13.156288156276347,8.527715073977069,0.047506625273859696,1,,,8.756874146209626e-05,5.254124487708012e-05,-0.00033276121755587695,1.0
1775187600,NZDUSD,bearish_exhaustion,0.57098,0.57105,0.57098,0.57103,25.0,1.996585970039108,9.371681178268354,0.012883986580638298,-4.311456310680417,-1.3404630682275733,23.12556058836629,8.29772079773457,33.96011396007048,0.06786529322625584,1,,,-3.5024429539620705e-05,-0.0004202931544752264,-0.0002276587920075901,0.0
1775187900,NZDUSD,bearish_exhaustion,0.57103,0.57104,0.57099,0.57101,26.0,1.8268825906457833,7.6794055776758725,0.012509162961866802,-4.508000000001619,-1.23036874574583,18.30301137537485,-4.840067340047938,47.49787955887758,0.015948008272148814,1,,,-0.00038528221922562444,-0.00019264110961292324,-0.00019264110961292324,0.0
1775193000,NZDUSD,bearish_exhaustion,0.57077,0.57077,0.57073,0.57073,20.0,1.3635936913550706,6.6884630901876,0.01063800496106373,-4.684235294121202,-1.3141575644938568,8.290768931569154,-0.5291005291136059,-92.71899886231651,-0.005590417561063928,0,,,-0.00029786413890986463,-0.00033290697878141096,-0.00026282129903809626,0.0
1775193300,NZDUSD,bearish_exhaustion,0.57071,0.57071,0.57056,0.57056,24.0,1.3541602563954234,7.591355659844357,0.011767887188525823,-6.440000000003703,-1.369399876300953,11.78474452923193,-12.962962962967246,-178.62391449570504,-0.15642019617462372,0,,,-3.505328098696303e-05,3.5053280987185076e-05,-1.7526640493481516e-05,1.0
1775230500,NZDUSD,bearish_exhaustion,0.56952,0.56952,0.56946,0.5695,152.0,1.6276599336174313,15.088309253438748,0.022074501442369183,-5.690681818180888,-1.8139656777326338,2.1070095380117246,23.028673835127982,-39.100144246985025,0.08245265536381709,1,,,-5.267778753292873e-05,1.755926251090223e-05,3.51185250220265e-05,1.0
1775230800,NZDUSD,bearish_exhaustion,0.56951,0.56952,0.56945,0.56947,218.0,1.3058648261605157,12.197712183354811,0.021573944695444318,-5.803488372090735,-1.7407997592695525,4.931065463963119,22.004608294931984,-38.56092228184504,0.04370181656984941,1,,,7.024075017114662e-05,8.78009377140998e-05,-3.512037508568433e-05,1.0
1775234700,NZDUSD,bearish_exhaustion,0.56927,0.56928,0.56925,0.56926,54.0,1.298441532462439,7.024051510620712,0.01505714185333592,-6.057333333332937,-1.6729523949962608,0.8538135709818704,9.680134680137144,-72.12475633530872,0.013756101261552163,0,,,-1.756666549546093e-05,1.7566665495571954e-05,0.00015809998946014758,1.0
1775235000,NZDUSD,bearish_exhaustion,0.56926,0.56928,0.56924,0.56925,127.0,1.7107503227141547,7.211357428294409,0.014680971202713175,-6.045128205128165,-1.6462655363588408,0.5012478172568109,6.9696969696952,-69.87442496586705,0.0061224129687079895,0,,,3.513394817744597e-05,0.00017566974088700782,0.00024593763724189976,1.0
1775235300,NZDUSD,bearish_exhaustion,0.56926,0.56928,0.56924,0.56927,126.0,1.7920048026835382,7.302145779812448,0.014554981442402071,-5.616896551723548,-1.5672929342031745,0.2877929067202132,8.935185185203395,-59.43627450977785,0.023325448708730035,0,,,0.00014053085530596476,0.0002107962829587251,0.00019322992604564604,1.0
1775235600,NZDUSD,bearish_exhaustion,0.56928,0.56937,0.56925,0.56935,123.0,1.6719047067928612,7.282620683147705,0.015305674390598564,-4.213770491803927,-1.3305946980085628,0.16248265929125694,6.801346801353958,-13.56480617267613,0.07457109431381165,0,,,7.025555457973454e-05,5.269166593468988e-05,7.025555457973454e-05,1.0
1775235900,NZDUSD,bearish_exhaustion,0.56934,0.56942,0.56934,0.56939,55.0,1.6268769208588598,7.315055523958561,0.013171991078175498,-4.130666666667211,-1.340556327973684,0.09053289339594528,4.511784511768866,30.052131247940736,0.08532102884727477,0,,,-1.756265477081964e-05,0.0,-5.268796431268097e-05,0.0
1775236200,NZDUSD,bearish_exhaustion,0.56941,0.56941,0.56937,0.56938,89.0,1.6671620349842329,6.793508134267022,0.01103957688312869,-4.747272727273848,-1.4019127707574908,0.04991161121616017,0.24691358021627252,35.40833809265913,0.04340599928816302,0,,,1.7562963223083372e-05,-3.512592644638879e-05,1.7562963223083372e-05,0.0
1775236500,NZDUSD,bearish_exhaustion,0.56938,0.56939,0.56937,0.56939,19.0,1.6428910216714712,6.348394920172635,0.010537592862537892,-4.416666666667515,-1.276439202670488,0.027278425510189663,-1.3580246913778637,40.353786622483724,0.02454350601218275,0,,,-5.268796431268097e-05,0.0,-5.268796431268097e-05,0.0
1775236800,NZDUSD,bearish_exhaustion,0.56938,0.5694,0.56934,0.56936,30.0,1.6064350834882957,5.981852983067452,0.01028723980810588,-4.592682926830304,-1.179247668967861,0.014800472029051548,-4.509803921571191,34.38308230644785,-0.03476285010535173,1,,,5.269074048053213e-05,0.0,-1.756358016014037e-05,0.0
1775242500,NZDUSD,bearish_exhaustion,0.56895,0.56895,0.5689,0.56893,81.0,2.272117597857468,11.019570220636403,0.011676053544118712,-4.877419354836467,-1.7177000173237582,6.833987796385845,6.931216931217005,-84.26302664393002,0.03713966551300873,0,,,1.7576854797418662e-05,-0.0006503436275114849,-0.000703074191904185,0.0
1775242800,NZDUSD,bearish_exhaustion,0.56892,0.56894,0.56889,0.56894,131.0,2.653720295164208,10.259321091583702,0.011424754807182082,-4.652307692306136,-1.6936260270580663,22.890958549503985,12.592592592611368,-82.48423095581676,0.04965419320745438,0,,,-0.0006679087425739416,-0.0007206383801455774,-0.0004921432840017115,0.0
1775243100,NZDUSD,bearish_exhaustion,0.56893,0.569,0.56822,0.56856,435.0,1.2780065654178214,11.499408834377135,0.020729059880598335,-5.649212121213165,-1.153905593342126,21.182742965259038,5.7183557183728055,-252.53115264798424,-0.18124633219933972,0,,,-5.276487969607668e-05,0.00017588293232040364,0.00026382439848049444,1.0
1775457000,NZDUSD,bullish_exhaustion,0.5702,0.57026,0.57015,0.5702,74.0,3.236771480794364,34.28332391173774,0.025179135140550247,6.231044776119657,1.9940706224718376,-0.4079160132294959,-5.875160875156951,-15.265626981079182,-0.059292903753592995,1,,,-0.00019291476674865304,0.0003682918274288127,0.00042090494563296055,0.0
1775465100,NZDUSD,bullish_exhaustion,0.57224,0.57225,0.57209,0.57221,194.0,2.023074749735282,44.01384383958224,0.05916908627452056,4.163966244725391,1.4182856529934131,-0.23772107979051782,-7.621848259937138,46.56331927504185,-0.056474635484709976,0,,,-6.990440572529621e-05,0.00020971321717544456,5.2428304293750116e-05,0.0
1775465400,NZDUSD,bullish_exhaustion,0.57221,0.57222,0.57206,0.57217,205.0,2.00667466364456,39.861411070916866,0.0555529200861876,4.045842696628586,1.4172246936664956,-1.7151315691379665,-16.800851653794453,37.93199733659412,-0.055284200926669816,0,,,0.0002796371707709522,0.0001223412622122222,0.0004019784329833964,0.0
1775465700,NZDUSD,bullish_exhaustion,0.57216,0.57245,0.57215,0.57233,228.0,2.0020142731641797,36.263143082153626,0.055412586644566796,4.344414414414475,1.371063936325949,-5.004035097011183,-3.539562289561772,55.35855003938653,-0.008849836996873299,0,,,-0.0001572519350724333,0.00012230706061200358,-0.0001572519350724333,0.0
1775466000,NZDUSD,bullish_exhaustion,0.57237,0.57237,0.57214,0.57224,413.0,1.8917538410077048,30.557471132937444,0.050802859938887,4.164226044225474,1.4117832047609105,-8.72543223300113,1.8344155844151757,43.15678285798859,-0.03179036870504747,0,,,0.000279602963791481,0.0,1.747518523709246e-05,0.0
1775466300,NZDUSD,bullish_exhaustion,0.57225,0.57241,0.57225,0.5724,388.0,1.6207077326596797,25.609370870706435,0.049540780672856506,4.536423173803566,1.408452702900037,-16.374399952989336,14.598087098090033,62.847303748931715,0.01164312755439512,0,,,-0.0002795248078267809,-0.0002620545073375169,-6.988120195672298e-05,1.0
1775466600,NZDUSD,bullish_exhaustion,0.5724,0.57242,0.5722,0.57224,242.0,1.2605720211713851,20.093027963502017,0.04693335463641749,4.054042553190976,1.39047269610981,-21.079421984705263,4.896723646724162,45.60260586320467,-0.034628992286306955,0,,,1.747518523709246e-05,0.00020970222284355522,0.00017475185236959234,0.0
1775530500,NZDUSD,bearish_exhaustion,0.56958,0.56959,0.56945,0.56947,446.0,1.8774816228185582,22.944078322568952,0.03675096392886604,-4.342389078497986,-1.1787279967291644,22.518038037620542,-23.7288892768322,-9.247583018051994,-0.03137858400905095,1,,,0.0004390046885700549,0.000333643563313224,0.0004916852511984704,1.0
1775606700,NZDUSD,bullish_exhaustion,0.58086,0.58109,0.58016,0.58058,1479.0,2.1710417461149194,121.79274094460143,0.15772404934966305,5.392511700468209,1.8233764795766583,-0.17467571168911888,-12.230419372639652,44.7804488922716,-0.07615823499692291,0,,,-0.0008612077577594413,-0.001412380722725426,-0.0013090357917944218,1.0
1775607000,NZDUSD,bullish_exhaustion,0.58058,0.58072,0.57998,0.58008,1150.0,1.6940032238501366,96.62567714545634,0.1469009200701353,5.032020117351392,1.7864870273837792,-1.7472210563348085,-10.661994422488663,21.62481987269678,-0.09783579724771446,0,,,-0.000551648048545017,-0.00044821403944295124,-0.0006723210591642603,1.0
1775607300,NZDUSD,bullish_exhaustion,0.58004,0.58016,0.57963,0.57976,1154.0,1.600566169225348,85.20445128469716,0.14390191015001033,4.587636986301625,1.634957301173516,-6.084201711822956,-5.657705926059231,-14.251560940507973,-0.09046395813151997,0,,,0.00010349109976526272,-0.00012073961639302855,-0.0006726921484752069,1.0
1775607600,NZDUSD,bullish_exhaustion,0.57977,0.58007,0.57957,0.57982,1248.0,1.2791129717105287,67.98638827356143,0.13760428113158013,4.700340196956266,1.5406555715342443,-14.09999157773295,-4.345864214431716,-32.805591213824286,-0.0520901425754749,0,,,-0.0002242075126762666,-0.0007761029284949483,-0.0011727777586147958,1.0
1775611500,NZDUSD,bullish_exhaustion,0.57951,0.57984,0.5795,0.57978,497.0,1.5542983938621278,48.80562924775225,0.08328282156285868,4.121715976331478,0.5287938563816523,-0.0523380661578106,11.35179997925023,5.14572071466619,0.11898515569500936,1,,,-0.0006381731001413593,-0.0008106523163958768,-0.0006381731001413593,1.0
1775623800,NZDUSD,bullish_exhaustion,0.58301,0.58313,0.58294,0.58306,409.0,3.8890021005604756,73.21034071670958,0.06321329341258745,6.38302325581399,2.0420577941251814,-0.14419523547819324,-3.1770827989280193,62.63706140350862,-0.06424285212564795,1,,,0.0003430178712311438,0.00024011250986188948,0.0005831303810928112,0.0
1775624100,NZDUSD,bullish_exhaustion,0.58307,0.5833,0.58286,0.58326,336.0,3.43691451961639,69.4057899538779,0.06380393943401923,6.622725527831138,1.9840054293398786,-0.814418541574284,9.366795151110402,64.68266415725411,-0.022157158077931796,1,,,-0.00010287007509501844,0.00024003017522211678,-6.858005006349366e-05,0.0
1775624400,NZDUSD,bullish_exhaustion,0.58323,0.58342,0.58313,0.5832,353.0,3.0164090285476686,59.4471918300054,0.06209582598471646,6.407968441814448,1.9713794144339625,-0.7959996434905179,8.838692172026754,70.16513429868554,-0.040530732674565195,1,,,0.00034293552812059147,3.429355281192592e-05,0.0002572016460904436,0.0
1775624700,NZDUSD,bullish_exhaustion,0.58322,0.58372,0.5832,0.5834,479.0,2.415138261048366,51.398884819948606,0.06366619325138466,6.535307692307789,1.8916502628148608,-2.813723376729115,4.246528665133695,87.71170391213124,-0.0033889882206614096,1,,,-0.00030853616729531463,-8.570449091527266e-05,0.00039424065821047627,1.0
1775625000,NZDUSD,bullish_exhaustion,0.58342,0.58345,0.58298,0.58322,454.0,1.5563228236110282,35.890492020131106,0.05462285733881382,6.7890582959638115,2.107494194335093,-4.090885305484818,-9.24324742154407,64.61086637297495,-0.05317806889083649,1,,,0.00022290044923023444,0.0007029937244951157,0.0007715784781043844,0.0
1775625300,NZDUSD,bullish_exhaustion,0.58321,0.58343,0.58296,0.58335,400.0,1.2542359989892886,31.071383789032463,0.05742693065912367,6.584477611940444,1.9392305375393744,-15.713266968604785,-6.055945203232945,71.8352613011874,-0.01781659926046581,1,,,0.00047998628610601557,0.0005485557555497955,0.0005999828576326305,0.0
1775676300,NZDUSD,bearish_exhaustion,0.58168,0.58178,0.58142,0.58147,230.0,2.251625535667711,45.49946053409312,0.053927361441075364,-4.1579043280182155,-1.3400100436516083,0.4923101206449148,-3.5710094217537005,-48.829386307331426,0.0377573974519226,1,,,0.0005503293377129292,0.0011694498426400024,0.0009802741328013287,1.0
1775753100,NZDUSD,bullish_exhaustion,0.58696,0.58697,0.58678,0.58678,278.0,2.455213664460052,51.24400349733067,0.059282378891092696,4.698480492812779,1.718878385250513,-0.05790597325940894,-20.639959687577655,43.88933121020228,-0.11134627281642218,0,,,-6.81686492380873e-05,-0.0002215481100241723,-0.00013633729847639664,1.0
1775753400,NZDUSD,bullish_exhaustion,0.58678,0.58693,0.5867,0.58674,553.0,2.305615953971996,43.55358525405847,0.05794730204179142,4.478235294117348,1.6170410971535873,-1.6107197361755254,-16.88586545729502,32.587357675712006,-0.08988465465166977,0,,,-0.00015338991716951078,-6.817329651986892e-05,0.000630602992807594,1.0
1775753700,NZDUSD,bullish_exhaustion,0.58675,0.5868,0.58658,0.58665,233.0,2.1716441952596335,39.685729217106854,0.054912274293508236,4.249667405764705,1.547885382742485,-4.622504781255287,-7.652039152490189,12.111202862658638,-0.08340246363905054,0,,,8.52296940254682e-05,0.0007841131850336858,0.0010227563283049523,0.0
1775754000,NZDUSD,bullish_exhaustion,0.58665,0.58676,0.58655,0.5867,231.0,2.0263128670653012,36.05913803258518,0.04882027806861707,4.719501246882761,1.5950524239293804,-9.783018453336268,5.161712268629479,3.8809831823920367,-0.048836991705526266,0,,,0.0006988239304586141,0.0009374467359810623,0.0008522243054371881,0.0
1775754300,NZDUSD,bullish_exhaustion,0.58672,0.58711,0.58668,0.58711,230.0,1.473623012434188,25.616346258562142,0.05048944344817469,5.7045783132528705,1.5236102089037262,-19.861020206288913,23.945868945867435,47.7862700543969,0.060874923719863874,0,,,0.00023845616664686098,0.0001532932499872519,6.813033332764284e-05,0.0
1775754600,NZDUSD,bullish_exhaustion,0.58707,0.5873,0.587,0.58725,170.0,1.3571474173521796,24.05178516551567,0.047801496077360714,6.2697201017811715,1.6157622871057191,-20.978080966031243,28.17610062892991,91.42414608300271,0.07181113649534414,1,,,-8.514261387826405e-05,-0.00017028522775663912,-6.811409110263345e-05,1.0
1775754900,NZDUSD,bullish_exhaustion,0.58725,0.5873,0.58715,0.5872,173.0,1.3303757832042762,22.12443805981068,0.04585928376800643,6.093899204244017,1.6559327494610383,-14.6342195942783,21.751867978283684,95.85024808299046,0.03144297556456501,1,,,-8.514986376040312e-05,1.7029972751991806e-05,-0.0003405994550410574,0.0
1776060600,NZDUSD,bearish_exhaustion,0.58276,0.58282,0.58255,0.58255,208.0,3.6425416151757375,47.49626410683823,0.034454430643595976,-5.836156583630067,-1.838035853349504,2.2046560725288287,6.0938135938132945,-25.944033151736473,0.03244492575166768,0,0.7192149143992649,92.85714285714286,3.4331817011512555e-05,0.00024032271907992175,0.00039481589563128416,1.0
1776060900,NZDUSD,bearish_exhaustion,0.58257,0.58269,0.58255,0.58257,206.0,3.148216332188248,41.7049912606239,0.033349762995982364,-5.814117647059174,-1.7954300244428956,2.774777441439622,-7.735064384002037,-25.150355385452425,0.0344296226511805,0,0.609935930587637,78.80184331797236,0.00020598383026926292,0.00036047170297126563,0.0003089757454040054,1.0
1776061200,NZDUSD,bearish_exhaustion,0.58256,0.58271,0.58251,0.58269,170.0,2.5262611692303674,34.85759950953739,0.03407839993331154,-4.95841726618689,-1.6091722794441718,4.015563127498343,-11.465721040186516,-12.721020116249157,0.0640023659295181,0,0.38448128555132227,24.88479262672811,0.00015445605725150635,0.00010297070483433757,5.1485352417168784e-05,1.0
1776061500,NZDUSD,bearish_exhaustion,0.58271,0.58284,0.5827,0.58278,214.0,1.954921673623038,26.84306457265653,0.03235722375019921,-4.598787878788668,-1.5154263580801244,9.14687483447954,3.5659669850828593,35.84607274648633,0.07291793916508507,1,0.4551834938092174,41.935483870967744,-5.147740142075197e-05,-0.00010295480284150393,-0.00034318267613842046,0.0
1776102900,NZDUSD,bullish_exhaustion,0.58617,0.58624,0.58611,0.5862,159.0,2.4675824013315095,36.89959369803248,0.04069795779110018,5.812095808382817,2.0329540479822414,-0.432812775374515,7.622619940697547,60.06654747716192,-0.060003565525603084,0,0.4568294028358649,42.857142857142854,0.0002558853633571889,0.00018764926646186453,0.00032412146025229127,0.0
1776103200,NZDUSD,bullish_exhaustion,0.5862,0.58641,0.5862,0.58635,111.0,2.1836390055139003,30.859309177398618,0.03788570941295357,6.666881028938818,2.131615761465041,-1.189482276336662,14.468864468867949,77.15271135844017,-0.010529961406920191,0,0.44316052752274854,37.78801843317972,-6.821864074368911e-05,6.821864074346706e-05,-3.4109320371844554e-05,0.0
1776103500,NZDUSD,bullish_exhaustion,0.58635,0.58637,0.5863,0.58631,100.0,2.199209482691077,25.670851730487026,0.03557357516866762,6.645205479451411,2.186016340972996,-1.082893847003234,13.637402024499664,74.3879472693234,-0.03237369322173094,0,0.5038835816028822,58.06451612903226,0.00013644658968803292,3.411164742206374e-05,0.0,0.0
1776103800,NZDUSD,bullish_exhaustion,0.58633,0.58646,0.58632,0.58639,92.0,1.8880417265162381,21.262855827763484,0.034472425713747035,6.977243816254036,2.193254949654768,-2.5645929546813306,11.574500768042995,85.0563909774333,-0.006962569572787255,1,0.4702561172028964,47.465437788018434,-0.00010232098091700337,-0.00013642797455615252,-0.0002558024522928415,1.0
1776104100,NZDUSD,bullish_exhaustion,0.5864,0.58642,0.58632,0.58633,127.0,1.722925902056587,17.990596365785876,0.033135898604149595,6.674705882351866,2.18054281458229,-5.291940984449695,-0.8333333333375492,74.62243242629319,-0.03508321056730099,1,0.4396387011265354,36.86635944700461,-3.4110483857263674e-05,-0.0001534971773574645,0.0005287124997868098,1.0
1776104400,NZDUSD,bullish_exhaustion,0.58635,0.58635,0.58625,0.58631,64.0,1.5990733939103052,16.25979813218925,0.030335000743145157,6.908915662649227,2.2590520381364625,-20.08499850003757,-8.693528693531576,57.294226882982656,-0.04036246148408169,1,0.37568402205823603,23.04147465437788,-0.00011939076597711207,0.0005628421824632746,0.0006651771247292437,0.0
1776104700,NZDUSD,bullish_exhaustion,0.5863,0.58631,0.58612,0.58624,130.0,1.421062281528216,14.642991067251689,0.027414418278226656,6.956444444443189,2.3302166385280163,-22.356385468579887,-13.725849314084051,26.007467490617966,-0.06276187964384669,1,0.21426028042068532,4.838709677419355,0.0006823144104803891,0.0007846615720523697,0.0008017194323144405,0.0
1776108000,NZDUSD,bullish_exhaustion,0.58697,0.58703,0.58688,0.587,63.0,1.8453417017059888,24.535688330032233,0.033949866147481994,6.713978494622681,1.9111549893807398,-4.70080792099013,-7.672432600905836,70.93062605752603,-0.047113221411843806,1,0.4205855170497586,32.48847926267281,0.00015332197615003373,0.0,-6.81431005109534e-05,0.0
1776108300,NZDUSD,bullish_exhaustion,0.587,0.58713,0.58699,0.58709,96.0,1.9151105682601939,24.416855098955306,0.034431323501142426,6.771448763250078,1.8340887487635882,-11.038149596899217,8.953722063698173,83.09377138947137,-0.011750067891313823,1,0.4365128945940956,35.714285714285715,-0.00015329847212530723,-0.00022143112640304885,-0.00047692857994507953,1.0
1776108600,NZDUSD,bullish_exhaustion,0.5871,0.58718,0.587,0.587,76.0,1.8435922095027473,23.377657174537223,0.03541007544414796,5.867491408933954,1.690662315105626,-14.04077722029755,7.054389471929923,73.08900523561421,-0.04460350587642473,1,0.42571113665215016,33.17972350230415,-6.81431005109534e-05,-0.00032367972742741724,-0.0004940374787053559,1.0
1776108900,NZDUSD,bullish_exhaustion,0.58699,0.58706,0.58694,0.58696,110.0,1.8401899549359475,22.07854116078601,0.03456064175704434,5.5250704225347,1.6221991842694605,-17.845936930035705,-0.982286634453196,52.03557421425413,-0.04843212213617802,0,0.44030846186872835,37.096774193548384,-0.00025555404116117675,-0.00042592340193559064,-0.000204443232929008,1.0
1776109200,NZDUSD,bullish_exhaustion,0.58694,0.58695,0.58675,0.58681,127.0,1.9715305051556153,21.099938090827713,0.031648111946677285,4.915076923076279,1.593063661361033,-14.33582141025034,-16.9580842653513,14.243654014485864,-0.08918330368167518,0,0.36294565598726014,20.506912442396313,-0.00017041291048225382,5.112387314465394e-05,-5.1123873144764964e-05,0.0
1776109500,NZDUSD,bullish_exhaustion,0.58679,0.58679,0.58664,0.58671,83.0,1.7807164593033094,19.78543497911468,0.0310447848413814,4.1780392156854615,1.419099480742701,-9.874429784096769,-14.036386917077731,-21.608956000997125,-0.090998672757621,0,0.46836591903029123,46.31336405529954,0.0002215745427895932,0.00011930936919424262,0.0003067955207856077,0.0
1776109800,NZDUSD,bullish_exhaustion,0.58673,0.5869,0.58673,0.58684,128.0,1.7334465567852086,18.668701729341265,0.031037907631188872,4.582117647058633,1.2990929763986625,-6.290503731716591,-0.6995884773724406,1.5365408623745191,-0.004643563269401266,0,0.5347694627511574,64.97695852534562,-0.00010224251925572414,8.520209937978862e-05,1.7040419875824497e-05,0.0
1776110100,NZDUSD,bullish_exhaustion,0.58686,0.58688,0.58678,0.58678,65.0,1.7063457116728316,16.980473774008058,0.02958032458015604,4.156213991769187,1.2214693573795803,-3.821972888594683,5.458895588085305,-8.892481810819042,-0.016573185715145614,0,0.5902404235699101,75.80645161290323,0.00018746378540512865,0.0001192951361668193,3.408432461915467e-05,0.0
1776110400,NZDUSD,bullish_exhaustion,0.58677,0.5869,0.58676,0.58689,72.0,1.447098773612663,14.695788923400512,0.026410400586143266,4.993548387096589,1.284458000467845,-2.2493406415215103,17.193804623998616,-6.772289530946089,0.04547356041711868,0,0.27667221763343436,9.44700460829493,-6.815587248043542e-05,-0.00015335071308086867,-0.00010223380872065313,1.0
1776332400,NZDUSD,bearish_exhaustion,0.58932,0.58938,0.58907,0.58917,155.0,1.2389073808063635,19.50452704507809,0.03782560939238992,-5.203333333332988,-1.5715133422469074,1.7291981719202285,18.095722120880254,-76.5027322404568,0.03579153028856669,1,0.6777220951074018,88.0184331797235,-0.00027156847768883274,-0.00028854150754453745,-0.0003055145374000201,0.0
1776456900,NZDUSD,bearish_exhaustion,0.58882,0.58883,0.58874,0.58877,272.0,1.9567833781644446,19.268491127669655,0.028024525706130846,-5.9357575757578385,-1.8684542052585607,0.3568492703011221,23.30043257239584,-67.19681007726366,0.06544966778964004,0,0.7152435567563628,91.93548387096774,5.0953683101928604e-05,-0.00039064490378259986,-0.0003057220986124598,0.0
1776457200,NZDUSD,bearish_exhaustion,0.58876,0.58882,0.58861,0.5888,234.0,1.6288853335211324,17.14702021210244,0.028265722049687404,-5.481030042918361,-1.750472370800951,0.9335910745994318,24.925584345877155,-72.3062501583896,0.06560967048912168,0,0.4673024343198864,45.622119815668206,-0.00044157608695660766,-0.0003566576086957429,-0.0001868206521737914,0.0
1776457500,NZDUSD,bearish_exhaustion,0.5888,0.5888,0.58854,0.58854,603.0,1.6638475925739349,16.838303646702116,0.02864230614256001,-6.673728813559808,-1.7527090325462642,2.7611704991103467,-11.57800224467681,-100.34861893267146,-0.04828839012042429,0,0.7154580162640247,92.3963133640553,8.49559927957877e-05,0.0002548679783873631,8.49559927957877e-05,1.0
1776457800,NZDUSD,bearish_exhaustion,0.58856,0.58866,0.58855,0.58859,1406.0,1.7270994161122735,17.478730040727093,0.02645547591944866,-6.600550458715866,-1.8709603902979481,0.25943964239750805,-23.674755214993702,-96.85744648548729,0.0005621130481802363,0,0.6383258468810037,83.17972350230414,0.0001698975517765433,0.0,-0.0005096926553287418,0.0
1776458400,NZDUSD,bearish_exhaustion,0.58869,0.5887,0.58855,0.58859,2168.0,1.7045449437138527,17.9464174866389,0.0275476744665823,-5.809691629955951,-1.6667441980470687,3.5529032612538898,2.1082238152118755,-77.87163802310116,0.0021015905418970355,1,0.5725030724462093,72.58064516129032,-0.0005096926553287418,-0.0008324980037037744,-0.0012062726176115257,0.0
1776458700,NZDUSD,bearish_exhaustion,0.58861,0.58861,0.58829,0.58829,274.0,1.557169069242237,18.511832487200227,0.027561722474095558,-7.357709251101338,-1.7636560871774445,8.189186622639017,-0.9640341119770888,-134.87946292343167,-0.10820639892744298,0,0.8995790153832689,98.84792626728111,-0.00032296996379344023,-0.0006969351850277805,,0.0
1776666900,NZDUSD,bearish_exhaustion,0.58659,0.58666,0.5865,0.58666,163.0,1.6801660850104296,31.714559397870087,0.048214833610119044,-5.255656565655748,-1.765742834398298,0.786525970214824,15.672830590178819,-66.8277962120818,0.0791142603226769,1,0.6339945359201626,82.02764976958525,0.0005965976886102009,0.0007329628745782468,0.0005284150956261779,1.0
1776729300,NZDUSD,bullish_exhaustion,0.59052,0.59056,0.59043,0.59049,235.0,4.775990174807504,62.45519701249114,0.04330543882441224,4.49486033519608,1.653292920308615,-1.0180533826754612,-6.743827160500759,14.614927794432601,-0.08220676809957006,0,0.4997123541106444,54.3046357615894,0.00023709122931814264,0.0005927280732951345,0.0008128842148047433,0.0
1776729600,NZDUSD,bullish_exhaustion,0.59052,0.59086,0.59052,0.59063,334.0,4.728541523373459,57.6607456550423,0.04123925783848135,5.167272727273309,1.6324096265077246,-3.3224068132660562,6.246411139816953,25.37207059909123,-0.01958309472631971,0,0.4244064434629871,17.218543046357617,0.0003555525455869457,0.0005756565023788962,0.0009142779743662732,0.0
1776729900,NZDUSD,bullish_exhaustion,0.59061,0.59084,0.59053,0.59084,303.0,4.030805889878497,51.874151867811314,0.03929030822944543,6.180676923077269,1.6804966785161122,-5.288246380993627,23.980045937413685,27.330975447227043,0.044453133252600016,0,0.42295285295743335,16.114790286975715,0.000220025726084927,0.0005585268431385071,0.0003554261729061814,0.0
1776730200,NZDUSD,bullish_exhaustion,0.59083,0.59101,0.59081,0.59097,124.0,3.183241391933646,43.9768017332929,0.037831265304742054,6.820191693291031,1.7451661690577007,-4.81758617047511,26.42285930678529,49.57347497184535,0.06393129929248627,0,0.4315304565697336,19.646799116997794,0.00033842665448324816,0.00013537066179325485,-0.00018613465996575318,0.0
1776730500,NZDUSD,bullish_exhaustion,0.59096,0.59123,0.59091,0.59117,202.0,2.3153888177213013,33.86217345510225,0.037818466527637415,7.511693290735125,1.7968290520360162,-1.034315544423336,18.48113249576909,78.48395459016083,0.09228214354807154,1,0.4190630590729813,14.1280353200883,-0.0002029872963783541,-0.00052438384897735,-0.0001691560803153136,1.0
1776734400,NZDUSD,bullish_exhaustion,0.59146,0.59146,0.59136,0.59139,80.0,1.2017627213763504,18.950757939098395,0.042997973297778234,4.93303370786437,1.2016530373921746,-8.822364348261964,4.971625096974549,108.4119272172955,0.002026512049895758,1,0.6390511088586471,97.57174392935983,0.0003212769914946456,0.0004903701449128217,0.0007947378210657607,0.0
1776737100,NZDUSD,bullish_exhaustion,0.59143,0.59172,0.59143,0.59171,148.0,1.2297208111725848,19.461012738346586,0.039353254610733225,4.215460122699018,1.241410120082965,-12.906799431570093,-7.13029607271886,49.572079582052346,-0.01223962530870661,0,0.4708282727029809,37.30684326710817,0.00018590187760914034,-8.450085345856895e-05,-0.0004225042672930668,1.0
1776737400,NZDUSD,bullish_exhaustion,0.59174,0.59184,0.59173,0.59182,95.0,1.2120864090918089,19.26269133244908,0.038621781719350295,4.493999999999915,1.2489248648847326,-17.092269101477854,9.4135802469137,87.4801181549636,0.017993120147712444,0,0.5723324126341048,86.31346578366445,-0.000270352472035551,-0.0006082930620797677,-0.00043932276705760387,1.0
1776747300,NZDUSD,bearish_exhaustion,0.59064,0.59064,0.59043,0.59051,73.0,1.3491252309880046,10.967011767956418,0.020805260343967527,-4.043720930233421,-0.6606735700640903,7.484639445178743,-11.799476243921518,30.283911672028278,-0.07896547281562746,1,0.3966739303508296,7.06401766004415,0.00042336285583632893,0.000508035427003728,0.0005249699412372966,1.0
1776918000,NZDUSD,bearish_exhaustion,0.58821,0.58827,0.58817,0.5882,116.0,2.2697141545956976,33.78606869512295,0.037523679992227214,-6.082071197412,-2.0161849905095566,0.3525751072766737,22.550993022006026,-48.04435704139258,0.1080472109138981,1,0.47079884358417745,37.086092715231786,0.0001360081604897534,0.00025501530091820435,0.00028901734104036514,1.0
1776918300,NZDUSD,bearish_exhaustion,0.58821,0.58831,0.58815,0.58828,175.0,1.857807884730831,27.658025492626656,0.03715431912888982,-5.572549019607969,-1.8738262546522617,1.1602827396853985,10.112617610078772,-35.506820703596524,0.10494527826441367,1,0.3946931413886297,6.843267108167771,0.00011899095668721493,0.0001529883728834669,0.0002379819133746519,1.0
1776918600,NZDUSD,bearish_exhaustion,0.5883,0.5884,0.5883,0.58835,108.0,1.7944523319379724,23.789131755659504,0.03545023006228112,-5.313287671232833,-1.7814051743551718,3.221923799137728,0.24204926814199723,-5.314093985758126,0.09787246579008207,1,0.3667614222686338,3.3112582781456954,3.399337129250668e-05,0.00011897679952421747,0.00011897679952421747,1.0
1776918900,NZDUSD,bearish_exhaustion,0.58837,0.58846,0.58834,0.58837,74.0,1.675842699498384,21.648218304519187,0.03399221578258609,-5.217000000000092,-1.6796851247352491,7.026624357981777,-3.581474845234112,13.849922066333416,0.07204775141320988,1,0.41710701164347214,13.686534216335541,8.49805394567138e-05,8.49805394567138e-05,0.000339922157825967,1.0
1776919200,NZDUSD,bearish_exhaustion,0.58838,0.58844,0.58837,0.58842,91.0,1.3937361938692319,17.626081457607278,0.03228986098365108,-4.97157894736823,-1.580094743525749,12.671732558309579,-3.2659517229597697,31.750893312899244,0.0611173761375463,1,0.44511624187735316,24.724061810154527,0.0,0.0002549199551340475,0.00020393596410706039,1.0
1776919500,NZDUSD,bearish_exhaustion,0.58842,0.58847,0.58837,0.58842,139.0,1.4734286440360804,16.430343737413015,0.03156151825469851,-4.822461538461226,-1.4474477416421119,22.059643852701136,-2.5335841616644217,46.30101318845752,0.03144423957948139,1,0.4910026614851766,48.34437086092716,0.0002549199551340475,0.00020393596410706039,0.0002549199551340475,1.0
1776919800,NZDUSD,bearish_exhaustion,0.58846,0.58858,0.5884,0.58857,171.0,1.4650339226442814,15.639633189223686,0.02936900332282602,-4.066942148760048,-1.3258143002556282,18.891739209116665,3.3061412818618265,85.5971447954359,0.06511096039436631,1,0.5272992481647054,67.54966887417218,-5.0970997502619575e-05,0.0,0.00018689365750867992,0.0
1776920100,NZDUSD,bearish_exhaustion,0.58857,0.58857,0.5885,0.58854,194.0,1.6678538879932254,15.423324121088026,0.02815684332658796,-4.17103448275826,-1.194252360322333,13.37680757420786,1.2058788022533236,96.89711486120001,0.013958666633053092,1,0.5223137981966361,64.67991169977924,5.0973595677517025e-05,0.00023787677982811672,-6.796479423643031e-05,1.0
1776975000,NZDUSD,bearish_exhaustion,0.58527,0.58532,0.58488,0.58492,243.0,1.4754244895333892,29.522268528623165,0.04347358857377195,-5.218539325843592,-1.1542463153512599,5.2105869574712145,-26.234345980235883,-141.7382433277609,-0.1167474663310732,0,0.6491838453656875,98.01324503311258,-8.548177528544532e-05,0.0007009505573412067,0.0008035286876837411,1.0
1776978000,NZDUSD,bearish_exhaustion,0.58492,0.58492,0.58492,0.58492,1.0,1.2405026252458922,15.937000384130654,0.03675716337276705,-4.053023255814005,-1.0542122506301197,10.353116446743186,-28.453910299741132,-171.43824027072895,-0.09025023455132845,1,0.5650449570033178,82.11920529801324,0.0011967448539971226,0.0003932161663131595,0.00017096355057089063,1.0
1777281900,NZDUSD,bullish_exhaustion,0.59109,0.59115,0.59097,0.59111,280.0,2.541941997729859,35.803878895850445,0.04386420704872055,6.312727272728218,1.9772077048535084,-0.10311223738915487,-14.915964351449297,58.9987508407819,-0.06398558103647166,0,0.5206366515872739,64.23841059602648,-0.00010150395019548064,-0.0003045118505863309,-0.00028759452555360276,1.0
1777282200,NZDUSD,bullish_exhaustion,0.5911,0.59118,0.59101,0.59105,176.0,2.4235631812420935,32.65569303543426,0.04108910292819966,6.290941176471401,1.9858689088986805,-0.6368760190781728,-6.916916916916637,54.74525474525686,-0.07168267516128132,0,0.5522781986608798,78.1456953642384,-0.00020302850858644472,-0.00018610946620412072,-0.0005075712714659453,1.0
1777282500,NZDUSD,bullish_exhaustion,0.59104,0.59104,0.59093,0.59093,188.0,2.282607579734596,29.05351519489831,0.03493282984931546,6.596955017301258,2.148017998128416,-2.813779198603953,-5.578481707508306,30.68668234158529,-0.10037195645005866,0,0.49964579753593535,54.083885209713024,1.692247812790093e-05,-0.000304604606298442,0.00013537982502165313,1.0
1777282800,NZDUSD,bullish_exhaustion,0.59095,0.591,0.59093,0.59094,161.0,1.9560573182304437,23.70280364092646,0.03178954595341803,7.04152091254843,2.1756055628646513,-9.671489275601033,-10.028480092990035,21.796802179693213,-0.07051621681143525,0,0.46894393352674557,36.20309050772627,-0.00032152164348331347,0.00011845534233589916,1.692219176230303e-05,0.0
1777283100,NZDUSD,bullish_exhaustion,0.59094,0.59098,0.59073,0.59075,261.0,1.8850593840060208,22.58656478470063,0.032525240311949075,5.64371747211999,1.8824270666179068,-21.173539683272296,-7.576910243572755,-16.637980493406022,-0.10636195896987352,0,0.4548727099221355,29.80132450331126,0.00044011849344061105,0.000338552687261906,0.0004909013965299636,0.0
1777283400,NZDUSD,bullish_exhaustion,0.59076,0.59101,0.59076,0.59101,159.0,1.5291512453024294,19.459360783626263,0.032510931649692404,6.725204460966716,1.7772403816233713,-21.69384733078811,11.918585251920796,1.209043646483525,0.026482667375893075,0,0.4844867765454191,45.47461368653421,-0.00010152112485417586,5.0760562426921396e-05,6.768074990248785e-05,0.0
1777346100,NZDUSD,bearish_exhaustion,0.58981,0.58984,0.58974,0.58984,158.0,1.37022556819689,17.466967961435024,0.02894247350371183,-4.513974895397658,-1.4439415941484173,0.7241133367876537,7.425751141293112,-43.284172458596004,0.06886900500945577,1,0.4164295418051648,13.46578366445916,8.476875084761915e-05,0.0003221212532211748,0.00030516750305165097,1.0
1777434900,NZDUSD,bearish_exhaustion,0.58593,0.58597,0.58587,0.58595,105.0,2.0340500221694597,29.00848553271153,0.04449428888374107,-5.9789589041100175,-1.8219305875201908,0.7143134421599185,22.745559100394452,-53.57142857144808,0.05716142156346783,1,0.4759907382038448,40.83885209713024,0.00015359672326997753,8.533151292766661e-05,0.0001365304206843998,1.0
1777435200,NZDUSD,bearish_exhaustion,0.586,0.58609,0.58595,0.58604,97.0,1.8866829753756236,25.106782590773594,0.04180602006688882,-5.787755102041053,-1.794642614648464,2.427989492261951,18.7098397098423,-30.276112221493907,0.06927525493162445,1,0.4583653254322626,32.89183222958057,-6.825472663984922e-05,-1.7063681659879038e-05,-1.7063681659879038e-05,0.0
1777435500,NZDUSD,bearish_exhaustion,0.58604,0.58606,0.586,0.586,35.0,1.6353478707271183,19.308881618184227,0.04010238907849848,-5.973617021276377,-1.7455255115047945,6.240084142694368,4.637305927631971,-24.00038867025331,0.03794209934860716,1,0.4445007098034867,24.503311258278146,5.119453924939954e-05,5.119453924939954e-05,0.00018771331058031748,1.0
1777435800,NZDUSD,bearish_exhaustion,0.58599,0.58613,0.58598,0.58603,68.0,1.2625993729469975,14.736489561658438,0.03400606014806738,-6.587526881720279,-1.9069446741492775,11.03878632143373,-3.905103259937988,-3.4296266982777213,0.03853406832946768,1,0.5015749127299365,56.07064017660044,0.0,0.00013651178267326536,0.00015357575550734026,1.0
1777436100,NZDUSD,bearish_exhaustion,0.58604,0.58605,0.58601,0.58603,35.0,1.3638181696982354,13.032674338180223,0.030227609020502685,-7.091451612903665,-1.9874200924676602,22.600641742413906,-7.263582263578726,1.424501424589207,0.02473566780156042,1,0.5394437960115542,73.28918322295806,0.00013651178267326536,0.00015357575550734026,0.0003242154838487554,1.0
1777436400,NZDUSD,bearish_exhaustion,0.58602,0.58616,0.58602,0.58611,46.0,1.279764627293679,11.618281505729623,0.02851731878706348,-6.715213675214122,-1.913034110860963,19.894826810510096,-1.3963413963354299,48.053181386591234,0.041734240873337144,1,0.5201695305775075,63.796909492273734,1.706164371872987e-05,0.0001876780809062506,0.0002559246557813921,1.0
1777437300,NZDUSD,bearish_exhaustion,0.58622,0.58631,0.58621,0.58626,64.0,1.3432230320592655,9.902266978889685,0.022783650355036884,-6.16898395721911,-1.6635203967233176,5.709697856151834,3.6385836385792203,165.235824059374,0.03182057670729833,1,0.675153788541183,99.11699779249447,0.00013645822672536667,0.000102343670044025,-0.00011940094838469584,1.0
1777437600,NZDUSD,bearish_exhaustion,0.58626,0.5864,0.58623,0.58634,77.0,1.3379816902793302,10.31975762302576,0.022293257446923887,-5.307759562841808,-1.4326666778394994,3.3919853128148816,2.2231504687636345,178.90547263690286,0.0365665206545342,1,0.5964642791394383,93.15673289183223,-3.410990210461762e-05,-0.00025582426578429907,-0.00017054951052286604,0.0
1777437900,NZDUSD,bearish_exhaustion,0.58636,0.5864,0.58628,0.58632,65.0,1.425556635221889,11.18957433430112,0.0203448141434245,-5.5631137724562665,-1.3359977629671003,1.9645616402629997,-0.06956388793517476,155.81509822350054,-0.01505275798232926,1,0.6309325581784522,95.80573951434879,-0.00022172192659297707,-0.0001364442625186868,-0.00015349979533352265,0.0
1777438200,NZDUSD,bearish_exhaustion,0.58631,0.58631,0.58618,0.58619,53.0,1.4481850971517276,11.36699720656151,0.02034932603519654,-6.188502994012869,-1.2244311559793402,1.116584932595714,-13.972403776330317,87.11927854347269,-0.10993323516471176,1,0.4990466265334207,53.86313465783664,8.529657619549269e-05,6.823726095639415e-05,-6.823726095639415e-05,1.0
1777438500,NZDUSD,bearish_exhaustion,0.58617,0.58626,0.58614,0.58624,94.0,1.389136724770769,11.472368560019751,0.01986022301934034,-5.472883435583372,-1.1163697870024119,0.6254286895421899,-16.956565202180393,75.90555074794747,-0.07106132963121027,1,0.48051384304326167,42.82560706401766,-1.7057860261959767e-05,-0.000153520742358082,-0.00042644650655021543,0.0
1777438800,NZDUSD,bearish_exhaustion,0.58624,0.58632,0.58612,0.58623,169.0,1.367632118476361,11.761355486543927,0.020835313297317484,-4.854970760234171,-0.9554033819738509,0.34628879219903297,-13.346526194815326,75.12850929223492,-0.07251661996989701,1,0.5084635647792723,60.04415011037527,-0.00013646520990073796,-0.00040939562970165877,-0.0005629189908398224,0.0
1777549500,NZDUSD,bullish_exhaustion,0.587,0.58724,0.58687,0.58724,996.0,1.4025162784590925,47.16189381900025,0.07735946364105382,4.509056603773374,1.4031066498451736,-0.04528239299595782,-12.42746242746395,81.41356255968607,-0.035103640368770415,1,0.6017508724084686,72.25806451612902,-0.0008684694503099388,-0.0010557863905727993,-0.0013112185818403566,1.0
1777564800,NZDUSD,bullish_exhaustion,0.589,0.58927,0.5889,0.58923,554.0,1.5404350967264713,32.96923336206945,0.06133913266950973,4.346640316206349,1.199306219877268,-8.77830241109288,2.484643461584348,84.14851220010723,0.005390257393216047,1,0.4986365910550518,38.27956989247312,-0.00011879911070378224,-0.0005091390458735745,-0.0008655363779848102,1.0
1777565100,NZDUSD,bullish_exhaustion,0.58924,0.58952,0.58911,0.58916,435.0,1.541168460634595,33.40188477371043,0.05807299496619568,4.238580375783635,1.2225367178017041,-9.572078969400039,5.736703753265047,98.05707346692363,-0.017041856317935776,1,0.6532527136492979,82.36559139784946,-0.00039038631271648416,-0.0007468259895444529,-0.0008147192613212617,1.0
1777576800,NZDUSD,bullish_exhaustion,0.59051,0.59054,0.5904,0.59052,123.0,2.397625891300987,36.7295327960816,0.03616667150501795,4.970702341137024,1.8874114490299334,-0.7950406027293155,-19.12883292982448,52.37609164113911,-0.10667920747911308,0,0.43090042925041194,18.70967741935484,-0.00010160536476333526,0.00015240804714466982,0.0006096321885793454,0.0
1777577100,NZDUSD,bullish_exhaustion,0.59053,0.59053,0.59041,0.59046,112.0,2.350060259933269,34.723059635508264,0.034234809664135946,4.790671378091228,1.8594488670097293,-2.144262024801236,-14.245014245016211,44.24608887607521,-0.10777544892333228,0,0.4578250036636417,24.946236559139784,0.00025403922365607734,0.0007113098262372386,0.0006096941367748077,0.0
1777577400,NZDUSD,bullish_exhaustion,0.59045,0.59064,0.59042,0.59061,120.0,2.222691105286603,32.084169661854816,0.03531457790613754,5.193424657533222,1.7367105712373554,-4.82562598716639,4.041608692765514,52.1130987330379,-0.03148767316752319,0,0.47314303697224847,30.53763440860215,0.00045715446741501076,0.00035556458576735395,0.00027090635106086225,0.0
1777577700,NZDUSD,bullish_exhaustion,0.59062,0.59091,0.59056,0.59088,221.0,1.96225203218538,29.384534794664013,0.038320567869717666,5.801388012617503,1.6294203376682823,-7.646396827989562,20.015609105889144,82.53670194605193,0.04874928014458467,1,0.4873249569963718,35.053763440860216,-0.00010154346060109454,-0.00018616301110196964,-0.00013539128080142238,1.0
1777578000,NZDUSD,bullish_exhaustion,0.59088,0.59088,0.59074,0.59082,149.0,1.8218906464325606,27.526530658663756,0.03735728068012192,5.523883495144754,1.654721754680554,-8.125923179323365,23.62996480643377,83.98084922690686,0.0021476678636633416,1,0.5207844144504677,46.88172043010753,-8.462814393550566e-05,-3.385125757426888e-05,-0.00042314071967763933,1.0
1777578300,NZDUSD,bullish_exhaustion,0.59082,0.59083,0.59066,0.59077,105.0,1.726223687057996,24.44113250148974,0.036997719683029444,5.217516339869364,1.620295829440793,-9.421396116950902,14.893916540977344,69.75660465283937,-0.025144167618587624,1,0.5034661569974795,39.56989247311828,5.078118387857877e-05,-0.00033854122585774693,-1.6927061292970613e-05,1.0
1777578600,NZDUSD,bullish_exhaustion,0.59078,0.5908,0.59066,0.5908,193.0,1.6062988197643682,21.544042994543357,0.03542412225553849,5.441365187712574,1.6428941658818128,-16.112934743656574,-0.1686520762119983,67.37231182797166,-0.018124641918251336,1,0.46326367535881796,26.451612903225808,-0.00038930264048742114,-6.770480704132442e-05,-0.0002538930264048833,1.0
1777578900,NZDUSD,bullish_exhaustion,0.59079,0.59083,0.59057,0.59057,312.0,1.4020798419254847,18.898818529956987,0.035316969803991224,4.2067123287672095,1.5030148315346483,-16.697004533638726,-19.506469254361825,37.707948244038896,-0.0913853334468867,1,0.4831066454802665,33.11827956989247,0.00032172308109101877,0.0001354623499330021,0.00028785749360782376,0.0
1777613400,NZDUSD,bearish_exhaustion,0.58934,0.58941,0.58931,0.58941,83.0,1.4692392676761756,12.06388622634747,0.01975340958391696,-5.3663803680992475,-1.8121504713548495,0.2667425967753235,13.629629629639837,-40.53125715595543,0.09714462439852212,1,0.4157592538405267,13.978494623655912,-3.3932237322065184e-05,6.786447464413037e-05,6.786447464413037e-05,1.0
1777648500,NZDUSD,bullish_exhaustion,0.59204,0.59218,0.59197,0.59216,650.0,1.8858462291500777,47.82390009966616,0.064413092986449,4.224644194756827,1.029413782628882,-12.825741921534956,20.62315488371668,81.92823173367997,0.05694482785533613,1,0.6043349140428518,73.11827956989248,-0.00027019724398824607,-0.00038840853823296495,-0.0005741691434747453,1.0
1778031300,NZDUSD,bullish_exhaustion,0.59206,0.59221,0.59186,0.5922,562.0,1.983599324678163,48.28996853858358,0.06380566410961434,5.39251417769408,1.635980429700004,-0.16322232421157423,-19.486306473233235,66.2795282647013,-0.06514796069559044,0,0.47729301148118575,31.827956989247312,0.0002870651806821112,0.000996285038838307,0.0006923336710571437,0.0
1778033700,NZDUSD,bullish_exhaustion,0.5926,0.59272,0.59255,0.59266,337.0,1.481947814038702,27.823779919058193,0.05411438020353883,5.648641425390045,1.658593697831691,-3.1708255446797438,-15.627555362085452,71.27433022081888,-0.032958747958587026,1,0.5555370322867907,58.70967741935483,5.061924206128943e-05,-0.0001518577261835352,-0.00010123848412235681,1.0
1778034000,NZDUSD,bullish_exhaustion,0.59266,0.59286,0.5926,0.59269,269.0,1.5540202232554075,26.760702381138508,0.054111641113278985,5.480890868597198,1.5907079062733454,-5.899611587162553,-8.34823095258244,78.20732558877776,-0.023038710241877793,1,0.5968462674945408,70.53763440860214,-0.00020246671953294548,-0.00015185003964979238,-0.00020246671953294548,1.0
1778034300,NZDUSD,bullish_exhaustion,0.5927,0.59271,0.59248,0.59257,276.0,1.464666519847075,24.032996930010057,0.048336664263897315,5.4296259351627025,1.6678451009761066,-8.669660782476257,0.41963202030633795,47.796656996810626,-0.05044513698749701,1,0.5504377801663729,56.98924731182796,5.0626930151675964e-05,0.0,5.0626930151675964e-05,0.0
1778034600,NZDUSD,bullish_exhaustion,0.59255,0.59264,0.59251,0.5926,146.0,1.3929444535918405,22.102074570194006,0.04483872523022102,5.651182795699226,1.690719312329756,-16.44291388905728,-0.14619883040674608,41.923457353730214,-0.03153728348382466,1,0.5481947177947769,56.12903225806451,-5.062436719538432e-05,0.0,0.0002531218359769216,0.0
1778034900,NZDUSD,bullish_exhaustion,0.59259,0.59276,0.59254,0.59257,177.0,1.4373866436150797,20.670930646873597,0.043635592178381186,5.364861878453494,1.6221040032027232,-20.562422945808635,-5.811403508773147,46.67257458750079,-0.030098349583212055,1,0.6263463829980823,78.27956989247312,5.0626930151675964e-05,0.00030376158091027783,0.00025313465075860186,0.0
1778035200,NZDUSD,bullish_exhaustion,0.5926,0.59261,0.59255,0.5926,172.0,1.4890862207229705,18.899871861894052,0.03845041222699033,5.850156739812477,1.7277535757484535,-16.451561919306272,-0.8223684210553479,32.79006596817997,-0.01303555111341737,1,0.8097697662885666,90.96774193548387,0.0002531218359769216,0.00020249746878175934,0.00030374620317230594,0.0
1778171700,NZDUSD,bearish_exhaustion,0.59635,0.59635,0.59593,0.59595,385.0,1.725457036472721,36.099999438697026,0.05153836012129857,-4.084093023255128,-1.1853903150436458,1.0278398239996642,2.693688107183931,-65.0061699553017,-0.007832558083145964,1,0.5575517696808427,79.38931297709924,5.0339793606912764e-05,8.389965601129923e-05,0.00011745951841590774,1.0
1778189100,NZDUSD,bearish_exhaustion,0.59387,0.59391,0.59364,0.59365,28.0,1.5109527189792298,26.65032645604974,0.04668455439111677,-4.039793814432473,-1.2360314931736058,1.0972355340943243,3.309887344882412,-90.8842487662802,0.005460498184405552,1,0.5800230586787667,87.53180661577609,0.0001347595384484368,0.0001347595384484368,0.0001516044807547967,1.0
1778190300,NZDUSD,bearish_exhaustion,0.59375,0.59375,0.59363,0.59375,82.0,1.817960581220707,23.382562665132358,0.03572932330827101,-4.184915824915758,-1.3879380290462882,4.387284330974309,7.557599455279327,-68.86365734328524,0.03944038857734076,1,0.5615276848210554,80.91603053435115,0.00025263157894728216,-5.052631578938982e-05,-0.00047157894736837846,0.0
1778190900,NZDUSD,bearish_exhaustion,0.59391,0.59391,0.59371,0.59372,101.0,1.6141277835916048,18.589570468804183,0.034888980856777295,-4.1903448275866255,-1.2455144909315243,23.31725829430897,8.023515579066775,-44.80788083113951,-0.002654130878038823,1,0.67980740731968,98.47328244274809,-0.0004210739068920555,-0.0005558175570976598,-8.42147813784333e-05,0.0
1778191200,NZDUSD,bearish_exhaustion,0.59372,0.59375,0.59346,0.59347,194.0,1.348856124663533,17.352896946824885,0.0369497555538975,-4.949706840391423,-1.2195398980557939,19.71655260266877,-9.573780129333166,-107.74632433619378,-0.07167265244291879,0,0.5757148812049973,86.76844783715013,-0.00013480041114133368,0.00033700102785316766,0.00045495138760176523,1.0
1778191500,NZDUSD,bearish_exhaustion,0.59346,0.59346,0.59317,0.59339,158.0,1.3563340226097091,16.080199860347477,0.0344268886037379,-5.497202797203105,-1.361566762727497,10.948006279160666,-20.130606797271977,-181.25960061445062,-0.06661063888943672,0,0.4630858648492614,34.86005089058524,0.0004718650465966867,0.0005898313082459694,0.0009437300931933734,1.0
1778475600,NZDUSD,bearish_exhaustion,0.59405,0.59418,0.59398,0.59415,200.0,1.3378124875424575,32.40206227155302,0.0490496627835707,-6.693235294117032,-0.29148660840282603,0.04051089939981978,-14.506604506610401,-626.832641770555,-0.5248728496554189,0,0.6829074875697764,98.9821882951654,-0.00010098459984841934,0.00028612303290409535,0.00025246149962154796,1.0
1778479800,NZDUSD,bearish_exhaustion,0.59443,0.59473,0.59443,0.59461,134.0,4.051082097757814,65.65712540971599,0.037960055450512,-4.529620253164389,-1.9372081392582854,0.005550546246664859,10.772494074201845,-15.240776113381656,0.17780463754957473,0,0.4118946005433533,16.030534351145036,-0.0006727098434267109,-0.0006054388590841508,-0.0002354484451991823,0.0
1778480100,NZDUSD,bearish_exhaustion,0.5946,0.5946,0.59417,0.59421,248.0,3.2603738301554093,61.18510425215796,0.04147162979898958,-5.601623188405484,-1.7229505328655017,1.2180310560802272,-12.142536493415179,-32.869368945746075,0.0073496823360342375,0,0.5248949609541881,63.61323155216285,6.731626865907891e-05,0.00043755574628501215,0.0004712138806144406,1.0
1778480400,NZDUSD,bearish_exhaustion,0.59422,0.59439,0.59416,0.59425,398.0,2.8751056426424584,55.318809052560525,0.04110823967786634,-5.317543859648734,-1.6645554684697987,0.46124820240506637,-22.23469987436752,-35.38892782060928,0.023241557575873723,0,0.5431977225316698,73.79134860050891,0.000370214556163484,0.000403870424905417,0.0005216659655027378,1.0
1778533200,NZDUSD,bearish_exhaustion,0.59628,0.59628,0.59436,0.59436,21.0,1.3793301107146043,26.382296656650386,0.044105063790105245,-6.9473569482292765,-0.5077000496447498,9.506404299639144,-17.460317460318088,-570.944398644536,-0.4769709355963035,0,0.6526679640432477,97.45547073791349,0.002321825156470947,0.002641496735984905,0.0030116427754223185,1.0
1778617200,NZDUSD,bullish_exhaustion,0.59526,0.59528,0.59525,0.59527,27.0,1.2175939964285587,8.918663898738938,0.023158758690536702,4.406010362694081,1.1228255789149868,-10.926939993089618,19.0241153932769,19.387598091991403,0.0038088505184073205,1,0.5186245821428066,60.55979643765903,-0.00011759369697783573,-3.359819913650863e-05,-5.039729870470744e-05,1.0
1778648700,NZDUSD,bearish_exhaustion,0.59404,0.59412,0.59393,0.59412,172.0,1.538293179590565,19.364823661249474,0.033062103855880584,-4.791563636364976,-1.5223652939765708,0.5138145161059698,12.998439052078382,-34.4665985003601,0.08848081254174367,0,0.45710979930573237,31.552162849872772,-0.00011782131555915232,-0.0001683161650845033,0.00011782131555926334,0.0
1778649000,NZDUSD,bearish_exhaustion,0.59412,0.59418,0.59405,0.59405,143.0,1.5718270999377066,19.046918394157146,0.0322243197422043,-5.130895522389633,-1.454120538767066,2.656691475092055,7.423481241833613,-22.204599524209637,0.0371457884707372,0,0.48989696344924544,48.854961832061065,-5.050079959589837e-05,0.00023567039811478452,0.00031983839744142983,1.0
1778649300,NZDUSD,bearish_exhaustion,0.59404,0.59406,0.59399,0.59402,130.0,1.7154555374858194,18.59384610184331,0.03018176396177018,-5.491792828686726,-1.4579085591575085,5.490359967441691,-7.756816058363398,-37.0500810030176,0.015229245816743266,0,0.48859296166878263,48.346055979643765,0.0002861856503149074,0.0003703579004072921,0.0003030201003333399,1.0
1778649600,NZDUSD,bearish_exhaustion,0.59406,0.59421,0.59406,0.59419,182.0,1.6168049581293567,16.872148844401085,0.028850800489501408,-4.616500000001363,-1.3506519036590037,9.33481097913879,-5.627850072293214,6.813584584295524,0.07277292039118576,0,0.43732712843278093,22.646310432569976,8.414816809443337e-05,1.682963361870904e-05,-0.00011780743533218452,1.0
1778649900,NZDUSD,bearish_exhaustion,0.5942,0.59426,0.594,0.59424,219.0,1.3945669409964458,15.680078581035925,0.030290791599354727,-4.000000000000793,-1.1196262140195363,22.834750865208896,5.6382538838696235,20.802830649162697,0.05618273132136356,0,0.640856055984076,96.18320610687023,-6.73128702208814e-05,-0.00020193861066242214,-0.0001514539579968721,0.0
1778792100,NZDUSD,bearish_exhaustion,0.59107,0.59113,0.591,0.591,155.0,1.9372375747623514,12.845522941239565,0.01921682378535415,-4.596226415092975,-1.3522843928212367,5.483144662138639,-14.856902356903824,-64.2399880899265,-0.010057213079414361,1,0.5026658120104851,58.040201005025125,0.0,-8.460236886631556e-05,-0.00010152284263953426,0.0
1778792700,NZDUSD,bearish_exhaustion,0.59095,0.591,0.59095,0.59095,38.0,1.2388323968526909,9.72427171168607,0.020548027993668137,-4.476705882351457,-1.2330126452238084,6.87801474178071,-29.074074074074613,-99.83650112404555,-0.019169969644027396,1,0.47617572274742226,39.698492462311556,-1.692190540647509e-05,-0.00015229714865883093,-0.0006937981216685873,0.0
1778809500,NZDUSD,bearish_exhaustion,0.58889,0.58891,0.58861,0.58865,279.0,1.802238029415877,37.92495121402637,0.05387630292072525,-4.89369369369416,-1.4364587432499845,0.17759910911804694,13.28534930279141,-77.1099389228136,0.02050044599612381,1,0.5897729791673831,94.47236180904522,-0.0006625329142954106,-0.0007474730315127909,-0.0006965089611824515,0.0
1778811600,NZDUSD,bearish_exhaustion,0.58831,0.58841,0.58827,0.58832,341.0,1.4475227731233624,26.06527537705341,0.049778546175066336,-5.0434146341464245,-1.5707687397841537,0.36316513962128016,25.20541839949427,-66.33806711891465,0.06258318037400983,0,0.5574425039072588,87.93969849246231,-0.00010198531411464984,0.0001869730758772281,8.498776176235623e-05,1.0
1778811900,NZDUSD,bearish_exhaustion,0.58831,0.58847,0.58821,0.58826,244.0,1.4497187900803703,25.220296372902222,0.0503907407317476,-4.992096385541781,-1.489234494917538,1.3636167554094505,14.478331424205024,-63.08134618637493,0.037191615218376224,0,0.5331778523207688,77.63819095477386,0.00028898786250985964,0.00018699214632977856,0.0005779757250194972,1.0
1778812200,NZDUSD,bearish_exhaustion,0.58825,0.58846,0.58817,0.58843,310.0,1.418490729393284,24.967212497763647,0.05001201745079672,-4.2666019417471475,-1.3874915274098834,2.0333197148470736,3.6618336682932835,-49.69741108742668,0.06958729803663667,0,0.4898774144323721,49.74874371859296,-0.00010196624917158115,0.0002889043726526097,0.0003228931223764331,1.0
1778812500,NZDUSD,bearish_exhaustion,0.58846,0.58855,0.58836,0.58837,271.0,1.406748163005806,23.710453927565258,0.0456466897651878,-4.6914893617021525,-1.4241774416904887,5.535068403493428,-3.9561202028912703,-29.949652006556498,0.03923394020262424,1,0.482364915631802,43.969849246231156,0.00039091048149986207,0.0004249026972824588,0.0008668015024559939,1.0
1778819100,NZDUSD,bearish_exhaustion,0.58817,0.58818,0.58783,0.58783,243.0,1.2425490300716624,15.120869820320824,0.03086412252327552,-4.468976377952782,-0.9769309431925696,0.08948156204715474,-14.320987654321122,-182.31433506048492,-0.11366881056456726,0,0.47603130514659625,39.44723618090452,0.00027218753721314215,0.0002041406529098566,-0.0003062109793646739,1.0
1778837700,NZDUSD,bearish_exhaustion,0.58445,0.58447,0.58427,0.58438,383.0,1.7323642125383443,36.4917153505074,0.0497474735128346,-4.75036855036777,-1.7030004576417597,0.5073619335618613,18.06902577544846,-70.45955470693178,0.08354963165271237,1,0.5489419042331599,84.92462311557789,-0.00018823368356213344,-0.0004449159793286084,-0.0002395701427153618,0.0
1778838000,NZDUSD,bearish_exhaustion,0.58437,0.58441,0.58419,0.58427,378.0,1.784490324524896,35.27508018017689,0.04841205998205558,-5.078888888888294,-1.698771788683309,1.036402146184416,6.515063969932115,-73.37972143105536,0.045993042150866636,1,0.5331264732351528,77.1356783919598,-0.000256730621116974,-5.134612422330598e-05,0.000290961370599252,0.0
1778838300,NZDUSD,bearish_exhaustion,0.58427,0.58428,0.58408,0.58412,314.0,1.7422789595782207,34.44493336626589,0.048669060173546705,-5.387537688441965,-1.6728911694698594,1.0286768344485877,-13.775640062921454,-83.12036022880372,0.00946458214261756,1,0.5156789871834038,65.82914572864321,0.00020543723892352261,0.0005478326371293196,0.0007019105663219616,1.0
1778838600,NZDUSD,bearish_exhaustion,0.58412,0.58426,0.58402,0.58424,416.0,1.7783275060100967,33.336188761186605,0.04804776901860415,-4.847633587786317,-1.6270053468737666,0.1515579423431621,-14.773995319070195,-73.75514788470653,0.04735174545971711,1,0.482085905550263,43.71859296482412,0.00034232507188813877,0.0004963713542380788,0.0012666027659866685,1.0
1779112200,NZDUSD,bullish_exhaustion,0.5878,0.5881,0.58775,0.588,766.0,1.3577565402057186,31.8062654860196,0.06729834791059404,4.079711191335425,1.0007150215146,-5.904345194281589,16.704459561601382,103.77940269582461,0.04868554345908361,1,0.6218211827331808,98.49246231155779,-0.0006462585034012758,-0.0017346938775510967,-0.0015816326530612157,1.0
1779155700,NZDUSD,bearish_exhaustion,0.58591,0.58592,0.58569,0.58569,371.0,1.2785225200706614,25.65553252458292,0.04878251049433761,-4.365899999999641,-1.152172267504247,2.2855301939720363,-17.684750237939447,-63.21059768437344,-0.02434363621275739,1,0.5221891380144899,69.34673366834171,-0.00035855145213348205,-0.0008024722976319731,-0.0007171029042669641,0.0
1779388800,NZDUSD,bullish_exhaustion,0.58799,0.5882,0.58799,0.588,227.0,1.9086097229107561,41.94800161606581,0.05758017492711465,4.22244725738366,1.3369818126332584,-1.669240977022028,-10.243399799926642,37.144859561151975,-0.031383141099345695,0,0.5081536345641103,60.30150753768844,-0.0009523809523809268,-0.0022448979591837004,-0.0017687074829930705,1.0
1779690000,NZDUSD,bullish_exhaustion,0.58733,0.5874,0.58719,0.58736,108.0,5.412032451412768,67.47434553342887,0.028213410125698172,7.386206896550401,2.574082453077289,-0.19089458315652053,1.8491168397216526,17.45834528019375,-0.09907390501261948,1,0.47598184667331445,39.19597989949749,-0.0001532280032688904,0.00011917733587574197,0.00017025333696540912,0.0
1779690300,NZDUSD,bullish_exhaustion,0.58737,0.58739,0.58724,0.58727,106.0,4.612798732900272,57.4981723647218,0.02931238734191678,6.421410788381288,2.271463970475295,-0.7971860008973692,-12.473893065998595,6.174903586796047,-0.10206655211285884,1,0.482527416661612,44.472361809045225,0.00027244708566764864,0.00032353091423020786,0.0,0.0
1779690600,NZDUSD,bullish_exhaustion,0.58729,0.58746,0.58722,0.58743,140.0,3.3454887013116967,43.7425624383632,0.030641948827949104,6.853333333332217,2.0637467959448874,-3.6307668977618164,0.7492690058471609,-3.1189083820868095,-0.006959844858097385,1,0.4566115952832416,28.391959798994975,5.106991471315325e-05,-0.0002723728784707058,-0.00010213982942663957,1.0
1775185200,USDCAD,bullish_exhaustion,1.39237,1.39243,1.39235,1.39243,25.0,1.214223557654747,3.17439279438172,0.0070277962164812255,4.210218978100441,1.1801164765980925,-0.9453518552581386,9.619883040912235,63.492063492311374,-0.01517264308263404,0,,,-6.463520607868922e-05,-7.899858520721281e-05,-7.899858520721281e-05,1.0
1775187600,USDCAD,bullish_exhaustion,1.3924,1.39243,1.39239,1.39243,81.0,1.2426170859217545,2.141877777389715,0.004616800434183923,4.834666666664608,0.9814935208057105,-5.416683059311291,18.518518518509367,63.036690086042434,0.08267883710275357,1,,,7.181689564150773e-06,5.745351651409436e-05,-7.181689564372817e-06,0.0
1775187900,USDCAD,bullish_exhaustion,1.39241,1.39244,1.39239,1.39244,154.0,1.2348587097546684,1.9511139833469242,0.004411577621194557,4.965116279070567,1.0466452242448991,-3.202527280273576,10.617283950594512,65.00000000017036,0.06621584938172269,1,,,5.0271465915852076e-05,-1.4363275975926015e-05,-7.181637987851985e-06,1.0
1775227800,USDCAD,bullish_exhaustion,1.39453,1.3946,1.39451,1.39452,83.0,1.6155624714721633,9.87250517806829,0.016954118365356253,4.7160120845921565,1.4595761142891674,-0.24636974764666775,-15.605831947084155,69.1146214736044,-0.06296069979275176,1,,,-4.3025557180942364e-05,-0.00018644408111745392,-0.00018644408111745392,1.0
1775228100,USDCAD,bullish_exhaustion,1.39453,1.3947,1.39444,1.39446,226.0,1.7240957734770235,9.44730339845802,0.016288947488122298,4.439496855346236,1.417331040700075,-1.5869639557087396,-12.098619620572535,60.10101010100067,-0.06909032666695354,0,,,-0.00014342469486394727,-0.00014342469486394727,-5.736987794568993e-05,1.0
1775229300,USDCAD,bullish_exhaustion,1.39438,1.39438,1.39432,1.39434,442.0,1.9234962350840883,8.718530967222417,0.012653195879669616,4.090040485827687,1.1994466787151048,-20.385747789986596,10.7444972616779,5.674537799744359,-0.01372555736299239,0,,,-0.00012192148256517932,-0.0002151555574679831,0.0,1.0
1775465400,USDCAD,bearish_exhaustion,1.39197,1.39207,1.39192,1.39204,372.0,2.1247358111038617,16.115542238177213,0.020627486073881984,-4.006368159203832,-1.4973132171945296,0.11918640287627397,23.437100894001773,-37.62891693300512,0.08438212177170445,1,,,9.338812103099059e-05,0.0,-0.0002657969598575116,0.0
1775466000,USDCAD,bearish_exhaustion,1.39216,1.39218,1.39196,1.39204,265.0,1.897200080732855,11.3929908248388,0.018523687742962494,-4.244986149582251,-1.4052755178093774,5.002418540560719,-0.5446623093577614,-18.25557809329512,0.034111347004480805,1,,,-0.0002657969598575116,1.4367403235571174e-05,0.00010057182264877618,1.0
1775466300,USDCAD,bearish_exhaustion,1.39204,1.39205,1.39167,1.39167,337.0,1.7375893319334823,9.935743766593673,0.01847728679520724,-5.496555555554222,-1.4275945980014515,8.57403136807272,-22.911220043570445,-72.70092900360854,-0.06936993199770884,0,,,0.0002802388497273878,0.00036646618810487475,0.00026586762666425123,1.0
1775529900,USDCAD,bullish_exhaustion,1.39258,1.39264,1.39254,1.39257,333.0,2.1718896197327315,10.169442824504895,0.013079619490788738,4.2988235294124015,1.45321479292492,-3.1929976842890113,-5.669853457784388,25.576197281073597,-0.06761267791666935,0,,,0.0,-6.462870807222298e-05,-0.0001220764485806436,1.0
1775530200,USDCAD,bullish_exhaustion,1.39255,1.39261,1.39254,1.39257,283.0,2.2413562362502386,9.657504232475722,0.012874448988972258,4.178804780876134,1.3542790908250717,-5.6762151697458165,3.8524849636082052,18.417575156856493,-0.04513777185093162,0,,,-6.462870807222298e-05,-0.0001220764485806436,-0.00015798128639865627,1.0
1775607600,USDCAD,bearish_exhaustion,1.38476,1.38481,1.38398,1.38418,1180.0,1.281875249741144,22.10403440024962,0.04050876950355526,-5.016815286623895,-1.5517791249964838,2.7381754227900172,6.329748256168429,-58.120004389007725,0.02974919619970448,1,,,0.000346775708361724,0.0002673062751954447,0.000520163562542475,1.0
1775640900,USDCAD,bullish_exhaustion,1.38623,1.38671,1.38608,1.3867,356.0,1.8428459710445484,18.45561792341924,0.02946357745520971,4.313566433565851,1.1491713609015373,-1.0034000886141143,4.26129426129382,66.72958200621382,0.024080391569290188,0,,,0.00020912958823093852,2.1634095334288617e-05,-1.4422730222896085e-05,0.0
1776060600,USDCAD,bullish_exhaustion,1.38551,1.38582,1.38538,1.38575,770.0,3.7902603615590182,28.01267830053782,0.016958325816339295,7.192340425533731,2.3548455597194007,-4.432964142481609,-4.405851568976562,9.842288711750909,-0.08842016244045368,1,0.13502327714811763,2.0737327188940093,-0.00010824463287040231,-8.659570629632185e-05,-0.00011546094172820709,1.0
1776060900,USDCAD,bullish_exhaustion,1.38574,1.38577,1.38549,1.3856,504.0,3.4512123757210666,26.202845325211808,0.016805509732755953,6.4082208588966125,2.137728794481509,-7.777282162345088,2.542798734593621,0.47427468685950813,-0.09871813666683624,1,0.18300924226563187,3.4562211981566824,2.165127020781199e-05,-7.217090069122634e-06,-0.00020207852193987463,1.0
1776061200,USDCAD,bullish_exhaustion,1.38559,1.38579,1.38557,1.38563,530.0,3.073388183688358,24.042667687946608,0.017320641152395566,6.112500000000158,1.8789249347288899,-14.238923066769416,7.638430025103553,-3.883952215612627,-0.04742456989237169,1,0.24569916889728544,5.990783410138248,-2.8867735253901294e-05,-0.0002237249482183179,-0.00020929108059142276,1.0
1776061500,USDCAD,bullish_exhaustion,1.38563,1.38563,1.38549,1.38559,788.0,2.589951180114162,20.25944346920768,0.017063386097510992,5.792870090636475,1.7168460723722923,-21.710061102077674,3.4083435539206697,-30.823168504820085,-0.03237842819786974,0,0.17876597267365316,2.7649769585253456,-0.00019486283821334993,-0.00018042855390132395,2.1651426468149992e-05,1.0
1776061800,USDCAD,bullish_exhaustion,1.38558,1.38561,1.3853,1.38532,618.0,2.050464920635285,16.985591273523717,0.018097933020113127,4.162507122508162,1.3739420873410924,-18.150336578950366,-4.626199978934636,-80.7462868273433,-0.07680207159874564,0,0.3042552024668013,11.52073732718894,1.4437097565878076e-05,0.00021655646348861524,0.0003031790488838837,0.0
1776102300,USDCAD,bearish_exhaustion,1.3797,1.37978,1.37933,1.37933,328.0,1.9325667609980735,19.606737190003447,0.026824617749195732,-4.263783783784781,-1.4506841241500328,3.395776803804411,17.42978935749636,-52.731851934502316,0.04267633173263427,1,0.7572213337050808,94.70046082949308,0.00019574721060222622,0.00023199669404716516,0.00014499793377953374,1.0
1776164400,USDCAD,bearish_exhaustion,1.37551,1.37559,1.37513,1.37517,827.0,1.3601953718092439,9.846816760226952,0.01833539541604974,-4.689405099148737,-1.2011641291539177,0.3102470450415584,5.441954157385844,-132.00458733742371,-0.06342035902581772,0,0.7745994029158442,95.85253456221197,-0.00011634925136527752,-0.00018906753346858984,-0.00011634925136527752,0.0
1776312300,USDCAD,bearish_exhaustion,1.37163,1.37167,1.37156,1.37156,282.0,1.6823474840134358,8.29097858114586,0.01499856263774487,-4.326388888888765,-1.3532300022018349,4.212363211661379,12.666236034643973,-28.92927202572409,0.032297105259743254,1,0.4120303750147861,30.414746543778804,0.0,-7.290967948825333e-06,-7.290967948825333e-06,0.0
1776312600,USDCAD,bearish_exhaustion,1.37156,1.37158,1.37154,1.37156,151.0,1.5315382415311596,6.9673664390387735,0.013019585623043025,-4.807040000000736,-1.4658895337065498,10.178459179265698,5.656975433844558,-33.086885847580504,0.027336780243323297,1,0.45998714352994285,43.31797235023041,-7.290967948825333e-06,-7.290967948825333e-06,7.290967948914151e-05,0.0
1776312900,USDCAD,bearish_exhaustion,1.37156,1.37158,1.37149,1.37155,203.0,1.3949586486316055,5.898695710258036,0.01145731888322262,-5.308545454546791,-1.5690495508327535,20.053372627496998,-1.9328133552310476,-34.696646636811096,0.01766480031593506,1,0.5313588358040537,64.74654377880185,0.0,8.020123218255293e-05,0.00012394735882770291,1.0
1776313200,USDCAD,bearish_exhaustion,1.37153,1.3716,1.37146,1.37155,181.0,1.3349622026573147,5.528279436593728,0.011249003994437677,-5.1787037037023715,-1.5027017396955458,21.183909591217187,-5.906198686350827,-31.570881226070515,0.011896663885788073,1,0.5669035983483768,71.6589861751152,8.020123218255293e-05,0.00012394735882770291,5.8328168859977936e-05,1.0
1776313500,USDCAD,bearish_exhaustion,1.37155,1.37168,1.37155,1.37166,270.0,1.2790053134510633,5.221996069030499,0.010883580062530724,-4.394258373204344,-1.3993032389288744,16.17068320529792,4.274269791538643,24.069409459858598,0.05393895815901439,1,0.5807618873174404,74.42396313364056,4.3742618433206815e-05,-2.187130921671443e-05,6.561392764958818e-05,0.0
1776406200,USDCAD,bearish_exhaustion,1.36826,1.36828,1.36815,1.36817,249.0,1.4728810517029762,8.051100638292306,0.013834955764686931,-5.163622641509445,-1.5179904308310983,1.883890978944475,2.9874213836619674,-58.82352941176826,0.027569536190035143,0,0.3219898050914204,14.746543778801843,0.00019003486408841752,8.77083988100047e-05,0.0001754167976200094,1.0
1776665100,USDCAD,bullish_exhaustion,1.36962,1.36984,1.3695,1.36976,448.0,2.152866314672696,17.23009295383186,0.019659335524890038,4.569124668436613,1.5609874782870987,-1.9887868882833288,-5.289253230432966,38.160669342162606,-0.07887341140201053,0,0.4659186917231763,45.39170506912442,-7.300549001287848e-05,2.1901647003774727e-05,0.00016061207802819943,0.0
1776665400,USDCAD,bullish_exhaustion,1.36976,1.36987,1.36966,1.36966,425.0,2.0667233258491655,16.660843649227928,0.01726184391955535,4.574743202418662,1.6258636240166022,-3.686413628191616,-3.1725417439615846,37.98783202253084,-0.09338957115322268,0,0.4874191179727391,52.30414746543779,9.491406626449539e-05,0.00023363462465120222,0.00010951623030530655,0.0
1776665700,USDCAD,bullish_exhaustion,1.36966,1.3699,1.36966,1.36979,383.0,1.8619839827526905,15.009563870086572,0.017885953321312254,4.729795918369161,1.4784636800438833,-7.028513688286154,8.599117176896815,40.49198452179737,-0.027121505768555543,0,0.4884362355194744,52.764976958525345,0.000138707393104065,1.4600778221351973e-05,6.570350199663899e-05,0.0
1776666000,USDCAD,bullish_exhaustion,1.36978,1.37009,1.36978,1.36998,175.0,1.5615959929458478,13.225897695443251,0.019030517650935108,4.970191780822277,1.3650085931191398,-10.971107179303033,16.328355726198225,64.91398896459253,0.02818681653783802,0,0.4517529925032054,41.244239631336406,-0.00012408940276498193,-7.29937663322966e-05,-4.379625979933355e-05,1.0
1776666300,USDCAD,bullish_exhaustion,1.36998,1.37,1.36981,1.36981,123.0,1.3664918004723496,11.533070776226948,0.019241458930174732,4.089972899730382,1.2645080202658905,-15.930636197626832,12.346222515707723,45.15900224614966,-0.026995302358311702,0,0.5050506990134458,58.525345622119815,5.110197764657265e-05,8.030310773032845e-05,-0.0001314050853769011,0.0
1776700500,USDCAD,bearish_exhaustion,1.36546,1.36549,1.36494,1.36498,1466.0,1.575301557653297,24.635856585199786,0.044375323133988814,-4.425188679245441,-1.3633795030159164,0.8777663728711914,21.611304026143422,-66.48472104158141,0.05561463187356539,1,0.8193450562301053,97.6958525345622,-8.791337602020999e-05,-0.0003223490454072886,-0.00043224076543257883,0.0
1776700800,USDCAD,bearish_exhaustion,1.36497,1.36499,1.36461,1.36486,987.0,1.559104043605839,24.38432297058382,0.040506509301845205,-4.92279069767441,-1.4494081862205919,0.4081534747761225,16.916636587301262,-84.27960860131165,0.03864813854684913,1,0.6162341534459965,79.26267281105991,-0.0002344562812301998,-0.00034435766305696003,-0.0006227744970179749,0.0
1776702900,USDCAD,bearish_exhaustion,1.36449,1.3647,1.36449,1.36453,375.0,1.5112830787484663,19.66406544916265,0.03266430827569108,-5.267051282051274,-1.574115841478482,1.1743083528598737,18.237051557806986,-50.01582779356912,0.058141711856765727,0,0.7287516882285462,93.54838709677419,-2.1985592108642038e-05,-8.794236843467917e-05,-3.6642653514440404e-05,0.0
1776703200,USDCAD,bearish_exhaustion,1.36452,1.36458,1.36442,1.3645,236.0,1.7730509934937804,17.147872010927024,0.03208920064911254,-5.1843393148445305,-1.5105695554429641,4.541987300628517,10.87922292258127,-53.30515439705921,0.04011819394290026,0,0.6541684695947118,84.56221198156682,-6.595822645671934e-05,-1.4657383657135092e-05,-3.66434591426712e-05,0.0
1776703500,USDCAD,bearish_exhaustion,1.36448,1.3647,1.3644,1.36441,234.0,1.7018027970394478,15.212854450839204,0.03156780481777973,-5.236417910448273,-1.4616789987293695,8.501852063237045,-3.9715032800156465,-47.19881803298281,0.017127703544640632,0,0.6412689580482751,83.6405529953917,5.1304226735382485e-05,2.9316700991710576e-05,6.596257723123777e-05,1.0
1776703800,USDCAD,bearish_exhaustion,1.36443,1.3645,1.36427,1.36448,162.0,1.5629250908078844,13.284959473298258,0.02894875703564514,-5.275443037975839,-1.498368559586676,11.947140253990845,-8.658609908614991,-56.01494548573136,0.02681508389352861,0,0.5877494454714624,75.34562211981567,-2.1986397748530173e-05,1.4657598499168145e-05,-0.00018321998123815852,1.0
1776704100,USDCAD,bearish_exhaustion,1.36449,1.36469,1.36445,1.36445,281.0,1.34581813269144,10.84839322979864,0.028111798055729692,-5.251173184358661,-1.4546410097474953,20.665464256868106,-9.787381008319699,-28.13289587812574,0.014137370348608421,0,0.6896957907227005,89.63133640552995,3.6644801934881954e-05,-0.00016123712851323635,-3.664480193477093e-05,0.0
1776704400,USDCAD,bearish_exhaustion,1.36445,1.36453,1.36424,1.3645,792.0,1.2244792729141145,10.050035473417626,0.022823640265926398,-5.996238532111154,-1.6731100102632102,18.433787794796075,0.19014474272826476,-48.20881608725221,0.02165584298635877,0,0.41662790634309343,31.105990783410135,-0.00019787467936971392,-7.328691828512035e-05,-0.00020520337119833698,0.0
1776704700,USDCAD,bearish_exhaustion,1.36449,1.36453,1.36423,1.36423,629.0,1.3115207212894564,9.880497610826337,0.021519203402022888,-6.944817518249233,-1.7295314658289738,13.2674325287162,-10.154991948461706,-69.4159084238198,-0.045909057280687025,0,0.6357416262584934,82.7188940092166,0.00012461241872707696,-7.330142278161311e-06,0.00019058369922952956,0.0
1776705000,USDCAD,bearish_exhaustion,1.36428,1.36444,1.36422,1.3644,316.0,1.34804331454109,9.52358228902035,0.02067889600871194,-6.2457721518991045,-1.694045892402052,8.658943892439993,-6.810205802029184,-58.30810896919536,0.008470177980171719,0,0.4555997539204792,42.3963133640553,-0.00013192612137202797,6.59630606860695e-05,0.00015391380826734746,1.0
1776705300,USDCAD,bearish_exhaustion,1.36439,1.36443,1.36418,1.36422,258.0,1.2428842731069816,9.035971911094803,0.01994860485426571,-6.7332283464575955,-1.7033136773158952,5.342155049433131,-11.213310725210162,-79.5778237534252,-0.038126967343941165,0,0.5246369830627845,62.44239631336406,0.00019791529225487992,0.0002858776443683819,8.0632156103988e-05,1.0
1776709800,USDCAD,bearish_exhaustion,1.36366,1.36381,1.36356,1.36376,346.0,1.5004610996248429,9.591339357403072,0.017336523393308344,-4.530755287010483,-1.4849432189938832,0.15930974041557988,13.296903460848167,-109.30066603237854,0.05288301754525325,0,0.698460426426067,89.86175115207374,0.00014665337009445167,0.0002566433976651794,0.00028597407168406974,1.0
1776966000,USDCAD,bullish_exhaustion,1.3703,1.37105,1.3703,1.371,1535.0,1.212602225055028,21.636356016012076,0.03678232781077455,4.676317280452728,1.1609587703873583,-0.7011887493563904,5.807942964149596,113.29424270486079,0.05400380360131068,0,0.579939245291304,88.52097130242825,-0.00010211524434722286,-0.0004084609773886694,-0.0011013858497446183,1.0
1777002900,USDCAD,bullish_exhaustion,1.37076,1.37112,1.37076,1.37099,498.0,1.9367255279555087,10.455379465462693,0.013024998619348712,4.499039999996198,1.4334435445858575,-2.49063994604775,-0.7388955984874066,45.19418832075161,-0.026668483499830403,0,0.44808083577968916,26.048565121412803,2.1881997680495147e-05,-6.564599304148544e-05,-4.376399536099029e-05,1.0
1777003200,USDCAD,bullish_exhaustion,1.37101,1.37115,1.37097,1.37102,575.0,1.6762936951111802,9.53827471270554,0.013545702157099479,4.355076923071118,1.3276822716268897,-2.648351689288873,14.999999999989456,60.11960969461236,-0.012201131475215118,0,0.5164321437694123,62.251655629139066,-8.752607547657387e-05,-6.564455660740265e-05,-0.000102113754722577,1.0
1777023000,USDCAD,bearish_exhaustion,1.36896,1.36904,1.36888,1.36889,320.0,1.350407833881938,10.218936764876478,0.018210792268605495,-4.73031518624439,-1.543328412928817,0.9920378993537828,18.383446871800125,-33.890932099546745,0.05544673002022243,1,0.5073978099002137,59.38189845474614,-8.766226650780418e-05,1.4610377751411718e-05,0.00016071415526464072,1.0
1777023300,USDCAD,bearish_exhaustion,1.36888,1.36893,1.36873,1.36877,196.0,1.3532978295256821,9.371249083844463,0.018160204312735042,-5.067356321836616,-1.4853221160886705,2.2541356354503392,6.91586406701888,-61.90376227464845,0.009367129619530581,1,0.5303832863508946,68.43267108167771,0.00010228161049696816,0.0002483981969212401,0.00010958743981803742,1.0
1777052400,USDCAD,bearish_exhaustion,1.36708,1.3672,1.36685,1.36687,408.0,1.4023298225921828,11.035264483190005,0.01818544767032881,-4.9547126436787075,-1.3131929448153012,0.24937430604143904,10.708268279985816,-79.56328897985206,0.011565645445716918,0,0.5200980341775063,63.576158940397356,0.00013900370920416627,7.315984694944433e-06,2.19479540848333e-05,1.0
1777053000,USDCAD,bearish_exhaustion,1.36707,1.36707,1.36667,1.36688,642.0,1.257977288630902,9.936814775313126,0.020171067373453998,-4.065077720207634,-1.0933523619271803,0.8161285159653776,-11.666460885410011,-86.623227290105,0.005550909230329489,0,0.41465044848785293,12.803532008830022,1.4631862343295055e-05,0.0002999531780403242,0.00022679386632318277,1.0
1777057800,USDCAD,bearish_exhaustion,1.36659,1.36659,1.36631,1.36639,460.0,1.6776084863803227,8.395928958739438,0.013748427817616966,-4.796197718630377,-1.2765631379749853,11.203438083930894,-9.376221140925914,-81.15335426113751,-0.032435747053857926,0,0.5544344104998978,78.58719646799118,7.3185547317944355e-06,4.391132839076661e-05,2.9274218927177742e-05,1.0
1777058100,USDCAD,bearish_exhaustion,1.36636,1.36654,1.36634,1.3664,464.0,1.588311848194893,8.22814687501486,0.014061977249915623,-4.439405204461161,-1.2286211056664667,12.393488868948658,-20.98304186539736,-75.78363914375043,-0.010911633400225959,0,0.3804827196998229,4.194260485651214,3.6592505854748936e-05,2.1955503512804952e-05,-5.854800936777593e-05,1.0
1777058400,USDCAD,bearish_exhaustion,1.3664,1.36649,1.3664,1.36645,308.0,1.7083466034559323,8.250107347738886,0.01275463531674765,-4.376721311476813,-1.2993671150615638,15.199994475349484,-16.23737373737534,-65.24992517216901,0.01731555439812413,0,0.38938833228124886,5.298013245033113,-1.4636466756812183e-05,-9.513703391994532e-05,-0.00013904643419071494,0.0
1777058700,USDCAD,bearish_exhaustion,1.36646,1.36655,1.36643,1.36643,131.0,1.766834832974827,7.912196426388908,0.012179809534959823,-4.459570815450667,-1.3095521322209593,16.288528270512003,-2.4843024843002404,-54.09180028473378,0.009240938032262343,0,0.45732350965399016,31.788079470198678,-8.050174542428845e-05,-0.00012441178838284994,-0.0001024567669035692,0.0
1777059000,USDCAD,bearish_exhaustion,1.36642,1.36645,1.3663,1.36632,241.0,1.7533675047359967,7.954689396572904,0.011867121694978116,-4.999295154186665,-1.3418253560745292,12.488396196238028,-2.6716371544099786,-84.37981934354458,-0.03254801663537908,0,0.5273071394639106,67.77041942604856,-4.3913578078313975e-05,-2.1956789039156988e-05,6.587036711747096e-05,0.0
1777059300,USDCAD,bearish_exhaustion,1.36633,1.36642,1.36626,1.36626,180.0,1.6499547813598545,7.968649607610531,0.011972203575555892,-5.087685589519866,-1.3423921229882096,8.416132915418558,-10.344827586216791,-91.22570497691105,-0.037495654473858775,0,0.5020381873922141,56.73289183222958,2.1957753282730863e-05,0.00010978876641343227,0.00010978876641343227,1.0
1777059600,USDCAD,bearish_exhaustion,1.36626,1.36632,1.36626,1.36629,147.0,1.4341748290107266,6.506964372120284,0.011187752443265885,-5.008598130844277,-1.4147589178965452,5.187872975605671,-9.112560836708592,-97.92033378970049,-0.004200661004043055,0,0.4554632600809452,30.242825607064017,8.782908460136518e-05,8.782908460136518e-05,0.00017565816920273036,1.0
1777282800,USDCAD,bearish_exhaustion,1.36121,1.36122,1.36097,1.36098,176.0,1.7884933089985,16.654680231996725,0.023040120249483532,-9.460683371297705,-2.6553113852550054,1.8354669364857708,10.356946037267392,-85.09551877625537,0.01899317185380244,0,0.5814215520009333,89.40397350993378,0.00013225763787838574,-0.0001249099913297469,-0.00011021469823224717,0.0
1777283100,USDCAD,bearish_exhaustion,1.36098,1.36122,1.36098,1.36116,136.0,1.9074213749022266,15.577751093325965,0.022827168423571895,-8.614344827586148,-2.540650954275337,2.624254024565348,12.456451332687259,-73.8052941250692,0.06295532844120096,0,0.4812716345854545,43.04635761589404,-0.000257133621322847,-0.00024244027153308423,-0.0003159070204824532,0.0
1777283400,USDCAD,bearish_exhaustion,1.36116,1.36118,1.3608,1.36081,266.0,1.7866710809859419,14.802512073813876,0.022203162612184642,-9.641134751772457,-2.5633041813072497,7.162799682773368,-8.373846597941231,-97.93616904802249,-0.023087411315094546,0,0.5645134714487247,81.23620309050773,1.4697128915885926e-05,-5.8788515663543706e-05,-8.818277349531556e-05,0.0
1777283700,USDCAD,bearish_exhaustion,1.36083,1.36109,1.36081,1.36083,274.0,1.5017963308606463,12.355002477698696,0.022990170914599654,-8.887123287671182,-2.404814291337822,8.176996922570435,-10.391652372785998,-98.5789992027714,0.0005434478346032992,0,0.4914706117433823,48.56512141280353,-7.348456456723884e-05,-0.00010287839039413438,-7.348456456723884e-05,0.0
1777284000,USDCAD,bearish_exhaustion,1.36082,1.36091,1.3606,1.36073,201.0,1.4911541834164064,11.698540010907193,0.022991860461455422,-8.853242009131302,-2.3475108781348366,14.194064694436484,-14.642508954102176,-125.04317789290616,-0.01028691133166323,0,0.5242224024092563,65.56291390728477,-2.939598597817561e-05,0.0,0.00025721487730856474,0.0
1777284300,USDCAD,bearish_exhaustion,1.36071,1.36082,1.36062,1.36069,292.0,1.4846874157611754,11.473855207640817,0.020735278214941064,-9.55686075949221,-2.5349243911006325,20.05024858113373,-3.7214247740615995,-126.23925974887901,-0.005447963548393686,0,0.5962911667314316,92.93598233995584,2.9396850127483276e-05,0.000286619288743184,0.0002498732260838299,1.0
1777284600,USDCAD,bearish_exhaustion,1.36069,1.36074,1.36067,1.36073,124.0,1.4436301256210688,10.223847899935901,0.01931736221419149,-9.679021739129501,-2.620462408482911,16.501747229936058,4.826069370003541,-121.51630146493014,0.017170418329990233,0,0.47117987799636124,37.74834437086093,0.00025721487730856474,0.00022046989483581747,0.0001322819369016237,1.0
1777344600,USDCAD,bullish_exhaustion,1.36368,1.36369,1.36354,1.36355,307.0,1.9112815656050568,9.924588327412149,0.013567525943312552,4.490810810811792,1.7056765793719475,-0.09046511948099578,-31.008971704616325,30.51643192482503,-0.14356979199840583,0,0.39407399283291206,6.401766004415011,0.0001980125407943234,0.00013200836052962295,4.4002786843133634e-05,0.0
1777344900,USDCAD,bullish_exhaustion,1.36355,1.36383,1.36355,1.36382,408.0,1.7656072120261477,9.323225591031083,0.014350448425328483,5.4743065693425335,1.571556547295655,-1.810757908851997,-13.880462869339144,56.628361568557324,-0.005949782340661752,0,0.42395543296203886,16.55629139072848,-6.599111319671724e-05,-0.00015397926412574758,-0.0002932938364299531,1.0
1777345200,USDCAD,bullish_exhaustion,1.36382,1.36388,1.36364,1.36373,539.0,1.6415420603849225,8.90866906324106,0.014613282268904779,4.785089605734817,1.4584282988908837,-1.0699860233316372,5.768533230622058,56.380460512185316,-0.04063512215683073,0,0.49681306287222826,51.21412803532009,-8.7993957748278e-05,-0.0002273177241829405,-0.000278647532869436,1.0
1777374600,USDCAD,bullish_exhaustion,1.36625,1.36668,1.36624,1.36668,565.0,1.3475430925824525,14.561772713639158,0.02613214923338439,5.018719999999386,1.3089363637653784,-0.1993421031179281,4.569887467488165,101.15461847388893,0.021234280485927026,1,0.5907278784981944,91.61147902869757,3.6585008926781626e-05,-0.00020487604998964404,-3.6585008926670604e-05,1.0
1777375500,USDCAD,bullish_exhaustion,1.36639,1.36677,1.36636,1.36663,347.0,1.3326942183661725,14.984873022529602,0.028432818580844038,4.001838235293885,1.1400773425768684,-0.851622872062265,-8.313481155698838,79.63253843593446,-0.011611148857101936,1,0.48545545361409376,45.916114790286976,0.0003804980133614855,0.000278056240533342,9.512450334026035e-05,0.0
1777564800,USDCAD,bearish_exhaustion,1.3611,1.36122,1.36088,1.36093,427.0,3.1753376159187656,44.30076281911382,0.04209306451155964,-6.34364089775479,-1.9892136410581458,0.31749935234064985,14.469184225521957,-47.012656254055834,0.06837016000879556,1,0.48684008782806093,34.623655913978496,-6.613124848442453e-05,1.4695832996736158e-05,0.00020574166195186372,1.0
1777565100,USDCAD,bearish_exhaustion,1.36093,1.36093,1.36052,1.36084,343.0,3.0846536072901145,42.31566773360011,0.038264181366972086,-6.945075445814822,-2.0841072308646176,0.5717571064250893,1.9275785431502754,-56.96883178680837,0.048499866099277186,1,0.5129838358851866,44.086021505376344,8.08324270304972e-05,0.00027189089092027885,0.0002792392933776977,1.0
1777565400,USDCAD,bearish_exhaustion,1.36084,1.36108,1.36063,1.36095,472.0,2.9961017630904654,38.72938293549793,0.035689355649678206,-7.004529411762779,-2.103152111658029,0.9586187993680315,-8.942547483123654,-47.77415852334974,0.05704937520851079,1,0.49393455643804207,36.55913978494624,0.000191043021418702,0.00019839082993500234,2.2043425548234907e-05,1.0
1777565700,USDCAD,bearish_exhaustion,1.36095,1.36129,1.36094,1.36121,437.0,2.1829511763725256,28.671453939021607,0.03384593749048821,-6.582821705425435,-2.038674970927574,2.603556548105563,2.763459673793129,-23.87335631305453,0.08039803965988493,1,0.47463938726202165,30.752688172043012,7.346405036745551e-06,-0.00016896731584392644,-0.00043343789716510095,0.0
1777566000,USDCAD,bearish_exhaustion,1.3612,1.3613,1.36109,1.36122,467.0,1.688599529329803,19.600770195970583,0.03237641863286393,-6.612447325769025,-1.9588144394241225,8.723033139360137,13.168229787955113,-2.871794871786747,0.05577374783048836,1,0.6122132118425431,73.9784946236559,-0.00017631242561821914,-0.00044078106404554784,-0.00028650769162963385,0.0
1777576800,USDCAD,bearish_exhaustion,1.3589,1.359,1.3587,1.35878,379.0,2.8658873519563017,28.24557125215291,0.02523271926707317,-4.888916666665829,-1.9728425649517243,0.6068936750226728,21.029325454582256,-61.08577387457338,0.10095582389914574,1,0.39019022899753686,8.817204301075268,7.359543119367373e-06,2.2078629358768254e-05,-0.00026494355230433086,1.0
1777577100,USDCAD,bearish_exhaustion,1.35878,1.35892,1.35871,1.35879,334.0,2.848807069387996,26.570949449583853,0.024391449114915035,-4.878879310345023,-1.9468353665161855,1.7049862881968865,8.141923436040159,-57.17901596085864,0.08896509136366489,1,0.39280710754434556,9.247311827956988,1.4718977914274234e-05,-0.00027230109141218595,-0.0002575821134979117,0.0
1777577400,USDCAD,bearish_exhaustion,1.35877,1.35896,1.35871,1.35881,248.0,2.5816999422702045,24.537461943209955,0.023392317016883577,-4.886471910112878,-1.9249850691683366,3.240517572513483,-3.6132452488267432,-50.50594187552009,0.07974873801834756,1,0.36420671704838603,6.236559139784946,-0.00028701584474655206,-0.0002722970834774241,-0.00022078141903569826,0.0
1777577700,USDCAD,bearish_exhaustion,1.3588,1.35888,1.3584,1.35842,347.0,2.3026315444260725,22.361567042184436,0.024713585320759752,-5.62323404255353,-1.8166237772387392,6.19401877409757,-18.015772951216867,-69.70069700696811,-0.014331719783716364,1,0.44541198588445524,22.1505376344086,1.472298699978225e-05,6.625344149835399e-05,-0.00013250688299648594,1.0
1777578000,USDCAD,bearish_exhaustion,1.35842,1.3585,1.35833,1.35844,363.0,2.1597080550069405,20.14913183745593,0.0234512697337686,-5.729955156951003,-1.8826271331660445,7.249758907561969,-20.948525347120672,-79.99706701862208,0.008287686251248578,1,0.42156971097651114,16.559139784946236,5.1529695827667865e-05,-0.00014722770236463845,-8.097523630046233e-05,0.0
1777578300,USDCAD,bearish_exhaustion,1.35843,1.35863,1.35841,1.35851,235.0,1.9184339171270035,17.673690368480884,0.02255622493971812,-5.59673659673643,-1.8908395928798658,10.728185537035486,-17.26576518242066,-66.32733710600813,0.033596923452677147,1,0.4168501311531588,14.193548387096774,-0.00019874715681167388,-0.0001324981045410789,-0.0002134691684272383,0.0
1777578600,USDCAD,bearish_exhaustion,1.35853,1.35862,1.35823,1.35824,359.0,1.7068362818107765,15.775807918889454,0.023612490113255197,-6.029665924275589,-1.8034863000135675,20.05530903563805,-5.79830892894816,-85.29155787644157,-0.02256320582544402,0,0.5690944693404648,63.44086021505376,6.626222169869855e-05,-1.4724938155241674e-05,0.00012516197431966525,0.0
1777578900,USDCAD,bearish_exhaustion,1.35826,1.35854,1.35802,1.35833,1542.0,1.4249347373829162,13.758402075970949,0.0241893669852999,-5.475826086955923,-1.7160550349054606,17.02534398982688,4.143748004514691,-96.30156894149086,0.015381420262535323,0,0.45439269944606486,23.655913978494624,-8.09817938204338e-05,5.889585005114384e-05,-2.944792502557192e-05,1.0
1777579200,USDCAD,bearish_exhaustion,1.35833,1.35849,1.3582,1.35822,867.0,1.3233677052630624,12.155173267498869,0.024138736203055008,-5.667102396514738,-1.6921723534532254,12.359540519267583,3.1177238365606037,-91.18011590123665,-0.0010917185350501793,0,0.4607097488582684,25.806451612903224,0.0001398889723314145,5.1538042437959675e-05,0.00012516381734917204,1.0
1777657200,USDCAD,bullish_exhaustion,1.35857,1.35871,1.35852,1.3587,248.0,1.3037851232040256,9.559263190291926,0.017769085996070848,4.927337278104761,1.4926977792113754,-1.361909263610812,-8.554701847383193,60.89615742582891,-0.02210684943496943,1,0.49471554102189824,37.204301075268816,2.2079929344220872e-05,-5.151983513651537e-05,-4.4159858688441744e-05,1.0
1778031900,USDCAD,bearish_exhaustion,1.35982,1.35982,1.3595,1.35956,578.0,1.3253734377464288,8.53727179483458,0.017074851947896645,-4.5204923076933445,-1.0401188717535974,23.33842297971266,-11.653167031067525,-92.27043014512302,-0.050556018441761906,0,0.6367861132126968,80.43010752688173,8.09085292299283e-05,0.00011032981258640717,5.884256671273569e-05,1.0
1778032200,USDCAD,bearish_exhaustion,1.35956,1.35968,1.35954,1.35967,464.0,1.2909017989570393,7.859836919561246,0.015760126669389682,-4.180400000000988,-1.09456242063626,16.557606837892855,-12.017160272967253,-88.9786616946423,0.003983490364094831,0,0.4684264799568036,28.817204301075268,2.9418903116251727e-05,-2.2064177337077773e-05,4.412835467437759e-05,0.0
1778086200,USDCAD,bullish_exhaustion,1.36303,1.36345,1.36302,1.36338,708.0,1.327521116898229,11.418183018451401,0.024938021681408785,4.084117647059146,1.0079965543409635,-3.317464717679613,20.34015246533515,137.58730476232373,0.06273033017130158,1,0.6465712005023887,96.69211195928753,2.9338849036886216e-05,0.0002273760800364233,0.0001760330942217614,0.0
1778089200,USDCAD,bullish_exhaustion,1.36381,1.36392,1.36374,1.3639,271.0,1.2643404155126845,11.611271549668558,0.023147905690616904,4.454660633482312,1.2478228412011052,-2.221867687565833,26.492869875220016,110.19153464174279,0.020036449339132522,0,0.6430045172093432,96.43765903307889,-1.4663831659156301e-05,7.331915829578151e-06,-6.59872424664254e-05,0.0
1778193900,USDCAD,bullish_exhaustion,1.36623,1.36634,1.36622,1.36633,113.0,1.2961782056292948,8.00875863570404,0.019081355581324604,4.441643835614249,1.0705808209370824,-7.375870940841768,13.575837742493178,106.49920865889251,0.02970468456215532,1,0.6088105615868301,92.36641221374046,-5.8551008907170576e-05,-6.586988502055302e-05,-6.586988502055302e-05,1.0
1778194200,USDCAD,bullish_exhaustion,1.36634,1.36636,1.36624,1.36625,99.0,1.641256602725036,7.737661856204911,0.01814141942229934,4.1806340057621485,1.0872780642404773,-4.463892283802563,1.5432098765264612,98.05041194222997,-0.005811688111527151,1,0.5344567289874063,69.21119592875317,-7.319304666131288e-06,-7.319304666131288e-06,-7.319304666131288e-06,1.0
1778194500,USDCAD,bullish_exhaustion,1.36624,1.36627,1.36615,1.36624,233.0,1.690824229918976,7.674140676579875,0.0178801465544666,4.028888888887443,1.0564637695084944,-2.619939311021728,-9.980446284812373,72.16079244423261,-0.010561458619113282,1,0.47072134966071844,38.42239185750636,0.0,0.0,-5.8554865909221654e-05,0.0
1778194800,USDCAD,bullish_exhaustion,1.36626,1.3664,1.36624,1.36624,243.0,1.420768981895044,6.4066369258116485,0.016573118297562035,4.136403785487043,1.0873097110856784,-1.5039643086292056,-18.132198451050684,93.33461452233404,-0.010777464926308565,1,0.4237626991111237,19.338422391857506,0.0,-5.8554865909221654e-05,-0.00010979037357994326,1.0
1778249700,USDCAD,bullish_exhaustion,1.36943,1.3697,1.36941,1.36963,738.0,1.250463431663915,20.26685992718539,0.0425036584437327,4.612269938650081,1.5390152840181461,-4.424188827349326,-16.359818517396743,-18.564356435627452,-0.07438047581522374,0,0.511548650732442,56.234096692111954,0.0,0.0002117360162965376,0.00017522980659001597,0.0
1778550300,USDCAD,bullish_exhaustion,1.36894,1.3691,1.36892,1.36901,766.0,1.4905904352433832,10.542312639344583,0.01737439046151094,4.2403603603606825,1.3384708552882039,-0.005982896727587672,-13.380791321963379,71.81352735114403,-0.0564179742000837,1,0.47267698907826733,39.18575063613232,-0.00012417732522040925,-0.00010226367959331739,-2.9218194169566836e-05,1.0
1778619000,USDCAD,bearish_exhaustion,1.36993,1.36996,1.36949,1.36951,181.0,1.2165148366819438,6.07455470548827,0.014447294496363982,-4.701371841157166,-0.6896244254786791,1.3859020132210134,-7.7389770723084474,-62.79444982254042,-0.16726776083054531,0,0.4520765251658916,29.51653944020356,1.460376338968672e-05,-0.00023366021423731897,-0.00017524516067790596,0.0
1778866200,USDCAD,bearish_exhaustion,1.37375,1.37379,1.37357,1.3736,280.0,2.241347895117217,19.83615696312161,0.0241284632664946,-4.685775862070074,-1.5631765371388615,0.2412062879574947,16.511217493117236,-40.957446808518554,0.07905757944174877,1,0.5089306058441563,61.05527638190955,0.00012376237623756836,0.00042224810716362526,0.00041496796738504926,1.0
1778866500,USDCAD,bearish_exhaustion,1.37361,1.37398,1.3736,1.37377,491.0,1.9855680468698738,18.4982284395372,0.024437444820769157,-4.000425531915237,-1.408572589971157,0.04440820589733188,6.870530467286287,-21.74997505737954,0.09187378444584401,1,0.45950962620071073,30.90452261306533,0.0002984487941941616,0.00029116955531116595,0.0003057280330769352,1.0
1779185100,USDCAD,bullish_exhaustion,1.3762,1.37623,1.37594,1.37615,496.0,1.82914742554549,11.272148932751206,0.01546758295659206,4.212214765100292,1.433330401844943,-1.1390969420873773,-14.516476880612515,11.252470981844947,-0.09062843707075607,0,0.38275034989000983,4.271356783919598,0.00013806634451185573,0.00026886603931264297,0.00021799949133449736,0.0
1779185400,USDCAD,bullish_exhaustion,1.37616,1.37638,1.37602,1.37634,253.0,1.5204668669979713,10.209273403463317,0.016347704782248503,4.648888888886404,1.3021764879332247,-4.125015614966273,-0.8227657004838562,35.330261136692826,-0.003690098117381241,0,0.450796747285047,23.869346733668344,0.00013078163825808176,7.992211226870438e-05,0.0001017190519785327,0.0
1779185700,USDCAD,bullish_exhaustion,1.37633,1.37657,1.3763,1.37652,257.0,1.2371218439342224,8.73785035788673,0.017175818108604742,5.015468277944857,1.2457287581693512,-5.5631723008039415,17.64454413005135,84.3223691646504,0.04334769882514517,1,0.5238728810070962,70.35175879396985,-5.085287536688021e-05,-2.905878592396327e-05,1.4529392962092658e-05,1.0
1779333000,USDCAD,bullish_exhaustion,1.37616,1.37637,1.37615,1.37631,359.0,1.76342589952643,11.175637593244286,0.016451858333414095,4.626624605676108,1.4793571009659447,-0.46362817310846083,-8.582431523538176,73.16908992995529,-0.03516151968485025,0,0.4488537084527258,22.8643216080402,-7.992385436406124e-05,-0.00013805029390179246,-7.265804942202525e-05,1.0
1779333900,USDCAD,bullish_exhaustion,1.37612,1.37622,1.3761,1.37621,373.0,1.211116920932109,6.900111119464769,0.015103591955964012,4.099931271475868,1.3118569453689495,-3.403989553092515,-2.8683874983531688,35.92367551431604,-0.026248614553814803,0,0.429298409240585,17.33668341708543,0.00014532665799560363,0.00011626132639652731,2.1798998699251726e-05,0.0
1779334500,USDCAD,bullish_exhaustion,1.37642,1.37647,1.37634,1.37637,339.0,1.3411260848615159,6.471000615470343,0.014582872753279708,4.718149466192721,1.3277231640785958,-5.631206196705222,21.022927689584307,96.64694280082152,0.009670696245601566,0,0.5144763745789144,65.07537688442211,-9.445134665841959e-05,-6.538939384037601e-05,-4.359292922695435e-05,1.0
1779449400,USDCAD,bullish_exhaustion,1.37964,1.3799,1.37963,1.37988,455.0,1.619445983008031,7.6534584478323096,0.0118540328558586,4.153537117902049,1.0716879363593932,-3.4082830520057144,11.799854041232013,59.95238789289753,0.043339112978858355,0,0.45622045947006645,27.386934673366838,-7.247006986177418e-06,7.2470069860663955e-06,-0.00021016320259725774,0.0
1775236800,USDCHF,bullish_exhaustion,0.80067,0.80085,0.80063,0.80074,569.0,1.6303140043809972,14.095150943487994,0.022746816337746185,5.481411764705894,1.5739108788762628,-0.957917596723604,-3.374485596700964,94.82797903849358,-0.009950530827672048,1,,,-1.2488448185354883e-05,-3.7465344556286695e-05,-0.00014986137822514678,1.0
1775237100,USDCHF,bullish_exhaustion,0.80067,0.80081,0.80062,0.80073,466.0,1.5293420537429037,12.839307313046412,0.022301078836991325,5.313279999999484,1.5623596269685625,-0.6426039247334785,-2.477366255124309,83.22094010697425,-0.021848554463754343,0,,,-2.4977208297416453e-05,-0.00013737464563590152,-4.995441659494393e-05,1.0
1775237400,USDCHF,bullish_exhaustion,0.80073,0.80081,0.8006,0.80071,314.0,1.3056103994294388,11.15614275027848,0.023193701304380473,4.809538461538171,1.4441422486263364,-1.1828619677883268,3.1440329218281846,74.78055367997179,-0.030208287162899278,0,,,-0.00011240024478276212,-2.4977832173922465e-05,2.4977832173922465e-05,1.0
1775237700,USDCHF,bullish_exhaustion,0.8007,0.80073,0.80057,0.80062,273.0,1.2498363961941077,10.242052325041875,0.02283944228937064,4.212031249999312,1.3644771644963007,-4.584544532555412,-6.937095825984066,47.970479704851925,-0.05910019715886838,0,,,8.743224001395156e-05,0.0001373935200219556,-2.498064000400202e-05,0.0
1775465700,USDCHF,bearish_exhaustion,0.79749,0.79749,0.79714,0.79733,286.0,3.3539764063985764,43.560892788668106,0.04076103997090337,-5.548307692308667,-1.8641186274640373,1.2823063979965632,11.279767928216884,-34.85614568884859,0.06064579105838201,1,,,-2.5083716905238695e-05,-0.00023829531059915698,8.779300916805788e-05,0.0
1775466000,USDCHF,bearish_exhaustion,0.79732,0.79733,0.7971,0.79731,409.0,2.8130831643677205,36.11830254483827,0.036103541013801574,-6.189875930522476,-1.9797775852132773,2.4673528701077037,-1.4105733368036226,-37.189734960029064,0.04599977442551477,1,,,-0.00021321694196740903,0.00011287955751226875,8.779521139845592e-05,1.0
1775466300,USDCHF,bearish_exhaustion,0.79729,0.79732,0.79713,0.79714,285.0,2.224573534979937,28.454830419330953,0.0350359678708523,-6.874680306906338,-1.9650037883188287,3.995297921168512,-20.401270708649506,-39.58648512354524,-0.004607291988217265,1,,,0.0003261660436060243,0.00030107634794385163,0.00023835210878897506,1.0
1775466600,USDCHF,bearish_exhaustion,0.79715,0.79745,0.79713,0.7974,232.0,1.6170439855056984,21.57829798365812,0.03529327457092644,-5.684568527919795,-1.7953924280511995,5.034342923586493,-8.751843178073749,-8.515344207871193,0.060094472694380396,1,,,-2.5081514923530612e-05,-8.778530223230163e-05,7.524454477048081e-05,0.0
1775523900,USDCHF,bullish_exhaustion,0.7986,0.79888,0.7986,0.79888,209.0,1.5028573892453894,14.304404027758359,0.024051529283855264,4.410260223047318,1.1768657440862218,-0.14309711728706986,-13.182743182739479,88.64735961106538,-0.003155184236619613,1,,,6.258762267163931e-05,-0.0001126577208091506,2.5035049068700133e-05,1.0
1775529000,USDCHF,bullish_exhaustion,0.79969,0.79986,0.79965,0.79981,181.0,2.5030490438761643,23.922314279315664,0.026702770479416868,5.289096989966965,1.6740900504992777,-0.22244682848229047,-1.661779081130252,56.750036565737624,-0.05456264997682323,1,,,-6.251484727626266e-05,-0.00016253860291826072,-0.00033758017529161854,1.0
1775529600,USDCHF,bullish_exhaustion,0.79977,0.79977,0.79967,0.79968,90.0,2.640926797281806,21.66946819735678,0.02563525410164002,4.515121951220025,1.5342292086859992,-0.3390890854329598,4.507026227457253,37.321983958078924,-0.07711462968155536,0,,,-0.00017507002801109284,-0.00011254501800705974,-0.000150060024009524,1.0
1775529900,USDCHF,bullish_exhaustion,0.79968,0.7997,0.79953,0.79954,114.0,2.515703998426463,20.515271105753293,0.022870293275776485,4.114687500001737,1.5337459248218224,-2.550559496893271,-9.561565475542995,12.956472926405697,-0.11035818741668674,0,,,6.253595817584667e-05,2.5014383270516305e-05,-0.00010005753308162113,0.0
1775530200,USDCHF,bullish_exhaustion,0.79954,0.79961,0.79952,0.79959,58.0,2.4344903787315166,19.364994495349176,0.02117156471262936,4.537890295359317,1.5037492733969506,-9.315939198185163,-8.708207949195895,4.373377067101046,-0.056767084555139534,0,,,-3.751922860462109e-05,-0.0001625833239535801,-5.002563813960581e-05,1.0
1775530500,USDCHF,bullish_exhaustion,0.79962,0.79962,0.79954,0.79956,87.0,2.5761811229002203,17.26921002729209,0.019385662114162833,4.545806451613965,1.4773062123750735,-22.67074615524656,-1.3464286550902482,-3.885381253039592,-0.047987280276675565,0,,,-0.00012506878783347108,-1.250687878340262e-05,1.2506878783291597e-05,1.0
1775531100,USDCHF,bullish_exhaustion,0.79949,0.79959,0.79946,0.79955,219.0,1.7820200326216207,12.212050242405173,0.018581880879423977,4.247115384615542,1.2066658850463776,-16.22522914336549,6.675437851902377,-40.5694350664072,0.00841184228845878,0,,,2.5014070414552947e-05,0.00017509849290231472,5.002814082932794e-05,0.0
1775531400,USDCHF,bullish_exhaustion,0.79954,0.79959,0.79946,0.79957,134.0,1.2789575142404312,8.444360117183157,0.018581416082573684,4.159615384613777,1.1030487449167683,-10.751973394441151,16.760037348268856,-62.917199261408534,0.026562113392772795,0,,,0.0001500806683591982,2.5013444726607048e-05,0.0,0.0
1775595300,USDCHF,bearish_exhaustion,0.79761,0.79778,0.79704,0.79706,1048.0,1.8479873077712206,26.126542198132373,0.03692140043230311,-5.239126213592344,-1.290155873939172,1.1813028708339246,-14.466495480985984,-90.81414173063766,-0.08765144740407052,0,,,0.0008154969512961241,0.000589667026321683,0.0003763832082903651,1.0
1775599200,USDCHF,bearish_exhaustion,0.79701,0.79711,0.79634,0.79637,78.0,1.2466217816244938,17.825658370870602,0.04619173786771652,-4.556116504854507,-0.9646158623940906,4.225472447290711,-2.43321243321828,-162.21202020834338,-0.09846504442443497,0,,,-0.00016324070469764251,0.0002636965229729782,0.0005022790913771225,1.0
1775607000,USDCHF,bearish_exhaustion,0.79096,0.79097,0.79048,0.79075,922.0,2.0917063398508766,71.09895195035779,0.09638227722325161,-5.660880974695147,-1.8269796681885915,0.11408372256986853,20.68829077524726,-67.52763767894545,0.0580937931112767,1,,,0.000619664875118664,0.0004046791021183882,0.0005564337654124785,1.0
1775607600,USDCHF,bearish_exhaustion,0.79121,0.79137,0.79081,0.79107,671.0,1.7876501108849892,57.1766939319659,0.08975185508235735,-5.265070422534902,-1.7061641473885394,2.1601647136356075,5.798122425226552,-40.9443009959352,0.05470927916487091,1,,,0.00015169327619535267,0.00039187429683829045,0.0002528221269926245,1.0
1775607900,USDCHF,bearish_exhaustion,0.79107,0.79128,0.79083,0.79119,546.0,1.540114308528193,46.70117622974867,0.08143248957718327,-5.425232815964392,-1.746398325058747,5.095408970662529,3.8213953814969273,-34.87836536448113,0.0557020721222035,1,,,0.00024014459232302166,0.00010111351255703838,0.00024014459232302166,1.0
1775608200,USDCHF,bearish_exhaustion,0.79116,0.7915,0.79106,0.79138,867.0,1.2752139646220646,37.96548184529398,0.0784344165526412,-5.131829689297821,-1.6588420137531266,10.970359039490207,-0.20638102479686893,-7.535674202315236,0.05826004602497205,1,,,-0.0001389977002197451,0.0,-0.0003664484823978631,0.0
1775613000,USDCHF,bearish_exhaustion,0.79004,0.79023,0.78978,0.79017,401.0,1.2329328730996678,26.008462354462683,0.05577461631222121,-5.069043760129901,-1.374241746290987,0.032789570498266585,0.9231639969051102,-96.85009300659894,0.022413955854092033,0,,,0.00015186605414019283,-0.00035435412632733865,-0.0001645215586519866,0.0
1775613300,USDCHF,bearish_exhaustion,0.79017,0.7904,0.79017,0.79029,433.0,1.262223960516594,25.67011136784762,0.052331603407789286,-4.788048359240699,-1.3717354133962503,0.02066099727032622,6.135486400207242,-57.08699902246835,0.03928839190831204,0,,,-0.0005061433144796235,-0.0003163395715497508,-2.530716572402003e-05,0.0
1775613600,USDCHF,bearish_exhaustion,0.79031,0.79031,0.78982,0.78989,585.0,1.3240124730047818,26.59379222538915,0.0525389611211676,-5.392771084337913,-1.3559467663718296,0.012463594833079128,-0.4351295128248296,-88.7431063691709,-0.03372756086248703,0,,,0.00018989985947404087,0.00048107964400112557,0.00046841965336952285,1.0
1775613900,USDCHF,bearish_exhaustion,0.7899,0.7901,0.78979,0.79004,268.0,1.3734945170496897,26.40826087977056,0.05270980854495515,-4.674511149228801,-1.2985206839774963,0.00729792825833897,-3.2514736512963935,-85.497364476026,0.0065071238818286935,0,,,0.00029112450002544144,0.0002784669130677653,0.0006075641739660131,1.0
1775614200,USDCHF,bearish_exhaustion,0.79004,0.79033,0.79,0.79027,310.0,1.2799976400365305,24.741857261644068,0.04998291723081815,-4.036962025316877,-1.263323941171691,0.004182003288462965,1.8759018758999062,-48.82141639790883,0.045490864401043635,0,,,-1.2653903096460084e-05,0.00031634757741016983,0.00010123122477123658,1.0
1775754300,USDCHF,bearish_exhaustion,0.78835,0.78841,0.78799,0.78807,353.0,1.610621480608348,21.894668977284645,0.03861150840480326,-4.207230046947214,-1.2449757324158983,1.9275470749828436,-22.317718415274904,-82.67875577900666,-0.035360162542378615,0,,,3.806768434277963e-05,0.00011420305302811684,0.0001395815092566366,1.0
1775782200,USDCHF,bullish_exhaustion,0.79119,0.79135,0.79117,0.79125,405.0,1.6060776563910804,11.45141103785289,0.018686526743397925,5.309178743963339,1.4326512544506782,-0.5096381918336732,7.185185185182952,76.72418342044045,-0.01716283335283952,1,,,-0.00010110584518163712,-6.319115323849545e-05,-0.00010110584518163712,1.0
1775782500,USDCHF,bullish_exhaustion,0.79132,0.79133,0.79117,0.79117,228.0,1.6631589060469527,11.0170682274187,0.019049545067971973,4.600758293839664,1.317226911493485,-0.44407532202988875,0.037037037042047416,60.91342423236958,-0.05354672290235324,1,,,3.7918525727764774e-05,0.0,-2.527901715188019e-05,0.0
1775782800,USDCHF,bullish_exhaustion,0.79117,0.79126,0.79111,0.7912,294.0,1.5063909297812415,10.2067779048394,0.019229380326446756,4.653521126761158,1.2372138846852112,-3.9347275474756884,-0.44444444443733033,45.26748971189608,-0.026601870752333428,0,,,-3.79170879676316e-05,-6.319514661268233e-05,0.0,1.0
1775783100,USDCHF,bullish_exhaustion,0.79119,0.79127,0.79115,0.79117,153.0,1.3107932537217755,9.146306136627052,0.01941067388442681,4.278139534885539,1.1436484090176435,-9.947490505756903,-6.796296296290599,43.07692307689415,-0.03311637984250581,0,,,-2.527901715188019e-05,3.7918525727764774e-05,1.2639508575773561e-05,0.0
1776056400,USDCHF,bullish_exhaustion,0.79202,0.79214,0.79196,0.79211,169.0,1.2295300219279677,36.272907223141,0.06005659387134082,6.270150150149688,0.52610012670556,-20.52552307710313,10.573503836107271,641.5600907028138,0.43439413814335465,1,0.9994641023002921,100.0,6.31225461109608e-05,6.31225461109608e-05,5.0498036888946274e-05,0.0
1776060600,USDCHF,bullish_exhaustion,0.79158,0.79191,0.79154,0.7919,333.0,6.083365043041303,66.4282297928159,0.024714520231635666,10.631824817515632,3.360945223287183,-0.7859557417951208,-7.2945705562191065,32.76776512581252,-0.07228483501503373,1,0.008440988637118339,0.2304147465437788,-5.0511428210664455e-05,-0.0003409521404218463,-0.0002020457128425468,1.0
1776060900,USDCHF,bullish_exhaustion,0.79188,0.7919,0.79168,0.79186,524.0,5.48247218274387,62.350653545954756,0.025166786336694745,10.011756272399461,3.1354306956189215,-0.530467776899826,5.0179211469559135,30.916993830629778,-0.07500665935005844,1,0.03553024635333179,0.4608294930875576,-0.0002904553835274548,-0.0001515419392317252,-0.0003030838784633394,1.0
1776061200,USDCHF,bullish_exhaustion,0.79187,0.79195,0.79159,0.79163,281.0,4.41298414519492,56.87047195258707,0.027520071606329008,7.8849836065559105,2.632788281559376,-0.6552509684365901,5.48088410991474,19.33205996412607,-0.12222365654654486,1,0.15921449362431692,2.5345622119815667,0.00013895380417627834,-1.2632164015924374e-05,0.0002273789522884151,1.0
1776061500,USDCHF,bullish_exhaustion,0.79162,0.79178,0.79152,0.79174,566.0,3.7807687416849496,49.67013306661851,0.028689071809292695,7.8074213836462025,2.3581532079747833,-3.916484347545591,-1.2126295462787624,6.128334534969494,-0.04679542831940184,1,0.13002158049115156,1.8433179723502304,-0.000151564907671764,8.841286280847349e-05,0.000429433905069887,0.0
1776061800,USDCHF,bullish_exhaustion,0.79173,0.79174,0.79143,0.79162,327.0,2.779840937688676,39.744565418470586,0.029866422201132576,6.759758308155626,2.073524541953096,-8.932775394420403,-6.267271946192523,-30.636191210978353,-0.061218941911946656,1,0.13666500282047625,2.3041474654377883,0.0002400141482024054,0.0005810868851217066,0.0003410727369193012,0.0
1776094200,USDCHF,bearish_exhaustion,0.78763,0.78788,0.78763,0.78764,587.0,1.564478153024262,26.609912138735407,0.043892423659829684,-4.283884297520248,-1.1659102570280153,16.209188082504582,-17.985008818343417,-24.882130106536767,-0.004344947695900901,1,0.41802834865607813,31.797235023041477,-0.00017774617845722762,-3.808846681219169e-05,-0.0003174038901020415,0.0
1776094500,USDCHF,bearish_exhaustion,0.78764,0.78776,0.78723,0.7875,643.0,1.3399781707242586,23.746007195501175,0.043628117913832025,-4.597588357588094,-1.1457402935258318,20.354268329448225,-13.44539609650813,-58.41433199923429,-0.02910464414882575,1,0.5604658190998411,70.27649769585254,0.00013968253968266175,-0.0001396825396824397,0.00022857142857146684,0.0
1776102300,USDCHF,bearish_exhaustion,0.78509,0.78523,0.78508,0.78514,148.0,2.8316379332566313,44.395691655958395,0.041029989192102566,-5.897383592018485,-2.152227419452711,0.05827356603532237,22.108262496321252,-61.93095019858133,0.11985554439035853,1,0.7001581218078614,90.09216589861751,0.00010189265608695486,0.0002547316402170541,-0.00030567796826030946,1.0
1776102600,USDCHF,bearish_exhaustion,0.78513,0.78535,0.78513,0.78522,187.0,2.6222045394357183,40.316936510943115,0.03875165103865479,-5.7084507042262045,-2.129020762492233,0.8731811188269074,20.248514101082804,-48.27816783684372,0.11638501977465888,1,0.6338982677604983,81.79723502304147,0.00015282341254674314,-0.0004075291001247594,-0.00043299966888266095,0.0
1776102900,USDCHF,bearish_exhaustion,0.78524,0.78534,0.78515,0.78534,271.0,2.4063160054722683,35.53200200040418,0.03683572902000688,-5.3497283950619074,-2.05759124745437,2.7442579301444905,8.152822786970773,-37.45318352058327,0.11758357861650262,1,0.4066466910738678,29.262672811059907,-0.0005602668907733754,-0.0005857335676268116,-0.0007512669671735361,0.0
1776103200,USDCHF,bearish_exhaustion,0.78535,0.78535,0.78484,0.7849,272.0,2.112501381060661,31.09040211067104,0.03849443969204509,-6.331442080378327,-1.9273607243195903,6.906656898131136,-12.533499677568827,-59.5343353963858,-0.015066045250514238,1,0.6164951040705389,79.49308755760369,-2.5480952987710914e-05,-0.00019110714740744328,-0.0003185119123456648,0.0
1776103500,USDCHF,bearish_exhaustion,0.78492,0.78496,0.78477,0.78488,295.0,1.9593736226960445,26.744819438186955,0.03813139770228777,-6.19073985680257,-1.89516448434302,9.57340410314588,-20.151002209159195,-75.47079629095632,-0.006155873084351592,1,0.554998473141223,69.35483870967742,-0.000165630414840634,-0.00029303842625627574,-0.0003057792273978288,0.0
1776103800,USDCHF,bearish_exhaustion,0.78487,0.78489,0.78469,0.78475,113.0,1.7524610056849614,23.56623658834669,0.0374095480817372,-6.463163017032463,-1.9049482626873144,13.803624652847638,-26.641749055545247,-86.18256811027408,-0.024601061410466467,0,0.6818702897599423,88.47926267281106,-0.00012742911755336817,-0.00014017202930860506,-8.920038228721339e-05,0.0
1776104100,USDCHF,bearish_exhaustion,0.78475,0.78478,0.78459,0.78465,256.0,1.6336975605067656,21.721699640397485,0.03632192697381144,-6.719298245614545,-1.945993588443684,19.94755368792429,-13.448753645011358,-100.84264517310895,-0.029611879723974152,0,0.7906228043091745,96.7741935483871,-1.2744535780262467e-05,3.8233607341009446e-05,-0.0008411393614987661,1.0
1776104400,USDCHF,bearish_exhaustion,0.78465,0.78472,0.78454,0.78464,301.0,1.5976198344221395,20.918139269130734,0.03322724889303332,-7.110465753425274,-2.092167344955605,16.235057366395026,-3.2304170194795,-103.52831940578278,-0.012026462087792827,0,0.862578927442813,98.61751152073732,5.097879282223161e-05,-0.0008284053833605975,-0.0008793841761827181,0.0
1776104700,USDCHF,bearish_exhaustion,0.78467,0.78483,0.78465,0.78468,229.0,1.5871934914604329,19.16592698618479,0.031313947814942844,-7.101744186046723,-2.152426669873169,11.509289029312981,4.651667806204243,-81.2734894478167,0.013968109069226558,0,0.9136424505631205,99.07834101382488,-0.000879339348524355,-0.0009303155426415577,-0.0009303155426415577,0.0
1776105000,USDCHF,bearish_exhaustion,0.78472,0.78474,0.78397,0.78399,826.0,1.420978579565783,20.202071337247432,0.03617028642858182,-8.323123425693305,-1.9921285169277068,7.450464401480588,1.422308516133775,-179.46654403315483,-0.13872347353157646,0,0.9452003082483047,99.53917050691244,-5.102105894194686e-05,-5.102105894194686e-05,-0.00048470005994971643,0.0
1776107700,USDCHF,bearish_exhaustion,0.78363,0.78375,0.78355,0.78375,101.0,1.7562184129969483,34.39442715550167,0.041922989291410785,-5.819739130434477,-1.8570917003773082,0.3078141496828444,19.64013374464742,-68.90634877629383,0.08751097446289716,1,0.5363900130543316,65.66820276497695,-6.379585326954373e-05,-0.00028070175438599243,-0.0001913875598086312,0.0
1776108000,USDCHF,bearish_exhaustion,0.78379,0.78386,0.78368,0.7837,84.0,2.0351467969673394,33.73615949476176,0.041743378479374656,-5.752227074235569,-1.7704935720376374,4.4472862926241365,9.983068822833843,-56.32896852744003,0.058630259058769764,1,0.5549962531025933,69.12442396313364,-0.0002169197396962863,-0.00012759984688015535,-0.00010207987750410208,0.0
1776108300,USDCHF,bearish_exhaustion,0.78369,0.78369,0.78348,0.78353,80.0,2.055916749198077,32.825472311033245,0.042025922974961334,-5.963210412147363,-1.7063921904367585,9.274312168129542,-14.283827907423245,-69.80504041846142,0.013389654929920034,1,0.48447725991931323,52.07373271889401,8.9339272267841e-05,0.00011486477862998612,0.00020420405089782712,1.0
1776108600,USDCHF,bearish_exhaustion,0.78353,0.78364,0.7835,0.7836,103.0,1.9688196149976867,30.83544980084231,0.04165755122876171,-5.544245076586259,-1.643049518223988,12.34684217816546,-23.538011695906583,-63.101647903409805,0.03099613947230265,1,0.38269007424554813,24.65437788018433,2.5523226135915067e-05,0.00011485451761106269,0.0001786625829505173,1.0
1776108900,USDCHF,bearish_exhaustion,0.78361,0.78367,0.78352,0.78362,124.0,1.9773872804015955,27.341016055269836,0.04129187981054988,-5.284768211920114,-1.5718667434610634,20.747730659501713,-17.64242065838557,-56.143243119492745,0.03039304338728327,1,0.33239589560816957,15.898617511520738,8.932901151070816e-05,0.00015313544830397596,-2.5522574717329327e-05,1.0
1776109200,USDCHF,bearish_exhaustion,0.78362,0.78378,0.78361,0.78369,148.0,1.9514457759010988,25.29166050085764,0.03581955693122088,-5.560814249363611,-1.6939196380898398,17.661036134210754,4.336684407651113,-38.63659609290235,0.043349151435312115,1,0.5253274672092413,63.133640552995395,6.380073753642357e-05,-0.00011484132756578447,7.656088504370828e-05,0.0
1776109500,USDCHF,bearish_exhaustion,0.78373,0.78384,0.78373,0.78374,116.0,1.9875098270197906,22.71830997696986,0.03408564793718002,-5.3746524064171135,-1.6476726563350899,12.474169669083125,13.710201429502007,-21.051402210292633,0.043148328992767104,1,0.48375529560827624,51.843317972350235,-0.00017863066833390118,1.2759333452461163e-05,-0.00024242733559598495,1.0
1776109800,USDCHF,bearish_exhaustion,0.78373,0.78373,0.7835,0.7836,254.0,2.1688034380790016,20.36519592407953,0.03445635528330685,-5.539259259259978,-1.5504637529327634,8.059012504621109,2.8647326376936633,-45.2397947045059,-0.006749406129699456,1,0.34900326768969697,17.741935483870968,0.0001914241960183638,-6.38080653394546e-05,5.104645227160809e-05,0.0
1776110100,USDCHF,bearish_exhaustion,0.78359,0.78377,0.78357,0.78375,149.0,1.9289503585289973,17.81866393932973,0.031624515835040896,-5.1352161383290325,-1.553369155502377,4.94049849593479,3.2335741314030244,-21.542940320271647,0.03308507499966995,1,0.25625416166467896,6.912442396313365,-0.00025518341307817494,-0.0001403508771928852,-7.655502392334146e-05,0.0
1776110400,USDCHF,bearish_exhaustion,0.78375,0.78381,0.78355,0.78355,136.0,1.505506463223874,14.676473098437429,0.03090330638030113,-5.741238938052853,-1.5290419382681957,2.925742801885903,-10.751825096513485,-31.06389827787975,-0.035166491410149756,1,0.3970153944671333,27.419354838709676,0.00011486184672326871,0.00017867398379167732,0.00017867398379167732,1.0
1776114000,USDCHF,bearish_exhaustion,0.78347,0.78347,0.78167,0.78167,2.0,1.489118684310483,23.336233320932735,0.034906948310301056,-9.12565445026258,-1.0946327228327881,0.0020491066526062696,-23.677248677256777,-569.9481865287304,-0.5001931435883393,0,0.709685884634835,91.24423963133641,0.0019061752401907661,0.0023027620351299127,0.0023027620351299127,1.0
1776334500,USDCHF,bullish_exhaustion,0.78366,0.78387,0.78365,0.78387,217.0,1.7475697809319808,30.254863538582804,0.043010047219928474,4.608135593219534,1.3273892530407634,-0.5543862879632258,-13.663682864449754,75.16393532352546,-0.015169900443627494,1,0.43815701658483586,36.175115207373274,0.0003954737392679597,0.0005485603480168688,0.00034444486968499,0.0
1776336300,USDCHF,bullish_exhaustion,0.78401,0.7841,0.78399,0.78404,338.0,1.2323885388531912,16.164204851207074,0.03407260562507713,5.16727272727175,1.5701019672444616,-1.5048450919435652,-19.65865118850114,72.44312561817972,-0.05151021912226458,0,0.4498360820623685,40.32258064516129,5.101780521399313e-05,-0.00024233457476652287,-0.0007780215295137838,1.0
1776336600,USDCHF,bullish_exhaustion,0.78405,0.78417,0.78401,0.78408,289.0,1.2753960799220547,14.969991407728791,0.03306878306878226,5.255206611569488,1.546761365158366,-4.992180960457631,-17.275867120894567,75.41401273881928,-0.03303519403037929,0,0.4709978565557613,47.69585253456221,-0.00029333741454951046,-0.0008289970411182734,-0.0009055198449137158,1.0
1776336900,USDCHF,bullish_exhaustion,0.78407,0.78408,0.7838,0.78385,316.0,1.2346659467241552,14.176471815144637,0.03389861398408902,4.054731182795363,1.3688698515379303,-8.034663825258463,-11.687212628074668,24.566210045628832,-0.08280173329094954,0,0.43849898033146983,36.405529953917046,-0.0005358168016841303,-0.0006123620590674506,-0.0005740894303757349,1.0
1776373200,USDCHF,bearish_exhaustion,0.78334,0.78334,0.78272,0.78278,7.0,1.390774535596847,10.795664294677845,0.018706222875977806,-5.653268292683698,-0.49029686051634236,0.7358181614055468,-13.812865845381161,-128.42285413376985,-0.29563588762913157,0,0.9390902434759238,99.30875576036865,0.00019162472214406812,0.00011497483328648528,0.0004982242775748436,1.0
1776661500,USDCHF,bullish_exhaustion,0.78247,0.78261,0.78247,0.78258,105.0,1.3927939546105301,21.387497743433137,0.03440999185843311,7.314907161803479,1.676872922121486,-5.756722956107296e-06,2.561515003377295,250.82657048385028,0.11685985052816969,1,0.6409938068897536,83.41013824884793,-8.94477241943914e-05,-6.389123156747001e-05,0.00010222597050768556,1.0
1776666600,USDCHF,bullish_exhaustion,0.78313,0.78313,0.78255,0.78279,710.0,1.562386106341335,21.393582555842613,0.03284953271539654,4.2863333333327525,1.6711780089271988,-4.119306807139367,-18.707558852078165,-12.043189368771802,-0.14501179482996485,0,0.5623991138824669,71.42857142857143,-0.00010219854622561808,-0.00047266827629377506,-0.0005365423676847447,1.0
1776701100,USDCHF,bearish_exhaustion,0.77814,0.77822,0.77799,0.778,548.0,1.8531535606775622,38.93892288168906,0.055453543885422944,-4.101258278145074,-1.199493885534806,1.7259205539377094,-17.91409897292025,-58.33929849678091,0.013780917301855343,0,0.5927014193654193,76.72811059907833,0.00010282776349601619,-3.856041131100607e-05,0.00011568123393312923,0.0
1776701400,USDCHF,bearish_exhaustion,0.77801,0.77811,0.77792,0.77808,230.0,2.1450593200114767,34.49780271197884,0.050031579565820335,-4.1809908256877275,-1.2665438307722252,1.8465803619077592,-17.933306655993533,-56.34457806673136,0.030541001452001438,0,0.4635673828341024,44.23963133640553,-0.00014137363767219302,1.285214887913888e-05,0.00010281719103422127,1.0
1776701700,USDCHF,bearish_exhaustion,0.77808,0.77813,0.77796,0.77797,282.0,2.0195642932823215,30.82300122520718,0.04691697623301928,-4.5753424657530335,-1.3069828937631163,3.947555570702189,-17.4258390224722,-53.08996957952563,0.00753824777327393,0,0.5083749231694528,59.21658986175116,0.00015424759309468072,0.0002442253557333185,0.0004241808810108161,1.0
1776702000,USDCHF,bearish_exhaustion,0.77797,0.7781,0.77793,0.77809,313.0,1.848679793433387,27.837520995885225,0.04498194296289851,-4.2234285714286415,-1.2843002516515423,7.222819504814108,2.1832611832596918,-46.037025116526486,0.03267763420546922,0,0.5287187133543575,64.28571428571429,8.996388592574789e-05,0.0002698916577774657,0.00039841149481434357,1.0
1776702600,USDCHF,bearish_exhaustion,0.77815,0.7783,0.77812,0.7783,296.0,1.402073258465558,17.224332266667346,0.034966318533068426,-4.149291338583057,-1.3816285527227816,20.702788288721024,24.95774067201966,9.484510685456975,0.06430699023638488,0,0.6283515128891581,80.87557603686636,0.00012848515996410903,-1.2848515996366494e-05,1.2848515996255472e-05,0.0
1776746400,USDCHF,bullish_exhaustion,0.77924,0.77928,0.77921,0.77928,43.0,1.863943592033848,6.697657003795849,0.011090823764061007,4.010247933883858,1.204868861916909,-18.053563674740687,7.009025832545419,19.121813031226836,-0.01651679171172572,1,0.39433406312507946,6.622516556291391,-7.699414844464236e-05,-6.416179037060932e-05,0.0,1.0
1776884400,USDCHF,bullish_exhaustion,0.78429,0.78454,0.78429,0.78438,560.0,1.6965880003660396,14.454921626813105,0.023494443290968708,4.031782945735801,1.1356261940330585,-15.187348619469155,20.93518813580547,102.87408230853974,0.02852288015378327,1,0.5507100240815578,77.70419426048565,-2.5497845432043142e-05,1.2748922716188105e-05,-5.0995690864086285e-05,0.0
1776884700,USDCHF,bullish_exhaustion,0.78439,0.78441,0.78427,0.78436,205.0,1.6246757274895578,13.178372221858268,0.021491589139097187,4.128813559321697,1.233381610623948,-15.268722943026248,7.5187311593895885,84.62974486619294,0.002627524912629524,1,0.4887699554317832,47.90286975717439,3.824774338334613e-05,-2.549849558863837e-05,1.2749247794374696e-05,1.0
1776885000,USDCHF,bullish_exhaustion,0.78438,0.78441,0.78434,0.78439,95.0,1.5933672466516424,11.541891362168018,0.0191231402746072,4.706666666666832,1.3791056154659525,-12.7706889506897,-1.221628294268072,91.95402298848943,0.004067478044303951,1,0.5013651678720479,55.84988962472406,-6.374380091533904e-05,-2.5497520366180026e-05,-0.0001147388416476991,1.0
1776885300,USDCHF,bullish_exhaustion,0.78438,0.78438,0.78426,0.78434,82.0,1.3631558065127543,9.804293793132015,0.01957970122286503,4.120558139535053,1.3003685015493989,-8.953586292522626,-5.99750783169695,68.79403232477884,-0.02869916354996817,1,0.49492979644751683,50.55187637969095,3.8248718667865944e-05,-5.099829155730262e-05,0.0001784940204501151,1.0
1776889500,USDCHF,bullish_exhaustion,0.7847,0.78474,0.78468,0.78472,56.0,1.4406217222094353,9.915769287548864,0.0165664185951681,4.620000000000367,1.5162488016848976,-8.46516749004627,-15.305406201957684,63.48336833139451,-0.048684920690961676,1,0.396760219002574,7.28476821192053,-7.646039351605349e-05,3.823019675808226e-05,2.548679783864749e-05,0.0
1776917700,USDCHF,bullish_exhaustion,0.78561,0.78561,0.78553,0.78555,76.0,1.8680302006010399,10.653891115420336,0.014366640297519006,5.523797468353038,1.8053270345791737,-0.9307920070363167,-12.79262258209419,24.99999999993871,-0.09239703575294496,0,0.42474703180750367,17.439293598233995,5.091973776338854e-05,3.818980332237487e-05,-1.2729934440791624e-05,0.0
1776918000,USDCHF,bullish_exhaustion,0.78556,0.78559,0.7855,0.78559,110.0,1.495272127110178,8.299178500306684,0.013729444475765662,6.134039735098309,1.7635515451614845,-4.904655625498734,-3.5717498875344056,13.431706394175778,-0.04137783780623168,0,0.4133592029708063,11.699779249448124,-1.272928626905312e-05,-6.364643134459946e-05,-1.272928626905312e-05,1.0
1777344900,USDCHF,bullish_exhaustion,0.78669,0.7868,0.78669,0.78675,198.0,2.431276621363745,12.241478383640267,0.014889463888512387,7.416585365851845,2.1906039766757437,-0.29407357627840724,-12.037037037043198,84.57511075314284,-0.04672797304984653,0,0.4039153959951076,9.492273730684326,-0.00010168414362876632,-3.813155386078737e-05,-0.00019065776930404787,1.0
1777345200,USDCHF,bullish_exhaustion,0.78674,0.78683,0.78653,0.78667,267.0,2.0484260175403906,11.980371270899463,0.016162159119183547,5.972808988761772,1.892968020380317,-1.455994188859222e-05,-10.555555555566656,58.33477583519438,-0.08146845692133758,1,0.330684120485128,1.1037527593818985,6.355905271582252e-05,-8.898267380219593e-05,-0.00019067715814757857,1.0
1777345500,USDCHF,bullish_exhaustion,0.78669,0.78685,0.78651,0.78672,364.0,1.6215642214534915,11.462673507502478,0.01734143932130883,5.7231413612546875,1.6817411434482021,-2.0529097727408328,1.8736383442157134,60.176433522351125,-0.03319953935986913,0,0.44659141116782874,25.82781456953642,-0.00015253203172671537,-0.00025422005287778493,-0.0003304860687409761,1.0
1777345800,USDCHF,bullish_exhaustion,0.78671,0.78671,0.78649,0.7866,220.0,1.3749339626340271,10.558047429345024,0.018524572300319415,4.352352941175109,1.430498669424095,-4.155991241151554,-4.680464778509105,19.25133689833672,-0.07841644164761256,0,0.43039720451780517,19.205298013245034,-0.00010170353419780565,-0.0001779811848460211,-0.00035596236969226425,1.0
1777547400,USDCHF,bearish_exhaustion,0.78593,0.78619,0.78538,0.7854,1480.0,1.2280486072406533,43.585355302196724,0.07903161264505781,-5.014223245109359,-1.445231886339269,0.010378841034527865,11.75471671824356,-91.50778399152145,0.011782659679383512,1,0.7206809059238655,88.38709677419355,-0.00024191494779735034,-0.0003947033358798757,-0.000496562261268152,0.0
1777550100,USDCHF,bearish_exhaustion,0.78517,0.78522,0.78486,0.785,889.0,1.2160768144684122,32.88066421994884,0.07215650591446764,-4.386431273643908,-1.347519818765847,4.369497007674738,10.981105178181451,-67.52652546049318,0.031674424828149486,0,0.7248680058262528,88.6021505376344,0.0003312101910826204,0.00036942675159234994,-0.00020382165605103975,1.0
1777666200,USDCHF,bullish_exhaustion,0.78155,0.78159,0.78148,0.78159,169.0,1.399802805670215,10.246796047406898,0.018003593407575815,5.072690355329567,1.5227745261762218,-6.153437025952115,-13.273809523805504,59.959349593582495,-0.03627633459778885,1,0.335453900110801,3.225806451612903,0.0001663276142223058,7.676659117938911e-05,0.00017912204608561133,0.0
1777666500,USDCHF,bullish_exhaustion,0.7816,0.78173,0.78159,0.78172,145.0,1.4780494247629705,10.592251717108837,0.01790922580975149,5.699999999998601,1.5282408363952344,-12.100711752753881,4.097222222222044,95.89371980684338,0.029166425977745936,1,0.46369947554685714,26.666666666666668,-8.954612904876758e-05,1.2792304149966682e-05,-0.00012792304149822353,0.0
1777666800,USDCHF,bullish_exhaustion,0.78172,0.78172,0.7816,0.78165,169.0,1.4525118777457364,10.483283317991459,0.017545302519394058,4.984583333332252,1.4997416146191134,-12.49738777585867,15.269841269833911,79.47859147284022,-0.022570069669864787,1,0.49677757013825485,37.8494623655914,0.00010234759802996152,-3.838034926118006e-05,0.00012793449753734087,1.0
1777667100,USDCHF,bullish_exhaustion,0.78165,0.78175,0.78162,0.78173,134.0,1.3661275606053638,9.859394999532137,0.017452134551387454,5.2481675392645215,1.4896699259404982,-17.422667090830103,18.90549676661025,88.8508371385284,0.0160331995201583,1,0.4969760523881549,38.064516129032256,-0.00014071354559763716,2.5584281017732025e-05,-0.00020467424814196722,0.0
1778196300,USDCHF,bullish_exhaustion,0.78067,0.78067,0.78058,0.78059,18.0,2.3168390482945838,12.110962753797612,0.016654069357792848,4.113846153845894,1.6658527037019935,-3.0661910651380424,-24.048445662609574,42.710739885015556,-0.11462258636528123,0,0.33426384597389114,6.870229007633588,-3.843246774870579e-05,-2.5621645165840867e-05,-5.1243290331681735e-05,1.0
1778196600,USDCHF,bullish_exhaustion,0.78059,0.78062,0.78053,0.78056,46.0,1.6998013342804812,8.797940660120416,0.015465087336563942,4.034319526627418,1.6306551743420925,-12.01154477950675,-22.055894722554168,17.106089139971036,-0.10375748986720296,0,0.33163727777600654,5.852417302798982,1.2811314953342645e-05,-1.2811314953453667e-05,-0.00011530183458030585,1.0
1778196900,USDCHF,bullish_exhaustion,0.78057,0.78059,0.78055,0.78057,38.0,1.4179681521658039,6.975668683546425,0.013909249467879387,4.382368421052972,1.657431451414921,-24.227901157815083,-6.368957839542789,5.171042163875758,-0.07148258959821852,0,0.33385753098596777,6.615776081424936,-2.562230165137347e-05,-0.00012811150825675632,-0.00024341186568788142,1.0
1778197200,USDCHF,bullish_exhaustion,0.78057,0.78057,0.78052,0.78055,25.0,1.3513673740427268,6.440189873356391,0.011987884001208244,4.591145038169329,1.742708943137057,-21.224991435034298,2.1690009337081726,-20.209059233564165,-0.0662529394199696,0,0.46770113776415906,37.404580152671755,-0.00010249183268207229,-0.0002177951444494175,-0.00011530331176723418,1.0
1778233800,USDCHF,bearish_exhaustion,0.77783,0.77794,0.77774,0.77778,368.0,1.7041857335407662,17.260083492560664,0.030306035860303383,-4.1321212121221285,-1.3423478705295908,1.8660102937991798,-7.218013468013815,-49.97793468666947,0.02294418526261444,1,0.4436212602149937,25.190839694656486,6.42855306127732e-05,2.571421224506487e-05,0.0001285710612255464,1.0
1778475600,USDCHF,bullish_exhaustion,0.77938,0.7794,0.77924,0.77924,124.0,1.3434153048788566,33.909075892351325,0.05371534168823711,6.2450511945391405,0.32119522203613443,-22.42606618351369,12.770323216429379,517.4245975933865,0.4761812504061836,1,0.4359869352507698,21.882951653944023,1.283301678545179e-05,-0.0002951593860686108,-0.00012833016785585016,1.0
1778480100,USDCHF,bullish_exhaustion,0.77883,0.77905,0.77882,0.77896,166.0,6.615760131872097,62.19896038124844,0.02329112809753856,9.167244094488526,3.131191170301778,-0.5596293615240029,3.100356175125155,24.158314058075522,-0.12571853469960492,1,0.18797656687042844,0.7633587786259541,-0.0002567525932011261,-0.0005776933347025892,-0.0007574201499435107,1.0
1778480400,USDCHF,bullish_exhaustion,0.77895,0.77896,0.77876,0.77876,148.0,5.589169339139286,55.6968977978141,0.022563342456508147,8.068780487805494,2.919971033955992,-0.9277626263115764,4.8109433853644035,8.768832391696227,-0.1649666693632831,1,0.328897364079492,5.089058524173027,-0.00032102316503157535,-0.0005007961374492442,-0.0006934100364681672,1.0
1778480700,USDCHF,bullish_exhaustion,0.77875,0.77877,0.7785,0.77851,284.0,4.475504500337026,47.81067586702484,0.023763342795855482,6.114594594594709,2.401048351657548,-2.9922598140313283,-2.535228831521515,-30.122940620198527,-0.1853697885257906,1,0.5101808092976878,55.216284987277355,-0.0001798307022389256,-0.00037250645463771104,-0.0007193228089555914,1.0
1778481000,USDCHF,bullish_exhaustion,0.77852,0.77856,0.77833,0.77837,220.0,3.3046767511742554,37.33460440157649,0.02496058613329575,4.922647058824007,1.9249627840013084,-9.01156279556821,-8.477893848259262,-89.48545861301041,-0.14662079358587748,1,0.54268750109605,73.53689567430025,-0.00019271040764667902,-0.0005395891414108345,-0.00041111553631301145,1.0
1778553000,USDCHF,bullish_exhaustion,0.77956,0.77965,0.77953,0.77961,90.0,1.5843998929078793,10.327240115389566,0.02134767017208084,5.839141630900844,1.6361073556418004,-0.18879693060219438,1.4550264550267684,83.47989213267824,-0.011779812066938618,1,0.5394684752866331,70.99236641221374,2.565385256736441e-05,6.41346314183e-05,-0.00010261541026934662,0.0
1778553300,USDCHF,bullish_exhaustion,0.77962,0.77965,0.77958,0.77963,63.0,1.5992673180655528,9.438776583547735,0.02024769991625902,6.035837104072729,1.6777288194721063,-5.375504585458657e-05,3.79188712522523,88.00470403761607,-0.009248377957223029,1,0.5181914287399694,60.30534351145038,3.847979169613325e-05,-0.00012826597232029613,-0.00020522555571234058,1.0
1778553900,USDCHF,bullish_exhaustion,0.77964,0.77965,0.77953,0.77953,239.0,1.4173866564666502,7.928342240844315,0.016768345761454948,5.953442622950324,1.8360435451872819,-0.1293680969616844,-16.604010025063808,58.28455077624668,-0.07522915607140136,1,0.39560219257684576,13.231552162849871,-7.696945595414562e-05,-2.5656485317937516e-05,0.0001026259412724162,1.0
1778559000,USDCHF,bullish_exhaustion,0.77985,0.77994,0.77982,0.77992,150.0,1.257514758577379,6.064186733320493,0.011997567516082542,6.292519083968717,1.627773299007712,-0.008069908569544568,-2.8411306042921183,139.97627520740647,0.03821072119776574,1,0.5224848827550121,61.832061068702295,-5.1287311519043755e-05,-3.8465483639282816e-05,-3.8465483639282816e-05,1.0
1778559300,USDCHF,bullish_exhaustion,0.77995,0.77995,0.77982,0.77988,113.0,1.2310158406782203,6.315217326753577,0.0120897720528442,5.508787878789266,1.5785824553641836,-0.004278856431037888,-2.983660130719727,117.03204047207393,-0.014868103611105818,1,0.5006996295248329,51.653944020356235,1.282248551048859e-05,1.282248551048859e-05,-0.00017951479714828356,0.0
1778559600,USDCHF,bullish_exhaustion,0.77989,0.77992,0.77985,0.77989,88.0,1.3780546326142056,6.574574299962462,0.012089617033903939,5.28606060606076,1.5401752744608275,-0.0022614001613684496,-1.979721803250385,105.79987253022631,-0.013132845267054645,1,0.5448382793988891,74.55470737913485,0.0,-0.0001923348164484251,-0.0003077357063175912,1.0
1778559900,USDCHF,bullish_exhaustion,0.7799,0.77991,0.77986,0.77989,37.0,1.4007928751983305,6.395465477694111,0.011906441018238541,5.016307692307393,1.5154943591003274,-0.0011916718764255234,-7.514245014241723,97.35278227986176,-0.01817019837238028,1,0.5329953922053552,67.93893129770993,-0.0001923348164484251,-0.0003077357063175912,-0.00039749195399341186,1.0
1778618700,USDCHF,bearish_exhaustion,0.78069,0.78069,0.78057,0.78058,64.0,1.3978494623656492,6.6617130851427895,0.014000578324541827,-4.463529411764272,-0.7542403670115698,2.927414981022409,-15.081958709404564,19.99184006528615,-0.1113143770772172,0,0.4308421183370237,21.374045801526716,-8.967690691541463e-05,-0.00038432960106593583,-0.000717415255322984,0.0
1778619000,USDCHF,bearish_exhaustion,0.78056,0.78056,0.78048,0.78051,46.0,1.3966315334185102,6.512741790780627,0.013361227182959281,-5.105205479451885,-0.8473104747713158,1.6894156564963083,-16.652637485962003,-41.22423485329573,-0.1262168322673963,0,0.4469999579889032,26.97201017811705,-0.0002946791200626464,-0.00062779464708973,-0.00040998834095651304,0.0
1778619300,USDCHF,bearish_exhaustion,0.78049,0.78053,0.78028,0.78028,464.0,1.412618362535161,7.311277095057281,0.01482984130239022,-6.287901234566163,-0.9536649324775976,0.541945692832627,-13.005875750965004,-125.49019607854893,-0.20200244001598996,0,0.6154568912343115,92.87531806615776,-0.00033321371815231426,-0.0001153432101296259,0.00021787050802268837,0.0
1778804400,USDCHF,bullish_exhaustion,0.78422,0.78435,0.78421,0.7843,82.0,1.332401938063096,9.176210707502802,0.015846705888780285,4.600689655172,1.3694217283039702,-0.3511936086127889,-8.216619981320605,93.0493273542348,-0.02106241488216217,1,0.42766640180251964,16.582914572864322,0.00022950401632026995,0.0004080071401248997,0.0005100089251561801,0.0
1778823900,USDCHF,bullish_exhaustion,0.78573,0.7863,0.78573,0.78613,953.0,1.390487656227332,15.22340002030915,0.027076583116931514,4.04308724832227,0.908971904633458,-0.6688179621014569,18.29492588986262,142.20968017783343,0.1105212035293531,1,0.5322070161718867,75.87939698492463,-0.00017808759365500748,0.0001017643392313694,-0.00020352867846296085,0.0
1779199500,USDCHF,bullish_exhaustion,0.78887,0.78957,0.7888,0.78949,1095.0,1.564535863765481,34.92012897582196,0.05564170721424228,4.059772357722984,1.1042194867665678,-0.7368479966201704,8.72950227789089,79.87231182796488,0.029225324413882797,0,0.5756273292245463,92.46231155778895,0.0002786609076745883,0.0004559905761947203,0.0009246475572837198,0.0
1779203400,USDCHF,bullish_exhaustion,0.79017,0.79044,0.79013,0.79032,542.0,1.4337520971487105,26.430969157099046,0.048624065477998524,4.678810408922089,1.3912259259169,-1.4553632958156584,-10.423263912968743,73.86670595746962,-0.028465745148190134,1,0.5185567524641063,67.58793969849246,-0.0005314303067112114,-0.00024040894827415116,-0.00036693997368153486,1.0
1779690600,USDCHF,bearish_exhaustion,0.78196,0.78196,0.78174,0.78176,161.0,3.5691401941431975,31.76656521801123,0.021380328635756434,-11.135384615382504,-3.2286044321134604,1.7738703009965804,3.3852307536485498,-40.703222491365565,-0.0026321426846916706,0,0.5816257214447313,93.46733668341709,-0.00017908309455594296,-8.954154727791597e-05,-0.0001023331968890151,0.0
1779720300,USDCHF,bullish_exhaustion,0.78284,0.78294,0.78277,0.78286,229.0,2.8277240369932892,25.72030928584653,0.02746340341823632,4.817674418605719,1.7321695157649772,-0.6475770249949164,-8.582601067551396,14.756258234527111,-0.09587164903789065,0,0.4705776083987204,37.185929648241206,6.386838004246442e-05,0.00014051043609342173,0.0005109470403392713,0.0
1779720600,USDCHF,bullish_exhaustion,0.78287,0.78295,0.78275,0.78291,170.0,2.353080089674197,20.078475378040036,0.025819424600895757,5.2072084805658605,1.7083933587171085,-1.5790930913950092,2.1785994113063243,6.15273253711241,-0.05325098479496486,0,0.5286839148701215,73.11557788944724,7.663716135963838e-05,0.00044705010793055777,0.0006258701511028253,0.0
1779720900,USDCHF,bullish_exhaustion,0.78292,0.7831,0.78273,0.78297,433.0,1.5896893370610063,15.43156074767155,0.02618235692300071,5.264390243903325,1.5852498853509027,-2.5785730062834205,12.872459822819824,8.670001282528272,-0.01580746599655308,0,0.5510763234139099,86.18090452261306,0.0003703845613496348,0.0005491909013115581,-0.00011494693283276014,0.0
1775235600,USDJPY,bullish_exhaustion,159.632,159.637,159.629,159.629,20.0,2.4459638001718877,4.964732957444042,0.006040792802592514,4.444740740745794,1.4600579955452875,-0.1114101657070421,-11.931216931225084,34.64300802698891,-0.06613095003525563,0,,,6.264525869381643e-06,2.5058103477526572e-05,4.3851681085449457e-05,0.0
1775235900,USDJPY,bullish_exhaustion,159.63,159.63,159.628,159.63,28.0,2.1400948079559354,3.861163545539593,0.004877350301139403,5.597431192667034,1.6771127010415876,-1.531111536153631,-10.934744268045888,16.045038704971734,-0.04709389609930064,0,,,1.8793459876098595e-05,3.7586919751975145e-05,5.638037962807374e-05,0.0
1775236200,USDJPY,bullish_exhaustion,159.63,159.633,159.63,159.633,6.0,1.9643934710782014,3.0026483593650926,0.004429803719422546,6.516363636372713,1.746128919407365,-3.8886112072471093,3.7037037037354494,24.072612470635523,-0.0062158471220129935,0,,,1.8793106688397287e-05,3.758621337701662e-05,3.132184448073616e-05,0.0
1775236500,USDJPY,bullish_exhaustion,159.633,159.636,159.633,159.636,14.0,1.2090802289345026,1.8177995782446812,0.004295486517539313,7.0175000000055645,1.7339646658750159,-7.173555584374299,23.14814814814668,46.92760942749757,0.024308312075025873,0,,,1.87927535142407e-05,1.2528502342901149e-05,4.3849758200043e-05,0.0
1775530200,USDJPY,bullish_exhaustion,159.856,159.884,159.855,159.881,64.0,1.5784910622066477,8.373297865457841,0.01487713629869097,4.388348348348779,1.0440644228637892,-19.005862992831915,19.550706787739056,30.88391906287684,0.06270619321287117,0,,,-6.254651897341645e-05,-0.00012509303794705495,-4.3782563281524745e-05,1.0
1775531100,USDJPY,bullish_exhaustion,159.862,159.882,159.862,159.874,110.0,1.2697898372086605,5.528049691982355,0.012867275836863607,4.125138888888748,0.9992360372940641,-5.481012983329303,-6.830571486957197,6.3814547110860715,0.036182281108875294,0,,,-6.254925754012319e-06,3.1274628770061597e-05,-0.00011258866357255481,0.0
1775606100,USDJPY,bearish_exhaustion,158.782,158.801,158.708,158.715,1159.0,2.386596223084854,62.895014350479656,0.07610226776657182,-4.81927853341215,-1.5408335203288814,0.23852839219213998,-10.983744371157641,-58.96616719912062,0.031792044295843376,0,,,-0.00018901805122384374,8.820842390444561e-05,-0.0002457234665911301,1.0
1775607000,USDJPY,bearish_exhaustion,158.73,158.732,158.631,158.676,1388.0,1.4689650748110294,39.14450506035333,0.07040402185225568,-5.088337595908292,-1.4997166153565669,0.9956377691933445,9.201295503446005,-73.79926903743574,0.00621697488973606,1,,,0.00022687741057247912,3.151075146856641e-05,-0.00015755375734183286,1.0
1775607300,USDJPY,bearish_exhaustion,158.677,158.733,158.651,158.712,1290.0,1.4535875479263047,36.79835223967615,0.06966797001576988,-4.666304909560781,-1.4372932731641184,0.9523379379082404,6.873920403218612,-61.143984220919855,0.03194834161004454,1,,,-0.00019532234487606992,-0.0003843439689499295,-0.0008064922627147864,0.0
1775607600,USDJPY,bearish_exhaustion,158.712,158.743,158.628,158.681,1277.0,1.201646074015582,30.878951541131983,0.06864625974664379,-4.8659409836066665,-1.403073813571865,5.323048920103,-2.467432130402827,-68.09661432038911,0.0073818514926404875,1,,,-0.00018905855143336314,-0.0006112893163012778,-0.0002898897788646826,0.0
1775614500,USDJPY,bearish_exhaustion,158.372,158.393,158.357,158.366,620.0,1.5229647414559075,31.01724001458778,0.0535378264815157,-4.294827295703214,-1.3407860606032618,8.514759258310171,13.815767771730563,-80.75408436003677,0.03366694342639609,0,,,0.0008840281373525549,0.0009029715974386843,0.0010924061982999778,1.0
1776056400,USDJPY,bullish_exhaustion,159.723,159.732,159.708,159.726,247.0,1.3674080155584662,24.27361664678591,0.034344529292130895,7.907447916666017,0.6094938819437256,-5.639662888433755,19.54427859899937,666.6666666666897,0.5406837371846717,1,0.9977605607247688,99.76958525345621,0.00011895370822534446,-6.260721485540355e-05,-1.2521442971147323e-05,1.0
1776060600,USDJPY,bullish_exhaustion,159.578,159.63,159.559,159.63,387.0,5.365199365579297,46.798369134132045,0.02013584986710161,6.9527111111115705,2.411567763965989,-4.474031168478987,6.8918035976548175,7.729262303822394,-0.07008354548115846,1,0.04344126793513683,0.6912442396313364,0.0001754056255089953,-6.890935287851008e-05,0.00026937292488882214,1.0
1776060900,USDJPY,bullish_exhaustion,159.63,159.666,159.625,159.658,401.0,4.692724694268863,43.632903894216575,0.02057970340173331,7.452869565218028,2.251746671221788,-7.447912271821906,19.534970779114303,21.555404318509613,0.010857822445120032,1,0.07936846061331804,1.3824884792626728,-0.00024427213168143336,9.395081987761955e-05,-1.8790163975435092e-05,0.0
1776061200,USDJPY,bullish_exhaustion,159.664,159.674,159.614,159.619,254.0,3.791197077218088,39.33192203604418,0.021882464762069478,5.721390593047497,1.9258457971497178,-10.895775162023,18.235001314167313,7.011208906945634,-0.06489693349548191,1,0.18147371032701942,3.225806451612903,0.0003383055901866605,0.00022553706012451435,0.0003758951002073019,0.0
1776061500,USDJPY,bullish_exhaustion,159.619,159.677,159.617,159.673,402.0,3.039535363224368,33.433666648425124,0.023306561356198432,6.615738963533394,1.7612604079422927,-21.6780653665328,15.76596398603855,9.592231476723255,0.05866925328654159,1,0.06784347084063796,0.9216589861751152,-0.00011273039274017904,3.7576797579985666e-05,2.5051198386583096e-05,0.0
1776061800,USDJPY,bullish_exhaustion,159.671,159.682,159.655,159.655,280.0,2.388112546543214,26.384893289972123,0.023980278904957766,5.769776119404333,1.619697754543188,-18.954185642576377,7.177315817254424,1.378719281589295,0.0078058613705837545,1,0.0726669083364395,1.1520737327188941,0.00015032413641913323,0.00013779712505090913,0.00037581034104783306,0.0
1776105000,USDJPY,bearish_exhaustion,159.391,159.401,159.326,159.329,1641.0,1.2287439009599037,11.809890070293365,0.0215636468296057,-6.46794178794083,-1.8038312891385653,2.7588325283150623,8.766622549950362,-89.32038834946276,-0.026108812836611,1,0.798923338185442,97.00460829493088,0.00016318435438611445,0.0002447765315791717,6.276321322551404e-05,1.0
1776125700,USDJPY,bearish_exhaustion,159.207,159.209,159.15,159.163,557.0,1.4276551714279377,16.06207245943267,0.028542168361094654,-4.0309433962273005,-0.820474963337838,4.012591680744434,-19.3989356241782,-135.86529311983946,-0.10458922276735481,0,0.7621665928517031,95.16129032258065,1.2565734498481973e-05,0.00048378077819588583,0.0002450318227225079,1.0
1776393000,USDJPY,bullish_exhaustion,159.39,159.402,159.384,159.402,102.0,1.2540821143221543,9.379939061142181,0.01859628934571497,5.068337349397573,1.4915721209660715,-1.0454560835726028,-16.18831107322248,62.526904864363104,-0.04628008379060862,1,0.36075841527971797,19.81566820276498,-0.00016938306922109625,-0.00016310962221288694,0.0,1.0
1776438000,USDJPY,bearish_exhaustion,157.852,157.941,157.794,157.873,2341.0,1.6025856282188924,56.96307885152126,0.08555701644450285,-4.9832892649393825,-1.6190852996423035,1.2477841258866786,17.5025138260416,-46.68626627469163,0.09512866711133067,1,0.6831782418576209,88.70967741935483,-0.0001266841068452429,0.0004243917579320744,0.00036104970450945295,1.0
1776438300,USDJPY,bearish_exhaustion,157.871,157.929,157.847,157.853,1801.0,1.5194144928447466,50.55463618797504,0.08366735416585676,-5.049388858842507,-1.5463963549708726,3.7411082247682055,11.326556314608936,-38.36776004048659,0.06056287492249122,1,0.6341809547315559,82.25806451612904,0.0005511456861762021,0.00048779560730549676,0.001438046790368297,1.0
1776438600,USDJPY,bearish_exhaustion,157.857,157.96,157.847,157.94,1397.0,1.408490024682826,46.583998557413345,0.08099820908482411,-4.3414852037969265,-1.4354895627024826,6.554967672099141,6.018166117193715,-17.627540439658713,0.088398600997933,1,0.4674400045592787,45.852534562211986,-6.331518298086092e-05,0.0008864125617324969,0.0009497277447132468,1.0
1776438900,USDJPY,bearish_exhaustion,157.94,157.942,157.86,157.93,1269.0,1.396073067145842,45.857482408759985,0.07955604200776048,-4.301398521887614,-1.3228740708867193,12.188116372331454,3.172194428399422,-15.645817981524537,0.05185817256610942,1,0.4291108752697166,34.10138248847927,0.000949787880706765,0.001013107072753705,0.00024061292977894944,1.0
1776458400,USDJPY,bullish_exhaustion,158.572,158.605,158.571,158.591,278.0,1.6060542968377285,18.07284939060402,0.02679849423990263,5.967058823527653,1.7640415812217196,-0.7375235480470934,-17.114983781645535,61.87490670245862,-0.03358102996064798,1,0.3751517946318725,22.811059907834103,1.8916584169303974e-05,0.00018286031363690114,-4.4138696395190635e-05,0.0
1776458700,USDJPY,bullish_exhaustion,158.59,158.598,158.557,158.594,355.0,1.4250471455307954,15.74726121745658,0.02634760097211808,5.879521367519584,1.711062826906931,-1.0213335732517805,-10.91707675041016,51.82760501906111,-0.02397393242569221,1,0.3890232348250971,26.497695852534562,0.00016394062827096434,-6.305408779649913e-05,,1.0
1776664800,USDJPY,bullish_exhaustion,158.947,158.957,158.913,158.932,565.0,4.534143729152373,42.93535863493351,0.03766210886236778,5.945489260143392,2.01064381273172,-0.14585276493603772,-20.906873759508795,44.57253836771073,-0.10014453316162054,1,0.24926049868152456,6.451612903225806,-6.921199003340206e-05,1.2583998187931655e-05,0.00020763597010042822,0.0
1776665100,USDJPY,bullish_exhaustion,158.932,158.979,158.921,158.921,527.0,4.121515574250791,41.61917832712387,0.03842879705729628,5.39859649122789,1.8345308531465734,-1.2988492460349477,-7.129375254384044,43.53841690655589,-0.08602715124488128,1,0.5917166350312879,76.49769585253456,8.180164987647842e-05,0.00027686712265850844,0.00030832929568780365,0.0
1776665400,USDJPY,bullish_exhaustion,158.922,158.96,158.921,158.934,511.0,3.6945134162167883,39.34990896207763,0.024898025955067314,8.296895306858652,2.6606034659548077,-3.784782877345279,-1.2931254791784497,39.266450916924306,-0.07466734727256036,1,0.26386546053166,7.834101382488479,0.00019504951740967336,0.00022650911699195753,0.00020763335724272025,0.0
1776665700,USDJPY,bullish_exhaustion,158.933,158.98,158.931,158.965,379.0,3.2599690023748025,36.030519813741186,0.025297572241866347,8.56412078152762,2.5181539689849717,-7.268932856733855,12.312277066274113,47.13014569277208,-0.004362041421482659,1,0.19551895691102217,4.377880184331797,3.145346459909604e-05,1.258138583981605e-05,5.661623627828405e-05,0.0
1776666000,USDJPY,bullish_exhaustion,158.965,158.97,158.93,158.97,414.0,3.046847930718739,32.21371483274318,0.02525184446301436,8.344697508896799,2.4254003698313533,-11.337579482777855,23.376345531205935,44.30157586507445,-0.0012069330305554814,0,0.25369731159273,6.682027649769585,-1.887148518575632e-05,2.5161980247823124e-05,-0.00023903881235465274,0.0
1776666300,USDJPY,bullish_exhaustion,158.969,158.996,158.967,158.967,339.0,2.5804013952381264,27.148967638993994,0.025072589189668485,7.960931899641806,2.3322175588048832,-20.41564056986556,16.9773598430397,63.51883080384323,-0.011082766595798673,0,0.31768804132204553,14.055299539170507,4.403429642607648e-05,-0.00022017148213171467,-0.0006982581290457812,1.0
1776666600,USDJPY,bullish_exhaustion,158.968,158.983,158.924,158.974,750.0,1.8649582256809267,21.168352144278835,0.02695858621984754,7.18899999999899,2.076709944364291,-19.029387980414192,2.7073181102984307,45.79975314022069,0.00021599343843720388,0,0.25722593800987303,7.142857142857142,-0.00026419414495448823,-0.0007422597405865039,-0.0009624215280485959,1.0
1776763800,USDJPY,bullish_exhaustion,159.172,159.181,159.154,159.178,157.0,1.2910276336448154,13.270193843305824,0.027821504407464982,4.088451612903246,1.2921204552563013,-1.0924512274859666,1.6169658937325977,21.45836904971265,-0.05031030754546275,0,0.48247825285287166,43.92935982339956,-8.795185264298677e-05,-4.39759263215489e-05,7.538730226541723e-05,1.0
1777282200,USDJPY,bearish_exhaustion,159.154,159.157,159.136,159.136,262.0,1.2443897158922053,9.038157551190064,0.018133635919679123,-4.069009900989778,-1.1858453188081595,5.454472980574289,13.674288674290196,-44.295302013477965,0.03223732616545021,0,0.5639377975103872,81.01545253863135,5.655539915561114e-05,0.00015081439774777827,0.00043359139352516785,1.0
1777374900,USDJPY,bullish_exhaustion,159.682,159.707,159.675,159.701,468.0,1.3264061920650276,11.501617684477324,0.02205013476076125,4.468640973630648,1.2076532919005065,-2.6044571753621213,0.552728796051781,173.75290255429823,0.06309855173645937,1,0.555353355725845,78.80794701986756,-1.878510466424288e-05,-3.130850777388616e-05,0.0002692531668555542,1.0
1777473000,USDJPY,bullish_exhaustion,160.107,160.139,160.094,160.111,1214.0,1.6972784704285169,18.532452821158774,0.027124039840216906,4.024999999999615,1.2992751617197629,-6.349486954541277,9.423608843337878,29.824246924923557,-0.03794890490994062,0,0.5348145104803473,51.61290322580645,8.743933895871692e-05,0.00036849435703989464,0.000374740024108311,0.0
1777473300,USDJPY,bullish_exhaustion,160.109,160.126,160.089,160.125,604.0,1.6381507001073974,17.394849048529675,0.02694323631091714,4.219470198675616,1.2370681345587045,-10.37005959501056,14.25372821891154,23.709096511995305,-0.0036910924712531715,0,0.49175669026265834,35.483870967741936,0.00028103044496474716,0.00028727556596397363,-0.00043715846994529795,0.0
1777473600,USDJPY,bullish_exhaustion,160.126,160.174,160.109,160.17,837.0,1.4491988737360852,16.220220663825096,0.026311329926237973,5.195186440677594,1.2803749398245232,-16.39337772584804,18.767452668156942,64.06314733648803,0.06613259179467465,1,0.5013061543901305,39.13978494623656,6.243366423186458e-06,-0.0007179871386649994,-0.0004370356496222749,1.0
1777473900,USDJPY,bullish_exhaustion,160.168,160.182,160.146,160.171,657.0,1.2677010455741182,14.314554297160383,0.026846308008316284,4.925581395348398,1.2531210223466223,-17.19749788772298,16.941608430968387,80.19845971562282,0.03952665632902447,1,0.5637380178894219,61.0752688172043,-0.0007242259834800979,-0.0004432762485093722,-0.00021227313308891382,1.0
1777527300,USDJPY,bullish_exhaustion,160.545,160.554,160.533,160.549,386.0,1.665513647046678,13.365771364943019,0.023713276676549676,4.034521575984745,1.0831779305183797,-0.7626886881954817,4.2225971864628065,72.98670252495187,0.008733285484327696,1,0.4263769114456538,17.634408602150536,6.228628020110705e-05,0.00017440158456283328,0.00010588667634170434,0.0
1777550700,USDJPY,bearish_exhaustion,156.486,156.613,156.454,156.517,1865.0,1.5483137818461223,161.69636802840063,0.26884345744278243,-4.6118961127142395,-1.576487615602475,0.6162615496473066,8.549583279207013,-45.98999548562068,0.07304457163962376,1,0.9491239734636718,100.0,-0.0007730789626686496,0.0005366829162327669,0.0009647514327517648,1.0
1777551000,USDJPY,bearish_exhaustion,156.519,156.522,156.344,156.396,1508.0,1.420519454628153,140.10605322399127,0.26128728173537785,-4.8674777136863545,-1.5418350718036957,1.9664134488555134,-4.6260339217135,-52.97336640968974,0.03692444304674042,1,0.9134945803918968,99.13978494623656,0.0013107752116423566,0.0017391749149595626,0.0018286912708764813,1.0
1777551300,USDJPY,bearish_exhaustion,156.39,156.648,156.389,156.601,1784.0,1.3150781921114703,121.8419045652011,0.25569988150048534,-4.284309668212546,-1.4495316697776588,3.3202828872542587,-3.334798096616595,-29.36594237457673,0.06275541148119827,1,0.8983485541721267,97.84946236559139,0.00042783890268904834,0.0005172380763851514,0.0013090593291231745,1.0
1777551600,USDJPY,bearish_exhaustion,156.602,156.745,156.514,156.668,2103.0,1.233390496664438,109.14479435294628,0.2367153106295781,-4.263258859784176,-1.4280263476590886,7.664905837838331,-0.4577664770783514,-7.128107029818548,0.05682660638796463,1,0.9117228351810429,98.9247311827957,8.936094160882924e-05,0.0008808435672889026,0.0010021191309008692,1.0
1777552500,USDJPY,bearish_exhaustion,156.804,156.873,156.778,156.825,1639.0,1.5014318923651713,88.43934438223863,0.19307235089157765,-4.069742863882855,-1.2652093103901774,17.417609607489396,4.297130228819,57.825625968511424,0.027245780277389234,1,0.8758152531943331,95.48387096774194,0.0017726765502950048,0.0006886657101865534,-0.0002231787023752041,1.0
1777553400,USDJPY,bearish_exhaustion,156.933,156.934,156.75,156.79,1386.0,1.5747450731228176,77.96855630870841,0.16195457071788374,-4.318222222222017,-1.010102743819288,4.657296884152061,-16.383674881698752,73.7254901960721,-0.06336320137209639,1,0.8950653969837856,96.98924731182795,0.0001977166911155681,8.291345111288706e-05,-0.0015498437400344178,1.0
1777553700,USDJPY,bearish_exhaustion,156.796,156.859,156.776,156.821,1212.0,1.593217440344594,75.79342789520179,0.14220034306629786,-4.524932735425798,-1.0449973464003532,2.741996386758103,-23.843236858956267,74.63640421984033,-0.056272308121319906,1,0.8939068787453104,96.7741935483871,-0.00011478054597280352,-0.001747214977585898,-0.0009692579437702298,0.0
1777554000,USDJPY,bearish_exhaustion,156.822,156.841,156.751,156.803,1625.0,1.6703761735614762,75.7087075796708,0.12344880427761402,-5.029047970479423,-1.1026144932246782,1.57767115223794,-19.743993596656747,68.67450097343743,-0.06781379952806751,1,0.7971691071137529,90.53763440860216,-0.0016326218248375879,-0.0008545754864383026,0.00017856801209159556,0.0
1777554300,USDJPY,bearish_exhaustion,156.801,156.894,156.547,156.547,1645.0,1.5899744958225612,75.63828310830458,0.12926286856799601,-5.775333568654751,-1.067756156657937,0.892172449176968,-13.096252993950957,28.80851946616753,-0.13979237576619669,1,0.6720158487660409,84.08602150537634,0.0007793186710700617,0.0018141516605236774,0.0015458616262207237,1.0
1777554600,USDJPY,bearish_exhaustion,156.544,156.743,156.188,156.669,3190.0,1.3442985114763715,75.07196095691624,0.1373687747507701,-4.5988582807829665,-0.9568918676548255,0.4977545900353135,6.089998134183361,-7.303461850173201,-0.057703522285226225,0,0.6286188982643726,79.13978494623656,0.0010340271527868872,0.0007659460391014061,-0.0006446712495771223,1.0
1777572900,USDJPY,bearish_exhaustion,156.451,156.451,156.374,156.374,518.0,1.5089991972749928,19.319829569219433,0.03526344350266706,-4.358860103626331,-1.1010704672875002,0.5426935984050232,-4.705653021440604,-132.910428825114,-0.05784745940960655,0,0.7002897223897556,86.45161290322581,0.0,0.00011510864977548607,-3.1974624937647356e-05,1.0
1777656300,USDJPY,bullish_exhaustion,156.902,156.943,156.901,156.939,543.0,1.6239597221181885,20.50026713510917,0.03604676248187429,4.190101010100632,1.2018786840540616,-0.07417965603831078,-1.8057666970743398,81.08967919096344,-0.01452722509973639,0,0.5553876321688865,58.27956989247311,0.00017841326884981967,0.00022301658606216357,0.00045877697704210796,0.0
1777656600,USDJPY,bullish_exhaustion,156.94,156.978,156.932,156.967,411.0,1.589345370111495,19.65634102885162,0.03358303701688107,4.893550135501654,1.3032456020499554,-1.3539456602984501e-05,6.152940117832777,103.99498083902438,0.012816796748488209,1,0.486937833950315,34.83870967741935,4.459536080814175e-05,0.0002803136965092712,0.00015926914574393436,0.0
1777982400,USDJPY,bullish_exhaustion,157.746,157.835,157.746,157.832,1184.0,1.242261267882639,18.6252327580386,0.03946329913180806,4.915733944953784,1.052442526346396,-6.453943066766129,8.319290427635508,153.10824080370114,0.09235085814842137,1,0.5498144124111105,56.774193548387096,-0.00020908307567535367,-0.000582898271579757,-0.0005385473161334531,1.0
1778007300,USDJPY,bullish_exhaustion,157.886,157.898,157.872,157.873,264.0,1.217510552426741,6.3240690899579715,0.013709030133623177,4.253597359735264,1.3212446569951108,-1.8521931641601697,-15.54174526312643,51.791530944685114,-0.09544470543219277,1,0.4863463203843517,34.193548387096776,3.8005232053661686e-05,8.867887479180325e-05,0.0,0.0
1778046900,USDJPY,bearish_exhaustion,156.329,156.368,156.314,156.318,942.0,5.59579202723355,130.2412834397523,0.1310058433998104,-4.100481339378975,-1.1977002835526644,20.93902749425024,-9.323405143754755,17.21246670056509,0.0009725901945469568,1,0.8160993675769935,91.18279569892474,0.0008508297189062652,0.0005373661382563899,0.0004989828426666953,1.0
1778047500,USDJPY,bearish_exhaustion,156.451,156.453,156.383,156.402,1247.0,3.6775926082965578,84.89137545992625,0.07782143816210042,-5.798826291079776,-1.6025877648781146,9.89243275459475,9.095620296336314,74.09826251411059,-0.0017899383751589868,1,0.7198017365979964,88.17204301075269,-3.836268078416527e-05,5.754402117630342e-05,-0.00012148182248294948,1.0
1778047800,USDJPY,bearish_exhaustion,156.402,156.426,156.35,156.396,1139.0,4.081798360458313,85.74835917247471,0.0672742817682605,-6.5226883910386135,-1.6790991207656873,6.11067352813572,6.564449754409381,70.77586107557596,-0.023377921521477076,1,0.47133723206902645,30.107526881720432,9.591038133982543e-05,-8.312233049423412e-05,-0.0002941251694416058,0.0
1778048100,USDJPY,bearish_exhaustion,156.397,156.43,156.374,156.411,629.0,4.401011772461164,86.35309095114008,0.05767771174296574,-7.161393507521169,-1.7629712244201396,3.6375866395252814,-3.6647522829383092,69.12605982823933,-0.028663104641569476,1,0.41881795759460666,15.268817204301074,-0.00017901554238508588,-0.0003899981459104529,-0.00032606402363000164,0.0
1778048400,USDJPY,bearish_exhaustion,156.413,156.414,156.307,156.383,927.0,4.2100726643292665,85.72053985993533,0.0569115568827831,-7.277752808988459,-1.6366456671989233,2.1099252185708792,-7.1315160661467445,55.15970975464373,-0.061322436259935845,1,0.30282147490634453,1.5053763440860215,-0.00021102037945308627,-0.0001470748099218211,-0.00019823126554685544,0.0
1778048700,USDJPY,bearish_exhaustion,156.384,156.395,156.31,156.35,972.0,3.6569415242283845,75.46755704955838,0.05596418292293166,-7.468342857142241,-1.5559789553145882,1.2005230938223264,-10.353640090303251,47.66698037290682,-0.0852856356545556,1,0.4155836508621442,13.763440860215054,6.39590661977163e-05,1.279181323954326e-05,-5.116725295795099e-05,1.0
1778049000,USDJPY,bearish_exhaustion,156.358,156.368,156.313,156.36,731.0,1.7261358833164426,34.94471597629533,0.05130102693418335,-7.680676758681283,-1.575099073597606,0.6730451997403861,-10.49520030167374,43.06720447318272,-0.07153925138839892,1,0.39315600134023254,9.46236559139785,-5.116398055771132e-05,-0.00011511895625482271,0.00010232796111542264,0.0
1778049300,USDJPY,bearish_exhaustion,156.362,156.377,156.338,156.352,606.0,1.4766085341764064,28.037609294035832,0.048060054967548005,-7.924638783269334,-1.5685270301226397,0.37291451311332935,-6.892145675840695,45.51507243467335,-0.07515643800752456,1,0.6960581433523515,86.02150537634408,-6.395824805560668e-05,0.00015349979533363367,0.00015989562013918324,1.0
1778480100,USDJPY,bullish_exhaustion,157.081,157.108,157.081,157.1,338.0,6.414502822576907,45.10057506787739,0.015413294534873084,11.420530973451843,3.8813129704598954,-0.41123448865980095,-14.641690009340724,36.40243217660733,-0.1542153226632332,1,0.10390849113151476,0.2544529262086514,-9.54805856141494e-05,-0.0003564608529598168,-0.00035009548058562157,1.0
1778480400,USDJPY,bullish_exhaustion,157.1,157.102,157.067,157.085,330.0,5.461302838910533,40.4801905803588,0.016051364365970208,9.99274787535567,3.466738773637344,-0.653913480348919,-1.3948476718402993,26.325754706993916,-0.15268445465059252,1,0.22149343957000595,1.2722646310432568,-0.0002610051882738773,-0.00025463920807222706,-0.0005156443963459933,1.0
1778480700,USDJPY,bullish_exhaustion,157.086,157.09,157.036,157.044,373.0,4.402296700101137,34.42071008348221,0.017647465496474907,7.319690721651502,2.8142755888994895,-2.006544462443955,1.657073518583907,-3.15276583548944,-0.1932188890788798,1,0.423589593091498,19.083969465648856,6.367642189308853e-06,-0.0002547056875781273,-0.0002483380453887074,1.0
1778481000,USDJPY,bullish_exhaustion,157.049,157.062,157.024,157.045,489.0,3.2924911320521364,27.333571455059225,0.01882990771525847,6.618550724637693,2.3607109230337913,-7.07723420123132,-1.7607139474142777,-46.75133443766972,-0.1116013076583371,1,0.430109606122284,20.610687022900763,-0.0002610716673564495,-0.0002547040657135957,-3.183800821415783e-05,1.0
1778529900,USDJPY,bullish_exhaustion,157.226,157.242,157.223,157.237,78.0,1.638634725329704,7.9627236494053495,0.0117656785616559,4.1167567567581,1.4768435891665437,-3.267605817004167,-10.549525909773113,36.17571059431415,-0.058934874180660415,0,0.44619548017659044,26.717557251908396,-2.5439304998098322e-05,0.0,-3.1799131247733925e-05,0.0
1778554500,USDJPY,bullish_exhaustion,157.583,157.603,157.583,157.588,191.0,1.2439730739845363,9.821412447162094,0.01926361325554338,6.2752941176469434,1.915702449717743,-4.941836570385362,-15.092644508051535,61.8912632649167,-0.07163696363514487,1,0.4683961268355342,37.913486005089055,0.00015864152092803785,0.00013325887757953403,-2.5382643348392797e-05,0.0
1778556300,USDJPY,bullish_exhaustion,157.572,157.575,157.569,157.571,100.0,1.3078787423035938,8.200191949763388,0.018223077669296255,4.4159203980098845,1.229908668791867,-10.380673007719,-7.90775387538919,-19.43409956757455,-0.01143862870944727,0,0.5757513366831938,87.02290076335878,0.0,0.00010154152731134403,0.00013961960005315355,0.0
1778556600,USDJPY,bullish_exhaustion,157.57,157.575,157.57,157.571,136.0,1.2417590265757208,7.312690248142366,0.017271125850750284,4.39695538057676,1.172767499404291,-6.640389175586293,6.339302223091668,-26.860660324587098,0.002865419348333914,0,0.6086591965450792,92.1119592875318,0.00010154152731134403,0.00013961960005315355,0.0002475074728218729,0.0
1778775000,USDJPY,bullish_exhaustion,158.127,158.158,158.125,158.142,549.0,2.4958687773219705,20.14429579952251,0.022132007942225695,4.279428571430652,1.2037815533868512,-2.185484989610714,23.397208395754546,56.080272484607136,0.03456802040035058,1,0.4604379322749704,33.078880407124686,-7.588117008761053e-05,0.00015176234017522106,0.00030352468035066416,0.0
1778778600,USDJPY,bullish_exhaustion,158.167,158.18,158.165,158.178,171.0,1.2424940168096232,9.082093415966122,0.019417545875081363,4.282697674419498,1.0746537296375325,-12.40001218375798,16.650630190190466,59.281916830516415,0.013836906896258373,0,0.47947908227589686,43.51145038167939,9.482987520392783e-05,6.321991680380279e-06,-8.850788352365857e-05,0.0
1778778900,USDJPY,bullish_exhaustion,158.178,158.193,158.172,158.193,199.0,1.3612446900959554,9.261315582584412,0.01909963507505887,4.706382978723152,1.0882466174253815,-18.681770211036124,28.85826751986591,77.66390463726353,0.03990572244217633,0,0.46657281412711665,36.38676844783715,-8.849949112799127e-05,-0.00018332037447943428,-0.0001706775900325308,1.0
1778779200,USDJPY,bullish_exhaustion,158.195,158.199,158.171,158.179,320.0,1.3414785763331494,9.228464280006635,0.018875541542902264,4.159808612439624,1.0479860071014178,-18.887895285728703,15.250041122419702,65.6812625027297,-0.006922991413617367,1,0.46657422553884453,36.6412213740458,-9.482927569404165e-05,-8.218537226811762e-05,-8.218537226811762e-05,1.0
1779212400,USDJPY,bearish_exhaustion,158.856,158.882,158.793,158.794,537.0,1.651770234260929,17.09368357652881,0.02946314992110306,-4.752732824427459,-1.2342721724973482,4.017471868979333,-12.769667189580154,-56.35678335251368,-0.0550198203248209,0,0.5301524455344796,74.37185929648241,1.88924014761227e-05,0.00010075947453924705,0.00042822776679218855,1.0
1779688800,USDJPY,bearish_exhaustion,158.924,158.936,158.909,158.913,818.0,7.887043521507205,35.52174794009383,0.025036160846323135,-4.127612208257488,-1.6053442603226415,0.046625863861971484,-1.3588151519025047,-28.75610077824649,0.1026630579692178,0,0.42126433038090466,13.5678391959799,6.2927513795330015e-06,-6.292751379755046e-06,-5.034201103759628e-05,0.0
1779689100,USDJPY,bearish_exhaustion,158.915,158.921,158.898,158.914,286.0,7.220726230797378,33.976884840561404,0.02386735682732414,-4.18998116760713,-1.5672276126218951,0.1713816088554433,-8.292828637648952,-29.033067929145112,0.08208854769434182,0,0.4236876318678623,15.326633165829145,-1.2585423562305742e-05,-5.663440603087544e-05,-1.2585423562305742e-05,0.0
1779689400,USDJPY,bearish_exhaustion,158.911,158.922,158.9,158.912,254.0,6.584052317915445,32.14325231314655,0.011461869282550984,-8.605333333331703,-3.0446618991111736,0.524680813867322,-9.787607028982144,-24.7511027095031,0.11739358797119248,0,0.43613842109664536,18.592964824120603,-4.404953685066548e-05,0.0,1.2585581957269554e-05,0.0
1779689700,USDJPY,bearish_exhaustion,158.912,158.914,158.897,158.905,132.0,5.942228971220363,30.058963326960974,0.011417423707786733,-8.77149606299033,-2.8804474469532515,1.2388995579084463,-10.548653405797388,-24.17258098515818,0.05946903825998561,0,0.4994653738334802,55.778894472361806,4.4051477297690766e-05,5.6637613668364395e-05,-5.0344545483249625e-05,1.0
1779690000,USDJPY,bearish_exhaustion,158.906,158.92,158.906,158.912,180.0,5.1804895273526395,26.72942171801813,0.011506817789540312,-8.063124999997832,-2.657866092133696,2.2501655253836796,-9.729871158432125,-12.474379035944532,0.06740604659060045,0,0.435754357228641,18.341708542713565,1.2585581957269554e-05,-9.439186467996574e-05,1.2585581957269554e-05,0.0
1779690300,USDJPY,bearish_exhaustion,158.911,158.923,158.901,158.914,171.0,3.9681987828945573,22.27408148024813,0.01182130856042555,-7.489733840303032,-2.396564724459817,6.044391946716817,-0.512820512827588,-0.8291873963789017,0.04913524872488878,0,0.4116441289824399,10.552763819095476,-0.00010697610028065352,0.0,6.292711781230587e-05,0.0
1779690600,USDJPY,bearish_exhaustion,158.917,158.922,158.897,158.897,283.0,2.8762935591349206,16.001688539281897,0.012272100794855634,-7.841025641024333,-2.2081824210356613,16.799413308250497,-6.881214024076918,10.611594595020117,-0.028518403059425317,0,0.5027554735340333,58.291457286432156,0.00010698754539095745,0.00016992139562121977,8.810739032205639e-05,1.0
