timestamp,asset,side,t_close_sma10,t_close_sma20,t_close_sma50,t_close_ema12,t_close_ema26,t_ema_spread,t_sma_10_20,t_sma_20_50,t_close_psar,t_psar_bull,t_macd_cross,m_rsi,m_rsi_d,m_stoch_k,m_stoch_d,m_stoch_kd,m_stc,m_stc_delta,m_stc_gap,m_cci,m_williams,m_macd_hist,m_macd_hist_d,v_bb_width,v_bb_width_d,v_pctB,v_atr_pct,v_atr_pct_d,v_squeeze,v_close_kc,b_adx,b_adx_d,b_di_spread,b_pctB_ext,b_bbw_expand,b_squeeze_rel,p_decay,p_decay_pct,fwd_5m_ret,fwd_10m_ret,fwd_15m_ret,fwd_20m_ret,fwd_25m_ret,fwd_30m_ret,target_decay_realized
1780396200,AUDCAD,bullish_exhaustion,0.9968329549531606,2.251711320231137,6.410837755685331,1.3293694260025943,3.0930369547075056,1.7636675287049113,1.2548783652779762,4.159126435454194,1.060460590376379,1,-0.02676272390008471,74.36031477677042,3.648086278143964,71.53032153031292,77.60082107907346,-6.070499548760537,99.98248605822621,-0.01751382735872653,-0.017513934146123233,112.79590531025924,-6.603773584906649,-0.02676272390008471,0.0009512565986783721,16.770396658802227,-0.4306211286839279,0.88218911540886,0.02844661976095437,0.0006667667878978815,1.4673124537692703,2.3563826332525584,70.34196867998006,0.048848005494718905,24.86529790627614,0.38218911540886,-0.4306211286839279,-0.08998350008379252,,,-0.0002212211406966702,-0.0002614431662778527,-0.0004122757622073703,-0.00038210924302151117,-0.00038210924302151117,-0.0005429973453462411,1.0
1780396800,AUDCAD,bullish_exhaustion,-0.11181570593145747,0.975682208208085,5.161557264124825,0.2809769150217832,1.8919448807939965,1.6109679657722134,1.0874979141395424,4.185875055916741,-1.2985049721072093,0,-0.1542677075490267,65.16214217221268,-1.3471139920805086,39.351975937339496,53.22043208221393,-13.868456144874436,98.67277040378622,-1.3097156830437626,-1.3097157116475273,64.61597988004281,-33.64485981308615,-0.1542677075490267,-0.06170195175395193,14.67838317551448,-1.019661752547444,0.6854064033409735,0.027885368537077092,-0.0009059455671932733,1.3228664290594117,1.1881418926610752,69.76841150994257,-0.6660889676681734,20.533812239889613,0.18540640334097347,-1.019661752547444,-0.028793449110354752,,,-0.00015087204039343494,-0.00012069763231481456,-0.00012069763231481456,-0.0002816278087344193,-0.00016093017641960472,-0.00014081390436726515,1.0
1780397100,AUDCAD,bullish_exhaustion,-0.7412343862077737,0.26290086604391083,4.462742201096815,-0.22276794056994115,1.2662463824496801,1.4890143230196211,1.0041352522516844,4.199841335052905,-1.8622144678120822,0,-0.23837717545741227,60.23508360309568,-4.927058569117001,13.25941022213467,33.79679497948785,-20.53738475735318,94.72745874871293,-3.945311655073283,-2.6355959720295346,34.757167934464206,-52.577319587628516,-0.23837717545741227,-0.08220867865351884,12.424535625523298,-2.253847549991182,0.558299767148646,0.027550121103151155,-0.00033524743392593717,1.1386777910179096,0.5926835472125331,68.11242728865558,-1.6559842212869853,16.17227205400529,0.05829976714864604,-2.253847549991182,-0.1841886380415021,,,3.0178961240023838e-05,3.0178961240023838e-05,-0.00013077549870732508,-1.0059653746674613e-05,1.0059653746674613e-05,0.00011065619121386483,0.0
1780397400,AUDCAD,bullish_exhaustion,-0.6031469984397069,0.26248063821019396,4.443927514428374,-0.09768858081999898,1.298902423329959,1.396591004149958,0.8656276366499008,4.18144687621818,-1.7081718696551484,0,-0.29178691901947934,60.87230639324193,0.6372227901462466,12.426727422237187,21.679371193903787,-9.2526437716666,83.30063717254002,-11.426821576172912,-7.481509921099629,15.965480043084183,-53.93258426966349,-0.29178691901947934,-0.04872702426037262,11.446548860127425,-0.9779867653958725,0.5619605518796168,0.0270185333111875,-0.0005315877919636544,1.0773498629292906,0.6478278054834712,65.93822474079127,-2.1742025478643114,13.184605626765215,0.0619605518796168,-0.9779867653958725,-0.06132792808861898,,,0.0,-0.0001609496026555579,-4.0237400663833967e-05,-2.0118700332028006e-05,8.047480132788998e-05,0.00010059350165980696,1.0
1780397700,AUDCAD,bullish_exhaustion,-0.5446166793044097,0.19288507392092413,4.3054974147233676,-0.08396792528870134,1.2217238748819423,1.3056918001706437,0.7375017532253338,4.1126123408024435,-1.6015966279065381,0,-0.32752816231852194,60.87230639324193,0.0,17.452595862738395,14.379577835703417,3.073018027034978,59.61877248536179,-23.681864687178233,-12.255043111005321,3.3305188103300516,-53.93258426966349,-0.32752816231852194,-0.031122764917836193,11.069802969381643,-0.3767458907457826,0.546347092255522,0.02659754059957051,-0.00042099271161698953,1.0636783699578463,0.5954073343199865,63.53276749523582,-2.4054572455554535,11.085895217665591,0.04634709225552203,-0.3767458907457826,-0.013671492971444321,,,-0.0001609496026555579,-4.0237400663833967e-05,-2.0118700332028006e-05,8.047480132788998e-05,0.00010059350165980696,0.00014083090232364093,1.0
1780402500,AUDCAD,bullish_exhaustion,0.1217215510264906,1.0163749510755435,3.0771208099638807,0.29990771498960234,1.296960428619659,0.9970527136300567,0.8946534000490529,2.0607458588883376,0.7860883352224253,1,-0.04441776375879667,64.08493233262826,-2.037335495955247,41.758778855548776,57.57531526032198,-15.816536404773203,11.17390447205373,-2.828942502085839,-5.516019467882051,76.91189299214359,-29.411764705889397,-0.04441776375879667,-0.038123717897657686,10.34053630151319,0.24481665306371347,0.7436295564674619,0.024780478530337897,-0.0006677032814412821,1.0725869956944813,0.8381727032898808,50.97415447390643,-0.621244865804151,13.136698915923766,0.24362955646746187,0.24481665306371347,0.0627064156087862,,,-0.00014076151982223006,2.0108788546080447e-05,0.0002815230396444601,0.0002513598568254505,0.0002614142510983797,0.000321740616736621,0.0
1780402800,AUDCAD,bullish_exhaustion,-0.5387725113756527,0.4071639589784073,2.351680320646887,-0.2299728039963257,0.6841446086033925,0.9141174125997182,0.94593647035406,1.9445163616684793,-1.809617595460755,0,-0.1132550881731072,57.41676817416197,-6.668164158466283,25.393711979072517,41.746189947001746,-16.35247796792923,7.6731927285188375,-3.5007117435348922,-0.671769241449053,43.25808130997353,-43.56435643565129,-0.1132550881731072,-0.0682310337352756,10.321953290996419,-0.018583010516771026,0.5964569644424401,0.024450228039861438,-0.00033025049047645874,1.0886857247571446,0.24774744313005895,49.45321923943836,-1.5209352344680696,9.42717679651997,0.09645696444244012,-0.018583010516771026,0.016098729062663297,,,0.00016089295590537844,0.0004223440092514519,0.00039217658001899913,0.00040223238976322406,0.00046256724822768547,0.0005530695359243776,0.0
1780403400,AUDCAD,bullish_exhaustion,0.8970424241529563,1.8080388415702495,3.550693257559022,1.1742130015885734,2.0752789402438214,0.901065938655248,0.9109964174172932,1.7426544159887722,2.272507474520793,1,-0.05311097276085439,68.50762485355392,6.25657589777952,59.862142099682785,39.82565684580196,20.036485253880826,2.9614184283756955,-1.9182981821297092,0.8751779358837228,110.41229909152428,-2.5641025641051187,-0.05311097276085439,0.06074870098684923,10.738742470748026,0.5213000092303144,0.9246738721522589,0.025211762091296986,0.00014171449438333747,1.0781944812055442,1.6566345654827335,46.22333844655858,-0.9785108859500582,12.06994683590592,0.42467387215225894,0.5213000092303144,0.041967276848754675,,,-3.015469357814382e-05,-2.010312905209588e-05,4.0206258103969716e-05,0.00013067033883817913,6.03093871560656e-05,4.0206258103969716e-05,1.0
1780403700,AUDCAD,bullish_exhaustion,0.6369693754794893,1.5680806600170645,3.3000693631526277,0.908089303583853,1.842726930980022,0.934637627396169,0.9311112845375753,1.731988703135563,2.190850081265943,1,-0.029086516107138072,67.12517355453024,-1.3824512990236855,87.37604881769322,60.486435792008855,26.889613025684362,2.688346280157556,-0.2730721482181395,1.6452260339115696,105.99839539386632,-6.410256410269914,-0.029086516107138072,0.024960620654130003,10.931713652794027,0.1929711820460014,0.8555304237434463,0.024775809948835607,-0.00043595214246137937,1.1237551371612726,1.4151575010399642,45.314721195319244,-0.9086172512393347,11.405362925694076,0.35553042374344634,0.1929711820460014,0.045560655955728446,,,1.0051867637139722e-05,7.036307345908988e-05,0.00016082988219223715,9.046680873314727e-05,7.036307345908988e-05,-1.0051867636917677e-05,0.0
1780404000,AUDCAD,bullish_exhaustion,0.6363187895835949,1.4693940469974487,3.2795535510497746,0.8282710014871696,1.7993166628883215,0.9710456614011518,0.8330752574138539,1.8101595040523257,2.2547453951935323,1,-0.01869058347300327,67.36160387330776,0.23643031877752207,97.07602339180706,81.43807143639435,15.637951955412703,2.0831797963876406,-0.6051664837699153,-0.33209433555177537,100.54046050200294,-5.8823529411822335,-0.01869058347300327,0.011322040380661803,10.369676620535191,-0.5620370322588357,0.8403592457889086,0.02401105464596227,-0.0007647553028733364,1.1128942217627946,1.3590237278944322,44.47100517631129,-0.8437160190079567,10.927899324928717,0.34035924578890864,-0.5620370322588357,-0.010860915398478,,,6.031059958777618e-05,0.0001507764989696625,8.041413278370158e-05,6.031059958777618e-05,-2.0103533195925394e-05,-0.0001407247323716998,0.0
1780404300,AUDCAD,bullish_exhaustion,0.8548674174003433,1.5750932165589309,3.4425510898699376,0.9325867913950078,1.9385303132413387,1.005943521846331,0.7202257991585874,1.867457873311007,2.5108652863421312,1,-0.0036838379573878536,68.81096806658913,1.4493641932813688,94.55077086655479,93.00094769201836,1.549823174536428,1.4110932263482516,-0.672086570039389,-0.06692008626947366,115.70666059550044,-6.666666666666667,-0.0036838379573878536,0.015399769228940641,10.132829586373047,-0.23684703416214425,0.8656653789463912,0.023515132760677758,-0.0004959218852845122,1.117260341297409,1.4874840945505852,44.152846292014225,-0.3181588842970626,13.719119942392377,0.3656653789463912,-0.23684703416214425,0.004366119534614299,,,9.046044365823569e-05,2.0102320813064622e-05,0.0,-8.040928325170338e-05,-0.00020102320812931396,-0.00026133017056806374,0.0
1780404600,AUDCAD,bullish_exhaustion,1.1334594665258875,1.798277038237605,3.713387590718032,1.136816482021935,2.193969475985053,1.0571529939631181,0.6648175717117176,1.9151105524804268,2.8420662594480377,1,0.02193531762778673,70.89853098344204,2.0875629168529173,93.97957543612462,95.20212323149548,-1.2225477953708577,0.8902982772513415,-0.5207949490969102,0.15129162094247883,128.57813233221637,-3.947368421049364,0.02193531762778673,0.025692518336035433,9.950828090091786,-0.18200149628126105,0.9167942632601587,0.023053893004597065,-0.0004612397560806933,1.1249286364607491,1.7276051628864741,44.12695248654093,-0.025893805473295117,15.17261032222577,0.41679426326015867,-0.18200149628126105,0.007668295163340222,,,-7.035175879399613e-05,-9.04522613065506e-05,-0.00017085427135676845,-0.00029145728643220625,-0.0003517587939697586,-0.00032160804020098244,1.0
1780415700,AUDCAD,bearish_exhaustion,0.2632576588271665,-1.307165503978629,-4.035401063327904,-0.35278096109404744,-1.6383269408225911,-1.2855459797285438,-1.5704231628057954,-2.7282355593492746,2.0688194346830873,1,0.043161858871790526,38.72142610446586,-5.176282752408589,77.19512195121898,62.8979433205177,14.297178630701282,0.8494804690345767,0.8494804690345767,0.8494804690345767,-51.158445440984856,-57.425742574259274,0.043161858871790526,0.056133697621632464,27.713311698396545,-0.27560576086087707,0.31772243857922755,0.03866433079694177,0.001225986329481163,1.6721905365908314,-1.1302286648099291,45.73840068142171,-1.4747211847135517,-11.84638327675437,0.18227756142077245,-0.27560576086087707,-0.07754855937270566,,,0.0002922591633325311,0.00032249286988417225,0.0006248299354008058,0.0004131939895390957,0.0005038951091940191,0.00043334979390685646,1.0
1780416000,AUDCAD,bearish_exhaustion,0.8912898815032715,-0.3687681854745843,-2.919875261398726,0.3143804221459846,-0.7530887737785079,-1.0674691959244926,-1.2600580669778556,-2.5511070759241417,2.491680190944301,1,0.1257512661913004,44.268428857323485,5.5470027528576225,87.33263570259567,77.99073403275294,9.341901669842727,1.358156147978495,0.5086756789439182,-0.34080479009065856,-47.26689361035803,-37.8378378378393,0.1257512661913004,0.08596936210805936,26.329724442188994,-1.3835872562075515,0.44127295646511566,0.041937077697962385,0.0032727469010206123,1.4386816150272137,-0.3121665461586836,45.028802797175906,-0.7095978842458024,-15.629996004640331,0.05872704353488434,-1.3835872562075515,-0.2335089215636177,,,3.022487305548438e-05,0.0003324736036109943,0.00012089949222215957,0.00021157411138883475,0.00014104940759240847,0.00020149915370359928,1.0
1780416300,AUDCAD,bearish_exhaustion,0.9240910170358982,-0.13183698509799585,-2.8126866315850245,0.33541596770994087,-0.6468036983012821,-0.982219666011223,-1.0559280021338942,-2.6808496464870286,2.519631444278398,1,0.193373963569142,44.82484691864195,0.5564180613184675,83.0315604337781,82.51977269586426,0.5117877379138349,2.890203042429154,1.5320468944506591,1.0233712155067411,-10.16125469407922,-36.216216216219074,0.193373963569142,0.06438552637367424,23.544391707198752,-2.7853327349902415,0.47710856572731564,0.04088336400719066,-0.0010537136907717223,1.3407721097684595,-0.222820472755393,44.01387982813994,-1.0149229690359647,-13.303029403220373,0.022891434272684363,-2.7853327349902415,-0.09790950525875419,,,0.0003022395954019874,9.067187862066284e-05,0.00018134375724132568,0.00011082118498073612,0.000171269104061178,0.0003022395954019874,1.0
1780416900,AUDCAD,bearish_exhaustion,0.8891274379385857,0.30327771513262874,-2.377015216274806,0.3277699440487524,-0.39529231821619804,-0.7230622622649504,-0.5858497228059569,-2.6802929314074353,2.290816361305008,1,0.29558140001035405,46.7592660043187,-3.42203066609693,85.79633504242263,86.9090452970428,-1.1127102546201684,14.554757732351023,8.3891126912088,5.113670692495729,31.599755393452753,-20.125786163521443,0.29558140001035405,0.01732257073632222,19.339587642595426,-1.764908004710989,0.5648585658503616,0.041354195822104776,0.0002371797205753673,1.0992021893468849,-0.044919836325311054,40.358928236525614,-1.8892671862249344,-6.566341858411548,0.06485856585036165,-1.764908004710989,-0.10140748324520898,,,9.066365797649745e-05,2.014747955025875e-05,8.058991820125705e-05,0.000211548535278272,0.0003525808921303053,0.0004835395092075423,1.0
1780427100,AUDCHF,bullish_exhaustion,-0.21189232087952717,0.6025687875030622,2.781086711549767,0.05089861045034853,0.9381842331238034,0.8872856226734549,0.8144611083825893,2.1785179240467047,0.4070504160936738,1,-0.06288012504626617,56.813119699213544,0.0,45.92673814164376,68.04354698973428,-22.11680884809052,71.48151754649038,-11.76069723668607,-21.262258187485088,52.95910046775256,-28.571428571437067,-0.06288012504626617,-0.05008041457961919,11.461035425005084,0.07513061759021156,0.6405526517096587,0.0267292216661568,-0.0009669176639034126,1.14680456177353,0.5500980594324861,28.111978178006648,-0.802332292827991,6.420263751782672,0.1405526517096587,0.07513061759021156,0.05984941408101507,0.34934881620200237,44.0,3.53982300884681e-05,7.079646017715824e-05,5.309734513292419e-05,0.00015929203539832848,0.00019469026548679658,0.0002477876106194987,0.0
1780427400,AUDCHF,bullish_exhaustion,-0.12517003931468695,0.7405893992801728,2.884474017101034,0.16291032906633884,1.0410533756798612,0.8781430466135223,0.8657594385948597,2.143884617820861,0.3509392681028062,1,-0.09575959424928697,57.57401148198689,0.7608917827733421,27.615334632864716,48.48521767380612,-20.869883040941403,50.67096385069627,-20.810553695794113,-9.049856459108042,50.22715800096567,-33.333333333342146,-0.09575959424928697,-0.02972431166189115,11.585760038405045,0.12472461339996066,0.662720820375398,0.025451201871225942,-0.001278019794930859,1.2393224030157024,0.6485137356205296,27.36695533466637,-0.7450228433402799,6.260814413246383,0.16272082037539803,0.12472461339996066,0.09251784124217233,0.07707278475596323,12.0,3.539697709808998e-05,1.769848854915601e-05,0.00012388941984364799,0.00015928639694173796,0.00021238186258898395,0.00021238186258898395,0.0
1780427700,AUDCHF,bullish_exhaustion,-0.027868225782451336,0.7907609065981345,2.867640433089891,0.25601221127556095,1.0947828395314705,0.8387706282559095,0.8186291323805859,2.0768795264917563,-0.8360467734959716,0,-0.10958067389093719,58.36400707832557,0.7899955963386844,29.035087719290146,34.19238683126621,-5.157299111976066,32.80058446407367,-17.870379386622595,2.9401743091715176,54.14551607445524,-34.28571428572063,-0.10958067389093719,-0.01363978391252395,11.529100692950227,-0.05665934545481832,0.6742643223653549,0.025402208573937112,-4.899329728882962e-05,1.2258867677175005,0.713931926462084,27.163817007553114,-0.20313832711325475,8.810501273020105,0.17426432236535494,-0.05665934545481832,-0.013435635298201909,0.07627116413740144,11.333333333333332,-1.7697862098153827e-05,8.848931049132425e-05,0.00012388503468785395,0.0001769786209826485,0.0001769786209826485,0.00015928075888438364,0.0
1780428000,AUDCHF,bullish_exhaustion,-0.09969865008473659,0.6231165630323708,2.6776208879967323,0.16116516434200923,0.9701962500679798,0.8090310857259706,0.7228152131171075,2.0545043249643613,-0.8958635843351741,0,-0.12825610178291905,57.784632092911565,-0.579374985414006,40.438596491236666,32.36300628113051,8.075590210106157,20.132843501399606,-12.667740962674067,5.202638423948528,62.00497850189401,-37.1428571428508,-0.12825610178291905,-0.016248917407147862,11.070929207895505,-0.4581714850547218,0.6399006498551921,0.02485233794463826,-0.0005498706292988535,1.2070315820943425,0.595810710289102,27.13136970814231,-0.03244729941080493,9.379673680270198,0.13990064985519213,-0.4581714850547218,-0.01885518562315802,0.11014387010676223,19.333333333333332,0.00010618905190873384,0.00014158540254505247,0.00019467992849930837,0.00019467992849930837,0.00017698175318114906,3.539635063631863e-05,0.0
1780428300,AUDCHF,bullish_exhaustion,0.1963125292111336,0.9379376395638565,2.963592107644717,0.5083680996770766,1.3211242675480184,0.8127561678709416,0.7416251103527228,2.0256544680808606,-0.4484941500685274,0,-0.11536642761922458,60.3292412174768,2.544609124565234,60.83333333334108,43.43567251462263,17.39766081871845,11.932697385381188,-8.200146116018418,4.467594846655649,65.95046254853568,-21.87500000000542,-0.11536642761922458,0.015582229079249124,10.671761927584823,-0.3991672803106816,0.7139612434683961,0.02433874182054141,-0.000513596124096849,1.1907033731010264,0.9450862162551167,26.96222692632198,-0.16914278182033016,8.373199406334987,0.21396124346839607,-0.3991672803106816,-0.016328208993316107,0.2678852965637193,38.0,3.5392592330429906e-05,8.848148082596374e-05,8.848148082596374e-05,7.078518466085981e-05,-7.078518466074879e-05,-0.00012387407315650467,0.0
1780387200,AUDJPY,bullish_exhaustion,0.34959594969199753,1.15891057322925,2.933809209817632,0.6751150548994894,1.413323138312032,0.7382080834125424,0.8093146235372525,1.7748986365883819,-0.6975100799707656,0,-0.05460577760853692,60.06134955048767,8.201516752169262,34.989955578192784,25.516475642414452,9.473479935778332,97.93281744683662,-2.0671534915071845,-2.067180421095287,57.773895682519694,-35.95505617977187,-0.05460577760853692,0.023333785136728378,11.304941435006137,-0.2082969000035213,0.7563287699846938,0.024997116508093546,0.0006907404805616135,1.145061315759583,1.1141189090101062,25.392315722666346,-0.36049189632420564,7.733446971774065,0.2563287699846938,-0.2082969000035213,-0.07263821704988671,,,0.00027964450192685675,0.0004893778783721103,0.0005505501131686241,0.0005767667852243363,0.0009001057405773061,0.0013894836189494164,0.0
1780387500,AUDJPY,bullish_exhaustion,1.1941298054983926,2.0178425750128826,3.7840045337960357,1.4687204514398344,2.268587645379966,0.7998671939401316,0.8237127695144898,1.7661619587831532,2.401790826922598,1,0.026171796857039662,65.40620382987373,5.3448542793860625,58.415337907680914,36.48747667827215,21.927861229408762,97.73041649866065,-0.20240094817597765,1.8647525433312069,124.56095262571549,-2.439024390255315,0.026171796857039662,0.07901012123524621,11.736286335565172,0.4313449005590346,0.9442638844306782,0.025826053277846265,0.0008289367697527188,1.1335501944736306,1.9547877888923948,26.144971281545217,0.752655558878871,14.922377157848999,0.4442638844306782,0.4313449005590346,-0.011511121285952441,,,0.00020967474205635384,0.0002708298751561422,0.00029703921791335297,0.0006202877785834726,0.0011095288433817796,0.0015026689847374985,0.0
1780394400,AUDJPY,bullish_exhaustion,0.5552033133863288,1.605706424767779,6.068080003044458,0.9754705986566824,2.7234382893744904,1.7479676907178079,1.0505031113814502,4.4623735782766785,-0.544730425622766,0,-0.1332818681378882,71.45921424508427,4.001304638573487,43.59976536692211,52.05545898839343,-8.455693621471326,98.66664104173603,-1.333351934115882,-1.3333583688969526,78.39073790079435,-16.666666666670256,-0.1332818681378882,-0.007196305450641866,16.18350358031,-3.3565449292167706,0.7961433333711557,0.029833229696710525,-0.00015682751877580878,1.364739279591792,1.9785845711900985,54.7262545539712,-0.44262510580187353,21.054808030471925,0.2961433333711557,-3.3565449292167706,-0.27225030234736347,,,0.00021794089442939146,-2.615290733154474e-05,-8.717635777144572e-06,-1.7435271554289145e-05,7.845872199463422e-05,0.0002528114375381918,1.0
1780394700,AUDJPY,bullish_exhaustion,1.154772820387933,2.043509370761947,6.578989253166245,1.4442078242893877,3.1995999768377383,1.755392152548351,0.888736550374014,4.535479882404299,1.8125548066846096,1,-0.10138266252761514,74.29561048820914,2.8363962431248666,56.66775873342283,48.99811413898277,7.669644594440058,97.80858441456255,-0.8580566271734824,0.4752953069423995,121.82263227262061,-4.098360655733981,-0.10138266252761514,0.0319609082647207,14.117501570723059,-2.0660020095869402,0.9318054076761022,0.02981292737962934,-2.0302317081184046e-05,1.1905859855468723,2.4522390061171233,54.80941718366062,0.08316262968941857,25.824534575486993,0.4318054076761022,-2.0660020095869402,-0.17415329404491975,,,-0.0002440406153310093,-0.00022660914280725475,-0.00023532487906918753,-0.00013945178018914817,3.486294504728704e-05,-0.00013945178018914817,1.0
1780395300,AUDJPY,bullish_exhaustion,0.1829902570103074,1.0138250529512463,5.4631446084792605,0.5021745210147263,2.1155408347438076,1.6133663137290815,0.8308347959409388,4.449319555528014,0.9842160487847216,1,-0.17962508270135102,66.61803469319457,0.2748560816920076,65.67164179104698,63.66818311885881,2.0034586721881666,96.92963210360948,-1.2122920505190535,-1.5456317900850394,74.90217998884971,-31.95876288659129,-0.17962508270135102,-0.03303253773817791,13.067351071616748,-0.02795415868919804,0.7292301607489154,0.029536989503270543,-0.00039493699375677677,1.1158478571448593,1.4035157825648616,54.15566256686781,-0.6236333604713877,19.769668302742296,0.22923016074891545,-0.02795415868919804,0.017899600555407957,,,-8.717711775019232e-06,8.717711774997028e-05,0.0002615313532503549,8.717711774997028e-05,0.0,-0.00040973245342557085,0.0
1780395600,AUDJPY,bullish_exhaustion,0.054373553056022615,0.8548730841639914,5.337670458366728,0.4093333032835416,1.9768556107126154,1.5675223074290738,0.8004995311079688,4.482797374202737,0.9382417572930122,1,-0.2140533675647324,66.32637714758539,-0.29165754560918344,50.954902904832124,61.76389784266191,-10.808994937829787,92.58986094212563,-4.339771161483853,-3.1274791109647992,75.48552583368175,-34.04255319148775,-0.2140533675647324,-0.030210870005321137,12.106391128633774,-0.9609599429829743,0.7038380173797631,0.028859651634770896,-0.0006773378684996473,1.067451821595558,1.2723317256093372,53.596846317380866,-0.5588162494869451,19.00433385088413,0.20383801737976315,-0.9609599429829743,-0.048396035549301386,,,9.589566551593265e-05,0.00027025142099956767,9.589566551593265e-05,8.717787774115138e-06,-0.00040101823761196087,-0.0002789692087735718,0.0
1780404600,AUDJPY,bullish_exhaustion,1.2642959844565533,1.9440841152301374,2.3299692374438976,1.2212962534109413,1.9029753672318597,0.6816791138209185,0.679788130773584,0.38588512221376003,2.090668101494657,1,0.10867863904065589,66.15375374964697,3.347940936135579,94.37554946911655,93.6306947543922,0.7448547147243545,0.3371133173087208,-0.07237464632238294,0.23341962671200933,115.35077193824907,-1.098901098906247,0.10867863904065589,0.04264617511799999,11.607448186722333,0.35954773287424224,0.8984606195713544,0.0237796954548652,-2.2618663811525136e-05,1.2873258944799324,1.616705226591968,24.832608019329427,0.8099011705749,13.83146927376463,0.39846061957135437,0.35954773287424224,0.03376248234907431,,,-0.0002004304898346465,-0.00022657359720434922,-0.0003485747649299986,-0.0005490052547646451,-0.0005054334091484369,-0.0003921466105460958,1.0
1780424100,AUDJPY,bullish_exhaustion,-0.46553893349711056,0.09234875582870174,2.620680583240678,-0.20045179974338834,0.6958554094580851,0.8963072092014734,0.5578876893258123,2.5283318274119764,0.17677407083141544,1,-0.1578351946349736,54.616071883968104,-2.45318098167553,39.88095238094846,42.918589815753286,-3.0376374348048287,99.2603362006509,-0.739286467763776,-0.7396230580334304,25.143748172645758,-76.71232876713128,-0.1578351946349736,-0.05265541586912514,17.6114979666621,-0.5429747682956005,0.5180449914966175,0.03441185849001125,-0.0010350728585330066,1.3800390389418795,0.3063298233579588,20.236290323452405,-0.12507396296770423,9.200622429028453,0.018044991496617535,-0.5429747682956005,0.01001195162311097,,,-0.00011318520582281888,-0.0003134359545866605,-0.0003134359545866605,-0.0005746325834087296,-0.0004875670404680399,-0.0003656752803510299,1.0
1780394400,AUDUSD,bullish_exhaustion,0.9971117490597237,1.8547022645751656,5.539923113245325,1.2760084314521996,2.7651954319903456,1.4891870005381462,0.8575905155154421,3.6852208486701596,1.4882264911339098,1,-0.05147628085160931,74.81179545995896,5.294636457396777,70.3190862277993,70.63544362724802,-0.31635739944871943,99.75250265603927,-0.24748365705214326,-0.24749618701859788,115.05122143415323,-3.448275862065885,-0.05147628085160931,0.023654968645311067,16.62812118439471,-2.768454488678291,0.91759676046645,0.0374131811500739,0.0005335933073088023,1.1000212589901193,2.144195459168202,55.43622937906466,0.36725750861739215,22.395424953183266,0.41759676046645,-2.768454488678291,-0.20912319691798897,,,0.00019487750556779204,-0.00016703786191540893,-4.175946547890774e-05,-0.00016703786191540893,-0.00026447661469941597,4.175946547890774e-05,1.0
1780391700,CADCHF,bearish_exhaustion,0.5399947668591532,-1.3598648702015754,-3.4059182124370664,-0.17698880086134217,-1.4639298599257198,-1.2869410590643775,-1.8998596370607286,-2.046053342235491,1.8623234154626922,1,0.01099784864860392,40.31343322689499,-2.294921711573309,78.27903091060705,56.794764689496674,21.484266221110374,0.7423433355388069,0.641899160315079,0.7285059187054136,-37.744674726521126,-59.15492957746237,0.01099784864860392,0.08218514465708791,24.27774864651136,-0.8400902348084962,0.350102504333936,0.026771031761805814,-2.182683254654469e-05,2.0798191630116407,-0.9611077086134551,41.38278459870009,-0.8903180225292857,-14.187140317067541,0.14989749566606397,-0.8400902348084962,-0.04981852174946777,,,0.00012340673095567745,0.00019392486293035027,0.00044073832484170516,0.00040547925885436875,0.0002820725278986913,0.0002820725278986913,1.0
1780392000,CADCHF,bearish_exhaustion,0.9683889235358595,-0.6694232155983624,-2.812877356421277,0.23715294106056148,-0.9165309778260042,-1.1536839188865657,-1.637812139134222,-2.1434541408229144,2.1856213041506027,1,0.10183627114417358,43.58568783900616,3.272254612111169,84.920634920641,73.69813422444855,11.222500696192455,1.6660930960710105,0.9237497605322036,0.2818506002171246,-34.739454094295894,-49.2957746478827,0.10183627114417358,0.09098212699628484,22.75534722379649,-1.522401422714868,0.42022586014368835,0.027122122396972405,0.0003510906351665913,1.9324695666951759,-0.44659181631536854,40.85701601968742,-0.52576857901267,-15.787031507896307,0.07977413985631165,-1.522401422714868,-0.14734959631646483,,,7.050943063613424e-05,0.00031729243786338124,0.0002820377225452031,0.0001586462189315796,0.0001586462189315796,5.2882072977267214e-05,1.0
1780392300,CADCHF,bearish_exhaustion,0.998103601070493,-0.18518274359504372,-2.3753610229270565,0.4062826245986755,-0.5871730922022669,-0.9934557168009424,-1.1832863446655366,-2.1901782793320126,2.262597161291361,1,0.1753625370554052,45.426866839309014,1.8411790003028514,78.39889579020394,80.53285387381733,-2.1339580836133933,4.19595642198709,2.5298633259160797,1.6061135653838763,-13.545670876840635,-21.568627450990636,0.1753625370554052,0.07700278122146904,20.53555726929383,-2.2197899545026623,0.47468082576020015,0.028078771165870188,0.0009566487688977832,1.6805032792307089,-0.16308396082081975,39.437716143244465,-1.419299876442956,-9.675096467327073,0.025319174239799846,-2.2197899545026623,-0.25196628746446703,,,0.00024676560792480373,0.00021151337822122862,8.813057425882675e-05,8.813057425882675e-05,-1.7626114851676533e-05,-0.0002996439524800554,1.0
1780416900,CADCHF,bullish_exhaustion,-0.33555906395891943,1.1784514746186368,3.808595375934933,0.42067805157731586,1.6333919314411878,1.212713879863872,1.5140105385775562,2.630143901316296,-1.5555559464957136,0,-0.05890118969182392,62.33943854540568,2.5931327813749263,29.790660225451706,34.95551859771677,-5.164858372265062,99.74566030459805,-0.254318423289547,-0.25433803722646076,49.63214487834645,-34.78260869564881,-0.05890118969182392,-0.03945913862377497,29.315147691088544,-1.8714580681298685,0.6770745286458711,0.044026189084636146,-0.0013668986938769473,1.608945104791525,1.1485737618982883,30.43153394447754,-0.048493440423200695,12.888502637564285,0.17707452864587114,-1.8714580681298685,-0.02615092987608847,,,-0.00012311155665767348,-0.00022863574807874265,0.00015828628713121518,1.7587365236826358e-05,-1.758736523693738e-05,3.517473047343067e-05,1.0
1780417500,CADCHF,bullish_exhaustion,-0.5865883026685121,0.3584706294088116,3.148023890986129,-0.10383324462523907,0.9572116505760706,1.0610448952013096,0.9450589320773237,2.7895532615773178,-2.032006079274554,0,-0.16608716011662367,57.83820110418493,-2.0765581248709992,27.101449275367887,25.405260332805227,1.6961889425626602,99.26227034735072,-0.48339527527542714,-0.4834005933035286,15.080297689014271,-47.32142857143087,-0.16608716011662367,-0.05393391376696991,26.169819088648033,-1.6259571968011635,0.5591628759024455,0.0431846280168864,-0.0003402964827198124,1.4839972477388255,0.5042031762064825,29.710996948476346,-0.9451935442065391,7.9653050815627395,0.05916287590244551,-1.6259571968011635,-0.07102042430474387,,,0.00038701051964951105,0.0002462794215951636,0.00021109664708163223,0.0002638708088520403,1.75913872568767e-05,-0.00036941913239263435,0.0
1780417800,CADCHF,bullish_exhaustion,0.36613693907702294,1.0841721584903439,3.927428899835323,0.6695651936464387,1.7138498650989404,1.0442846714525016,0.7180352194133209,2.8432567413449794,-1.0271300151671445,0,-0.1449905849276819,62.913711891816234,5.075510787631302,49.347826086955166,31.924315619973047,17.42351046698212,96.27295665309569,-2.9893136942550314,-2.505918418979604,44.10022456809853,-32.29166666667137,-0.1449905849276819,0.020878783141258756,25.14459898858696,-1.0252201000610732,0.6864610457367681,0.04322460250708751,3.997449020111399e-05,1.4262929132703022,1.2653488043020868,29.416246021584474,-0.2947509268918722,12.036013748142118,0.18646104573676814,-1.0252201000610732,-0.0577043344685233,,,-0.00014067665470907098,-0.00017584581838636648,-0.00012309207287053425,-0.0003692762186113807,-0.0007561370190615202,-0.0006857986917071512,1.0
1780418100,CADCHF,bullish_exhaustion,0.13775038612860468,0.5996193278524975,3.485895065432546,0.2899744075344839,1.280271554458117,0.990297146923633,0.4618689417238928,2.8862757375800485,-1.2445315904508047,0,-0.15527542152785603,60.08132787577596,-2.8323840160402725,67.72727272726489,48.058849363195975,19.668423364068914,93.49681446687077,-2.7761421862249165,0.21317150803012908,42.389210019277215,-53.42465753424616,-0.15527542152785603,-0.010880249423101776,23.433853662035236,-1.7107453265517236,0.61110259506477,0.04340894558043574,0.0001843430733482268,1.3243311833063847,0.8468879187136075,29.346554204031115,-0.06969181755335896,12.866751723026265,0.11110259506477005,-1.7107453265517236,-0.1019617299639175,,,-3.517411185371966e-05,1.7587055926693296e-05,-0.0002286317270487892,-0.0006155469574392614,-0.0005451987337320441,-0.000597959901512457,0.0
1780418400,CADCHF,bullish_exhaustion,0.06590750558286636,0.35425284250722067,3.357987409443291,0.255802469585942,1.1655895101739797,0.9097870405880377,0.2883453369243543,3.00373456693607,-1.2476792363576936,0,-0.20395078117378163,55.382374560795675,-4.698953314980287,66.51515151514278,61.196750109787615,5.318401405355161,89.25932527418662,-4.237489192684151,-1.4613470064592349,15.0967057348094,-76.81159420290648,-0.20395078117378163,-0.046079293495378135,19.209290325355322,-4.224563336679914,0.5787519371446523,0.04270563627312227,-0.0007033093073134655,1.1128683872035443,0.7515811781940754,29.157159079778427,-0.18939512425268745,11.558992980797928,0.07875193714465234,-4.224563336679914,-0.21146279610284036,,,5.276302367307473e-05,-0.00019346442013423726,-0.0005803932604030448,-0.0005100425621724636,-0.0005628055858454273,-0.00033416581659573286,1.0
1780427400,CADCHF,bullish_exhaustion,-0.3250760291765817,0.9877310117263884,2.3605520887824087,0.2942347385875149,1.255097245626236,0.960862507038721,1.3128070409029702,1.37282107705602,-1.3020045143937278,0,-0.10407455337559178,59.46557766431784,2.8765312066823725,26.888634241572017,20.839530366393472,6.049103875178545,76.22522275496242,-12.806117567794203,-7.884798617273262,42.37778420594601,-32.857142857150336,-0.10407455337559178,-0.020891916108142766,17.560718526255812,-0.14959709507002827,0.658169648844231,0.028112931284032614,-0.0009499098628368008,1.6703836642973295,0.8274170498915518,20.90222900250501,-0.5422935010020389,5.6906774924561,0.15816964884423101,-0.14959709507002827,0.05717076837870594,0.49315248552591545,52.666666666666664,0.00012302284710030698,0.00017574692442900997,0.00038664323374337783,0.0002987697715290949,0.0005272407732865858,0.00047451669595810486,0.0
1780427700,CADCHF,bullish_exhaustion,0.1444261252902652,1.2747175406115068,2.6712553782090014,0.6220138682602027,1.5743179806117678,0.9523041123515651,1.1302914153212416,1.3965378375974944,-0.778275466340421,0,-0.09391329461707171,61.84779894005001,2.382221275732171,52.08834375500561,30.785431822660055,21.302911932345555,53.96738767427326,-22.257835080689155,-9.451717512894952,57.89896555187462,-27.118644067805857,-0.09391329461707171,0.010626315798067802,17.315395969796615,-0.24532255645919676,0.7060880781882907,0.027984424801868156,-0.00012850648216445812,1.6465764444699043,1.149655741001266,21.043491826932776,0.14126282442776628,9.793096367711886,0.20608807818829067,-0.24532255645919676,-0.023807219827425286,0.5633329009849604,57.99999999999999,5.271759186054048e-05,0.00026358795930203627,0.0001757253062013575,0.0004041682042632555,0.00035145061240293707,0.0004041682042632555,0.0
1780428000,CADCHF,bullish_exhaustion,0.37073180837335096,1.281581509979832,2.779210177255045,0.6980080492375196,1.6613783712718464,0.9633703220343267,0.910849701606481,1.497628667275213,-0.5125269786640346,0,-0.08127679904105038,62.85533919262045,1.0075402525704362,72.79541446207803,50.59079748621855,22.20461697585948,34.91108198553266,-19.0563056887406,3.2015293919485543,67.5686623997967,-23.63636363635483,-0.08127679904105038,0.014319484465341844,16.278938284607882,-1.0364576851887328,0.7164974314372079,0.027490305003638492,-0.0004941197982296641,1.5793152701644013,1.2323003449514445,21.41258586565734,0.36909403872456537,11.08281774009816,0.2164974314372079,-1.0364576851887328,-0.06726117430550294,0.22588326362802474,35.333333333333336,0.000210859251449369,0.00012300123001218743,0.00035143208574939244,0.0002987172728869947,0.00035143208574939244,0.0002987172728869947,0.0
1780428300,CADCHF,bullish_exhaustion,1.0418296250289014,1.8073202946373945,3.371970518081302,1.2320253080876633,2.234699860388372,1.002674552300709,0.7654906696084932,1.5646502234439073,2.350469275978961,1,-0.028438690562716255,66.64929683073305,3.7939576381126017,85.77160493826746,70.21845438511703,15.55315055315043,21.419235066964344,-13.491846918568317,5.5644587701722905,93.56621449889836,-7.500000000020123,-0.028438690562716255,0.052338285279972904,15.636691471755887,-0.6422468128519956,0.81979698883988,0.027654575372366572,0.0001642703687280804,1.4932674339314502,1.7977949277145178,22.304362223393515,0.8917763577361733,14.765486257394311,0.31979698883987995,-0.6422468128519956,-0.08604783623295109,0.22653424913941736,36.0,-8.783949966617577e-05,0.00014054319946610327,8.783949966639781e-05,0.00014054319946610327,8.783949966639781e-05,1.75678999334572e-05,0.0
1780428600,CADCHF,bullish_exhaustion,0.7536042429505364,1.3204456952563097,3.0091745075017573,0.7981334172651163,1.8310769730098806,1.0329435557447642,0.5668414523057732,1.6887288122454478,2.0445610765249835,1,-0.024565665199310673,63.72848797491828,-2.9208088558147693,83.86363636362492,80.81021858799014,3.0534177756347844,14.506345758456154,-6.9128893085081895,6.578957610060128,87.97967642733931,-20.000000000016655,-0.024565665199310673,0.004770425233795976,14.420231021657532,-1.2164604500983547,0.7455922224942182,0.02681096861783109,-0.0008436067545354829,1.433922570636595,1.3814550780118648,23.13244026986282,0.8280780464693045,14.14346142612077,0.2455922224942182,-1.2164604500983547,-0.05934486329485522,0.10421493604795631,18.0,0.0002284027619166018,0.00017569443224352277,0.0002284027619166018,0.00017569443224352277,0.00010541665934615807,0.0001581249890192371,0.0
1780428900,CADCHF,bullish_exhaustion,1.4237511404856362,1.9158310277505155,3.7319338650154577,1.3978837207401735,2.4872653452708855,1.0893816245307117,0.4920798872648793,1.8161028372649421,2.8485520513976126,1,0.02446708074639347,67.6927763127025,3.9642883377842253,88.46681096680169,86.03401742289803,2.4327935439036565,9.957223950867562,-4.549121807588593,2.3637675009195966,120.12838147641611,-2.173913043468292,0.02446708074639347,0.049062678689981175,13.244370667356373,-1.1758603543011592,0.8874656011400297,0.026772224926192602,-3.874369163848687e-05,1.3107163151565937,2.0231171256715053,24.364411183500874,1.2319709136380546,17.36704433066219,0.3874656011400297,-1.1758603543011592,-0.1232062554800013,0.306536664829729,41.333333333333336,-5.269629369397677e-05,0.0,-5.269629369397677e-05,-0.00012295801861939015,-7.026172492541338e-05,-1.7565431231436612e-05,0.0
1780429200,CADCHF,bullish_exhaustion,1.1670160921213355,1.5526091284070687,3.6047830401088157,1.0571033327478139,2.2059735146116783,1.1488701818638645,0.3855930362857332,2.052173911701747,2.637003211068885,1,0.03293821506678864,65.9027247887036,-1.7900515239989119,86.20490620491118,86.17845117844593,0.026455026465256992,9.930637156040554,-0.026586794827007765,4.522535012761585,127.39965095987417,-8.695652173897303,0.03293821506678864,0.007488171018301556,11.88329565093896,-1.3610750164174128,0.8364339348270913,0.02573955108626089,-0.0010326738399317123,1.239687789766992,1.7187364289772218,25.50838417473621,1.1439729912353371,16.774423856788864,0.3364339348270913,-1.3610750164174128,-0.0710285253896017,0.17994076288839572,28.000000000000004,5.2699070739681275e-05,0.0,-7.026542765298238e-05,-1.7566356913301107e-05,3.513271382638017e-05,0.00019322992604564604,0.0
1780430700,CADCHF,bullish_exhaustion,0.3910877208991707,1.1652817806398825,3.9507841192913746,0.6979848037791031,1.9163311111393162,1.218346307360213,0.7741940597407119,2.7855023386514923,2.4048495950714077,1,-0.06549261683611708,64.68492544962157,1.1878943470051198,50.740740740751384,56.18357487924598,-5.442834138494597,14.598769014001682,-6.275672076254374,-2.0474248614929387,96.22222222227519,-10.204081632652136,-0.06549261683611708,-0.010027006722401597,8.56563450819591,0.3259091153419593,0.7994822964495527,0.02200839359762769,-0.0008834332378474669,1.0841310828851447,1.3795588362255997,28.043072739837328,0.1775519216368764,12.609511494122938,0.2994822964495527,0.3259091153419593,0.09263374740814512,0.17201773106742888,25.333333333333336,0.00015809165803015723,0.0003864462751848041,0.00026348609671700274,0.00015809165803015723,-1.7565739781066902e-05,3.513147956235585e-05,0.0
1780431000,CADCHF,bullish_exhaustion,0.8835616974980888,1.7870234332282517,4.537208716884657,1.1952072184122522,2.432965114310182,1.2377578958979296,0.903461735730163,2.750185283656405,2.9470282626019766,1,-0.03411527513645198,68.04461829729762,3.359692847676044,67.93650793651035,56.47266313934163,11.463844797168726,9.380158741437668,-5.218610272564014,1.0570618036903578,122.66666666672707,-3.63636363636694,-0.03411527513645198,0.03120201298664967,9.298374004825794,0.7327394966298844,0.9242075538337328,0.022063981760299604,5.558816267191291e-05,1.1587740867600564,1.8930035021741298,28.791939200861467,0.7488664610241393,16.79463935643949,0.42420755383373276,0.7327394966298844,0.07464300387491174,0.42264790509077305,47.333333333333336,0.00022831852190097202,0.00010537777933894432,0.0,-0.00017562963223149985,-0.00012294074256213872,1.7562963223083372e-05,0.0
1780431300,CADCHF,bullish_exhaustion,1.6369187463981785,2.5711978422201156,5.267480984873576,1.8303466479006911,3.1146089420366203,1.2842622941359292,0.9342790958219375,2.6962831426534604,3.621378910816927,1,0.040423471006099,72.16399806539572,4.119379768098099,82.85714285713279,67.17813051146483,15.679012345667957,6.4402848611558055,-2.939873880281863,2.27873639228215,167.73713115521954,-4.83870967743264,0.040423471006099,0.07351571650366612,10.66751619911353,1.3691421942877362,1.0484456297827403,0.022740886169167848,0.0006769044088682438,1.2569835776703357,2.569531146866758,30.208892633188555,1.4169534323270874,22.848682364963327,0.5484456297827403,1.3691421942877362,0.0982094909102793,0.7266292076015239,68.0,-0.00012291267932085237,-0.00022826640445283708,-0.0004038559463397373,-0.00035117908377368945,-0.0002107074502643025,-0.0005618865340379919,1.0
1780432500,CADCHF,bullish_exhaustion,-0.19148824760971916,0.6089326274004037,3.1771730043490867,0.023526497447854868,1.0681733921115386,1.0446468946636838,0.8004208750101228,2.5682403769486832,0.30638119617572074,1,-0.13932479739167813,58.24732611542579,1.317966773732877,14.842609964547686,34.2575685284419,-19.414958563894217,18.609031032120704,-6.069484573346514,-6.470061885427668,48.56979152896474,-66.03773584906648,-0.13932479739167813,-0.04634512703027726,11.015808653101976,-0.3310574729924056,0.6267834551386396,0.022932376936444343,-0.0005492194108467525,1.2579585947224339,0.5892948593272138,32.17155338764482,-0.16061567854061565,14.342248656236723,0.12678345513863964,-0.3310574729924056,0.0010223588716633536,0.20985651014292253,32.666666666666664,0.00014052098153904957,-0.00021078147230857436,-8.782561346187823e-05,-0.00014052098153904957,-0.00017565122692375645,-0.000316172208462806,1.0
1780432800,CADCHF,bullish_exhaustion,0.33310608032665195,1.0496714856816263,3.7230414466372137,0.5445222889271528,1.574125505032935,1.0296032161057822,0.7165654053549744,2.6733699609555877,0.9295983637035645,1,-0.13426842527758276,61.62005115678479,3.372725041358997,14.529914529895796,19.50894249802984,-4.979027968134043,12.439402130753898,-6.169628901366806,-0.1001443280202885,63.13472409820415,-54.00000000001466,-0.13426842527758276,0.006641118448933064,9.9707227375173,-1.045085915584675,0.7387295520124965,0.022671281004725236,-0.0002610959317191075,1.152176944362878,1.0999462095312451,32.14287164679951,-0.028681740845307502,14.575950043323836,0.23872955201249646,-1.045085915584675,-0.10578165035955589,0.22093618571998355,34.66666666666667,-0.0003512530954178361,-0.00022831451202154351,-0.0002810024763342245,-0.0003161277858760858,-0.00045662902404319805,-0.0005444422978976293,1.0
1780401600,CADJPY,bearish_exhaustion,0.6997486439769166,-0.25131817494935244,-2.073621333702284,0.19387935612128634,-0.5421349811392724,-0.7360143372605588,-0.9510668189262691,-1.8223031587529317,2.0726357722294804,1,0.10263775939019304,46.213880776708365,-0.5523660318484929,73.54839595693707,76.47466143936118,-2.926265482424114,0.8024484882127528,0.8024404934705927,0.802447929330294,-14.42150114717668,-41.09589041096424,0.10263775939019304,0.052962150666045434,8.336350658839613,-0.015589013485440617,0.44695735476099246,0.017595291070319548,-0.0002860205557872371,1.178703284806404,-0.23986232078841543,25.523767040786343,-0.7064185014861444,-7.015234626237341,0.053042645239007535,-0.015589013485440617,0.025393251873160327,,,-4.335310234793166e-05,-3.4682481878323124e-05,-0.0001994242708007743,-6.069434328714873e-05,-9.537682516558288e-05,-0.0002080948912702718,0.0
1780401900,CADJPY,bearish_exhaustion,0.4147263784220296,-0.37426526832937584,-2.3356175799397048,-0.0456030408142739,-0.7493522047343737,-0.7037491639200998,-0.7889916467514054,-1.961352311610329,1.771063710854093,1,0.12559891116871133,44.789597745186576,-1.4242830315217887,77.19594594594955,77.19594594594955,0.0,2.573710879461693,1.77126239124894,0.9688218977783476,-15.958080266782892,-47.945205479451786,0.12559891116871133,0.020256986620316962,7.592375173950773,-0.74397548488884,0.41549251078650395,0.01714435686996091,-0.00045093420035863946,1.1138655440740626,-0.4515339476651421,24.867807003692064,-0.6559600370942782,-6.685772630992549,0.08450748921349605,-0.74397548488884,-0.0648377407323415,,,8.670996384241292e-06,-0.00015607793491545507,-1.734199276837156e-05,-5.2025978305114684e-05,-0.00016474893129958534,-8.670996384196883e-05,0.0
1780402200,CADJPY,bearish_exhaustion,0.33824351178478496,-0.22376109241190545,-2.316707868414187,0.004329785565251898,-0.6657059250717468,-0.6700357106369986,-0.5620046041966904,-2.0929467760022815,1.7722344774697032,1,0.14661678598181674,45.153668774630525,0.36407102944394865,67.56756756757208,72.77063649015291,-5.203068922580826,5.135485269841426,2.5617743903797328,0.7905119991307927,-19.698803280803126,-37.09677419354358,0.14661678598181674,0.017389511249613188,7.0526453703935434,-0.53972980355723,0.44713533847271797,0.016662843728722683,-0.00048151314123822536,1.076589087698995,-0.37325103774789453,24.477653834792374,-0.39015316889969043,-7.874348171095537,0.05286466152728203,-0.53972980355723,-0.0372764563750676,,,-0.00016474750277473138,-2.6012763596039434e-05,-6.0696448390684665e-05,-0.00017341842397333718,-9.538013318544092e-05,-9.538013318544092e-05,0.0
1780415700,CADJPY,bullish_exhaustion,-0.16263453742806017,1.1410232625887646,3.5758946229366257,0.31251300989000697,1.457866244545383,1.145353234655376,1.3036578000168249,2.434871360347861,-2.840146301615195,0,-0.04051000638932063,58.73696802717987,5.65419915867983,20.67478583301585,35.60183409339647,-14.92704826038062,98.43799709861642,-1.562002901383579,-1.562002901383579,39.79603148209434,-50.42372881355832,-0.04051000638932063,-0.04968125071351191,21.097159536744748,-0.28563815185775,0.6813899787840498,0.03352560422194158,0.0007373278916412637,1.4221462678748962,0.9993814222659556,44.127726757177,-1.8517024792894574,10.681671897348878,0.18138997878404983,-0.28563815185775,-0.0464773385835493,,,-0.0001384741875459783,-6.923709377293363e-05,-0.00019905664459729522,-0.0001557834609892117,-0.0004760050196893628,-0.0003029122852568067,1.0
1780416000,CADJPY,bullish_exhaustion,-0.5779760115661587,0.6140995122887457,3.0483074109985124,-0.08502017392797945,0.966962972197956,1.0519831461259355,1.1920755238549043,2.434207898709767,-3.00542489366061,0,-0.10664450684947963,56.08984016179183,-2.6471278653880432,17.558695058697676,22.383002488490018,-4.824307429792341,96.9858786137464,-1.4521184848700273,0.10988441651355174,44.15812859084976,-63.38028169014085,-0.10664450684947963,-0.06615412450484934,20.64121597409561,-0.45594356264913927,0.5998251893442068,0.03354649804545999,2.089382351841418e-05,1.4040364368935088,0.5302423091251048,42.67226980556024,-1.4554569516167604,12.30983694949051,0.09982518934420681,-0.45594356264913927,-0.01810983098138741,,,6.924668265129164e-05,-6.059084731968589e-05,-1.7311670662767398e-05,-0.0003375775779241863,-0.00016446087129629028,0.000259675059941733,1.0
1780416300,CADJPY,bullish_exhaustion,-0.451761085619225,0.6763129193545754,3.244176078376496,0.10579509033825904,1.1189588852014078,1.013163794863149,1.1280740049738005,2.5678631590219205,-2.644379930347153,0,-0.14409214971092182,57.13016716825637,1.040327006464544,33.2330860272072,23.822188972973578,9.410897054233622,95.02455972131074,-1.9613188924356564,-0.5092004075656433,29.96814018319008,-66.1458333333284,-0.14409214971092182,-0.03425820241764813,19.310661162443292,-1.3305548116523163,0.6140946371874269,0.03257009433281258,-0.000976403712647414,1.3766842865285538,0.6864372776209314,41.122228122763964,-1.5500416827962766,10.6335257168605,0.11409463718742685,-1.3305548116523163,-0.027352150364954975,,,-0.0001298285397751675,-8.655235985011167e-05,-0.00040679609129556926,-0.0002336913715952349,0.00019041519167006804,0.00022503613561020153,1.0
1780416600,CADJPY,bullish_exhaustion,-0.8665953896067157,0.13456450149241492,2.779564342813998,-0.25092686630086086,0.6754887135516062,0.9264155798524671,1.0011598910991306,2.644999841321583,-2.854888254634742,0,-0.1964727480873341,54.521844303663,-2.6083228645933687,37.267477561602796,29.35308621583589,7.914391345766905,92.6424523981531,-2.3821073231576406,-0.42078843072198424,25.236150294024352,-75.53191489361389,-0.1964727480873341,-0.05054397666228605,17.65600372094926,-1.654657441494031,0.5245149883390071,0.03216435141364003,-0.00040574291917254424,1.2890340369410032,0.26373195469506316,39.96401971735719,-1.158208405406775,12.49889863452233,0.024514988339007115,-1.654657441494031,-0.08765024958755063,,,4.32817991378176e-05,-0.0002770035144822325,-0.00010387631793074004,0.00032028531361993906,0.00035491075293014873,0.0006146015477570543,1.0
1780416900,CADJPY,bullish_exhaustion,-0.7122733930648811,0.15341273081402831,2.856764208799934,-0.1002246948662971,0.7634887914161933,0.8637134862824903,0.8656861238789094,2.7033514779859056,-2.5519680420135686,0,-0.22343596587957307,55.25517870755009,0.7333344038870848,46.23716153128951,38.91257504003317,7.3245864912563405,88.25100145090977,-4.391450947243328,-2.0093436240856875,13.170985928818833,-76.11111111110847,-0.22343596587957307,-0.023442783637289966,16.538364351584253,-1.1176393693650084,0.5293111614779848,0.031596802140306086,-0.0005675492733339463,1.2438207711840377,0.36682051787210473,38.673032076794094,-1.2909876405630953,10.640003694526296,0.02931116147798485,-1.1176393693650084,-0.04521326575696549,,,-0.0003202714516953309,-0.0001471517480762241,0.00027699152579052644,0.00031161546651437,0.0005712950219429747,0.0006318869182095899,1.0
1780417500,CADJPY,bullish_exhaustion,-0.534841639246959,-0.45110380683908535,2.161516564270682,-0.32920952237720813,0.2887764719330331,0.6179859943102411,0.08373783240787369,2.612620371109767,-2.506960624560628,0,-0.303812471025225,52.13596642892051,3.172742912734428,31.69312169312414,36.18840128644579,-4.495279593321648,57.34469221972169,-22.062750362727442,-13.21919149426681,-57.72769953054594,-82.7956989247261,-0.303812471025225,-0.007005276794252338,14.500443166986477,-1.287310225174794,0.4003097172702816,0.032049436288132824,-0.00020672002176447962,1.08120116078467,-0.033273013254725765,34.428103949150085,-2.225612679642957,2.6237622528038784,0.09969028272971842,-1.287310225174794,-0.08017941770730008,,,0.0004242056964764984,0.00045883473292351873,0.0007185525062765041,0.0007791533200587342,0.0005454073240411805,0.0005973508787116,0.0
1780420500,CADJPY,bullish_exhaustion,0.8683648532286435,1.7483595928837383,3.4470983370112394,1.1118459788714339,1.9092919796167451,0.7974460007453114,0.8799947396550948,1.698738744127501,2.0498266155322833,1,0.018384726534345662,62.63498163065676,1.0665425273120235,79.94047619047016,52.96314171313768,26.977334477332484,75.18816546573629,-1.3014797200189605,3.8766020035646562,125.89526250085721,-18.279569892475664,0.018384726534345662,0.04481427433741344,14.455487463999944,1.033165203660447,0.9049661233997295,0.03346312645023489,-0.0013128148115468877,1.0647400286690487,1.5658209791113444,33.6869542924652,0.35673830448769195,17.875644985520807,0.4049661233997295,1.033165203660447,0.12969800743913296,,,7.78344720229196e-05,-6.91861973536323e-05,-8.648274669176281e-06,8.648274669287304e-06,6.91861973536323e-05,0.0003199861627605216,1.0
1780423500,CADJPY,bullish_exhaustion,0.05427678587928659,0.8189409163557321,3.051632467260349,0.2978908893158915,1.3244967165770345,1.026605827261143,0.7646641304764455,2.232691550904617,1.0330704174765688,1,-0.027010206498437897,60.74705284403187,-2.0021333798192558,56.19653587839728,70.48741212049073,-14.290876242093454,99.51971749333876,-0.15430968597254946,-0.41861312746925705,86.85446009394873,-21.367521367525416,-0.027010206498437897,-0.04504520582622872,10.963857666342633,-0.607660854565653,0.7023437064093238,0.02708346233247269,-0.0004852908733145242,1.070953128849787,0.8824302208683755,38.24614929118423,0.2906387872541174,16.96744417433697,0.20234370640932375,-0.607660854565653,-0.03607369617287515,,,9.511785967508679e-05,2.5941234456983153e-05,9.511785967508679e-05,0.00011241201597989026,6.917662521832568e-05,-6.917662521832568e-05,0.0
1780423800,CADJPY,bullish_exhaustion,0.3606096733376989,1.0785206743869735,3.374512539491476,0.5691180347318047,1.6077482486742065,1.0386302139424017,0.7179110010492746,2.2959918651045026,1.2446348155594433,1,-0.042505571183903613,62.757984950674214,2.0109321066423433,51.75813008129611,59.640283178188064,-7.882153096891955,95.55647313064546,-3.9632443626933025,-3.808934676720753,82.68418794741618,-13.333333333342356,-0.042505571183903613,-0.014517460783152067,10.70058361655757,-0.2632740497850641,0.7634878798462355,0.026134680936930083,-0.0009487813955426083,1.0955941800926783,1.156554071728491,38.4546930990511,0.20854380786686733,16.08960040401324,0.26348787984623545,-0.2632740497850641,0.024641051242891177,,,-6.917004591155962e-05,0.0,1.7292511478084194e-05,-2.5938767216904246e-05,-0.00016427885904002348,-0.0002420951606906252,0.0
1780424100,CADJPY,bullish_exhaustion,0.006731648825041081,0.7371155464223549,3.0184713334762563,0.2620875803919286,1.2651991796189395,1.003111599227011,0.7303838975973138,2.281355787053901,0.823245556792381,1,-0.07744616377816856,60.33700671618121,-2.420978234493006,42.17479674796462,50.043154235886,-7.868357487921379,90.0411931018575,-5.515280028787956,-1.552035666094639,85.5564916222488,-23.913043478263557,-0.07744616377816856,-0.03420210608089916,10.586488499421476,-0.11409511713609355,0.678909149588709,0.025690151301780036,-0.0004445296351500462,1.104405893301848,0.8209646173238442,38.95289824872252,0.4982051496714206,18.084907253509904,0.17890914958870896,-0.11409511713609355,0.008811713209169625,,,6.917483073776154e-05,8.646853842231295e-05,4.323426921115647e-05,-9.511539226447763e-05,-0.00017293707684451487,-0.00038046156905802153,0.0
1780424400,CADJPY,bullish_exhaustion,0.18119274871230756,0.9831384328269904,3.132621299953093,0.44821718443914677,1.4164096156153922,0.9681924311762454,0.8019456841146828,2.149482867126103,0.933245385201839,1,-0.0872204221853736,61.919035976563194,1.5820292603819865,49.88738738737677,47.94010473887917,1.9472826484975982,79.31091810462311,-10.730274997234389,-5.214994968446433,69.86204858982097,-21.875000000013184,-0.0872204221853736,-0.010013630168674521,10.745311313905557,0.15882281448408087,0.7358233100768116,0.025768018489829448,7.786718804941167e-05,1.107823402491318,0.9833503104091865,38.54860153747794,-0.40429671124457656,13.385802439803712,0.23582331007681157,0.15882281448408087,0.003417509189470147,,,1.7292511478084194e-05,-2.5938767216904246e-05,-0.00016427885904002348,-0.0002420951606906252,-0.0004496052984254151,-0.00046689780990338825,1.0
1780424700,CADJPY,bullish_exhaustion,0.1604253871920931,0.9887086362830887,3.15201010748525,0.4532097764707623,1.4277010785725435,0.9744913021017811,0.8282832490909956,2.163301471202161,0.8939096282249063,1,-0.09797455079231442,62.32363304847928,0.4045970719160863,53.65990990990622,48.57403134841587,5.085878561490347,65.18943567457885,-14.121482430044267,-3.391207432809864,75.2314814814758,-18.74999999999861,-0.09797455079231442,-0.007320671047569992,10.755709423961385,0.010398110055827914,0.7279507552444381,0.02479164260468746,-0.000976375885141989,1.167371868924062,0.9878284144354373,38.17318316275083,-0.37541837472711137,12.918971453002495,0.22795075524443809,0.010398110055827914,0.05954846643274392,,,-4.3230531130422634e-05,-0.00018156823074733097,-0.00025938318678186967,-0.0004668897362073432,-0.00048418194865951225,-0.0005360585860159084,1.0
1780425000,CADJPY,bullish_exhaustion,-0.07129054475781305,0.6879537569047658,2.8715831428102843,0.24114723622412887,1.186115136680613,0.9449679004564842,0.7592443016625788,2.1836293859055185,0.7129054475695191,1,-0.12094599912138798,60.59045295384372,-1.7331800946355571,61.26126126124915,54.93618618617739,6.325075075071766,46.82095228165069,-18.368483392928155,-4.247000962883874,69.80273141132132,-28.333333333349124,-0.12094599912138798,-0.020807759112973796,9.853533358357813,-0.9021760656035713,0.669385854677308,0.024257017666118468,-0.0005346249385689908,1.0968121969570341,0.7522348349886341,37.983782902408315,-0.18940026034251645,13.534159386101404,0.16938585467730805,-0.9021760656035713,-0.07055967196702784,,,-0.00013834368028764477,-0.00021616200044949352,-0.0004236775208812382,-0.00044097048091717994,-0.0004928493610251161,-0.0007090113614747207,1.0
1780386000,CHFJPY,bullish_exhaustion,-1.2677693575473958,-0.2727178269148987,2.190587517810228,-0.7234837902743562,0.20050570414743094,0.923989494421787,0.9950515306324971,2.4633053447251267,0.360484574030578,1,-0.15521983082503338,52.055237172259105,-8.241188608563654,20.911021365787555,31.13127437231172,-10.220253006524164,98.52452376710366,-1.4688945971820573,-1.4741599057534813,2.929961870285422,-67.02127659573632,-0.15521983082503338,-0.10877800594826438,5.756013693110914,-0.016448098096098818,0.43670690132313095,0.013359200602289002,0.00018596137388,1.0859900835884864,-0.21497063343398046,44.14919521299619,-1.802277993538631,8.626395656139437,0.06329309867686905,-0.016448098096098818,-0.0264560626019561,,,-0.0001083140911708469,-3.938694224403516e-05,0.0001427776656344193,0.00021170481456134205,0.0006203443403425268,0.0007483519026354468,1.0
1780392000,CHFJPY,bullish_exhaustion,-1.2941962234717486,0.9026008939811438,3.7442132804419654,-0.32913448183992117,1.214127833638477,1.5432623154783984,2.1967971174528924,2.8416123864608216,-2.878489076682087,0,-0.11598105155810079,58.505953761609085,-3.1310735757257575,8.819396977290332,25.369196353182627,-16.549799375892295,99.48902867987817,-0.44976002361016754,-0.5029491409880507,30.877175826340608,-52.02492211838089,-0.11598105155810079,-0.12797759686292481,29.906277242568034,-1.8513518260194033,0.584510874167596,0.027994288873390876,-0.0004483971982267368,2.4930020079603077,0.5859473637983537,55.40207258555801,-1.162038661259274,18.771853251446828,0.08451087416759595,-1.8513518260194033,-0.07919471171399639,,,-0.0002064673437485176,-0.0002752897916645791,-0.00016714023065345085,-9.340189360051987e-05,-0.0002654580133908402,-0.00025562623511710125,1.0
1780392300,CHFJPY,bullish_exhaustion,-1.6945537315523218,-0.0871435472948746,2.8365656048111654,-0.8869311986999336,0.43364671192014936,1.320577910620083,1.6074101842574473,2.92370915210604,-3.4340286675231444,0,-0.2479391825307864,53.39421634288314,-5.111737418725944,8.191176260476857,12.565244026942088,-4.374067766465231,97.27246593399715,-2.2165627458810206,-1.7668027222708673,3.964376448289346,-75.45126353791088,-0.2479391825307864,-0.13396715926674668,27.113865660777403,-2.792411581790631,0.49084241598746675,0.028493637879001218,0.0004993490056103417,2.223891643499598,-0.1347739254021352,52.96636780625694,-2.4357047793010693,10.47312322334577,0.009157584012533249,-2.792411581790631,-0.2691103644607096,,,-6.883666043844272e-05,3.933523453647503e-05,0.00011308879929194937,-5.90028518044905e-05,-4.916904317042725e-05,0.0002556790244860885,0.0
1780392600,CHFJPY,bullish_exhaustion,-1.6907734422526337,-0.5601014189504462,2.510510659147166,-0.9655512417640233,0.17981768443802676,1.14536892620205,1.1306720233021876,3.070612078097612,-3.4862912240312665,0,-0.35251612735449867,51.77048513972554,-1.6237312031576039,7.421430611218251,8.144001282995147,-0.7225706717768956,90.42395047391132,-6.848515460085835,-4.6319527142048,-13.31546456115726,-95.70815450642954,-0.35251612735449867,-0.10181115414617133,24.031729811140558,-3.0821358496368454,0.4343290788471666,0.028181234443532183,-0.0003124034354690351,2.013416633683689,-0.3443146858977121,50.63502622505971,-2.331341581197229,9.459627510350927,0.0656709211528334,-3.0821358496368454,-0.21047500981590916,,,0.00010817934167950405,0.00018193798373355996,9.834485607207455e-06,1.966897121441491e-05,0.00032453802503851215,0.00046713806634346433,0.0
1780392900,CHFJPY,bullish_exhaustion,-1.1886139984480952,-0.3944437565218084,2.80266376286036,-0.49671779722303816,0.5267327471833189,1.023450544406357,0.7941702419262868,3.1971075193821687,-2.8353949762523856,0,-0.39056698872539963,54.13106090260637,2.360575762880835,14.051810035717715,9.888138969137607,4.1636710665801075,76.92331993727112,-13.500630536640202,-6.652115076554367,-20.436796165906824,-85.16949152542455,-0.39056698872539963,-0.03480919936085869,21.09474646626764,-2.9369833448729175,0.44779638784257264,0.02792142674872027,-0.00025980769481191365,1.7991561029053416,0.03611736128194644,48.396478603138554,-2.238547621921157,8.487377263283836,0.05220361215742736,-2.9369833448729175,-0.2142605307783474,,,7.375066375581163e-05,-9.833421834137823e-05,-8.850079650712939e-05,0.00021633528035081007,0.0003589198969458085,0.00043758727161868904,1.0
1780393200,CHFJPY,bullish_exhaustion,-0.775492044209363,-0.36037571466161983,3.0388340010006156,-0.20392739640903101,0.7588086117038036,0.9627360081128347,0.4151163295477432,3.3992097156622356,-2.3067127748836564,0,-0.4019961146192232,55.72232802737339,1.5912671247670218,26.459479374078438,15.977573340338134,10.481906033740303,54.317332318793284,-22.605987618477833,-9.105357081837617,-22.80643860227503,-78.81355932204023,-0.4019961146192232,0.0027166312802959624,17.72070247883949,-3.374043987428152,0.44521184890273446,0.026943513568908235,-0.0009779131798120337,1.5933131203047133,0.2814972622174705,46.37059529236023,-2.025883310778326,8.55758348259712,0.054788151097265536,-3.374043987428152,-0.20584298260062828,,,-0.00017207219165893406,-0.00016223949499261092,0.00014257410166029771,0.00028514820332059543,0.00036380977665029235,1.4749044999318173e-05,1.0
1780393500,CHFJPY,bullish_exhaustion,-1.1299613971954445,-1.1208044977046083,2.293253908539012,-0.7155570587881342,0.11167487686638936,0.8272319356545237,0.009156899490836394,3.4140584062436203,-2.6330701400108136,0,-0.4340046896746487,51.254297336189126,-4.468030691184268,30.944953739061205,23.818747716285785,7.1262060227754205,35.086502334475504,-19.23082998431778,3.375157634160054,-44.24573604901286,-93.1192660550518,-0.4340046896746487,-0.03053410114668487,15.903425698436003,-1.8172767804034855,0.31083209821172736,0.02684966920485299,-9.384436405524693e-05,1.4415879648710113,-0.3243148033456423,44.7406271643841,-1.6299681279761273,9.806853601448992,0.18916790178827264,-1.8172767804034855,-0.15172515543370202,,,9.834388891016843e-06,0.00031470044451431534,0.00045729908343505876,0.0005359741945636376,0.00018685338893043024,4.917194445619444e-06,0.0
1780393800,CHFJPY,bullish_exhaustion,-0.7611032349034036,-1.1906093079979474,2.237865191169092,-0.5794845963020617,0.13851364306242456,0.7179982393644864,-0.42950607309454386,3.4284744991670397,-2.3257556452549886,0,-0.4433827143561596,51.49364663308185,0.23934929689272622,34.8665223665157,30.75698515988512,4.109537206630584,21.507169254777182,-13.579333079698323,5.6514969046194565,-73.29656960687116,-86.78414096916272,-0.4433827143561596,-0.005596248547428881,14.370002493246439,-1.533423205189564,0.27953402208859784,0.02661746916214754,-0.00023220004270544867,1.3217163328637123,-0.2625564928403282,42.463449824578774,-2.277177339805327,5.4910380644474905,0.22046597791140216,-1.533423205189564,-0.119871632007299,,,0.00030486305748134157,0.00044746029404540977,0.0005261346314600068,0.0001770172591828434,-4.917146088412316e-06,-0.00016718296700590773,0.0
1780394100,CHFJPY,bullish_exhaustion,0.4940871331807795,-0.17950647644286616,3.1358537330375045,0.460653642863563,1.143687519942995,0.6830338770794321,-0.6735936096236457,3.3153602094803705,-0.8031574678239977,0,-0.34744849937211925,58.3251494162664,6.831502783184547,47.12806306842023,37.646513057999044,9.481550010421188,12.735543671158307,-8.771625583618874,4.807707496079445,-31.28546755490799,-59.47136563877402,-0.34744849937211925,0.07912233104127943,12.550810634746567,-1.819191858499872,0.4604443280367058,0.027658077091951266,0.001040607929803726,1.0974620674534916,0.7684322814571775,41.39929881331714,-1.064151011261636,12.649401905523682,0.03955567196329418,-1.819191858499872,-0.22425426541022064,,,0.0001425537771837515,0.00022120413700910113,-0.00012780683471613763,-0.0003096857918124529,-0.00047190215895220877,-0.0004276613315505884,0.0
1780394400,CHFJPY,bullish_exhaustion,1.0323078812110522,0.25537930162393396,3.555887008240759,0.8357341209058555,1.5544901490271446,0.718756028121289,-0.7769285795871183,3.3005077066168247,2.176119401159308,1,-0.259193203790237,61.08583134222148,2.760681925955083,71.66019760056399,51.218261011833306,20.441936588730684,7.358751357464012,-5.3767923136942954,3.3948332699245807,5.69235689157832,-46.69603524228755,-0.259193203790237,0.09239074737198123,12.101695270569373,-0.4491153641771941,0.5576754867263606,0.027328857410583943,-0.0003292196813673223,1.07892585952716,1.1754012571588224,40.71580151481862,-0.6834972984985157,14.583345308207797,0.05767548672636058,-0.4491153641771941,-0.018536207926331594,,,7.863914951755646e-05,-0.0002703220764668224,-0.0004521751097262827,-0.0006143683556062429,-0.0005701338340026174,-0.0006635178240548267,1.0
1780440000,CHFJPY,bullish_exhaustion,-0.5599394136966667,0.5808997126040649,2.08944236832324,0.13516108724956866,0.7630369144997341,0.6278758272501654,1.1408391263007316,1.5085426557191748,-1.8827340564086321,0,-0.03499947707465627,55.54320883607693,5.482882500334583,21.842310694772426,12.159077109902258,9.683233584870168,99.94160575594253,-0.058244730884055684,-0.05838210975989,14.71496770575852,-50.00000000000947,-0.03499947707465627,-0.027718340754942748,8.841806920827358,-0.2413343353510573,0.608003621470647,0.016437535832327724,-1.727849481911528e-05,1.4200519557551294,0.5559384348126285,29.02804863467296,-0.7648134948508094,8.835125478937208,0.10800362147064702,-0.2413343353510573,-0.04582747204447157,0.4545582919156389,50.0,-3.937550449872873e-05,-0.0001328923276828764,,,,,1.0
1780403100,EURAUD,bearish_exhaustion,-0.09410136857095175,-1.0129735557895354,-2.2252205979649045,-0.39011210504194294,-1.0822750848923712,-0.6921629798504282,-0.9188721872185835,-1.2122470421753693,-1.370872599133483,0,0.012270674233898419,40.543971903246636,-1.80710915256482,68.25505321749114,64.29284111636449,3.962212101126653,69.80408762321106,3.420864531442973,11.654990035906984,-68.2223302544519,-77.27272727272072,0.012270674233898419,0.012584864588710927,8.931959066557244,-0.12340938958982584,0.24729541428846347,0.02228741894484262,-0.00043187358177114443,1.0529667264415197,-0.7643161820324054,26.96368684026547,0.05955132512369232,-9.597746925718852,0.25270458571153653,-0.12340938958982584,0.010310063422066973,,,-0.00017888535915866477,-0.0002035592018012622,-0.00012953767387346993,-0.00017888535915866477,-0.00019739074114055732,-0.00011720075255228224,0.0
1780403400,EURAUD,bearish_exhaustion,-0.7562194165297677,-1.69521511269869,-2.8485194848446773,-1.0175532515717902,-1.7596532032271615,-0.7420999516553712,-0.9389956961689223,-1.1533043721459872,-2.0026931564233954,0,-0.0254925679900296,35.77638109109125,-4.767590812155383,49.84688995218077,62.66835197664994,-12.82146202446917,78.20828185026903,8.404194227057971,4.983329695614998,-104.47411571801298,-96.1038961038991,-0.0254925679900296,-0.03786428384820269,9.404646009888497,0.4726869433312526,0.10162178568496708,0.02210934935297227,-0.0001780695918703508,1.116406861509206,-1.429386608027773,27.658875416037457,0.6951885757719865,-13.569936107194708,0.39837821431503295,0.4726869433312526,0.06344013506768631,,,-2.467825722152206e-05,4.935651444304412e-05,0.0,-1.8508692916086034e-05,6.169564305369413e-05,0.00021593475068804047,1.0
1780403700,EURAUD,bearish_exhaustion,-0.6987742149222845,-1.6990356919269145,-2.7979144976504253,-0.9647531967056219,-1.7495239479431925,-0.7847707512375706,-1.0002614770046299,-1.0988788057235108,-1.959591853689452,0,-0.0489507598266777,35.16220144976735,-0.6141796413239007,21.96810207336885,46.69001508101358,-24.721913007644726,82.04942156324742,3.8411397129783893,-4.563054514079596,-97.86594529600944,-96.96969696971072,-0.0489507598266777,-0.02321006633583556,9.910369868080002,0.5057238581915051,0.12474099760456678,0.021896768298028304,-0.00021258105494396592,1.187354640631407,-1.4078137777425475,28.431941539584738,0.7730661235472809,-13.729599536097739,0.3752590023954332,0.5057238581915051,0.07094777912220107,,,7.403659875881985e-05,2.4678866253013965e-05,6.16971656319798e-06,8.637603188521581e-05,0.0002406189459656094,0.0002899766784714153,1.0
1780404300,EURAUD,bearish_exhaustion,-0.5435664754570831,-1.360361844161458,-2.4581926459215655,-0.6561076017904915,-1.4558649551971792,-0.7997573534066876,-0.8167953687043749,-1.0978308017601077,-1.4911454960355957,0,-0.029058286701244662,37.16712852871714,-1.4022139500764723,19.77148534524642,18.620266513271634,1.1512188319747843,81.24469732016809,0.6031142246924333,2.010952692464201,-89.03658463562869,-86.7924528301867,-0.029058286701244662,0.004441476856210259,9.994527021265796,0.06922021365109465,0.20964732689748583,0.021338293323451628,-0.0003589652296338078,1.2315246741796773,-1.107819342298283,29.641698039547002,0.7265682739320809,-13.445953479637682,0.29035267310251417,0.06922021365109465,0.03237140551594053,,,-1.8508692916086034e-05,6.169564305369413e-05,0.00021593475068804047,0.00026529126513086254,0.0004010216798489008,0.0003948521155436868,1.0
1780404600,EURAUD,bearish_exhaustion,-0.5657181269800814,-1.3219630842872576,-2.430536118605566,-0.6372306238259984,-1.448033967974579,-0.8108033441485808,-0.7562449573071762,-1.108573034318308,-1.368994890757133,0,-0.0235811154484919,36.62933321640209,-0.5377953123150547,26.290332351912543,20.061009939452862,6.22932241245968,83.53086838479499,2.286171064626899,1.6830568399344514,-74.49405464994727,-89.52380952380429,-0.0235811154484919,0.0058778828773461845,9.936631209566213,-0.05789581169958247,0.22005089906334743,0.021048431954670096,-0.000289861368781532,1.242847995742944,-1.0956952112273528,29.713054354001915,0.07135631445491342,-10.56400130983202,0.2799491009366526,-0.05789581169958247,0.011323321563266653,,,8.020582047474356e-05,0.00023444778292613933,0.0002838052109104261,0.0004195381378675478,0.00041336845936945643,0.0004195381378675478,1.0
1780396800,EURCAD,bullish_exhaustion,0.15497852300265003,0.9390960500915978,2.1106598846859415,0.34684484695710993,0.9628622212797705,0.6160173743226606,0.7841175270889478,1.1715638345943438,1.0432460461680353,1,-0.026026327818652956,57.02055056060913,2.8438021253826875,51.36054421767585,59.2970521541809,-7.936507936505052,89.94050092856705,-5.023484483492581,-8.021357242561578,66.48326455747102,-24.358974358963046,-0.026026327818652956,-0.007459696300753622,7.219968501698221,0.14667818411208255,0.7186765077362093,0.016809657162632642,-0.0002447373013584782,1.0675251948548776,0.6943488777716449,32.65557066121118,-0.5874371375529392,7.970599023248372,0.21867650773620928,0.14667818411208255,0.04363123136154323,,,0.00016747301823594185,6.822974817000116e-05,1.2405408758242586e-05,-6.82297481702232e-05,3.1013521895495444e-05,4.341893065373803e-05,0.0
1780397100,EURCAD,bullish_exhaustion,0.9748726178712362,1.7377376218145228,2.9449125995552596,1.1162011814874728,1.7816315808250296,0.6654303993375569,0.7628650039432866,1.2071749777407368,1.831791737984987,1,0.027882917841552418,62.259309431103496,5.238758870494365,59.523809523809405,54.42176870747202,5.102040816337386,81.59628752455228,-8.344213404014766,-3.3207289205221855,111.94513946808365,-3.614457831321756,0.027882917841552418,0.05344441343533398,7.416649006677165,0.19668050497894374,0.901068364467114,0.017112472551372084,0.00030281538873944136,1.070152992783073,1.5023068678030937,32.98783670574664,0.3322660445354586,12.964037478630967,0.401068364467114,0.19668050497894374,0.002627797928195452,,,-9.922665227890537e-05,-0.00015504164418567168,-0.00023566329916213657,-0.00013643664688345325,-0.00012403331534849293,-8.682332074394505e-05,1.0
1780416900,EURCAD,bearish_exhaustion,0.7024602586612501,-0.6264944546072703,-2.5427988905120342,-0.03798068563339707,-0.9331214273469215,-0.8951407417135245,-1.3289547132685202,-1.916304435904764,2.5765670309871926,1,0.10254666516528876,43.742040036672556,-1.917262541976278,79.25055490273695,78.85883610237889,0.3917188003580634,0.7052369714378247,0.7045398615296236,0.7051636576007668,-29.24353667920213,-42.145593869727136,0.10254666516528876,0.042107468690168785,22.869523774137207,-1.761969473042214,0.40485962018751875,0.034737557247244207,-0.0008049767760887061,1.5781208191580451,-0.5706232233169819,31.995567442258963,0.1328128164943898,-15.14868291237454,0.09514037981248125,-1.761969473042214,-0.06126731111570538,,,0.00020490021980190676,0.00018627292709272325,6.209097569653821e-06,1.2418195139529686e-05,-0.00018006382952306943,-0.00024215480522071786,1.0
1780417800,EURCAD,bearish_exhaustion,0.07582672251531482,-0.19326567080175006,-2.4268250069440485,-0.14761121037551336,-0.8261250442583474,-0.678513833882834,-0.26909239331706486,-2.2335593361422985,2.095081746474697,1,0.20450655553319616,44.218492731325384,-3.1080182464862744,69.71326164874715,81.09583636933347,-11.38257472058632,17.580117396783535,11.208595123103615,6.6762822816281115,-5.898457945852412,-35.59322033898831,0.20450655553319616,-0.011875037229360008,17.345074195674886,-1.9122001186986033,0.46259430415223296,0.033572784271358395,-0.0006181236694247916,1.2674361392954752,-0.5159382675724733,31.93904507558446,0.017566881516938082,-14.256150732206178,0.03740569584776704,-1.9122001186986033,-0.10088415076224577,,,6.209059017159291e-06,-0.0001862717705131134,-0.0002483623606842622,-0.00013039023935912386,-0.00011176306230775701,-0.00019248082953027268,0.0
1780418100,EURCAD,bearish_exhaustion,-0.018972286931763845,-0.046482102981241655,-2.3969587308910087,-0.11207626216111194,-0.7671324103407575,-0.6550561481796456,-0.027509816049477814,-2.3504766279097673,1.9112650146298953,1,0.20062790515044995,44.354198453143695,0.13570572181831153,47.89317248011025,66.61838282712142,-18.72521034701117,39.20585446450798,21.625737067724444,10.417141944620834,-13.515071842047321,-26.44230769230908,0.20062790515044995,-0.009163885671360504,15.670615856514797,-1.6744583391600898,0.4902927435183041,0.03272678980368313,-0.0008459944676752623,1.1883891609616168,-0.46169982643312674,32.192051387026076,0.25300631144161656,-15.748232640207714,0.009707256481695903,-1.6744583391600898,-0.07904697833385832,,,-0.00019247963441293425,-0.0002545698390622464,-0.0001365984502283979,-0.00011797138883362646,-0.00019868865487782106,-0.00015522551162339138,0.0
1780418400,EURCAD,bearish_exhaustion,-0.6246735064096974,-0.5169370947028207,-3.0296665060876253,-0.7116245264641609,-1.352916863963777,-0.641292337499616,0.10773641170687678,-2.5127294113848047,1.1323323461054497,1,0.20022921190851936,44.354198453143695,0.0,35.21286825771102,50.93976746218948,-15.726899204478457,59.8108251153121,20.60497065080412,-1.020766416920324,-5.669119651160735,-26.44230769230908,0.20022921190851936,-0.008814764935926424,13.370262044754046,-2.3003538117607505,0.3785582704309005,0.03140921532265858,-0.0013175744810245554,1.0748165331499258,-1.0480641784888507,32.426985819079,0.23493443205292408,-15.236789183671561,0.12144172956909949,-2.3003538117607505,-0.11357262781169108,,,-6.210215805002584e-05,5.5891942245089865e-05,7.452258966011982e-05,-6.2102158050469924e-06,3.726129483005991e-05,-0.0003353516534699841,1.0
1780425900,EURCAD,bearish_exhaustion,0.4088112433521791,-0.6470674775343839,-3.544419518796516,0.03812599413672256,-1.3102025291688073,-1.34832852330553,-1.055878720886563,-2.897352041262132,1.5102580964607029,1,0.07672450316665252,38.51465987845039,6.153797646705556,66.06334841628824,42.08017472722704,23.983173689061196,3.271471481368806,3.271471481368806,3.271471481368806,-60.884866767194765,-59.44055944055889,0.07672450316665252,0.09256707547531368,11.868594673610364,-2.169740648911942,0.36986289323173327,0.02387360243728231,-0.00021403908666593405,1.332344073253344,-0.729512746667131,36.40953621141619,-0.5915570496487277,-11.39472825182483,0.13013710676826673,-2.169740648911942,-0.23475841622072768,,,-0.00012432862542266498,-9.946290033824301e-05,-1.8649293813344237e-05,4.9731450169065994e-05,2.4865725084532997e-05,6.838074398229921e-05,0.0
1780426500,EURCAD,bearish_exhaustion,0.180732145712469,-0.7872801801860393,-3.7356786845524685,-0.27075233909123103,-1.557482581388082,-1.286730242296851,-0.9680123258985083,-2.9483985043664296,1.0549937785695398,1,0.15651469836074372,36.5978863103264,1.0687684160552209,74.95729864670061,72.7529347952987,2.204363851401908,36.46478568574243,19.588221920892444,6.098554649324058,-57.278958986870286,-70.00000000000635,0.15651469836074372,0.036242233904191436,10.264206834064384,-0.859668259048334,0.32589182232074254,0.02270350271227098,-0.0006948890690097881,1.2265302106848261,-0.977251451034966,35.647785195765735,-0.5127392934486465,-10.622242157027456,0.17410817767925746,-0.859668259048334,-0.053513317915200975,0.889966779678374,84.0,8.082164528011582e-05,0.0001492091912862481,0.00012434099273850308,0.00016786034019689033,-7.460459564301303e-05,-0.00023003083656614187,1.0
1780426800,EURCAD,bearish_exhaustion,0.5808601722837412,-0.2945989390520265,-3.2300272355320367,0.07319851434861102,-1.1290991077519987,-1.2022976221006096,-0.8754591113357677,-2.9354282964800102,1.3703115124527023,1,0.2099899126103463,40.074827432630954,3.4769411223045523,71.16941985883061,74.45495860947949,-3.2855387506488825,57.24564474452993,20.780859058787506,1.192637137895069,-38.20327270356754,-60.714285714277786,0.2099899126103463,0.05113927125821648,8.997532245411833,-1.2666745886525508,0.4267676328777738,0.02236783356678957,-0.0003356691454814084,1.0902194950071726,-0.5704850433460759,34.766691741044724,-0.881093454721011,-8.42258657706372,0.0732323671222262,-1.2666745886525508,-0.13631071567765352,0.8496645034573789,78.0,6.838201925885024e-05,4.351583043749052e-05,8.7031660874759e-05,-0.00015541368013383128,-0.00031082736026766256,-0.00027352807703540094,1.0
1780427100,EURCAD,bearish_exhaustion,0.8330735108837268,0.07624740608084096,-2.788395880156068,0.32578151085261164,-0.7746655749340384,-1.10044708578665,-0.7568261048028858,-2.864643286236909,1.6109953910487793,1,0.26766141967926954,42.92689066337499,2.8520632307440366,73.42930686447055,73.18534179000058,0.24396507446996907,73.12944832309432,15.88380357856439,-4.897055480223116,5.549626467514632,-38.31775700935122,0.26766141967926954,0.05429089304792307,8.600921533462968,-0.3966107119488651,0.5195139688103093,0.02201193538964152,-0.00035589817714805,1.0587074879080363,-0.24340960151391466,32.893379648150884,-1.8733120928938405,-3.3074901591356642,0.019513968810309312,-0.3966107119488651,-0.031512007099136374,0.8040044172209151,73.33333333333333,-2.4864488537335028e-05,1.8648366403084538e-05,-0.0002237803968372365,-0.00037918345019638533,-0.00034188671739010523,-0.0003667512059276623,1.0
1780431000,EURCAD,bearish_exhaustion,-1.1335077017920128,-1.9454403345803168,-4.740123116583633,-1.3282975172547509,-2.4590707074409144,-1.1307731901861633,-0.8119326327883041,-2.794682782003316,-2.88102565542216,0,0.022197315164194,30.922512926708052,-1.9506502213196342,14.621489621480151,30.118030118023807,-15.496540496543656,99.98800239083054,0.010656453395725407,-0.009315297622009666,-151.0491629421425,-100.0,0.022197315164194,-0.0503323116968916,6.785178335770025,0.7394096889957389,-0.0017111692746086043,0.01750430968391242,-0.0005317763004845308,1.0611503776310134,-1.9413491830580614,31.559257509020085,0.41968250990347045,-16.03330658411972,0.5017111692746086,0.7394096889957389,0.14992310563191602,0.9543110696637049,93.33333333333333,-0.00016171567895717498,6.2198338059982206e-06,4.975867044820781e-05,0.00027367268746569806,0.0002363536846294867,0.00016171567895706396,1.0
1780431300,EURCAD,bearish_exhaustion,-1.8182024399768326,-2.699223313401873,-5.395638592146551,-1.8824661673076526,-3.0941993997530273,-1.2117332324453747,-0.8810208734250404,-2.696415278744678,-3.5308764860033404,0,-0.05824290251054307,27.161776757825166,-3.760736168882886,2.361673414296286,17.148640832842982,-14.786967418546697,99.99366590647185,0.005663515641302297,-0.00499293775442311,-178.94783260565993,-99.23664122138595,-0.05824290251054307,-0.08016989826569927,8.077636438756985,1.2924581029869593,-0.09194771243399281,0.01772297161458723,0.00021866193067481,1.2284162270860455,-2.56076449453311,32.60388969547258,1.0446321864524961,-21.476132400331274,0.5919477124339928,1.2924581029869593,0.1672658494550321,0.9710291842910433,96.0,0.0001679626749611085,0.00021150855365470456,0.0004354587869364046,0.0003981337480558622,0.00032348367029544356,0.0005972006220840154,1.0
1780432200,EURCAD,bearish_exhaustion,0.7996633662305179,0.04703902154469196,-2.102330669493233,0.6064805762905469,-0.2888293893735212,-0.8953099656640681,-0.752624344685826,-2.149369691037925,3.135934769533095,1,0.11281618997328112,47.38284392258836,9.426403451973322,69.03886112685592,42.93385525358855,26.105005873267373,97.10782817455801,0.7458185215956945,1.4005347822506025,-10.689354275781149,-18.03278688523665,0.11281618997328112,0.10517149934586816,8.285840350515036,-0.1147221647196357,0.5112568969626374,0.019828639720244366,0.0010534335395031048,1.0540827663931474,0.13376478188234667,33.47131678416578,-1.3564685529561586,-8.17960374561109,0.01125689696263743,-0.1147221647196357,-0.10594289248257915,0.6599845227125838,63.33333333333333,-3.730879243890595e-05,-0.00011192637731627375,0.00016167143390122263,0.00011814450938940624,4.9745056584837855e-05,0.00015545330182797912,0.0
1780394400,EURCHF,bearish_exhaustion,-1.4883814980029848,-0.9095664710000463,-2.68003170053248,-1.3040753988999452,-1.6538981199497207,-0.3498227210497755,0.5788150270029385,-1.7704652295324337,-2.9295127897203685,0,0.11208749136068791,39.58144352062591,-4.022134473040865,22.152777777783797,52.78802367942143,-30.63524590163763,86.68506695459926,7.382306592884689,-5.721421024253829,-41.955835962190974,-67.39130434782687,0.11208749136068791,-0.13281464122584608,10.889882735561192,-0.0834301059225826,0.30667662223321457,0.023150723889988824,-9.486828890528654e-06,1.1222598993699486,-1.47237513597873,25.413530923121414,0.005964917112841306,-12.486966725235376,0.19332337776678543,-0.0834301059225826,-0.0019716018409547953,,,5.469382397338407e-05,8.751011835750333e-05,0.00027346911986692035,0.0005031831805553111,0.0006453871228859764,0.0007000809468593605,1.0
1780394700,EURCHF,bearish_exhaustion,-1.278513024059546,-0.5625457305866131,-2.3329375835388504,-0.8890330652889401,-1.2915556647486979,-0.40252259945975777,0.7159672934729328,-1.7703918529522373,-2.5904998436564703,0,0.041575583073197815,41.296598972374,1.715155451748089,9.69967532467616,28.765632515636444,-19.065957190960283,87.7783470691044,1.0932801145051343,-6.289026478379554,-53.24917051067025,-61.956521739131354,0.041575583073197815,-0.06871181809563383,10.570914637296472,-0.3189680982647207,0.3748128189048909,0.023527298847488644,0.00037657495749982006,1.070927717007434,-1.1004368759073957,25.887261204257324,0.47373028113591076,-15.725884756291908,0.12518718109510912,-0.3189680982647207,-0.05133218236251458,,,3.281449963354888e-05,0.0002187633308905479,0.00044846482832539003,0.0005906609934043239,0.0006453518261269053,0.0006453518261269053,1.0
1780399200,EURCHF,bullish_exhaustion,0.5173562421541034,1.6791778031978886,2.0346372212996418,0.9900487526158086,1.5569518578824755,0.5669031052666668,1.1618215610437852,0.3554594181017531,-0.7465985770392786,0,0.09883849821573049,60.55953613150667,9.159054125453814,37.95939383632486,27.37033233261448,10.589061503710376,99.87188277564977,-0.0002908148103415442,-0.10714468979236358,70.15995123692385,-16.513761467887196,0.09883849821573049,0.030743090927674032,14.272103457046487,0.4306935651365045,0.7883788597261414,0.024500560043350286,0.001384904641900126,1.4116786379016588,1.380240959181259,20.247311439844065,-0.2188163113930912,9.232451629574076,0.2883788597261414,0.4306935651365045,-0.07045872676139875,,,-0.0003387422826859332,-0.00013112604491072322,3.2781511227542026e-05,4.37086816367227e-05,-3.278151122765305e-05,-0.00016390755613826524,1.0
1780417800,EURCHF,bullish_exhaustion,0.8292628596165176,1.7211523414423153,3.6098848857654215,1.065390666358157,1.9517809021361552,0.8863902357779981,0.8918894818257976,1.8887325443231062,2.2758752437645478,1,0.024251180363124427,64.51452709057912,5.7538340248968325,68.15789473684089,60.93899521531159,7.218899521529295,99.67337259267714,-0.32520889447671664,-0.3264376890644627,102.35338065004376,-5.263157894742224,0.024251180363124427,0.031502126621198806,11.191671106451468,0.7363530244442664,0.8889028460329419,0.025277130110357725,0.0005685285540890928,1.1109681904315893,1.5964460269481304,19.571163742146545,0.874325164174163,11.753358186085274,0.3889028460329419,0.7363530244442664,0.03720098182417719,,,-0.00017467820998495753,-0.00039302597246626547,-0.0004039433605903531,-0.0005349520180791822,-0.0008733910499251207,-0.0009279779905454477,1.0
1780425900,EURGBP,bearish_exhaustion,-0.031232518471949963,-1.1087544057479821,-3.9128099141397326,-0.4042940903798654,-1.6487951295334529,-1.2445010391535876,-1.0775218872760322,-2.8040555083917504,-0.9771569492808625,0,0.03409202874868151,36.913281697611914,-0.6651445885217697,64.78466386553944,50.913564350470004,13.871099515069439,1.2353908427135716,1.2353908427135716,1.2353908427135716,-53.21694148079155,-70.0000000000111,0.03409202874868151,0.04987258674261888,9.07056372966585,0.06474276853697702,0.2733985107085846,0.01854175996326392,-0.0002676418014482783,1.2457846723445876,-1.132514253959511,40.36524770293259,-0.8664314551205763,-12.773269807073165,0.22660148929141538,0.06474276853697702,0.0321942266087778,,,3.474635163325246e-05,0.00011582117211039744,-3.4746351633030415e-05,9.265693768822914e-05,5.791058605519872e-05,0.00017373175816559616,1.0
1780426500,EURGBP,bearish_exhaustion,0.7375996821863903,-0.25130608640818847,-3.1083625544861118,0.2243246852917638,-0.895915430581695,-1.1202401158734587,-0.9889057685945787,-2.857056468077923,2.023503552900396,1,0.1667723889808641,42.59613536762786,4.007595350824801,71.49859943977204,68.11974789915287,3.3788515406191664,12.853443126831596,7.484050478293964,3.8660330158906966,-22.20770738075778,-46.551724137927735,0.1667723889808641,0.07076644361800118,8.083353002870878,-0.5021345846428122,0.44484467098787706,0.017741706099652116,-0.00020812414258274473,1.1758389784608427,-0.3960125844812307,38.735807451907995,-1.526964417110264,-8.666052222547211,0.055155329012122944,-0.5021345846428122,-0.05608608745926413,0.5555834435227799,57.333333333333336,-0.0001505500868559384,-2.3161551824024684e-05,-5.790387955995069e-05,5.7903879559839666e-05,1.1580775912012342e-05,-0.0001158077591200124,0.0
1780426800,EURGBP,bearish_exhaustion,-0.11010387050957773,-0.9520746449914116,-3.7500082955810146,-0.5240988815817264,-1.6027064480674744,-1.0786075664857482,-0.8419707744818339,-2.7979336505896026,1.1191734602354098,1,0.15872160749923803,37.67848278382767,-4.917652583800191,59.24369747898705,66.27275910363541,-7.029061624648357,31.34779613320026,18.494353006368662,11.0103025280747,-44.3398077300122,-66.66666666667352,0.15872160749923803,-0.006754591771789472,7.749939399072647,-0.33341360379823026,0.2803414379287875,0.017883370796301964,0.0001416646966498486,1.1111473459994123,-1.1172954223010367,37.618456737263806,-1.1173507146441892,-10.29761168032412,0.21965856207121248,-0.33341360379823026,-0.06469163246143039,0.5289873997921375,54.666666666666664,0.00012740771627473002,9.266015729081367e-05,0.00020848535390394218,0.00016215527525864637,3.474755898391635e-05,2.316503932275893e-05,1.0
1780427100,EURGBP,bearish_exhaustion,0.5391457022153195,-0.19028671842877062,-2.8111691202580236,0.15607044809843262,-0.8072933302786393,-0.9633637783770719,-0.7294324206440902,-2.620882401829253,1.749014029549411,1,0.1987218828304503,43.61071631642599,5.932233532598325,54.761904761906486,61.83473389355519,-7.072829131648703,53.13443535149236,21.7866392182921,3.2922862119234395,-19.20572916674371,-36.95652173912991,0.1987218828304503,0.04327944082347178,7.678934871899078,-0.07100452717356909,0.45475684326401383,0.018258306584753366,0.00037493578845140124,1.0659637746520552,-0.35873293143226714,36.29577521105727,-1.3226815262065372,-8.005326199021422,0.04524315673598617,-0.07100452717356909,-0.045183571347357177,0.7210581968150366,67.33333333333333,-3.474313244078431e-05,8.106730902857073e-05,3.474313244078431e-05,-9.264835317557285e-05,-0.00010422939732246395,-4.6324176587786425e-05,1.0
1780384800,EURJPY,bullish_exhaustion,0.3904457863728025,1.5366830592211935,4.554828987879691,0.6877876352242005,2.1174131705534007,1.4296255353292,1.1462372728483912,3.0181459286584973,-1.2828932980809329,0,0.009377001000934729,67.89530254583926,2.6274296043261813,47.34693877549794,63.27399044723788,-15.927051671739939,99.83325025208153,-0.16670806621853274,-0.1667465387115783,89.45043019921324,-31.50684931505996,0.009377001000934729,-0.046685006581504734,5.465743023020427,-0.2870520622372492,0.7712060853424877,0.009644949610308151,0.00025081187255333696,1.4039826943655243,1.5438584672095563,52.80021286538033,0.042930270980676255,19.548114310886806,0.2712060853424877,-0.2870520622372492,-0.12938539411358452,,,5.379757050283374e-06,3.765829935131748e-05,6.993684165235159e-05,1.613927115040603e-05,-1.0759514100344703e-05,1.0759514100344703e-05,0.0
1780386300,EURJPY,bullish_exhaustion,-0.3182941329661408,0.520844944851741,3.864669490803899,0.06380304011155692,1.301340927056015,1.2375378869444582,0.8391390778178819,3.343824545952158,-1.2895475912759387,0,-0.14651994567167778,62.0548778655611,-3.037739101120856,51.012588943601486,54.43167305236087,-3.4190841087593853,98.75375957905342,-1.1941363349345409,-1.2253993075630092,30.9195513128396,-46.296296296305066,-0.14651994567167778,-0.055876734998132616,3.901055557192373,-0.47947210808212715,0.6241219924914163,0.009296112957956043,-5.270306880535494e-05,1.0576570126869265,0.7605402551004568,52.02906706204889,-1.629361823833392,10.991494001401827,0.12412199249141631,-0.47947210808212715,-0.1212716322116143,,,2.1519259737479146e-05,4.303851947495829e-05,8.607703894991658e-05,0.00033892834086524104,0.0005756401979772896,0.0006132989025178226,0.0
1780391400,EURJPY,bullish_exhaustion,-1.4006287388318597,0.5512452353490023,3.3832482219148474,-0.5575035204901285,0.8829230384000231,1.4404265588901517,1.951873974180862,2.832002986565845,-2.701878054953023,0,-0.10896562881062802,56.77166650608213,-8.63698307499186,27.691287041120237,34.84682358148206,-7.155536540361826,99.7905072232011,-0.07173284975117156,-0.18911903990674261,27.093923386166974,-42.028985507242396,-0.10896562881062802,-0.14475671232224965,15.84745640211921,-0.6468737497046284,0.5602214140072048,0.017311082271005192,0.0004909795967408398,2.101118075045347,0.2868983732493344,60.8773717302875,-2.2412214074355035,12.665236076224904,0.06022141400720482,-0.6468737497046284,-0.14936695058953697,,,-9.139440988781278e-05,4.300913406485307e-05,4.300913406485307e-05,6.451370109727961e-05,0.00017203653625919024,0.00018278881977562556,0.0
1780391700,EURJPY,bullish_exhaustion,-1.7865159098372412,-0.12427936764055209,2.716746976628385,-0.9188706719560514,0.328821548457643,1.2476922204136944,1.662236542196689,2.841026344268937,-3.1709880653559055,0,-0.24190965611762857,52.89664033630338,-3.8750261697787494,15.453288393395079,28.285952587454833,-12.832664194059754,97.26463067764797,-2.525876545553132,-2.454143695801946,1.879270551116471,-68.87417218542872,-0.24190965611762857,-0.13289570474813753,15.150717291062339,-0.6967391110568713,0.4858052462632122,0.01730499037574151,-6.0918952636823676e-06,2.0265335881415467,-0.21819392767094584,57.97361065064383,-2.9037610796436724,8.214952697581815,0.014194753736787802,-0.6967391110568713,-0.07458448690380015,,,0.00013441582880791003,0.00013441582880791003,0.00015592236141737104,0.00026345502446356583,0.00027420829076829634,0.00029033819022528107,0.0
1780392000,EURJPY,bullish_exhaustion,-0.8455090019779017,0.4557576404711006,3.3814073766822776,-0.12165937318026672,1.0355914544515075,1.1572508276317741,1.3012666424490023,2.9256497362111773,-2.2824845539787404,0,-0.2797545639981597,57.49171288769368,4.595072551390302,20.86106069771683,21.335212044077384,-0.47415134636055356,89.20472021207291,-8.059910465575058,-5.534033920021926,8.787878787844642,-69.91150442478589,-0.2797545639981597,-0.035028561389473446,14.181693680383894,-0.9690236106784447,0.5549700067164024,0.017103542755688983,-0.00020144762005252712,1.9403149322332665,0.5112401141455146,55.343538015418055,-2.6300726352257726,8.166000908057455,0.0549700067164024,-0.9690236106784447,-0.08621865590828026,,,0.0,2.1503642179565574e-05,0.00012902185307628322,0.00013977367416617703,0.0001559014058007957,8.601456871759616e-05,0.0
1780392300,EURJPY,bullish_exhaustion,-0.6272890592805496,0.24186518454879716,3.2063521368390635,-0.10221169894543214,0.952073335808155,1.054285034753587,0.8691542438293467,2.964486952290266,-2.133185265220196,0,-0.2980145916974932,57.49171288769368,0.0,29.80842911876861,22.040926069960175,7.767503048808436,73.82941361893808,-15.375306593134837,-7.315396127559765,2.129925452619998,-69.91150442478589,-0.2980145916974932,-0.020246164203072032,12.880639427305375,-1.3010542530785187,0.5323470297117286,0.017225838766494632,0.00012229601080564895,1.7571324765675154,0.4592666702501524,53.072335158567356,-2.2712028568506994,8.64346723240791,0.03234702971172865,-1.3010542530785187,-0.1831824556657511,,,2.1503642179565574e-05,0.00012902185307628322,0.00013977367416617703,0.0001559014058007957,8.601456871759616e-05,2.6879552724290434e-05,0.0
1780392600,EURJPY,bullish_exhaustion,-0.3756022048415543,0.15781605245522612,3.2188162058622414,0.019359261454253353,1.008472249794811,0.9891129883405577,0.5334182572967805,3.0610001534070155,-1.9019605621150064,0,-0.30284843953621665,58.247521948774235,0.755809061080555,47.47126436781114,32.71358472809886,14.75767963971228,51.52823356591985,-22.30118005301823,-6.925873459883377,10.995723885219848,-66.37168141591941,-0.30284843953621665,-0.0014458043813781543,11.357363931234765,-1.5232754960706103,0.5236671972386963,0.01703183821312608,-0.0001940005533685521,1.5822900082943347,0.5344797577353146,51.360743112000414,-1.7115920465669419,10.822740950059652,0.023667197238696258,-1.5232754960706103,-0.17484246827318062,,,0.00010751589891344615,0.0001182674888049462,0.0001343948736418632,6.45095393481121e-05,5.375794945639001e-06,-4.83821545111951e-05,0.0
1780392900,EURJPY,bullish_exhaustion,0.354089642353824,0.5566544377543778,3.731658230860212,0.5564012949586905,1.5344734222505199,0.9780721272918292,0.20256479540055386,3.1750037931058346,-1.1588757131050578,0,-0.2621388973288177,61.89563206423724,3.6481101154630053,66.66666666666221,47.98212005108065,18.68454661558156,33.07088016118533,-18.45735340473452,3.8438266482837165,23.627075351292763,-48.67256637168765,-0.2621388973288177,0.0439407223633086,9.543859970665135,-1.81350396056963,0.5982897236203595,0.016850227127252194,-0.00018161108587388605,1.3555969888274921,1.0659738620216177,50.0524937031906,-1.3082494088098144,12.207623352672671,0.09828972362035948,-1.81350396056963,-0.22669301946684262,,,1.0750434048745205e-05,2.6876085122085058e-05,-4.300173619498082e-05,-0.00010212912346319047,-0.00015588129370724957,-1.6125651073117808e-05,0.0
1780393200,EURJPY,bullish_exhaustion,0.39672592169368553,0.39672592169368553,3.695404405021063,0.534961415258615,1.5085781297055685,0.9736167144469536,0.0,3.2986784833273775,-0.9936128114896899,0,-0.23251391309795877,62.25083594696718,0.3552038827299384,81.19402985074669,65.11065362840668,16.083376222340007,20.188821769705367,-12.882058391479962,5.575295013254561,33.02921815457189,-46.90265486725441,-0.23251391309795877,0.03470793976275623,7.2858632072610545,-2.2579967634040807,0.5900116313864439,0.016529533143941746,-0.0003206939833104473,1.0666499725580043,1.0419966123396462,49.16333558067514,-0.889158122515461,14.110478501726002,0.09001163138644386,-2.2579967634040807,-0.2889470162694878,,,1.6125477717343628e-05,-5.375159239084937e-05,-0.00011287834402085029,-0.0001666299364119217,-2.6875796195424684e-05,-0.00033325987282362135,1.0
1780391700,EURUSD,bullish_exhaustion,-1.814028662189106,-0.0796860135832004,2.566827119937323,-0.9550221317083301,0.2763777331616878,1.2313998648700177,1.7343426486059057,2.6465131335205236,-3.3196255776803363,0,-0.21650730703891785,52.372127229150855,-4.586856158824929,15.438132599324112,31.964808166645934,-16.526675567321824,98.42412288937199,-1.506760429435289,-1.5663811234909701,6.283832380634813,-65.45454545453738,-0.21650730703891785,-0.14162377947655355,17.502865609838036,-0.784731152831494,0.4916594645946038,0.018320078379244605,-0.00021798672220754017,2.261706591667313,-0.2502961684018758,47.480549641274195,-1.9742449280566134,9.536984897460272,0.008340535405396199,-0.784731152831494,-0.04969542745922606,,,0.00014598540145982497,0.00013739802490331243,0.000163160154572628,0.0002146844139114812,0.0002662086732501123,0.0003434950622585031,0.0
1780392000,EURUSD,bullish_exhaustion,-0.7779359721271144,0.4977864107359225,3.194168056986741,-0.1322065164643126,0.9816883231872064,1.113894839651519,1.2757223828630369,2.6963816462508188,-2.3572941738255455,0,-0.25316357882729484,56.90983588967618,4.537708660525325,12.844159315693723,19.603438488767065,-6.759279173073342,92.56412026885096,-5.86000262052103,-4.353242191085741,14.546684709035885,-74.32432432430485,-0.25316357882729484,-0.039281719595600145,16.476096225829792,-1.0267693840082437,0.5560262227000441,0.018542254553049534,0.0002221761738049298,2.1060214688447463,0.48851364170717076,45.99300229482408,-1.487547346450114,11.394424044008778,0.05602622270004409,-1.0267693840082437,-0.15568512282256686,,,-8.586123107834354e-06,1.7172246215668707e-05,6.868898486245278e-05,0.0001202057235094589,0.00019748083148019013,0.00016313633904885272,0.0
1780392300,EURUSD,bullish_exhaustion,-0.6207152656561147,0.22592210036778843,2.9693922929134393,-0.14887996285112629,0.8536591154738445,1.0025390783249708,0.846637366023903,2.743470192545651,-2.241462705052197,0,-0.2759122582184274,56.56841882370581,-0.3414170659703686,25.674407694128718,17.985566536382184,7.688841157746534,81.95869101268444,-10.605429256166516,-4.745426635645501,3.9292730845043113,-73.68421052631426,-0.2759122582184274,-0.026383748837922095,15.013465143154418,-1.4626310826753741,0.5283102404223381,0.01881253504602786,0.00027028049297832604,1.8923644067966863,0.3943481225557305,44.39107656506257,-1.6019257297615113,9.450597382605327,0.028310240422338095,-1.4626310826753741,-0.21365706204806,,,2.5758590489921573e-05,7.727577146976472e-05,0.00012879295244960787,0.0002060687239193726,0.00017172393659947716,0.00015455154293952944,0.0
1780392600,EURUSD,bullish_exhaustion,-0.4233788898121648,0.12611286079468736,2.933925625784106,-0.009984739610971141,0.9051370236693123,0.9151217632802834,0.5494917506068522,2.8078127649894187,-1.8900830488289726,0,-0.27720664104818415,57.394214131768706,0.8257953080628937,44.70042100324948,27.739662671023975,16.960758332225506,66.42561901166906,-15.533072001015384,-4.9276427448488676,10.866997401418294,-69.7368421052643,-0.27720664104818415,-0.004924708832759205,13.013253372736228,-2.00021177041819,0.5184744807086802,0.019062870921335365,0.0002503358753075044,1.6199775666796026,0.47434892831728626,43.34306322412725,-1.04801334093532,11.877254834629472,0.018474480708680185,-2.00021177041819,-0.2723868401170837,,,5.151585400398062e-05,0.00010303170800796124,0.00018030548901437626,0.0001459615863448338,0.0001287896350101736,0.000240407318685687,0.0
1780392900,EURUSD,bullish_exhaustion,-0.054789095832273774,0.16208440850148662,3.1156732496304054,0.2232356075188109,1.1032289867144291,0.8799933791956183,0.21687350433376038,2.953588841128919,-1.4640743029715875,0,-0.26294060325796725,59.070388042373764,1.6761739106050584,60.63273262520616,43.669187107528124,16.963545517678035,45.93594625849795,-20.489672753171106,-4.9566007521557225,10.321752228554592,-61.84210526316443,-0.26294060325796725,0.018065124153658303,10.581085900312791,-2.432167472423437,0.5288057130891677,0.018804179727948723,-0.0002586911933866419,1.3483321359416638,0.682910039745396,42.36990797897302,-0.9731552451542314,11.180029063181298,0.028805713089167684,-2.432167472423437,-0.2716454307379388,,,5.1513200257424785e-05,0.00012878300064400605,9.444086713883415e-05,7.726980038658127e-05,0.00018888173427789035,0.00024039493453531513,0.0
1780393200,EURUSD,bullish_exhaustion,0.2727319856322703,0.21630467825939237,3.345198872055142,0.433270505169094,1.313289281640462,0.880018776471368,-0.056427307372877926,3.1288941937957495,-1.0534234260673994,0,-0.23767143894990372,60.73399929675188,1.663611254378118,74.8050682261084,60.04607395152135,14.758994274587053,29.329541505580686,-16.606404752917264,3.8832680002538496,24.554941682092878,-50.70422535213294,-0.23767143894990372,0.03313117269143391,7.9003873058114,-2.6806985945013917,0.5499886617026336,0.018257311639768587,-0.0005468680881801358,1.052132903322726,0.8916119195862907,41.77420997210532,-0.5956980068676998,13.043002217210365,0.04998866170263361,-2.6806985945013917,-0.29619923261893777,,,7.72658201768639e-05,4.292545565376393e-05,2.5755273392435996e-05,0.00013736145809195577,0.00018887200487638367,-0.0001545316403532837,0.0
1780431900,EURUSD,bearish_exhaustion,0.09031185017913718,-1.0405495781568799,-4.700928131956875,-0.24016902002295604,-1.7706384785733307,-1.5304694585503746,-1.130861428336017,-3.660378553799995,2.630823461753123,1,0.07142488672375492,35.2797568590223,1.1356940800729092,54.71347192518218,32.377307267095354,22.33616465808683,1.5632788078006132,1.5632668658052375,1.5632779121509601,-65.62558096306186,-50.000000000008285,0.07142488672375492,0.08012776205479219,11.60876791321654,-0.5344846549982663,0.3035991442770615,0.021916225287799632,-0.0004948933270910311,1.3215150378585638,-1.1200882541810049,51.809096931249044,0.8096281226589284,-27.514610122740173,0.19640085572293853,-0.5344846549982663,-0.01704606778640949,0.9636858595631546,94.0,0.0003098026729086989,0.00039585897093896705,0.0003786477113327802,0.0007228729034536308,0.0007142672736504263,0.0006798447544384967,1.0
1780432200,EURUSD,bearish_exhaustion,1.3848299822376304,0.43182870413967367,-3.0146110742384398,0.9413148390638962,-0.31344122701560856,-1.2547560660795047,-0.9530012780979569,-3.4464397783781133,3.8343410798537123,1,0.21115092169659447,47.07469630089517,11.79493944187287,82.6285078025519,56.338055876251104,26.29045192630079,6.076319316649317,4.513040508848704,2.9497736430434665,6.238532110040317,-13.445378151255017,0.21115092169659447,0.14343572029431043,10.912090263520525,-0.6966776496960136,0.5914621732871778,0.023109716466281273,0.0011934911784816406,1.154129158916604,0.25174569654736345,50.11830021191873,-1.690796719330315,-13.852024681364004,0.09146217328717776,-0.6966776496960136,-0.16738587894195978,0.8924301274739187,86.0,8.602964581583272e-05,6.882371665262177e-05,0.0004129422999166188,0.0004043393353350133,0.0003699274770085914,0.00048176601656924056,1.0
1780432500,EURUSD,bearish_exhaustion,1.6256087212649284,0.862908739028858,-2.5260029582030503,1.1081398453727553,0.0543032489384804,-1.0538365964342749,-0.7626999822360705,-3.3889116972319084,4.0276497358838865,1,0.3261199209632989,49.810892472636425,2.7361961717412555,89.54811033191517,75.63003001988308,13.918080312032089,21.5283001819176,15.451980865268283,10.93894035641958,52.574596162972696,-8.130081300811687,0.3261199209632989,0.11560573172975258,10.191299708187731,-0.720790555332794,0.6962867689725976,0.023177621386736028,6.790492045475466e-05,1.0758139640833575,0.5628796078525312,47.99785251767918,-2.1204476942395516,-9.907678932814683,0.19628676897259756,-0.720790555332794,-0.07831519483324656,0.7195061874426949,66.66666666666666,-1.720444907060692e-05,0.0003268845323400882,0.0003182823078047292,0.0002838734096637374,0.0003957023286220718,0.0004989290230454912,1.0
1780432800,EURUSD,bearish_exhaustion,1.4567725452833526,0.8671265150506945,-2.558215914179457,0.9084281516530227,-0.019157667638376442,-0.9275858192913992,-0.589646030232658,-3.4253424292301515,3.831111391524795,1,0.40427129250306665,49.26234573183723,-0.5485467407991962,91.35936895083204,87.84532902843303,3.5140399223990073,45.00922035275527,23.48092017083767,8.028939305569388,71.22487623478374,-9.756097560984855,0.40427129250306665,0.06563354513128264,9.67914107925091,-0.5121586289368221,0.7000082968126711,0.02232123901914915,-0.0008563823675868769,1.0786604988347261,0.4590828261897621,46.02886537302816,-1.9689871446510168,-9.553121014185528,0.20000829681267107,-0.5121586289368221,0.0028465347513686456,0.7444419274612633,70.0,0.00034409490137399246,0.000335492528839465,0.0003010830387022434,0.0004129138816486577,0.0005161423520607666,0.0006193708224728756,1.0
1780397400,GBPAUD,bearish_exhaustion,0.5763213121591619,-0.3888321673382498,-4.299874200140491,0.03629692181755442,-1.3444250715580894,-1.3807219933756438,-0.9651534794974118,-3.911042032802241,1.6946063197903014,1,0.21770764136845586,39.37404324655267,-1.4443218805945577,79.0691413871598,62.19266611433966,16.876475272820144,2.724224140184226,2.724223639557246,2.7242241053010843,-23.431132844352703,-55.23809523809786,0.21770764136845586,0.05972653571297381,12.804854854754216,-0.4361146465372894,0.4123445787445306,0.028869549290793273,-0.0007007481658144257,1.1181356211655007,-0.7333826627881307,51.96817035321968,-2.19576562865371,-9.745335371422069,0.08765542125546938,-0.4361146465372894,0.00049584646446732,,,-1.5998208200640462e-05,0.00022397491480941056,0.0002346403869433189,0.0004319516214184027,0.00042661888535144854,0.000575935495224611,1.0
1780397700,GBPAUD,bearish_exhaustion,0.46871550098205006,-0.40202833620815875,-4.306466566341019,-0.016686655217586978,-1.3369616432244704,-1.3202749880068836,-0.8707438371902088,-3.90443823013286,1.60335759731044,1,0.26278862760029637,39.05513596109371,-0.3189072854589554,84.56495978620414,76.44155921185457,8.123400574349574,9.188128258482477,6.463904118298251,3.739680478741005,-20.683171419612787,-51.85185185185228,0.26278862760029637,0.03822583724584126,12.732272824783857,-0.07258202997035923,0.4116341027064563,0.02798870652541749,-0.0008808427653757833,1.160842626794558,-0.7361466260417675,49.92924512661266,-2.03892522660702,-9.334181241699323,0.08836589729354372,-0.07258202997035923,0.04270700562905727,,,0.00023997696221145226,0.0002506426049766475,0.0004479569961284291,0.00044262417474572047,0.0005919431734553449,0.0005972759948378314,1.0
1780398000,GBPAUD,bearish_exhaustion,1.1954832020061537,0.4749826624074116,-3.2619882883193037,0.7051250459729475,-0.4401294642997084,-1.145254510272656,-0.7205005395987419,-3.736970950726715,2.355921257766028,1,0.33911484554420857,46.10640842208296,7.051272460989246,85.0497870299809,82.89462940111495,2.1551576288659504,20.507680846842106,11.31955258835963,4.855648470061379,10.185858853082342,-23.163841807913077,0.33911484554420857,0.0786361995715673,12.565906667311891,-0.16636615747196615,0.6067223124439024,0.028230141915376622,0.0002414353899591326,1.1290330320247537,0.10874683714286208,47.320893863928134,-2.608351262684529,-5.353666413587437,0.1067223124439024,-0.16636615747196615,-0.03180959476980427,,,1.0663083870543488e-05,0.0002079301354744878,0.00020259859353921605,0.00035188176772615876,0.0003572133096614305,0.00017060934192780763,1.0
1780400100,GBPAUD,bearish_exhaustion,-0.23323560640604915,0.6158576549295511,-2.2945757509509885,-0.16249216872525143,-0.4694285318303929,-0.3069363631051415,0.8490932613356003,-2.9104334058805397,0.21832388249750212,1,0.38817744150567307,45.7467409687956,-4.068055866875206,40.22563017803811,62.53087548656208,-22.305245308523972,97.51486717085976,1.952533090352759,-1.4199333515652768,59.34212646447688,-37.77777777778085,0.38817744150567307,-0.08903410850767565,11.637983005755025,-0.11395584554945515,0.646389758800032,0.02765884791500647,-0.0006879875452774561,1.0681816216367,-0.2108935125197645,31.481171491339932,-2.2971501769304403,-0.6208961535634892,0.14638975880003202,-0.11395584554945515,0.025990677488466174,,,-0.00017060570356186577,-0.00017593713179819837,-0.0002559085553429652,-0.00021858855768874808,-0.0002825656965244061,-1.5994284708886752e-05,0.0
1780400400,GBPAUD,bearish_exhaustion,-0.8817520325483109,-0.0029068748325522605,-2.7762592567649724,-0.6629597826608825,-1.011187316201722,-0.3482275335408395,0.8788451577157587,-2.7733523819324204,-2.267362369409266,0,0.2804948002900063,41.568709406448086,-4.178031562347513,16.691104594331538,41.92695420099679,-25.23584960666525,98.624283650733,1.1094164798732464,-0.8431166104795125,7.944804515896378,-51.99999999999842,0.2804948002900063,-0.10976685707827515,11.637546790699151,-0.0004362150558741007,0.4993126987421361,0.027515828530812383,-0.00014301938419408744,1.0746228417554842,-0.7529058948518438,30.42826399626444,-1.052907495075491,-7.085504762035164,0.0006873012578639259,-0.0004362150558741007,0.00644122011878423,,,-5.332337963626088e-06,-8.531740741735128e-05,-4.7991041672301726e-05,-0.00011197909723525967,0.0001546378009438243,0.0003092756018876486,0.0
1780400700,GBPAUD,bearish_exhaustion,-0.9381135942502822,-0.07313775422972774,-2.657923505703314,-0.5810650775436728,-0.9603455715708843,-0.37928049402721153,0.8649758400205544,-2.5847857514735866,-2.249912354109364,0,0.20277795256400516,41.44133563576165,-0.1273737706864395,7.3232323232355085,21.41332236520172,-14.09009004196621,99.24556685801807,0.6212832072850603,-0.4881332725881862,9.728696067875932,-63.10160427807138,0.20277795256400516,-0.07951503833264066,11.344537743641206,-0.2930090470579447,0.48237391897686427,0.02734070002766599,-0.0001751285031463927,1.0554225078560378,-0.7032135332527155,29.306262785539786,-1.1220012107246546,-5.925026310780208,0.01762608102313573,-0.2930090470579447,-0.01920033389944642,,,-7.998549596344162e-05,-4.26589311804948e-05,-0.00010664732795118148,0.00015997099192688324,0.00031460961745599647,0.0002239593886974589,0.0
1780401000,GBPAUD,bearish_exhaustion,-1.161472015940309,-0.3897955487907992,-2.820378554549404,-0.7499464531507933,-1.1769330739599213,-0.426986620809128,0.7716764671495098,-2.430583005758605,-2.5281862282506418,0,0.13081830698735938,39.48680963168861,-1.9545260040730383,12.769855416914297,12.261397444827116,0.5084579720871805,99.58949594533482,0.3439290873167522,-0.27735411996830805,-34.23557038682583,-71.89189189189838,0.13081830698735938,-0.07490383140294007,11.234517128335597,-0.11002061530560958,0.4064979970374144,0.02695157020539949,-0.0003891298222664999,1.065047929850422,-0.9140106656141316,28.91352259288562,-0.39274019265416626,-10.104338319305306,0.0935020029625856,-0.11002061530560958,0.00962542199438432,,,3.7329550605536e-05,-2.6663964718176558e-05,0.00023997568246425516,0.0003946266778300789,0.0003039691977879677,0.00023464288952057544,0.0
1780401300,GBPAUD,bearish_exhaustion,-0.957352473537438,-0.2894088544474506,-2.551604709802394,-0.5236930326614744,-0.9732525522433831,-0.44955951958190876,0.6679436190899875,-2.262195855354943,-2.2964820522432463,0,0.09204776731685586,40.88792966738432,1.4011200356957119,18.858519838906076,12.983869193018627,5.874650645887449,99.77810423083031,0.1886082854954907,-0.1553208018212615,-27.09447415331811,-79.74683544304474,0.09204776731685586,-0.04036865267872223,11.012004923220879,-0.22251220511471814,0.43003086636734356,0.026625302020406645,-0.00032626818499284505,1.0599423383502036,-0.7102185654434429,28.332268884663957,-0.5812537082216629,-8.49580560953138,0.06996913363265644,-0.22251220511471814,-0.005105591500218498,,,-6.399112656374495e-05,0.00020263856745206255,0.0003572837899812331,0.0002666296940159185,0.00019730597357159319,6.932372044410329e-05,1.0
1780423200,GBPAUD,bearish_exhaustion,0.07498324776739303,-0.5947534879709754,-2.0006893836051485,-0.29462739915117164,-0.8695059909059385,-0.5748785917547669,-0.6697367357383684,-1.405935895634173,-1.2099569526059228,0,0.05406836469658294,44.46398891487145,-5.329818255655574,71.39802414299167,69.62876256204237,1.7692615809493049,1.3474572561256433,1.3451894386325514,1.3471582335155694,-30.77905928786369,-55.905511811018116,0.05406836469658294,0.002474770070539546,13.837159825063022,-0.9356333486120594,0.3655381396922348,0.03128887052664865,0.0002273261652607772,1.1302333545041747,-0.6496349403350457,29.057242355119097,-0.7078315735342926,-9.63956931482118,0.1344618603077652,-0.9356333486120594,-0.09205874168902595,,,-6.398566721066423e-05,0.00029859978031576695,0.000154632029092161,0.00028793550244743393,0.00038924614219748577,0.0005118853376842036,1.0
1780423500,GBPAUD,bearish_exhaustion,-0.1694619270699799,-0.6831991375561681,-2.2832764910495054,-0.4420765774638475,-1.0409259099973738,-0.5988493325335262,-0.5137372104861881,-1.6000773534933372,-1.4805620996649105,0,0.047593433187421555,43.373148411530515,-1.0908405033409352,46.44155057540909,64.37283570325684,-17.93128512784775,1.744427366929266,0.39697011080362277,-0.9482193278289288,-65.18088841397824,-65.35433070866459,0.047593433187421555,-0.009001845036023167,12.551340675722038,-1.285819149340984,0.3373143622671445,0.029893771523037262,-0.0013950990036113893,1.0925477739331777,-0.8089052244111594,28.637046023075268,-0.42019633204382956,-11.4079994161992,0.1626856377328555,-1.285819149340984,-0.037685580570997024,,,0.0003626086492827252,0.00021863168559699275,0.0003519436890098149,0.000453260811603462,0.0005759078547431518,0.0006452300965178459,1.0
1780440000,GBPAUD,bearish_exhaustion,-0.2724216305447665,-1.3005935909908128,-2.575702577838434,-0.6291802047732618,-1.408995693384427,-0.7798154886111651,-1.0281719604460464,-1.2751089868476213,-0.8348404807042216,0,-0.07692962976689119,39.95596069309912,-3.9666383357517034,52.80112044818319,39.474503251589425,13.326617196593766,0.2189964291795452,0.1664879728508309,0.21192275306311353,-76.38594008013975,-81.01265822783779,-0.07692962976689119,0.017555662044369952,5.47638446418775,-0.04766089117219252,0.21181126024912914,0.012136623378030705,-7.110742332918155e-05,1.2116978331683739,-1.1203566617566962,24.457724453065815,0.5668358928845336,-12.930230210185428,0.2881887397508709,-0.04766089117219252,-0.009341291069945301,0.7587851302796825,70.66666666666667,-5.865978391872417e-05,3.1996245773768806e-05,,,,,1.0
1780384800,GBPCAD,bullish_exhaustion,-0.4525372296409668,0.991514154832334,3.2430139895002132,0.09776668523368233,1.3115855611371345,1.2138188759034523,1.4440513844733007,2.251499834667879,-1.779640790727597,0,-0.010169935799659914,63.29005671014719,0.6771025703509608,35.86027499068925,55.63532954836728,-19.775054557678033,99.71794442934564,-0.28204615772331465,-0.28205481500414464,41.678285278783235,-37.23404255320154,-0.010169935799659914,-0.08460859998924723,6.895129755011187,-0.2996395730345416,0.6517557978504828,0.01055220879454644,-0.00027527766637990177,1.6181982696966353,0.8345160036202769,35.710386163408415,-1.058437422585385,9.109963282682287,0.15175579785048277,-0.2996395730345416,-0.007929369090031946,,,6.438562698196648e-05,0.00013950219179403867,0.00015559859853953029,0.00014486766070920254,2.1461875660655494e-05,1.0730937830327747e-05,0.0
1780385100,GBPCAD,bullish_exhaustion,0.06326703185147288,1.3480744479072486,3.6033007986678496,0.5733357006310745,1.7031092574182742,1.1297735567871996,1.2848074160557756,2.255226350760601,-1.0745662025196707,0,-0.03339184903915861,67.13589528481191,3.845838574664718,32.17982845311216,41.103438774236764,-8.923610321124606,99.07834475983904,-0.6395996695065946,-0.3575535117832942,52.35294117642543,-27.05882352940562,-0.03339184903915861,-0.0236579236732057,6.678310591081725,-0.2168191639294621,0.7225652845914398,0.011024162692202232,0.00047195389765579236,1.476962398018561,1.2510519225293757,35.37737849683874,-0.33300766656967795,12.963277227867795,0.22256528459143976,-0.2168191639294621,-0.14123587167807417,,,7.511172869634208e-05,9.120709913146285e-05,8.047685217471567e-05,-4.292098782654463e-05,-5.365123478318079e-05,-0.00013412808695800749,0.0
1780390500,GBPCAD,bullish_exhaustion,-0.16124980277073397,1.1938143292906924,3.1135356654422504,0.47209622049453437,1.4051702938017925,0.9330740733072581,1.3550641320614265,1.919721336151558,-1.778274140738975,0,-0.050592938066559505,60.16462398230667,4.703833124155082,30.96899103074254,22.130242574741203,8.838748456001337,96.79575278589651,-1.4231369529974955,-1.5762405145071199,36.459046315272204,-34.3915343915334,-0.050592938066559505,-0.01392971253447033,11.448837964709107,-0.24537942567970283,0.6976973130911889,0.018955144565211836,0.0006839922976940929,1.3866462346641597,1.017997435712736,34.71076333415433,-1.6188827784132513,5.841190838017159,0.19769731309118888,-0.24537942567970283,-0.08718813700635186,,,-2.1449216299318508e-05,-0.00032710054856366355,-0.00043970893413480816,-0.00043970893413480816,-0.0004718827585836749,-0.00019304294669342248,1.0
1780390800,GBPCAD,bullish_exhaustion,-0.28751706626305673,0.9183797553435089,2.8427900998241546,0.2996894124563453,1.1804430505120753,0.8807536380557299,1.2058968216065657,1.9244103444806455,-1.7403324278037138,0,-0.07189476723694362,59.235364193641544,-0.9292597886651279,44.65469440716646,30.87629703770662,13.778397369459839,95.24622303730877,-1.5495297485877444,-0.12639279559024885,44.01772173057155,-36.50793650793744,-0.07189476723694362,-0.021972768148931832,11.070464136847352,-0.3783738278617541,0.6593923405582306,0.019210308936213047,0.0002551643710012111,1.328719343802237,0.8078077411098424,33.53454261419487,-1.1762207199594599,7.5452976802739435,0.1593923405582306,-0.3783738278617541,-0.0579268908619226,,,-0.00030565788838654573,-0.00041826868937111517,-0.00041826868937111517,-0.0004504432039381667,-0.00017159741102412696,-0.00020913434468550207,1.0
1780415700,GBPCAD,bearish_exhaustion,-0.4111365056442502,-1.6032766384895214,-2.9794937977234977,-0.710808785399622,-1.5823894264220857,-0.8715806410224637,-1.1921401328452712,-1.3762171592339765,1.5641875237476262,1,-0.08514130464897102,40.20810865964176,-5.835254995285936,67.97391320993566,53.25146158064172,14.722451629293943,0.41416011090810245,0.4093389430426655,0.4135412573134962,-72.08002353639836,-65.33333333333698,-0.08514130464897102,0.018638519294374493,20.32129809745307,0.23052485204817685,0.22818064740871608,0.034471748648124856,0.0004588143234237965,1.3781651016761913,-1.262078567598454,31.89034742095035,-0.45669125924337806,-11.107465487610888,0.2718193525912839,0.23052485204817685,0.0015467162602542661,,,0.00020399946315929895,0.00019863105623407762,0.0004616829955710333,0.000504630250973026,0.0005690511340759041,0.0006119983894778969,1.0
1780427400,GBPCHF,bullish_exhaustion,0.02351149663997506,1.4577127916366888,2.4851651947735807,0.5790976016991457,1.4679150862241805,0.8888174845250347,1.4342012949967138,1.0274524031368917,-0.8205198840490325,0,-0.00808495088904196,60.49198338015442,3.679164809698669,41.264310602309294,28.472175510506748,12.792135091802546,89.42276057931556,-4.39506535379499,-3.311683699993523,55.36272127732498,-20.68965517239927,-0.00808495088904196,-0.010121496139905428,16.484145306145038,-0.045200920858217586,0.7129501734943325,0.02407243617290603,-0.0004769958237975831,1.805008191458301,1.1011498566082645,26.716931122079387,-0.48829594286035416,8.34583380958395,0.21295017349433254,-0.045200920858217586,0.0372922903063968,0.6580071571175858,62.0,2.8298950109029164e-05,-8.489685032697647e-05,7.546386695711504e-05,7.546386695711504e-05,0.00018865966739300966,0.0002735565177198751,1.0
1780427700,GBPCHF,bullish_exhaustion,0.10715725593031417,1.4128882633659867,2.5106548185544906,0.5970297036820819,1.4868384097391458,0.889808706057064,1.3057310074356725,1.0977665551885039,-0.6326894593175625,0,-0.014867801616531612,61.121433958174165,0.6294505780197426,57.13732647532337,38.96724001254813,18.170086462775238,83.50620688007871,-5.916553699236857,-1.521488345441881,66.1619138293411,-22.826086956507048,-0.014867801616531612,-0.006679267160055586,16.15820307821139,-0.32594222793364835,0.7078928616583271,0.023767251363457167,-0.0003051848094488621,1.7930723769976045,1.1167668851667545,26.760011288238264,0.043080166158876665,11.534293679139058,0.2078928616583271,-0.32594222793364835,-0.01193581446069647,0.5797521055234808,58.666666666666664,-0.0001131925972042147,4.716358216838579e-05,4.716358216838579e-05,0.0001603561793726005,0.0002452506272756505,0.00025468334370937207,0.0
1780428300,GBPCHF,bullish_exhaustion,0.3839751047482793,1.2213676204215118,2.5432223427263514,0.6765895514008041,1.5347325858781513,0.8581430344773473,0.8373925156732327,1.3218547223048396,-0.2934144966889413,0,-0.04667416212097275,61.01575614661364,3.819748246165183,70.63492063491056,64.2064413841464,6.4284792507641555,54.95660609123141,-18.851799381189124,-9.153997973530963,60.90297790585462,-24.999999999991328,-0.04667416212097275,0.011906215733382398,13.436032873525086,-1.469873995587438,0.7099611419608709,0.02309091180622624,-0.00032886060951787394,1.538596229112774,1.1679392432029307,26.5054898857497,-0.10142787955471277,9.715180653393373,0.2099611419608709,-1.469873995587438,-0.1428795426920797,0.3089135432731757,42.0,0.0,0.00011318725888775916,0.00019807770305324546,0.0002075099746272624,4.716135786986264e-05,5.6593629443657534e-05,0.0
1780428600,GBPCHF,bullish_exhaustion,0.4439793242553101,1.0240843847214793,2.4980119715664286,0.5870245795825024,1.457104251747006,0.8700796721645038,0.5801050604661692,1.4739275868449493,-0.22683522437561024,0,-0.04615600064206675,61.01575614661364,0.0,73.36309523807326,69.6150309717297,3.7480642663435617,36.504504723126274,-18.452101368105133,0.39969801308399155,63.634895364648166,-30.188679245275907,-0.04615600064206675,0.001702401762968512,11.751231905461987,-1.684800968063099,0.6962962174936764,0.022519534857091166,-0.0005713769491350745,1.388576295804502,1.0835182334098519,26.45448680139568,-0.05100308435401857,9.54930803183447,0.19629621749367643,-1.684800968063099,-0.1500199333082719,0.08032265303630537,12.666666666666668,0.00011318725888775916,0.00019807770305324546,0.0002075099746272624,4.716135786986264e-05,5.6593629443657534e-05,7.545817259169141e-05,0.0
1780428900,GBPCHF,bullish_exhaustion,0.8898983454961151,1.324253490321062,2.9154764842915233,0.932819601795242,1.8358407904426834,0.9030211886474415,0.4343551448249471,1.5912229939704612,2.0764294728242687,1,-0.019168853093232446,63.66986749073718,2.6541113441235424,84.68306182120226,76.22702589806202,8.456035923140234,22.765353200318422,-13.739151522807852,4.712949845297281,101.0696354508064,-12.5,-0.019168853093232446,0.027528514000705714,10.54506802864182,-1.2061638768201668,0.7795733657338842,0.022255944931322862,-0.00026358992576830387,1.2597356814164646,1.451907820731103,27.054942211922405,0.6004554105267239,13.814202876839685,0.27957336573388425,-1.2061638768201668,-0.1288406143880374,0.08046909113478184,13.333333333333334,8.488083673641178e-05,9.4312040818334e-05,-6.601842857278939e-05,-5.6587224491089216e-05,-3.7724816327355803e-05,-3.7724816327355803e-05,0.0
1780386600,GBPJPY,bullish_exhaustion,-0.41333831446870706,0.5032776699319262,4.0300485660601035,-0.011451549637875199,1.2699976826939146,1.2814492323317899,0.9166159844006332,3.526770896128178,-1.8271084382135234,0,-0.17309089458761456,60.76203562123479,2.591825930367051,29.43095551789771,48.979791008771194,-19.548835490873483,97.03752559047152,-2.9624744095284825,-2.9624744095284825,17.91940322701662,-62.02531645569847,-0.17309089458761456,-0.060409190902978166,6.252331993089766,-0.9684301645159019,0.5978090208382104,0.012150292206055086,-0.00021986017644018765,1.277255567776728,0.7146486329996404,50.559943771642416,-2.0292323114474797,10.177442772009549,0.09780902083821041,-0.9684301645159019,-0.15948864040298627,,,-0.00011625419677652182,0.000139505036131915,0.00032086158310318247,0.0006649740055615361,0.0007300763557565038,0.0008742315597594086,0.0
1780386900,GBPJPY,bullish_exhaustion,-1.2401206290973672,-0.5676080825010903,2.8676384577325016,-0.8020331237317397,0.28388766374561886,1.0859207874773587,0.672512546596277,3.435246540233592,-2.6237505650725117,0,-0.2703840159455126,52.76069662034577,-8.001339000889018,11.249137336079533,28.735596126890925,-17.48645879081139,91.18808655707666,-5.849439033394859,-2.886964623866376,-10.018480692452746,-93.67088607595574,-0.2703840159455126,-0.10093921342879927,5.335841426104688,-0.916490566985078,0.3679622112565344,0.012413183759016632,0.0002628915529615458,1.0591187389279677,-0.21447576569343796,48.9963873564207,-1.5635564152217185,11.659932710002366,0.1320377887434656,-0.916490566985078,-0.2181368288487604,,,0.0002557889694494442,0.0004371666023319509,0.0007813190339549525,0.000846428953451106,0.000990600918050033,0.0011533757167905279,0.0
1780390500,GBPJPY,bullish_exhaustion,0.20726687355285006,2.217300015421695,4.918830111251061,0.9442879117215806,2.452203341842423,1.5079154301208428,2.0100331418688446,2.701530095829366,1.5629227730951363,1,0.06407031568489718,65.79863701677601,5.777433132961974,28.56352588628212,32.6116917084266,-4.048165822144476,98.87014410006518,-0.4222323160030328,-0.9879642154499777,61.272841839963924,-22.18430034129567,0.06407031568489718,-0.04050513504643272,17.29055730852132,-0.030956587373726308,0.7616870811745096,0.020397190562431316,0.0007846019217633803,1.9416122629834294,1.8585752324127836,55.47832596823582,-1.5882114824844535,16.356085343152422,0.26168708117450956,-0.030956587373726308,-0.08862611116900343,,,2.322891163264451e-05,-0.00018583129306060098,-0.00028803850424385935,-0.0004831613619574737,-0.0005296191852227627,-0.00036701680379469526,1.0
1780391400,GBPJPY,bullish_exhaustion,-1.189137966193586,0.27201799769324875,2.856941594729712,-0.48787795584759736,0.6555354073214426,1.14341336316904,1.4611559638868348,2.5849235970364632,-2.673732635019983,0,-0.16765154024179496,54.9366184036028,-3.4451006069314616,34.97097657613309,38.73738951038246,-3.7664129342493666,97.98831061050123,-1.3412033605305993,-1.6236673355143125,12.50856751204297,-53.58649789028858,-0.16765154024179496,-0.09923503040627238,16.343533777357326,-0.40853825887373674,0.5359711283325465,0.021611099112381488,-0.00023027590365668968,1.7477370845101126,0.15907154067167673,49.478137261137576,-2.4611095862439427,7.555868642948123,0.035971128332546454,-0.40853825887373674,-0.003781612153999303,,,-0.00019517907680299817,-0.00024165028556566437,-7.900105489655473e-05,2.3235604381222075e-05,3.2529846133666496e-05,0.00016729635154533185,1.0
1780392300,GBPJPY,bullish_exhaustion,-0.7143112863372117,-0.36639242704338193,2.0435871168882307,-0.34349152898725954,0.3015953463890147,0.6450868753762742,0.3479188592938298,2.4099795439316125,-2.296465765900665,0,-0.3575563818347702,52.50284792388178,4.832566179155542,19.19156866525041,15.859251474459299,3.3323171907911124,50.635831935898196,-23.02498394669429,-4.585864042509613,-37.401226037362655,-67.92452830189286,-0.3575563818347702,0.0028084624773387847,13.97822174212854,-1.307187581810057,0.4406571297039767,0.022641751100961893,0.0010790621341003684,1.436281665191829,-0.044070018760230076,40.46042696837081,-2.514775799441985,-3.2683142039472663,0.05934287029602331,-1.307187581810057,-0.2283919073146794,,,0.00010224473671982537,0.0001115397127853246,0.00024631686573428624,5.1122368359912684e-05,-0.00012083468885060178,-0.00016730956917787587,0.0
1780392600,GBPJPY,bullish_exhaustion,-0.15320922415995128,-0.06434787414618091,2.3630990734446073,0.09101823719632285,0.6940415541414715,0.6030233169451487,0.08886135001377038,2.4274469475907883,-1.4685987856352614,0,-0.31585501896683493,55.297335259929,2.7944873360472187,44.47205961223947,24.815910464140945,19.656149148098525,32.220627965250074,-18.415203970648122,4.60977997604617,-15.329171108036844,-57.547169811316955,-0.31585501896683493,0.03998920080980896,12.601811963909572,-1.3764097782189673,0.48838430821975465,0.022748367105097127,0.00010661600413523417,1.2957797255188026,0.36693047464802675,37.58783734888886,-2.87258961948195,-0.10205978240628255,0.011615691780245352,-1.3764097782189673,-0.1405019396730265,,,9.294025800077321e-06,0.00014405739990341893,-5.111714190120242e-05,-0.00022305661920518638,-0.00026952674820635014,-0.0002927618127068765,0.0
1780392900,GBPJPY,bullish_exhaustion,0.022567916464508876,-0.20105961941505482,2.293310638590007,0.11206854734371968,0.6834048470784434,0.5713362997347238,-0.2236275358795637,2.4943702580050617,-1.1017788828838266,0,-0.28121440495821803,55.55335037308387,0.2560151131548736,69.46788250279792,44.37717026009593,25.09071224270199,19.561669981275525,-12.658957983974549,5.756245986673573,-11.512524084831428,-56.60377358491072,-0.28121440495821803,0.0360073129905819,10.189288414624496,-2.4125235492850763,0.4553077432981162,0.022650148896558076,-9.821820853905122e-05,1.0605669496141472,0.37054591811248916,35.26777632798828,-2.3200610209005816,2.102993816492152,0.044692256701883815,-2.4125235492850763,-0.2352127759046554,,,0.00013476212162055745,-6.041060624351058e-05,-0.00023234848555253595,-0.00027881818266306535,-0.00030205303121833005,-0.00032528787977359475,1.0
1780391400,GBPUSD,bullish_exhaustion,-1.0951100242378924,0.3166939799817126,2.4968508552598707,-0.42951236497501,0.5867307788425036,1.0162431438175137,1.411804004219605,2.180156875278158,-2.400954734219737,0,-0.1341015425895162,54.82521112228503,-2.558369443092012,34.40860215052776,39.01320675513788,-4.604604604610117,98.75671074527497,-1.0977502331678295,-1.2206003908631118,20.933301343592774,-49.40476190476466,-0.1341015425895162,-0.09150623392829091,18.622037324013025,-0.4239560793302424,0.5426498095660067,0.02507667721081485,-0.0004995626954161191,1.7434969108506428,0.15497576107934458,38.48984092120607,-1.2147756612925846,8.444640350208532,0.042649809566006724,-0.4239560793302424,0.01881280885575154,,,-0.00019297425278141933,-0.00021524051271770706,-7.422086645436643e-05,0.0,-1.4844173290784468e-05,0.00012617547297244514,1.0
1780392600,GBPUSD,bullish_exhaustion,-0.2675526779911542,-0.12955182302732862,2.0041103753524574,-0.014633885117087488,0.5246108783078018,0.5392447634248893,0.13800085496382558,2.133662198379786,-1.6297493654899653,0,-0.27735124254283144,54.67868478640665,2.0189465656882604,43.77113852278945,25.3009088168333,18.47022970595615,37.134919658692844,-20.260760893195467,3.38660212769809,-18.560474032726358,-58.0419580419639,-0.27735124254283144,0.024708233986238348,14.401080140958463,-1.7134861048482293,0.47629314424620284,0.026353622643976653,0.0001403857084328712,1.2914577109823848,0.23840899652832,29.963122448410882,-2.0055614485628084,-1.4865484527700588,0.023706855753797162,-1.7134861048482293,-0.15548092917466305,,,-1.4844173290784468e-05,0.00012617547297244514,2.968834658179098e-05,-0.00014101964626334063,-0.00011875338632694188,3.711043322729424e-05,0.0
1780401000,USDCAD,bullish_exhaustion,0.40203979448929017,1.5013673575422815,3.591555497434125,0.8907883872078434,1.8985029481746563,1.0077145609668128,1.0993275630529913,2.090188139891844,-0.9509393653740271,0,-0.015448484047913075,64.55790246936883,7.459252155706224,34.649122807011395,24.6449456975746,10.004177109436796,99.68189468314162,-0.318030969967964,-0.31809950974812295,71.11599601061687,-28.888888888901498,-0.015448484047913075,0.013943410104663274,9.215754344840331,-0.48823513247019434,0.7809122931682679,0.017238610181051946,0.000614032417712608,1.325390248190299,1.5128966063532765,37.75815972681711,0.21974254716075592,18.342184818443627,0.28091229316826793,-0.48823513247019434,-0.1442986744321224,,,-7.941320858240175e-05,-5.0535678188801114e-05,-9.385197377920207e-05,-0.0001227295041728027,5.0535678188801114e-05,-3.6096912991889774e-05,1.0
1780415700,USDCAD,bearish_exhaustion,0.3314357046429842,-0.6930019278900788,-2.4281180592271325,-0.0910431397273417,-0.885147174736643,-0.7941040350093013,-1.024437632533063,-1.7351161313370536,3.0247023275845932,1,0.05969429312074765,44.37149127827854,-7.316021519383739,80.47338437340404,66.74599275272003,13.727391620684017,2.5554303345930425,2.5554303345930425,2.5554303345930425,-16.561108741053303,-43.0147058823563,0.05969429312074765,0.03933490256645682,18.56845419492951,-0.13260725249284988,0.3656934656406379,0.03599538070835169,0.0013070713815181642,1.1573403473454758,-0.5642939124256161,27.99639980475581,-1.8087100428224758,-2.3446633489521425,0.13430653435936207,-0.13260725249284988,-0.05066168088230261,,,0.00040490220888633743,0.00032536784642633876,0.00041936300206057986,0.00046997577817142755,0.0008676475904703107,0.0007085788655509795,1.0
1780392000,USDCHF,bearish_exhaustion,0.9270656119538749,-0.928912356200643,-3.234757222905932,0.1482518592934393,-1.1451176792969702,-1.2933695385904096,-1.8559779681545179,-2.3058448667052893,2.2072287239187673,1,0.08059733373364382,40.590439467277946,2.616634479836975,87.8147722923792,73.80150529404102,14.013266998338182,0.16655708811524675,0.10420384092001728,0.158356654779864,-34.60794759482037,-52.34375000000223,0.08059733373364382,0.09841496441844144,32.24054085194708,-1.7472364570879577,0.400664433236583,0.034488274280396254,-0.000304821279117809,2.212547105512566,-0.6257339605175112,47.763276353245054,-1.2428851526823337,-13.377632463249608,0.09933556676341698,-1.7472364570879577,-0.07908467506248984,,,0.0002420258840314382,0.0003057169061448928,0.0003057169061448928,0.00019107306634058574,0.0002929787017222907,0.00022928767960883611,1.0
1780392300,USDCHF,bearish_exhaustion,1.3493249658280724,0.0018136088252915857,-2.3910618749309087,0.7063380810578404,-0.4031480737058588,-1.1094861547636992,-1.3475113570027808,-2.3928754837562,2.7584845140121206,1,0.19186252664848907,46.37636051984564,5.785921052567694,85.9566093582661,83.70726966702341,2.249339691242696,1.3321351757041449,1.1655780875888981,1.0613742466688807,-6.3697851604174,-21.56862745097975,0.19186252664848907,0.112711319881414,29.153592294920248,-3.086948557026833,0.5002184144268675,0.03510989254595745,0.0006216182655611954,1.9635314258153735,0.06755377332505663,45.351969426076174,-2.41130692716888,-6.240202126728796,0.00021841442686754142,-3.086948557026833,-0.24901567969719252,,,6.36756109675396e-05,6.36756109675396e-05,-5.094048877385404e-05,5.094048877407609e-05,-1.273512219346351e-05,-0.0003183780548373649,1.0
1780392600,USDCHF,bearish_exhaustion,1.3407281364570973,0.39029282678544963,-2.109749558123712,0.7483559974960992,-0.20460012903324395,-0.9529561265293431,-0.9504353096716476,-2.5000423849091615,2.7380712830508647,1,0.27486937809257855,47.81664812100408,1.4402876011584382,86.06772046937652,86.61303404000728,-0.5453135706307535,6.130898059009737,4.798762883305592,3.633184795716694,11.549310766939689,-11.458333333338153,0.27486937809257855,0.08371539261725017,25.58882652224846,-3.5647657726717874,0.5537537270358495,0.03523778888787706,0.00012789634191961302,1.7241821053411956,0.22437681152554675,42.913911284554125,-2.438058141522049,-4.7405539228981155,0.05375372703584946,-3.5647657726717874,-0.2393493204741779,,,0.0,-0.00011460880195590661,-1.2734311328421732e-05,-7.640586797064142e-05,-0.0003820293398532071,-0.0007513243683781035,0.0
1780392900,USDCHF,bearish_exhaustion,1.2263148733347957,0.5713098964800062,-2.0348821280988694,0.6376213598893116,-0.19076005043846997,-0.8283814103277816,-0.6550049768547894,-2.606192024578876,2.504495008664456,1,0.32637600595583277,47.81664812100407,-7.105427357601002e-15,83.93670886075404,85.32034622946556,-1.3836373687115184,16.331366978041753,10.200468919032016,5.4017060357264235,24.59474566797581,-11.458333333338153,0.32637600595583277,0.049597958889878925,22.28278962054662,-3.306036901701841,0.5897413074104233,0.03499478813310762,-0.00024300075476944155,1.522928043211157,0.20441725837812547,40.6500001531408,-2.263911131413323,-4.432509635938693,0.0897413074104233,-3.306036901701841,-0.2012540621300387,,,-0.00011460880195590661,-1.2734311328421732e-05,-7.640586797064142e-05,-0.0003820293398532071,-0.0007513243683781035,-0.0006749185004075731,0.0
1780393200,USDCHF,bearish_exhaustion,0.7328502068222797,0.43674911315752984,-2.3044067614537225,0.2669042304676252,-0.48809458829352237,-0.7549988187611476,-0.29610109366474985,-2.7411558746112523,1.9779283069522333,1,0.3356348450855463,45.27789187245704,-2.538756248547031,75.9281045751603,81.97751130176363,-6.049406726603323,36.33488796760352,20.003520989561768,9.803052070529748,25.387661448502676,-20.833333333329477,0.3356348450855463,0.0036668976956628937,18.358959621214176,-3.923829999332444,0.5818699362771445,0.03440925071158137,-0.0005855374215262485,1.28932420544965,-0.11327085472682226,38.72256166759248,-1.927438485548322,-5.2439252385976225,0.08186993627714445,-3.923829999332444,-0.23360383776150684,,,0.00010188616767914382,3.8207312879734445e-05,-0.00026745119015780805,-0.000636788547994871,-0.0005603739222355131,-0.00022924387727818463,1.0
1780432200,USDCHF,bullish_exhaustion,-0.8714552363471181,0.05446595227079904,3.1428871718259326,-0.4839003997768062,0.7065503797045655,1.1904507794813717,0.9259211886179172,3.0884212195551335,-2.945195937654728,0,-0.1598414582777265,56.20406699003649,-7.106511864466015,20.061186186191623,44.71660946661097,-24.655423280419345,97.82383311425998,-2.1760895039166854,-2.1761609386544905,19.859292902236135,-71.56862745097975,-0.1598414582777265,-0.10454555667575488,14.61427405326995,-0.707074243873377,0.511728032851731,0.03146805323750571,-0.00026443931845258895,1.1854741293779856,0.18573681737872363,47.21398058917384,-0.9467322076493119,15.794502114708013,0.011728032851730963,-0.707074243873377,-0.04451499277691551,0.2945377721017741,40.0,-8.887083259279116e-05,2.5391666454988027e-05,-0.0004443541629638448,-0.0003046999974608555,-0.00041896249650874573,-0.0004443541629638448,0.0
1780432500,USDCHF,bullish_exhaustion,-1.0654194888877033,-0.3216360721175478,2.7797397532727155,-0.6461612508023966,0.3913479848051213,1.037509235607518,0.7437834167701555,3.1013758253902632,-3.156053957650425,0,-0.24646077034762975,53.80769776234654,-2.396369227689945,8.779214559392786,24.998941675671002,-16.219727116278214,87.88809302902499,-9.935740085234997,-7.759650581318311,-11.383320960167028,-78.43137254902025,-0.24646077034762975,-0.08717650997979515,13.296921075315767,-1.317352977954183,0.4236173729331642,0.03158093937288823,0.00011288613538251724,1.0710342937207147,-0.08716676444207538,45.60207466173078,-1.6119059274430612,11.169096679953643,0.0763826270668358,-1.317352977954183,-0.1144398356572709,0.43932172205743153,49.333333333333336,0.00011427265455377089,-0.00035551492527841067,-0.0002158483474904438,-0.0003301210020442147,-0.00035551492527841067,-0.0004951815030662665,1.0
1780418400,USDJPY,bullish_exhaustion,-0.5769860348109567,0.5885257555081991,2.6513662271590217,-0.10596079620900185,0.8674480205729879,0.9734088167819896,1.1655117903191556,2.0628404716508224,-1.8472784890481644,0,-0.07615294654068053,52.28795063562882,-6.010977696071016,28.412421879329532,53.81858190049572,-25.40616002116619,98.893593084044,-1.1064067329643166,-1.1064069053671801,9.818481848160994,-63.21839080461346,-0.07615294654068053,-0.13542059359987813,7.520705680223581,-0.2995770534147493,0.6060799663263212,0.013555947855778622,1.742879972567099e-05,1.3151486999371111,0.4660084286604159,47.37384697325744,-2.8181007810980887,4.6704855704526445,0.10607996632632122,-0.2995770534147493,-0.04675666354413521,,,5.631053382382234e-05,0.0001376479715693435,0.00020647195735401525,0.0002377555872563608,0.0002252421352955114,0.00030657957304103256,0.0
1780422900,USDJPY,bullish_exhaustion,-0.22822331005622234,0.7211856597763134,2.622742279169418,0.06900197828693164,0.9478061721321719,0.8788041938452403,0.9494089698325358,1.9015566193931044,0.3838525839033055,1,-0.055459259266912385,57.585411352650105,-2.6839934334059734,56.92567567569714,60.716966966995805,-3.7912912912986627,98.15815761441183,-0.003262230065701033,-1.1516020065687513,61.0298792117113,-37.70491803277619,-0.055459259266912385,-0.049413864718971245,6.872451473946998,0.0554064288458056,0.6438161868639802,0.013703435088714779,-0.00018744096473936878,1.2688542643681258,0.566697761409792,27.351716093874938,-1.3577955056597872,4.287736881257295,0.14381618686398023,0.0554064288458056,0.03335702794255391,,,6.880375293194518e-05,8.756841282253625e-05,6.880375293194518e-05,0.00010633307271312731,0.00011258795934332433,0.0002877247849881748,0.0
1780423200,USDJPY,bullish_exhaustion,0.22825447068672514,1.1233700420053452,2.931503496075954,0.47382229150413335,1.3163538644030481,0.8425315728989148,0.8951155713186201,1.8081334540706087,-0.5370693427924441,0,-0.05883043848919626,60.55792355132731,2.972512198677208,59.308703865167466,61.267315702820646,-1.95861183765318,93.36194222603339,-4.796215388378442,-4.792953158312741,57.18433263340673,-20.689655172417172,-0.05883043848919626,-0.004451191983382517,7.0096198860076395,0.13716841206064156,0.7239943169922292,0.013974634115426321,0.00027119902671154245,1.257286689326154,0.9481682752835657,25.514284315228444,-1.8374317786464935,0.7070935502919049,0.22399431699222916,0.13716841206064156,-0.0115675750419717,,,1.8763368900387434e-05,0.0,3.752673780077487e-05,4.378119410075598e-05,0.00021890597050400196,0.00028145053350514537,0.0
1780423500,USDJPY,bullish_exhaustion,0.30663653696266513,1.131849570258646,2.9563369651867597,0.5184212566725726,1.3533064042320546,0.834885147559482,0.825213033295981,1.8244873949281137,-0.3733750773598336,0,-0.05862448801320004,61.35341005947475,0.7954865081474338,66.8603731815536,61.03158424080607,5.828788940747529,85.99673004137213,-7.36521218466126,-2.5689967962828035,76.6465108677761,-19.999999999974737,-0.05862448801320004,0.0006500199692126311,6.917785409835394,-0.09183447617224516,0.7269636106073629,0.01386967947957014,-0.00010495463585618106,1.2536744004209373,0.986738901312263,24.127043648984813,-1.3872406662436312,2.594126195525625,0.22696361060736292,-0.09183447617224516,-0.0036122889052168095,,,-1.8763016843004188e-05,1.8763016842893165e-05,2.501735579052422e-05,0.0002001388463244158,0.00026268223580117045,0.000325225625277481,0.0
1780423800,USDJPY,bullish_exhaustion,0.07745147075760309,0.8428542405971406,2.719002220477398,0.32754658504055906,1.1394582371658666,0.8119116521253075,0.7654027698395375,1.8761479798802572,-0.4817663719876916,0,-0.0726665245918234,60.04914882333009,-1.3042612361446544,75.80645161292715,67.32517621988274,8.481275393044413,79.04847950180044,-6.9482505395716885,0.4169616450895717,60.24544440312622,-26.666666666675088,-0.0726665245918234,-0.013436103272701144,6.38567801797828,-0.5321073918571146,0.6812193333073803,0.013728048810676973,-0.00014163066889316678,1.1735166464276938,0.7783292188421366,22.59972712755508,-1.5273165214297322,1.132023372110318,0.18121933330738027,-0.5321073918571146,-0.08015775399324343,,,3.752673780077487e-05,4.378119410075598e-05,0.00021890597050400196,0.00028145053350514537,0.0003439950965062888,0.00033774064020608563,0.0
1780424100,USDJPY,bullish_exhaustion,0.3495984748366513,0.996828083659232,2.971587036126306,0.5272444391088097,1.356497583423655,0.8292531443148453,0.6472296088225807,1.974758952467074,-0.1889721485608964,0,-0.07040688256794353,61.79828422137241,1.7491353980423199,79.41176470591842,74.02619650013305,5.385568205785361,61.68397307952361,-17.364506422276833,-10.416255882705144,77.22848810654429,-16.216216216214143,-0.07040688256794353,0.004944539260047763,6.00062151728755,-0.3850565006907294,0.7199463708656519,0.013238398668150218,-0.0004896501425267555,1.1601102246920423,0.9866838472151638,21.240034041726208,-1.359693085828873,1.4274534628046496,0.21994637086565194,-0.3850565006907294,-0.013406421735651541,,,6.254221599499843e-06,0.0001813724263877159,0.0002439146423836025,0.0003064568583794891,0.0003002026367797672,0.0002126435343856592,0.0
1780426800,USDJPY,bullish_exhaustion,-0.9938987618772608,-0.20030102599076527,2.0608186572803273,-0.6004470792111619,0.29153130111729636,0.8919783803284583,0.7935977358864955,2.2611196832710925,-2.4340377841896808,0,-0.16347740299105187,52.97519124925865,-3.4840597515745486,10.791189860955447,31.917446777521707,-21.126256916566263,66.05643235666719,-8.093486071122015,-13.257123802119224,2.4500565395784,-58.53658536586042,-0.16347740299105187,-0.09162534956220938,5.151931964245051,-0.3404080106985301,0.4520510999891969,0.012333215563964259,0.0003027060556532145,1.0595499570556803,-0.12309494273796759,26.03611724500878,-1.5875890827448877,-2.433449247093421,0.0479489000108031,-0.3404080106985301,-0.11402369804935808,0.05782408871483976,6.666666666666667,0.00013133536798926038,0.00014384349827412102,0.00024390854055145184,0.00028143293140558967,0.00024390854055145184,0.00023140041026681324,0.0
1780427400,USDJPY,bullish_exhaustion,-0.08677684889898583,0.8243800645548733,2.9606219036637476,0.42111934445618426,1.2651495505555201,0.844030206099336,0.9111569134538592,2.1362418391088744,-1.1629322837578167,0,-0.1437324940342045,60.560887598030405,0.6008325095573923,47.227061556329964,27.45588077880913,19.771180777520833,31.00484466055309,-16.514108089166797,2.0233715177804967,71.77992348318642,-34.72222222220303,-0.1437324940342045,0.011288313001608102,5.2258849115365384,0.034190026463983614,0.6932664552204217,0.012250250804675731,-0.0003171675907614295,1.0827497805897288,0.8684262664649972,23.09582511501542,-1.2142787486867306,3.252819617148532,0.19326645522042174,0.034190026463983614,0.044719535234944985,0.06709892104837129,9.333333333333334,0.00010005065064189189,0.0001375696446326291,0.00010005065064189189,8.754431931157214e-05,0.00018759496995346403,0.00020010130128356174,0.0
1780427700,USDJPY,bullish_exhaustion,0.652748541085539,1.464889167785223,3.584550903139175,1.0382836441325483,1.9108724014540808,0.8725887573215325,0.8121406266996839,2.119661735353952,-0.28876542963749613,0,-0.08525736190523407,65.07590826523517,4.515020667204766,72.59336192264244,48.05660479937146,24.53675712327098,19.125106473123118,-11.879738187429972,4.634369901736822,96.16198247184799,-12.499999999985196,-0.08525736190523407,0.057223392747451474,5.1699224699153286,-0.05596244162120989,0.8501866956686569,0.01235663691929638,0.00010638611462064802,1.0563623739862678,1.5113811460701747,22.55407361779487,-0.5417514972205488,6.969936912190338,0.3501866956686569,-0.05596244162120989,-0.02638740660346106,0.13949509377471062,22.666666666666664,3.751524056649913e-05,0.0,-1.2505080188907058e-05,8.753556132190532e-05,0.00010004064151059033,8.753556132190532e-05,0.0
1780428000,USDJPY,bullish_exhaustion,0.9250180435216933,1.6717504864770207,3.802392605716727,1.1595953140620667,2.0940558933619964,0.9344605792999299,0.7467324429553276,2.1306421192397065,2.73888024059522,1,-0.03500786066289865,66.61919073354261,1.5432824683074386,86.32560920752326,68.71534422883188,17.610264978691376,11.775612968936446,-7.349493504186672,4.530244683243298,112.44837758088818,-6.249999999986122,-0.03500786066289865,0.05206300534473926,5.405212355910501,0.2352898859951722,0.8742739212627822,0.012098820115782795,-0.0002578168035135848,1.13679050624833,1.677059026422462,22.301548191015335,-0.2525254267795347,8.455358213374794,0.37427392126278225,0.2352898859951722,0.08042813226206214,0.10860199108800231,18.666666666666668,-3.7513833226032745e-05,-5.0018444301414e-05,5.001844430130298e-05,6.252305537657321e-05,5.001844430130298e-05,0.00013129841629089256,1.0
1780428300,USDJPY,bullish_exhaustion,0.6565060526465077,1.2578655968696997,3.3854704122827273,0.7305691668263499,1.6788085681100124,0.9482394012836625,0.601359544223192,2.1276048154130276,2.408589405946467,1,-0.02964256396122081,63.59288025736008,-3.0263104761825304,87.04828310092209,81.98908474369593,5.059198357226165,8.442807180094642,-3.332805788841805,4.016687715344867,98.5074626864681,-19.04761904761475,-0.02964256396122081,0.005936713145095593,5.436986992709935,0.03177463679943404,0.7754664732223169,0.011904955158479957,-0.00019386495730283788,1.1681228540215538,1.256994714552742,22.168683272815116,-0.1328649182002195,8.72985137259855,0.2754664732223169,0.03177463679943404,0.03133234777322391,0.04908789975412798,6.0,-1.2505080188907058e-05,8.753556132190532e-05,0.00010004064151059033,8.753556132190532e-05,0.00016881858254902404,0.00015631350236033903,0.0
1780428600,USDJPY,bullish_exhaustion,0.6065236795164624,1.0505856591617015,3.216741657433902,0.5457543951800171,1.502511695937821,0.9567573007578041,0.44406197964523925,2.1661559982722003,2.2498562660462262,1,-0.04122986217275302,62.572502272525256,-1.0203779848348233,75.19964786517973,82.85784672454169,-7.65819885936196,5.85360314206674,-2.5892040380279013,0.7436017508139035,72.75985663088287,-23.728813559339994,-0.04122986217275302,-0.010665398281854234,5.293416071244301,-0.143570921465634,0.7291818907540082,0.0115460166098701,-0.0003589385486098568,1.1857744425182002,1.0746582190271425,21.65676771326339,-0.5119155595517277,6.4243327686738,0.2291818907540082,-0.143570921465634,0.017651588496646387,0.03649242603889516,5.333333333333334,0.00010004189254253504,0.00011254712911035192,0.00010004189254253504,0.00018132593023323373,0.0001688206936656389,0.00017507331194943632,0.0
1780428900,USDJPY,bullish_exhaustion,1.3508665441953223,1.7197778895994789,3.9234806616941262,1.1971100184949328,2.1974546285298677,1.000344610034935,0.36891134540415665,2.2037027720946476,3.0014071524891555,1,0.0004445591093535603,67.11803710080083,4.545534828275578,77.5388291517245,79.92892003927544,-2.39009088755094,3.74290134704308,-2.1107017950236604,0.47850224300424093,100.802253659124,0.0,0.0004445591093535603,0.04174885693964255,5.14020246238424,-0.15321360886006108,0.8856413444189757,0.01152405631440677,-2.1960295463330573e-05,1.1504919408642578,1.7594226940235893,21.768269883265564,0.11150217000217566,10.238852868818249,0.3856413444189757,-0.15321360886006108,-0.03528250165394242,0.09503101262224135,15.333333333333332,1.2503985645340165e-05,0.0,8.127590669504414e-05,6.877192104970398e-05,7.502391387248508e-05,0.00013754384209963,0.0
1780429200,USDJPY,bullish_exhaustion,1.3109469899630886,1.7355798193210956,4.050256222032195,1.1606682715358922,2.243219784900451,1.082551513364559,0.42463282935800706,2.3146764027110995,3.0781234497080345,1,0.025632058515361978,67.64697392242229,0.5289368216214569,82.38213399501812,78.3735370039741,4.008596991044016,3.561187775514776,-0.18171357152830403,1.9289882234953564,117.76541230469125,-3.0769230769378764,0.025632058515361978,0.02516499740280599,5.123258689943866,-0.016943772440373372,0.8716522247334871,0.010968714831698303,-0.0005553414827084661,1.2282929148270734,1.7755715445458706,22.07183809299462,0.3035682097290575,11.617248011333064,0.37165222473348714,-0.016943772440373372,0.0778009739628156,0.12255004398348669,22.0,-1.2503829297627611e-05,6.877106113734044e-05,5.626723183982385e-05,6.251914648869317e-05,0.00012503829297738633,0.00011878637832829497,0.0
1780431900,USDJPY,bullish_exhaustion,-0.1082848326381607,0.9956188778656333,3.2268880126103494,0.2283164815995782,1.330032079266447,1.1017155976668689,1.103903710503794,2.2312691347447164,-1.5039560088612534,0,-0.08441891729655059,60.93162282784732,2.9027527040299006,40.67046774358513,59.93488895923512,-19.26442121564999,73.63592175507014,-19.683181621865515,-24.607489518629535,41.53555695407074,-43.85964912280439,-0.08441891729655059,-0.043785749452001844,5.612541798244678,0.016054238157245493,0.6843633816592058,0.010391929578014244,-3.047251684606435e-05,1.383213983131356,0.8423500021878483,26.56743759327423,-1.2719619060116898,4.350000198381316,0.18436338165920585,0.016054238157245493,0.006088992992342224,0.19097750087083043,30.0,-7.501922367603164e-05,-0.00011252883551415849,-0.00018754805919019013,-0.0003500897104883327,-0.00034383810851534857,-0.0003688445164072851,1.0
1780432200,USDJPY,bullish_exhaustion,-0.8082836275863086,0.1688950863615485,2.4115805545406284,-0.4187673942110971,0.5645973216483514,0.9833647158594485,0.977178713947857,2.2426854681790798,-2.2318279269147068,0,-0.16476221247987094,54.80836981452353,-6.12325301332379,18.16492450635661,37.95956076439609,-19.79463625803948,50.306145910836236,-23.329775844233907,-3.6465942223684067,29.6834193259818,-64.91228070174651,-0.16476221247987094,-0.08011675883185043,5.336066611058658,-0.27647518718602004,0.5328071340375984,0.010364895257180573,-2.7034320833670827e-05,1.3169139303275201,0.10927202726353981,25.585692048295297,-0.981745544978935,5.342689671883157,0.032807134037598384,-0.27647518718602004,-0.06630005280383577,0.005110152356317476,0.6666666666666667,-3.751242599114857e-05,-0.00011253727797333468,-0.00027509112393486745,-0.0002688390529362872,-0.0002938473369303862,-0.0001875621299555208,1.0
1780477200,AUDCAD,bearish_exhaustion,0.7500854610140645,-0.20620430570251952,-2.12625701531744,0.315973507581718,-0.5924492746385538,-0.9084227822202718,-0.9562897667165839,-1.9200527096149205,2.1716496410031296,1,0.06814686127633089,45.0130607386039,0.6601586518782767,80.16919358382934,60.99005879493984,19.1791347888895,1.4536841290469602,1.449643408510082,1.45325118716308,-23.035460992859303,-42.85714285713946,0.06814686127633089,0.08780895530306887,16.72578932123066,-3.1364696749178407,0.45509175728052875,0.03642902737598869,-1.1124488378484731e-05,1.0834357930824696,-0.22047331141308005,40.95505091298405,-1.6648439154281789,-7.6527280228872545,0.04490824271947125,-3.1364696749178407,-0.19479570480862174,0.8548382172371275,78.66666666666666,0.00023190860784239042,0.0006553938917288615,0.0007562237212255241,0.0004134023009365606,0.0002621575566914558,0.0004839831815843798,1.0
1780503300,AUDCAD,bearish_exhaustion,0.38297815865884266,-0.7947422573477182,-2.9621983853381177,-0.14028995875390893,-1.1052166703651487,-0.9649267116112397,-1.1777204160065609,-2.1674561279903997,2.1191458112447066,1,0.06408132131828082,39.702936708096125,-3.5567959195616723,79.22679387795785,74.25173608973427,4.97505778822358,1.07018569078022,1.0701845065882138,1.0701856173107507,-46.43678160917407,-54.68749999999882,0.06408132131828082,0.04688973807169671,21.137819650757276,0.094651259215496,0.34847207574485073,0.040314908835859836,0.0009433299975610612,1.2518459181249781,-0.7136123550154789,46.19579435263085,-1.3586936735050443,-10.684354994045414,0.15152792425514927,0.094651259215496,-0.028968952566611916,0.939722400447907,91.33333333333333,-2.0182653009737095e-05,-9.082193854381693e-05,6.0547959029211285e-05,0.00024219183611684514,0.00016146122407789676,0.0003027397951460564,0.0
1780503600,AUDCAD,bearish_exhaustion,0.38318124884081256,-0.7134229830403965,-2.9212528365591224,-0.16221309790870092,-1.0773114455875412,-0.9150983476788402,-1.096604231881209,-2.207829853518726,2.0259901835100806,1,0.09698299155283285,39.354475905368865,-0.34846080272726,72.02098046961267,76.96434522474914,-4.9433647551364714,2.453891842511992,1.3837061517317721,0.3135216451435583,-44.19569136127487,-53.804347826087614,0.09698299155283285,0.03244587722972664,20.12925911613975,-1.0085605346175264,0.3581623079738218,0.040030992951905334,-0.0002839158839545025,1.2089362271824435,-0.695858416553817,44.9341502272333,-1.2616441253975452,-9.991753482633541,0.14183769202617819,-1.0085605346175264,-0.042909690942534606,0.9065494747883149,88.66666666666667,-7.064071125106874e-05,8.073224142979285e-05,0.00026237978464682676,0.0001816475432170339,0.00032292896571894936,0.0006458579314381208,1.0
1780503900,AUDCAD,bearish_exhaustion,0.2347595820690372,-0.8048899956655158,-3.0637415347803336,-0.293263343895129,-1.1880032884738074,-0.8947399445786783,-1.039649577734553,-2.2588515391148176,1.8347225984176128,1,0.11277322593121794,38.09426389292359,-1.2602120124452725,52.83608501352959,68.02795312036669,-15.191868106837099,4.111125862660526,1.6572340201485334,0.27352786841676124,-48.526543307460614,-51.851851851853624,0.11277322593121794,0.01352634861436965,19.87135281593379,-0.25790630020595984,0.3415916265181257,0.03912062349847675,-0.0009103694534285806,1.2361196874899623,-0.8076684830249516,43.79073608694587,-1.1434141402874332,-9.67890530108243,0.1584083734818743,-0.25790630020595984,0.027183460307518725,0.8683056535812432,81.33333333333333,0.00015138364652922398,0.0003330440223645592,0.00025230607754878065,0.0003935974809761156,0.0007165492602385637,0.0009890398239913445,1.0
1780504200,AUDCAD,bearish_exhaustion,0.5228450561666158,-0.3060556426344066,-2.5438324830274768,0.07838627712731236,-0.7332735173566027,-0.8116597944839151,-0.8289006988010224,-2.2377768403930705,2.1402745192832566,1,0.14752464419154182,42.3541266515841,4.2598627586605105,49.91853744481565,58.25853430931931,-8.33999686450366,6.062097549101507,1.9509716864409814,0.29373766629244713,-31.83648012700129,-34.50704225352614,0.14752464419154182,0.03603277072743088,18.887359941731614,-0.9839928742021762,0.435896850541957,0.03956423915256036,0.0004436156540836081,1.1598186574440357,-0.3763104127769655,42.069809322114374,-1.7209267648314963,-6.517148773639061,0.06410314945804302,-0.9839928742021762,-0.07630103004592659,0.8280656368303316,76.0,0.0001816328795876121,0.00010090715532640182,0.00024217717278340878,0.0005650800698278058,0.0008375293892091129,0.0007568036649479026,1.0
1780504500,AUDCAD,bearish_exhaustion,0.805942512681943,0.23946534721824483,-2.0104789581534255,0.459138736233519,-0.256311754416863,-0.7154504906503819,-0.5664771654636981,-2.2499443053716703,2.568683837628579,1,0.2023380699267293,47.0617352404434,4.707608588859294,56.43139983763066,53.062007431991965,3.369392405638692,11.537901932005749,5.475804382904242,3.5248326964632604,10.639641346252336,-19.565217391303126,0.2023380699267293,0.05340019309611025,17.693361588712015,-1.1939983530195981,0.5530342503002802,0.03918170772747373,-0.000382531425086631,1.1038356236662934,0.07560732158372441,39.688860676134944,-2.38094864597943,-2.982950968217329,0.053034250300280195,-1.1939983530195981,-0.055983033777742275,0.7625989809720206,71.33333333333334,-8.07110644780451e-05,6.053329835853383e-05,0.00038337755627071424,0.0006557773988842275,0.0005750663344061824,0.0002925776087330245,1.0
1780522800,AUDCAD,bearish_exhaustion,-0.09656329404410356,-0.7785415582240102,-2.1280135924802566,-0.26519186286561486,-0.9367222675904013,-0.6715304047247865,-0.6819782641799066,-1.3494720342562463,-1.9143139063093872,0,0.0066382969512975825,41.44743939382765,-2.1274185444126914,50.306513409972524,37.460509511327984,12.84600389864454,6.986843214753904,5.859479723127048,6.468001433721748,-70.31396879110264,-57.89473684209757,0.0066382969512975825,0.025061504830536357,6.634053280777992,-0.18310614364190236,0.30372911554777604,0.016726673769227873,-0.0006645652774868276,1.0858173991189275,-0.6567298626769248,10.96793793248189,-0.7762319156195918,0.34185741035811645,0.19627088445222396,-0.18310614364190236,0.02553862161133935,0.42657801641779874,21.929824561403507,1.0094891984557819e-05,0.0001312335958005839,0.00014132848778514173,2.0189783969115638e-05,-6.056935190801305e-05,5.0474459923233184e-05,1.0
1780503600,AUDCHF,bearish_exhaustion,0.8351591412204181,-0.5947345399608107,-2.356161092354268,0.19240372710163078,-0.7111360783653841,-0.9035398054670148,-1.4298936811812288,-1.7614265523934574,2.0448070157462412,1,0.06427516395221211,43.32346854643412,0.3858428579759945,79.90384615383977,80.46783243212012,-0.5639862782803533,0.8185902479692349,0.6529040048382571,0.7923386823340949,-23.50824959680461,-55.93220338983609,0.06427516395221211,0.07580459111807791,28.42467330391122,-0.3927380239303666,0.4121651988983189,0.041990146069680864,-0.0007784292612054503,1.6526859578836632,-0.3484076956578128,29.065868405010963,-1.356421069118234,-4.203334021345597,0.08783480110168113,-0.3927380239303666,0.023917824162287937,0.8921223966659394,85.33333333333334,0.0,-7.084536228529892e-05,0.00037193815199887403,0.0006553196011407358,0.0009564123908540889,0.000442783514284395,0.0
1780503900,AUDCHF,bearish_exhaustion,0.8472873678563946,-0.48664710358945484,-2.3115737420493074,0.16770842675498268,-0.6782987682424286,-0.8460071949974113,-1.3339344714458494,-1.8249266384598526,1.9995662084747061,1,0.12077449829567592,43.32346854643412,0.0,76.07632677399192,80.32112805368236,-4.244801279690435,2.6610398131034425,1.8424495651342077,1.1895455602959506,-24.642810329003375,-51.85185185185376,0.12077449829567592,0.05456271811349438,27.576586393231135,-0.8480869106800846,0.4280811374174687,0.04076198397898367,-0.0012281620906971977,1.6741896276755823,-0.32472379721954714,27.91605374904685,-1.1498146559641143,-4.641419838573189,0.07191886258253127,-0.8480869106800846,0.02150366979191909,0.8494394499270971,77.33333333333333,-7.084536228529892e-05,0.00037193815199887403,0.0006553196011407358,0.0009564123908540889,0.000442783514284395,1.7711340571491263e-05,1.0
1780504200,AUDCHF,bearish_exhaustion,0.5526487036695537,-0.5351043003784335,-2.379021086272773,-0.0052052564309258845,-0.7964343181009385,-0.7912290616700126,-1.0877530040479872,-1.8439167858943395,1.7394615070726622,1,0.14774680051161254,42.00582039611834,-1.317648150315783,68.97009966776838,74.98342419853336,-6.013324530764976,6.446150464583724,3.7851106514802813,1.9426610863460736,-16.144910415405445,-39.99999999999723,0.14774680051161254,0.025831635060037245,26.67352088906986,-0.9030655041612761,0.4190032021944317,0.04038346618625798,-0.00037851779272568553,1.6422628614754806,-0.4553076014488664,26.287426407444872,-1.6286273416019768,-1.8442517202336326,0.08099679780556829,-0.9030655041612761,-0.03192676620010171,0.7419475493482455,69.33333333333334,0.0004428148856652214,0.0007262164124910431,0.0010273305347432427,0.0005136652673716213,8.856297713299988e-05,0.0003365393131056216,1.0
1780503300,AUDJPY,bearish_exhaustion,0.324686342844011,-0.5658551003905818,-3.0193953084866547,-0.0925202426259153,-1.0335204483063807,-0.9410002056804654,-0.8905414432345928,-2.4535402080960727,2.1376748236980796,1,0.10325586765811716,41.61275267261836,-2.9804532493432347,76.35287673978249,71.70438786262262,4.648488877159863,1.7292278042888085,1.7292261152025465,1.7292276951708734,-23.744292237472227,-52.04918032787281,0.10325586765811716,0.04004580665428937,20.62429335036029,-0.06367777368607364,0.37211946377561866,0.04662220922922874,0.0014716614309518428,1.0542686860961523,-0.6404771752560805,38.23283453295132,-2.536083120654496,-2.2572195902126353,0.12788053622438134,-0.06367777368607364,-0.04499814499956267,0.8920338026376118,84.66666666666667,-0.0001662510390688654,0.00025375158594731495,8.750054687856057e-05,0.0002712516953231603,-1.7500109375623296e-05,2.6250164063545967e-05,1.0
1780513200,AUDJPY,bearish_exhaustion,0.38166318196487625,-0.5251252290871102,-2.5411730158089254,0.09181289874124808,-0.9711676211702813,-1.0629805199115294,-0.9067884110519865,-2.016047786721815,1.5970303358830396,1,0.07785754034457401,41.92471556975288,0.0,68.50694444443737,40.5541025332677,27.952841911169664,9.71800335117253,9.153932710746187,9.571753943375139,-47.403495536245465,-51.2396694214877,0.07785754034457401,0.07492227892411582,15.282161330876104,-0.9780875613999811,0.388810589637913,0.03236377144661956,-0.0007374556335986923,1.2614129246011,-0.5058681108585542,26.688834482875848,-0.835907260109245,-6.080510256840309,0.11118941036208702,-0.9780875613999811,-0.0447799315713906,0.8644384956160364,80.66666666666666,0.00013140489351815,-6.132228364175152e-05,-0.00028033043950548286,-0.00028033043950548286,-0.00042049565925839083,-0.0002890907657401298,0.0
1780476900,AUDUSD,bearish_exhaustion,0.6822586312576153,-0.391777336290169,-2.283927802280474,0.2573020229777355,-0.7110698441077573,-0.9683718670854927,-1.0740359675477844,-1.8921504659903048,2.0259208264425435,1,0.03060782876296233,43.92985804214999,5.676530661835727,75.52992612694322,59.671048472207055,15.858877654736169,0.025839052064197676,0.01840556266909625,0.025004619937747014,-31.56355126518269,-47.28682170542582,0.03060782876296233,0.09601581633374281,23.629503213969326,-2.6849558667928513,0.42228430989441973,0.046881743052439084,-0.0002894230067358658,1.1979696871160983,-0.317008505808013,44.34003520118514,-1.7656434929949043,-7.855893326855439,0.07771569010558027,-2.6849558667928513,-0.11836777961645706,0.970590334238816,95.33333333333334,-5.5869823311627265e-05,0.00013967455827912367,0.0006285355122566116,0.0007542426147078007,0.0004888609539772659,6.983727913967286e-05,1.0
1780503300,AUDUSD,bearish_exhaustion,0.06210695323309634,-0.8647198873235246,-3.5539509623192744,-0.3325981976972172,-1.3862058454672954,-1.0536076477700782,-0.9268268405566209,-2.68923107499575,1.5440744065351946,1,0.09813622361807652,39.105900062663416,-5.429219538375662,69.66621937336386,64.44757357782463,5.218645795539231,1.908495968008554,1.908495968008554,1.908495968008554,-42.278915910697215,-61.931818181820766,0.09813622361807652,0.025890012151366132,27.04755527084869,-0.015254675019658492,0.31274855648901784,0.05860001896913753,0.003919400437788663,1.0842485076517014,-0.9478856360193579,46.983625337517516,-2.552760841581744,-5.712931031168058,0.18725144351098216,-0.015254675019658492,-0.09927692061497528,0.9833476056722805,97.33333333333334,0.0,0.00029395708226598316,0.00018197343187908999,0.00023796525707253657,-0.00012598160668531033,-5.599182519344659e-05,1.0
1780503600,AUDUSD,bearish_exhaustion,0.14290177372398397,-0.7465385765236705,-3.534601458351928,-0.29027656383664097,-1.323874202701893,-1.033597638865252,-0.8894403502476544,-2.788062881828257,1.471750295230343,1,0.12348297693313275,39.105900062663416,0.0,59.71845109226422,66.98956128584913,-7.271110193584917,3.9123037018393316,2.0038077338307776,0.09531176582222356,-63.89265792249865,-56.493506493509436,0.12348297693313275,0.022261634921601152,25.22919440809775,-1.8183608627509393,0.3319572745197463,0.056813952979635964,-0.0017860659895015674,1.0602106484907194,-0.8845716114784778,44.61320455604875,-2.3704207814687663,-5.471634092000556,0.16804272548025367,-1.8183608627509393,-0.024037859160982,0.9685561588338452,94.66666666666667,0.00029395708226598316,0.00018197343187908999,0.00023796525707253657,-0.00012598160668531033,-5.599182519344659e-05,0.00041993868895162656,1.0
1780513200,AUDUSD,bearish_exhaustion,0.72210625871209,-0.10129092316780847,-2.010788197338015,0.3811802359558903,-0.562249685910096,-0.9434299218659864,-0.8233971818798984,-1.9094972741702068,1.6990735499113334,1,0.1410399761420712,45.14244127454464,1.0574041191972725,65.95517882756745,42.82812257073041,23.127056256837044,26.857113717165305,23.64869063268165,25.845505017471403,-16.877637130768417,-39.534883720932335,0.1410399761420712,0.07902547828370458,18.850369409894103,-1.271763842691982,0.4769531952306952,0.042892259714009916,-0.0009301211756284691,1.1553207275374133,-0.1286047967958055,26.758081497427707,-1.4380784081617612,-3.2229211937217705,0.02304680476930482,-1.271763842691982,-0.04542402696161907,0.7364131218690216,68.66666666666667,0.00033635586450464494,-0.00021022241531543084,-0.0005185486244446702,-0.0005465782798200758,-0.0006306672459461815,-0.0005886227628830731,0.0
1780516800,CADCHF,bullish_exhaustion,-0.6488711785776619,0.21843188189725415,2.5479436576617376,-0.1425747863923077,0.834068636588519,0.9766434229808267,0.867303060474916,2.3295117757644834,-1.3183006519220148,0,-0.10196506928624455,56.59677144475631,-1.0254419839980358,24.094202898542846,39.85862460925777,-15.76442171071492,99.62788037920416,-0.3714085878538924,-0.37205688259507497,26.432748537967562,-39.622641509439894,-0.10196506928624455,-0.06715691204071371,11.72134177542512,-1.9712329887453528,0.5508754060696363,0.02729878343472055,-0.0012894568725631897,1.1969857251069367,0.433560575151315,24.847986258059233,-0.8153395052487618,5.838463285827455,0.05087540606963625,-1.9712329887453528,-0.11794245990104701,0.09567087080451397,16.0,0.00010522808186763655,5.261404093359623e-05,7.015205457827633e-05,-0.0001227660955120946,-0.0001227660955120946,8.769006822295644e-05,0.0
1780483500,CADJPY,bearish_exhaustion,-0.06163256327081996,-0.9169925967697709,-2.208111510043132,-0.3548075685314596,-1.0948900045907508,-0.7400824360592911,-0.8553600334989508,-1.291118913273361,-1.2137151718723234,0,0.006027741929850141,39.52981160071611,-5.83430113266283,82.10526315789384,72.18500797448023,9.920255183413616,1.3407598294472052,1.3407598294472052,1.3407598294472052,-43.47826086957633,-30.699088145896987,0.006027741929850141,0.0215737978791025,25.88066514888615,-1.48075743718163,0.31555067615885773,0.05208276583798072,0.00015153026537168685,1.104181848717223,-0.8062441129692274,49.589189448280116,0.481832155301376,-27.354764476304283,0.18444932384114227,-1.48075743718163,-0.052668375889031394,0.9900260631048962,99.33333333333333,0.00018218886912757526,0.00018218886912757526,0.0008068364204225631,0.0007894850995531222,0.0007374311369452435,0.0007374311369452435,1.0
1780513200,CADJPY,bearish_exhaustion,0.43706265598071903,-0.4028577524685411,-3.3429592365312852,0.11305710923399273,-1.0570762189507985,-1.1701333281847912,-0.8399204084492601,-2.9401014840627444,1.2541797954247411,1,0.14300477678225038,40.23364847032726,6.015275475450615,52.474496829326974,37.6630955663072,14.811401263019775,1.6939091290540458,1.6939091290540458,1.6939091290540458,-48.05793285057946,-45.9016393442665,0.14300477678225038,0.06937074136294533,10.566701004376958,-0.6469435825235195,0.4128986638722633,0.022848225878469224,0.00017659533216567505,1.2446920895062115,-0.5423169284961565,45.923224393358346,-0.42588328982515833,-14.956464355826965,0.08710133612773668,-0.6469435825235195,-0.1041813442794357,0.8799351085802385,82.0,-4.341785342132365e-05,0.00020840569642244233,0.0002605071205279419,0.0002257728377910162,9.551927752693423e-05,0.00015630427231672073,1.0
1780513500,CADJPY,bearish_exhaustion,0.29967085214202444,-0.46330690956128073,-3.536116055269837,-0.06757041983162035,-1.1980192024522982,-1.130448782620678,-0.7629777617033052,-3.0728091457085562,1.104050507890342,1,0.1855379340237418,38.95492478651851,-1.2787236838087495,74.47179777399998,53.589999260617674,20.881798513382307,10.584979527266894,8.891070398212849,7.197161269158802,-30.406453614645187,-54.0983606557335,0.1855379340237418,0.03717152181231793,9.412935539668036,-1.153765464708922,0.3916108848835994,0.022023497520819287,-0.0008247283576499377,1.1632047135088404,-0.6874396620140578,45.37190045901276,-0.5513239343455894,-13.84555849239087,0.10838911511640059,-1.153765464708922,-0.0814873759973711,0.8287892884720544,76.66666666666667,0.0002518344839563813,0.00030393817029228387,0.0002692023794017562,0.00013894316356211078,0.00019973079762047874,0.0002518344839563813,1.0
1780483500,CHFJPY,bearish_exhaustion,0.23254588520059577,-0.9547797401995605,-2.6676590661527224,-0.24381741480958324,-1.1464579574433238,-0.9026405426337406,-1.1873256254001563,-1.712879325953162,3.43792259051789,1,0.06683434518923503,39.74628628867564,-5.151675994920474,85.36181624417053,76.96906366537048,8.392752578800042,2.0847558031754345,1.985472946037757,2.0710958691830452,-34.62993631428777,-35.72593800978699,0.06683434518923503,0.030677611241983874,37.25258934541453,-1.969733865841846,0.3584453280314203,0.05525944944077753,-4.6516759828897636e-05,1.5499686269494177,-0.778528709317817,47.732284312833606,0.08923789318728126,-23.780436389705457,0.14155467196857968,-1.969733865841846,-0.06495879012404537,0.9885475758496225,98.66666666666667,0.0001482733567605976,9.390645928175623e-05,0.0007215970029010865,0.0010823955043517408,0.0010329710520984303,0.0009192948119152167,1.0
1780483800,CHFJPY,bearish_exhaustion,0.4319960769571964,-0.5294984312595478,-2.4214173194798674,0.021630337425154543,-0.8482061543090822,-0.8698364917342368,-0.9614945082167442,-1.8919188882203195,3.77835525171461,1,0.1132081721805745,42.38317703869001,2.6368907500143663,89.60498960499105,85.61130619954274,3.9936834054483086,4.9613297528927625,2.876573949717328,0.8911010036795712,-26.905286426953165,-28.378378378375395,0.1132081721805745,0.043487237922295835,34.34950086062334,-2.9030884847911906,0.41837914623466005,0.05296374226595157,-0.0022957071748259603,1.5224565540757198,-0.48155270089172486,47.81514807079323,0.08286375795962186,-23.03555271838789,0.08162085376533995,-2.9030884847911906,-0.027512072873697946,0.9850059665213999,98.0,-5.4358837511481184e-05,0.0005732386501218212,0.0009339836626984788,0.0008845665376879808,0.0007709071501638132,0.0008054991376711396,1.0
1780484100,CHFJPY,bearish_exhaustion,0.2451685453587758,-0.43075429682479954,-2.5579577154764226,-0.07175406540567252,-0.9216711667570091,-0.8499171013513366,-0.6759228421835753,-2.1272034186516233,3.757753501585357,1,0.1433612737180552,41.663202594112086,-0.7199744445779217,79.37916247775776,84.78198944230644,-5.40282696454868,10.600718879494462,5.639389126601699,2.7628151768843727,-23.038866677608695,-23.23420074349395,0.1433612737180552,0.024847181200720665,29.095434561577925,-5.254066299045412,0.4251106286850249,0.05059528597675547,-0.0023684562891960956,1.3790207030024453,-0.5533223740009876,47.89209298889859,0.07694491810536164,-22.3926849948258,0.07488937131497508,-5.254066299045412,-0.1434358510732745,0.9376892411515229,90.0,0.0006276316049576014,0.000988396228279953,0.0009389764168659109,0.0008253108506137696,0.0008599047186035325,0.0007907169826240068,1.0
1780515600,CHFJPY,bearish_exhaustion,-0.7509249881492818,-1.454014610467646,-5.413880347254969,-0.9340943472168163,-2.491085956286382,-1.556991609069566,-0.7030896223183641,-3.9598657367873225,-0.969319043581921,0,0.10164271167553539,32.72323054213172,-2.112505275454879,32.526803118903565,25.515480296180566,7.011322822722999,0.41346736889313856,0.41346736889313856,0.41346736889313856,-81.41388598758462,-89.47368421052632,0.10164271167553539,0.004040862726794894,14.04632104337546,-2.4874266448582603,0.21611823105890007,0.027434972672694177,6.467437149439842e-05,1.413605883052039,-1.8300936426237748,36.57678168982097,0.7408518462440199,-19.26697277419975,0.28388176894109995,-2.4874266448582603,-0.2759671326204871,0.916555912761938,89.33333333333333,-2.9713855570823178e-05,7.923694818900984e-05,0.00021294929825788067,0.00013371235006887083,-2.476154630903782e-05,-3.9618474094393896e-05,1.0
1780516500,CHFJPY,bearish_exhaustion,0.3884930252682659,-0.18541712569675012,-4.466884956196461,0.07088668990806817,-1.3823288847806599,-1.4532155746887279,-0.5739101509650161,-4.281467830499711,1.1968724515856908,1,0.22491889979139965,40.10937228807601,4.232182520833383,55.14670514671207,37.59543007350258,17.551275073209496,3.7931155538613903,3.4830150271915366,3.586381869414821,-32.47997213506413,-49.16666666666272,0.22491889979139965,0.06724507490925138,9.959996968531325,-1.4222782730025951,0.45302491580146703,0.025234647871512243,-0.0007258268205593346,1.1032232498285854,-0.7278275877183247,36.61170702248686,-0.6499711378681923,-11.97692128288294,0.04697508419853297,-1.4222782730025951,-0.117167688749644,0.7790253988069666,72.0,-7.922007832883438e-05,-0.00023766023498661415,-0.00025251399967318733,-0.0003168803133153375,-0.00012873262728430035,-9.902509791093195e-05,0.0
1780504200,EURAUD,bullish_exhaustion,-0.9925012227023637,0.2450727975207896,2.835518431678699,-0.31373582712464154,0.7212421883299429,1.0349780154545845,1.2375740202231533,2.590445634157909,-2.2027174680698143,0,-0.1793499028006175,56.48834695327551,-3.222731220027825,30.920481267703043,28.112628407969865,2.8078528597331776,96.81937990303592,-1.9074748587932788,-1.4146829453581518,16.666666666665048,-76.88679245283478,-0.1793499028006175,-0.06990477702500619,24.006424707465964,-1.747673883203344,0.5360510635002927,0.03531123222053673,-0.0002481465137038827,1.6677148440924003,0.2755075630238609,45.65731428100351,-2.0856832937065306,7.025024423376323,0.036051063500292746,-1.747673883203344,-0.09971879887284829,0.6875185571293425,64.66666666666666,-0.000178619823104742,-0.00016014191036972658,-0.0001970977358396464,0.0002710093867797081,0.0007144792924191901,0.0005604966862944316,1.0
1780504500,EURAUD,bullish_exhaustion,-1.3060741377292375,-0.3974625075009159,2.2416532906402877,-0.7007636101957152,0.2015341779973259,0.9022977881930411,0.9086116302283217,2.6391157981412032,-2.5321103404367222,0,-0.2598120717388604,52.09758911752009,-4.390757835755423,24.24319628853299,28.514974089793913,-4.271777801260924,90.751748166885,-6.067631736150929,-4.160156877357636,-16.54795990000888,-91.4285714285681,-0.2598120717388604,-0.07858128179553536,22.109465644329667,-1.896959063136297,0.4371772113246227,0.034951000774964824,-0.0003602314455719083,1.5611838924848391,-0.21058536290101773,42.956665755388734,-2.700648525614774,3.0664814132160565,0.06282278867537727,-1.896959063136297,-0.10653095160756121,0.5416002316038071,56.00000000000001,1.8481213846177624e-05,-1.8481213846066602e-05,0.0004497095369224713,0.000893258669229402,0.0007392485538451066,0.001065749998459875,1.0
1780504800,EURAUD,bullish_exhaustion,-0.9670083060301101,-0.4771779304529644,2.2261073452460134,-0.5621792422544903,0.24156837602114017,0.8037476182756306,0.4898303755771457,2.703285275698978,-2.2502039159603227,0,-0.3103773754209452,52.50883483095824,0.41124571343815575,21.515021685355283,25.559566413863774,-4.044544728508491,68.52791989153626,-22.223828275348737,-16.156196539197808,-32.991434915897486,-87.5,-0.3103773754209452,-0.04394553390921223,20.31548296061988,-1.7939826837097854,0.41995994790315216,0.034081977777353945,-0.0008690229976108799,1.4875699715175823,-0.14632362978022592,40.29180309425467,-2.664862661134066,2.145357829102011,0.08004005209684784,-1.7939826837097854,-0.07361392096725683,0.6276579324088061,59.333333333333336,-3.696174459433266e-05,0.0004312203536007697,0.0008747612887327616,0.0007207540195897089,0.0010472494301732027,0.0012135772808476997,0.0
1780505100,EURAUD,bullish_exhaustion,-0.8478399608483961,-0.7476072539804941,2.042908087875609,-0.5773883929343945,0.1254158206088861,0.7028042135432806,0.100232706867902,2.7905153418561035,-2.06560245483791,0,-0.3446587935681879,51.5555253585087,-0.9533094724495399,21.271849219965812,22.343355731284692,-1.07150651131888,45.83998284981501,-22.68793704172125,-0.46410876637250453,-49.70426065165819,-88.63636363635973,-0.3446587935681879,-0.02884827506322935,17.13130469243593,-3.1841782681839526,0.3538567941837075,0.03349687612595493,-0.0005851016513990157,1.2856295726790694,-0.2345441003491359,37.70838081164755,-2.583422282607117,1.5015235736811867,0.14614320581629248,-3.1841782681839526,-0.2019403988385129,0.1858284733107506,28.666666666666668,0.0004681994036619397,0.0009117567334466781,0.0007577437717158908,0.0010842512505853108,0.0012505852492545877,0.0010904117690544446,0.0
1780509900,EURAUD,bullish_exhaustion,0.39808397294938347,1.6184545235081567,3.955981997249779,0.678399705371323,1.8348434247130319,1.1564437193417088,1.2203705505587732,2.3375274737416225,0.5372719700963838,1,-0.008689322875971272,64.01981737023004,1.9556844341309656,44.550386322547205,57.80473336813423,-13.254347045587025,98.51328733895437,-0.9985450143684034,-1.4035697248032193,85.79881656803238,-20.224719101117568,-0.008689322875971272,-0.021269742281403457,21.9191383471776,-0.14328553661773213,0.7522773469652974,0.034147675570330105,6.581686248058327e-05,1.623007651308303,1.3482734299707793,39.34443819345218,0.6377705348414793,16.450832620891696,0.25227734696529736,-0.14328553661773213,-0.01761846918567045,0.697438371364809,65.33333333333333,-0.00017222714299780506,-0.00019068005117606202,3.07548469637986e-05,-2.4603877571083288e-05,-0.00015377423481943708,9.226454089161784e-05,1.0
1780510200,EURAUD,bullish_exhaustion,-0.15746843153634657,0.9679677115036348,3.397983495580876,0.15145735427164822,1.2670038655152593,1.1155465112436111,1.1254361430399813,2.4300157840772414,-1.1856446609810267,0,-0.0662074617921759,59.60743994275803,-4.412377427472016,33.99638336348303,45.91352711295497,-11.91714374947194,97.27169433176476,-1.241593007189607,-0.2430479928211895,59.58245367110634,-36.99421965317748,-0.0662074617921759,-0.05727074301632803,20.858489399751328,-1.060648947426273,0.6541563557471942,0.03320808207236627,-0.0009395934979638323,1.6056157306146706,0.7852798828576965,39.41388889820937,0.06945070475719461,13.990450162513122,0.15415635574719422,-1.060648947426273,-0.01739192069363238,0.5426714496849966,56.666666666666664,-1.845608681738664e-05,0.00020301695499180816,0.00014764869453953722,1.8456086817497663e-05,0.000264537244383245,0.0003199055048352939,0.0
1780510500,EURAUD,bullish_exhaustion,-0.3182130192486788,0.7307466639648554,3.2949338496182747,0.08344598328844426,1.1537197010552138,1.0702737177667696,1.0489596832135342,2.5641871856534193,-1.2766630113600557,0,-0.11617879788558613,59.137149108958376,-0.47029083379965186,26.350508111973127,34.96575926600112,-8.615251154027995,92.35853069870406,-4.913163633060705,-3.671570625871098,52.89092133714161,-40.853658536580085,-0.11617879788558613,-0.04808087965132689,18.678935305389807,-2.179554094361521,0.6263403607811007,0.03228679320499656,-0.00092128886736971,1.4939139722635955,0.6790585311249312,39.39673111108844,-0.017157787120929413,13.089865322408874,0.12634036078110067,-2.179554094361521,-0.1117017583510751,0.520078492175183,53.333333333333336,0.00022147712941023023,0.0001661078470578392,3.6912854901594017e-05,0.0002829985542465163,0.00033836783659890735,0.0003691285490170504,0.0
1780510800,EURAUD,bullish_exhaustion,0.3397461409293365,1.1929722448555504,3.851871872792611,0.6595533093680895,1.7256820618071962,1.0661287524391068,0.8532261039262139,2.6588996279370605,-0.5435938254879672,0,-0.10866663204308488,62.918044030586096,3.78089492162772,27.385130388138105,29.24400728786475,-1.8588768997266456,78.77695149734376,-13.581579201360299,-8.668415568299594,65.76361221776403,-18.902439024391235,-0.10866663204308488,0.009030876587638174,16.1720266087896,-2.506908696600206,0.735136122391062,0.03186312335722839,-0.0004236698477681697,1.3136789567969565,1.251168636439992,39.52809519551143,0.13136408442299086,13.416837602908675,0.23513612239106196,-2.506908696600206,-0.180235015466639,0.6355013343637544,60.0,-5.535702203818271e-05,-0.0001845234067940904,6.150780226477082e-05,0.00011686482430284251,0.00014761872543522792,0.0002583327695118154,1.0
1780527300,EURAUD,bullish_exhaustion,0.21538908544841287,1.2098450757117714,2.718485223153014,0.5013326199419087,1.3899913214201416,0.8886587014782329,0.9944559902633584,1.5086401474412428,0.8248943698043593,1,0.013256030041439692,63.828360723474795,1.5246379938039212,35.05679592636677,40.211227602536276,-5.154431676169509,37.42493149559809,-1.4110112296623782,-7.742766609611657,77.03851925959589,-31.818181818163467,0.013256030041439692,-0.023361927780265402,6.14668160903229,0.15286935626527587,0.7640126729122761,0.013411126497618227,-8.650461903308981e-05,1.1606752178951851,1.0127293956822845,26.83510275049992,0.034390830909355685,10.735667267942699,0.26401267291227615,0.15286935626527587,0.03778994681312997,0.6847006379162278,65.78947368421053,-0.0015180568871844269,-0.0015303488457851788,,,,,1.0
1780510200,EURCAD,bullish_exhaustion,-0.21591750477325755,0.8719745385066948,3.550597275604833,0.14992845484615713,1.3365280112010296,1.1865995563548724,1.0878920432799524,2.6786227370981384,1.170114892796541,1,-0.08124006266160239,61.225191833456215,0.48209591686952535,25.308094252199254,52.132439449206856,-26.824345197007602,99.70817688681245,-0.2740046370770557,-0.28964789755332276,49.68934629311532,-55.33980582523414,-0.08124006266160239,-0.05935250616793348,22.998063076828416,-2.443761905020878,0.6133536559899325,0.029888890009240655,-0.00048603606863502347,1.9582262034715066,0.8541568080168952,36.801611851671375,-0.844752980802788,10.336887995298436,0.11335365598993252,-2.443761905020878,-0.16158876088445373,0.17325169727993314,26.0,-2.482128673553241e-05,0.00017995432883233242,0.00011790111199361242,-8.687450357425242e-05,-6.825853852265862e-05,-8.06691818903138e-05,0.0
1780510500,EURCAD,bullish_exhaustion,-0.3488272728466751,0.5600736026762625,3.521638815433953,0.05906045844831837,1.2112245718179817,1.1521641133696634,0.9089008755229375,2.9615652127576904,0.8397235229612428,1,-0.13675283502676888,60.42604558737492,-0.7991462460812926,13.52657004832115,29.99277005488668,-16.46620000656553,99.01154869973358,-0.696628187078872,-0.4226235500018305,36.28750872296814,-59.22330097086876,-0.13675283502676888,-0.05197149181681802,19.866490978138756,-3.1315720986896594,0.5807577358873595,0.028641154730876823,-0.0012477352783638318,1.7953344086066159,0.7280841781605176,35.841451057305775,-0.9601607943655992,9.243146178945251,0.08075773588735946,-3.1315720986896594,-0.1628917948648907,0.17154224037698015,24.666666666666668,0.00020478069848839375,0.0001427259413706583,-6.205475711762443e-05,-4.343832998243702e-05,-5.584928140589529e-05,-4.9643805694166154e-05,0.0
1780510800,EURCAD,bullish_exhaustion,0.3306695598005548,0.9565797979942747,4.0822660200841225,0.6490918943977363,1.7675402090838748,1.1184483146861384,0.6259102381937199,3.1256862220898483,1.2837340913897055,1,-0.12713067043729367,64.53842148169127,4.112375894316351,30.873956960918974,23.236207087146457,7.637749873772517,97.08854955924357,-1.9229991404900062,-1.2263709534111342,63.92124237384618,-27.18446601942082,-0.12713067043729367,0.008396158954630927,15.287332594517512,-4.579158383621245,0.6808515364084128,0.028894331941564336,0.00025317721068751284,1.3589939651709595,1.2939311635879085,35.58210679273275,-0.2593442645730235,13.260499737931404,0.18085153640841278,-4.579158383621245,-0.43634044343565637,0.31400947212076735,43.333333333333336,-6.204205210291747e-05,-0.0002667808240425229,-0.00024816820841166987,-0.00026057661883216454,-0.0002543724136219172,-8.06546677337705e-05,1.0
1780494600,EURCHF,bearish_exhaustion,-0.9053801038457183,-1.8077819836638904,-2.016853310277289,-1.0759297154768246,-1.5444643313361954,-0.46853461585937095,-0.902401879818172,-0.2090713266133987,0.253744686999481,1,-0.15184571808784064,39.82249402340696,-10.52785633460185,54.511978041400106,49.90493372847587,4.607044312924238,0.6985418949204526,0.4127115903390365,0.6539307672696748,-89.11593585921221,-89.13043478258614,-0.15184571808784064,-0.03410500860292136,8.742917280125143,-0.10666700547043284,0.121252962783797,0.01832328741054792,0.00161818950376285,1.1841107625735838,-1.4053547730340754,17.639869959610213,0.04369525224037929,-8.193959741705616,0.378747037216203,-0.10666700547043284,-0.18621880785655542,0.4287215999898207,48.0,5.457085479787516e-05,0.00026194010302971193,0.0004256526674233374,0.00044748100934244306,0.0004911376931808764,0.0003492534707063566,1.0
1780509000,EURCHF,bullish_exhaustion,-0.25060632323161797,0.6432228962926004,2.313931717832238,0.08583469955299577,0.9029568803564598,0.817122180803464,0.8938292195242183,1.6707088215396373,0.8149458891413232,1,-0.04151095876971597,57.58662957865737,0.26343622394716704,34.04255319148618,53.05489887050086,-19.01234567901468,99.62257061396986,-0.35818632863876587,-0.37485756463304654,49.325823519367106,-46.268656716418654,-0.04151095876971597,-0.04625250172639989,13.07569037555149,-1.4623893686641996,0.6283875528599718,0.026094750732843116,-0.0006661423360711516,1.248710343234095,0.5726829320169063,20.621456926677975,-0.06751079874291577,7.411592855049706,0.12838755285997183,-1.4623893686641996,-0.08995132292036057,0.09643778537368129,16.666666666666664,0.00020708446866479768,0.00031607629427798933,0.0006539509536784838,0.000697547683923716,0.0008174386920980492,0.0008610354223435035,0.0
1780509300,EURCHF,bullish_exhaustion,0.43542726120246433,1.227662972557147,2.9060737951368383,0.7182860688142497,1.5163251842396785,0.7980391154254289,0.7922357113546826,1.6784108225796914,1.3490279388399593,1,-0.024622432760253655,62.342921339163155,4.756291760505782,44.508338125353866,43.872099049400184,0.6362390759536822,98.66740001647807,-0.9551705974917866,-0.5969842688530065,76.83728435489847,-19.35483870967684,-0.024622432760253655,0.015447060507906583,12.662265070993591,-0.41342530455789905,0.7621344044615456,0.02702788985433751,0.0009331391214943939,1.151796380317914,1.193223517722858,21.324032910955236,0.7025759842772601,11.826867493644313,0.26213440446154557,-0.41342530455789905,-0.09691396291618082,0.4046292547981758,46.0,0.00010896925977177396,0.0004467739650644287,0.0004903616689730939,0.0006102278547222006,0.0006538155586308658,0.0005993309287448678,0.0
1780516500,EURCHF,bullish_exhaustion,0.05460227679150474,1.3468561608512795,6.5826078131678365,0.5612911941772634,2.575375571566263,2.014084377388999,1.2922538840597746,5.235751652316557,-1.0920455358260535,0,-0.17088769192614847,70.38555242878415,0.0,39.113434485089215,60.82615388297133,-21.71271939788212,97.62723317452989,-2.372655480488362,-2.372756547471795,71.76287051487849,-30.00000000000925,-0.17088769192614847,-0.06125517834789048,11.037338734520734,-0.9131219291124744,0.718911492578978,0.0179352235622839,-0.0007100229808519459,1.6873729013124374,1.6963013755230993,54.38774129005268,-0.2903390108810129,23.295575888411854,0.21891149257897802,-0.9131219291124744,-0.049299592672351844,0.2618961611745433,36.666666666666664,4.35246240562126e-05,0.00017409849622418427,6.528693608420788e-05,0.00013057387216819372,-6.528693608398584e-05,-4.352462405599056e-05,0.0
1780516800,EURCHF,bullish_exhaustion,0.16015714474301257,1.3767354557689828,6.661305243247229,0.6907053373970925,2.6492932269142337,1.958587889517141,1.2165783110259702,5.2845697874782465,-0.8352811087340991,0,-0.20789365949978347,71.42837039678571,1.0428179680015575,25.42819499339429,41.72688826650999,-16.2986932731157,91.12642579043174,-6.500807384098152,-4.128151903609776,77.32893652106844,-23.333333333336416,-0.20789365949978347,-0.03438725466028588,10.052591204211351,-0.9847475303093827,0.7419698563203752,0.01766376041489039,-0.00027146314739351016,1.5578865980747454,1.781196982869515,54.351925523986004,-0.03581576606667625,25.043037794107665,0.24196985632037515,-0.9847475303093827,-0.12948630323769206,0.2676510916260334,37.333333333333336,0.00013056818923673497,2.1761364872752154e-05,8.704545949123066e-05,-0.00010880682436398281,-8.704545949123066e-05,-5.4403412181991406e-05,0.0
1780517100,EURCHF,bullish_exhaustion,0.8087353247521419,1.8445386445315695,7.18405810018151,1.2219198182616147,3.168628093931995,1.9467082756703804,1.0358033197794274,5.33951945564994,1.2442081919265848,1,-0.19302438392985508,74.3468189033408,2.9184485065550945,48.48484848483014,37.67549265443788,10.809355830392256,77.02237348424575,-14.104052306185991,-7.603244922087853,98.42354492599279,-3.3333333333364177,-0.19302438392985508,0.016933088151487436,8.62121663191726,-1.4313745722940912,0.8742791947759683,0.017487848129374785,-0.0001759122855156045,1.3435848660571823,2.3029848319256936,54.538090550762604,0.18616502677659952,26.595620635216825,0.37427919477596827,-1.4313745722940912,-0.21430173201756308,0.43780693280169497,48.66666666666667,-0.00010879261950869079,-4.3517047803476316e-05,-0.00023934376291911974,-0.00021758523901738158,-0.00018494745316477434,-7.615483365608355e-05,1.0
1780517400,EURCHF,bullish_exhaustion,0.10183288131845168,1.078792086459067,6.4167444340245545,0.519244812942778,2.412287166928003,1.893042353985225,0.9769592051406153,5.337952347565487,0.6084514658727496,1,-0.23684169424660442,68.10383745008093,-6.242981453259873,57.575757575748405,43.829600351324274,13.746157224424131,58.33501736930901,-18.68735611493674,-4.583303808750735,82.64516974704185,-20.33898305084969,-0.23684169424660442,-0.03936440198471386,8.088203106862244,-0.5330135250550168,0.7280575424142933,0.017095375124057104,-0.00039247300531768115,1.2933720415229824,1.5558803460860031,54.71095807562659,0.17286752486398882,25.265647622857408,0.22805754241429332,-0.5330135250550168,-0.05021282453419995,0.20806582791218417,32.0,6.528267397820642e-05,-0.00013056534795663488,-0.00010880445663052907,-7.616311964142586e-05,3.264133698910321e-05,0.0,1.0
1780517700,EURCHF,bullish_exhaustion,0.37375223518626216,1.3113548251827034,6.578039339285798,0.7720026837988289,2.619481554326793,1.8474788705279641,0.9376025899964413,5.266684514103094,0.9749004854647318,1,-0.24719407819962746,69.74539844845147,1.6415609983705366,69.69696969695593,58.585858585844825,11.111111111111107,39.07942399824757,-19.255593371061437,-0.5682372561246964,75.7124627817672,-10.526315789482911,-0.24719407819962746,-0.007395880468953136,7.818531329997691,-0.2696717768645529,0.7832394424415668,0.016883501798050007,-0.00021187332600709763,1.262288733003277,1.7750910145894625,54.28513960586736,-0.42581846975923554,21.452392485717226,0.28323944244156685,-0.2696717768645529,-0.03108330851970531,0.16952114635205878,24.0,-0.0001958352372869454,-0.00017407576647732181,-0.0001414365602627754,-3.263920621443539e-05,-6.52784124289818e-05,-0.00010879735404834001,1.0
1780518000,EURCHF,bullish_exhaustion,-0.7131003795057024,0.06147417064886723,4.884737599615665,-0.31313109000929157,1.2892445848389809,1.6023756748482725,0.7745745501545697,4.823263428966798,-1.4753800955304985,0,-0.316711518114445,59.80189412043778,-9.943504328013688,41.95804195803344,56.41025641024593,-14.452214452212488,24.495669655920317,-14.583754342327254,4.671839028734183,39.08769475855273,-63.157894736839026,-0.316711518114445,-0.08089461271493564,7.421481772047657,-0.3970495579500337,0.5146628196478767,0.017701526255967902,0.0008180244579178951,1.1066624350864016,0.5309657754544979,52.91173428003922,-1.3734053258281378,15.051340876412956,0.014662819647876746,-0.3970495579500337,-0.15562629791687543,0.014039142547891938,1.3333333333333335,2.176373291540301e-05,5.440933228872957e-05,0.00016322799686596667,0.00013058239749286216,8.705493166183409e-05,1.0881866457701506e-05,0.0
1780518300,EURCHF,bullish_exhaustion,-0.5767357714530913,0.12816350476846033,4.953519459265846,-0.16774985519891183,1.3630505971502678,1.5308004523491796,0.7048992762215517,4.825355954497386,-1.4097985524438148,0,-0.37575172485057745,60.47615088768472,0.6742567672469377,32.97936631269215,48.21145932256051,-15.232093009868358,14.725813656358426,-9.76985599956189,4.813898342765359,4.626060138687384,-70.96774193547579,-0.37575172485057745,-0.04560609023243692,7.22739459040903,-0.19408718163862648,0.5301128333915701,0.01698085527948664,-0.0007206709764812601,1.1399330675348796,0.6167323371481664,51.53133291313727,-1.3804013669019497,14.111355924130129,0.030112833391570115,-0.19408718163862648,0.033270632448477944,0.06915277566688464,10.0,3.264488889853645e-05,0.0001414611852270653,0.00010881629632852885,6.52897777970729e-05,-1.0881629632919498e-05,1.0881629632697454e-05,0.0
1780518600,EURCHF,bullish_exhaustion,-0.31718181989300187,0.2577102286628806,5.040547754458732,0.021373053503571677,1.4849845275879028,1.4636114740843311,0.5748920485558825,4.782837525795851,-1.2555113704086986,0,-0.401903040017924,61.51881424798584,1.0426633603011197,19.45122778456469,31.462878685096765,-12.011650900532075,8.601896242378347,-6.123917413980079,3.6459385855818134,4.841235938976349,-61.29032258064632,-0.401903040017924,-0.014436992474412845,7.035898719037978,-0.1914958713710524,0.5603174844970423,0.016466932817586138,-0.000513922461900504,1.1538332545187098,0.7547506042903478,50.13888207253175,-1.3924508406055196,13.039912888891848,0.06031748449704233,-0.1914958713710524,0.01390018698383022,0.1126053967354298,20.0,0.00010881274414864528,7.616892090411831e-05,3.264382324452697e-05,-4.3525097659480316e-05,-2.176254882979567e-05,-0.00011969401856337658,0.0
1780514100,EURGBP,bullish_exhaustion,0.9870659861315468,1.7473735700451953,2.0768401897412083,1.1634813994692745,1.6332159105052964,0.4697345110360218,0.7603075839136484,0.32946661969601304,2.0906469363887834,1,0.07222240551988847,60.573133453318995,4.534229569956565,74.02597402595684,47.83549783548485,26.19047619047199,82.98643241482083,-4.990625062326302,1.1240391173433437,99.12536443143775,0.0,0.07222240551988847,0.06282919841017945,8.23514938189242,-0.06491422625602894,0.8681983925104837,0.0173474618731413,-2.0694044619677665e-06,1.2246828262375378,1.4523856253872367,16.962594714707755,0.3947102801403197,9.949279778392949,0.3681983925104837,-0.06491422625602894,-0.014107766063909288,0.38943433139305955,45.33333333333333,-8.098758576013942e-05,0.0,0.00010412689597716351,2.313931021702409e-05,0.00010412689597716351,0.0001619751715200568,0.0
1780518300,EURGBP,bullish_exhaustion,-0.073335426040236,0.859654160812829,2.5683695875642596,0.2221115515831009,1.101314463301811,0.8792029117187101,0.932989586853065,1.7087154267514304,-0.8311348284623405,0,-0.01744421211762885,58.29699387463902,0.45921875719795224,50.55555555558951,63.624338624369706,-13.0687830687802,99.27113741579444,-0.7093263513205557,-0.7261765255327646,62.60341974633345,-35.48387096773269,-0.01744421211762885,-0.04336018556549413,6.6347443526289185,-0.37037834335083275,0.6839654930767932,0.01419658174684555,-0.0006472966459336749,1.2338719504396745,0.7426369145331311,25.133318416952022,-0.5590851360411975,6.508940654776273,0.18396549307679322,-0.37037834335083275,0.008699125635394322,0.09492458744890582,14.666666666666666,5.783957615168589e-05,3.4703745690922716e-05,-1.1567915230270565e-05,-1.1567915230270565e-05,-2.313583046065215e-05,-1.1567915230270565e-05,0.0
1780518600,EURGBP,bullish_exhaustion,0.270627980934961,1.16708316778466,3.0073534381472773,0.5528630646074365,1.4499071327293012,0.8970440681218647,0.896455186849699,1.8402702703626173,-0.37481975359573316,0,-0.026861752107427868,60.607284951953645,2.3102910773146235,51.66666666669627,54.92063492066803,-3.253968253971756,97.57594985219632,-1.6951875635981253,-0.9858612122775696,72.84572105417918,-19.354838709665867,-0.026861752107427868,-0.008756575390039496,6.47307033187061,-0.1616740207583085,0.7466425889770699,0.013677516887304474,-0.0005190648595410768,1.2650085689857764,1.0799525739796876,24.809315510574347,-0.32400290637767526,7.481185908852108,0.24664258897706992,-0.1616740207583085,0.031136618546101946,0.17416044960099797,26.666666666666668,-2.313449237145715e-05,-6.94034771141494e-05,-6.94034771141494e-05,-8.097072329993349e-05,-6.94034771141494e-05,-8.097072329993349e-05,1.0
1780518900,EURGBP,bullish_exhaustion,0.08710988295380394,0.9015872885762712,2.8362977889890866,0.3344330058425984,1.221491041097827,0.8870580352552287,0.8144774056224673,1.9347105004128153,-0.4960663926573442,0,-0.051665091068668206,59.19466104545237,-1.412623906501274,63.33333333334235,55.18518518520938,8.148148148132975,96.40080872230928,-1.175141129887038,0.5200464337110873,63.13536650620165,-33.33333333333333,-0.051665091068668206,-0.023997009458681492,6.306525009587008,-0.16654532228360175,0.6898638364003612,0.013279220912674207,-0.000398295974630267,1.2794301256189282,0.8488028878065759,24.356883863065825,-0.45243164750852216,6.533129844735743,0.1898638364003612,-0.16654532228360175,0.01442155663315181,0.16214470789882238,23.333333333333332,-4.627005517698901e-05,-4.627005517698901e-05,-5.783756897126402e-05,-4.627005517698901e-05,-5.783756897126402e-05,-5.783756897126402e-05,1.0
1780519200,EURGBP,bullish_exhaustion,-0.3383431912942425,0.38731391635092466,2.443193991874294,-0.012113961199654917,0.8262710305751169,0.8383849917747718,0.7256571076451672,2.05588007552337,-0.8001755216182561,0,-0.09689015547104123,56.3650527539711,-2.8296082914812715,65.00000000001319,60.00000000001727,4.999999999995914,94.73112888274207,-1.669679839567209,-0.4945387096801568,44.14587332070619,-52.173913043444685,-0.09689015547104123,-0.04408168197858177,5.217491144851145,-1.089033864735863,0.5964516168708247,0.012992307076206867,-0.0002869138364673396,1.0855425884078134,0.46272846632392806,23.62776172291903,-0.7291221401467958,4.928765967565937,0.09645161687082471,-1.089033864735863,-0.19388753721111485,0.05830177126227397,7.333333333333333,0.0,-1.1568049048560347e-05,0.0,-1.1568049048560347e-05,-1.1568049048560347e-05,-6.940829429125106e-05,1.0
1780483500,EURJPY,bearish_exhaustion,-0.06727268822338939,-1.2847980619762374,-3.130716513595484,-0.44703480352587566,-1.4821168438598284,-1.035082040333953,-1.217525373752848,-1.8459184516192466,-0.6475823364742822,0,-0.015014363368125267,35.019046828817906,-3.3585394236140473,72.05014749262803,63.28771641586724,8.762431076760791,0.3480843733964186,0.2943899476533788,0.3411665314312196,-61.835697273472,-38.88888888888889,-0.015014363368125267,0.04104388316431877,30.97939269724596,-1.582858242644516,0.29733042537061316,0.04889892863225554,0.0003153570179223464,1.4146808659075671,-1.0770261344844485,57.4379586742587,0.5501960782837756,-29.026801133413887,0.20266957462938684,-1.582858242644516,-0.06662486456485572,0.996106991320205,100.0,0.00016717448162428816,5.9319977350424935e-05,0.0008466578585488715,0.0008035160568393707,0.0007657669803435851,0.0007981233316256553,1.0
1780484100,EURJPY,bearish_exhaustion,0.045494532297731594,-0.8380571739090206,-3.070880930109643,-0.28434153337362855,-1.2829519719954747,-0.9986104386218462,-0.8835517062067522,-2.2328237562006223,-0.4070563416128945,0,0.0777608719367812,37.44518204645889,-1.6199267933077621,76.40915251535024,75.66637433894407,0.7427781764061763,0.9558524996719235,0.6211917327112648,0.6346153391470248,-43.01342910313961,-26.824034334763475,0.0777608719367812,0.03149747916198135,25.110103061411557,-3.575489252101324,0.34973142324063183,0.045040885669173164,-0.0020907590997520376,1.2992946041923445,-0.8699371898028248,58.423258794042404,0.47440376137733864,-27.170427480717848,0.15026857675936817,-3.575489252101324,-0.0877838671664053,0.9830796884138617,96.66666666666667,0.0007872911791033665,0.0007441519364128624,0.0007064050990583937,0.0007387595310763828,0.000997594987220074,0.0010515190405833152,1.0
1780500600,EURUSD,bearish_exhaustion,0.6067911001078578,-0.5380214420961767,-2.299873111875957,0.10316557445283768,-0.8498913781374016,-0.9530569525902393,-1.1448125422040345,-1.7618516697797806,1.6450780936263332,1,0.05165492802392083,43.673987340227576,-0.9518785303709123,67.74074074074564,52.55127649117043,15.18946424957521,0.5366653553607607,0.5220795727593789,0.5350167410825176,-21.010101010053837,-53.79310344826963,0.05165492802392083,0.07383495541831385,20.949169030519446,-2.8917254643511754,0.4179421914112176,0.031956690375760356,-0.00026883404089068225,1.567696893289077,-0.4794795864975141,33.61775566541668,-0.9125223649138121,-9.995357542011039,0.08205780858878242,-2.8917254643511754,-0.1875048700001054,0.805976742457248,74.66666666666667,9.480061706579335e-05,-4.309118957546154e-05,-0.0003361112786880449,-0.00012065533081107027,-6.0327665405535136e-05,0.0,0.0
1780501200,EURUSD,bearish_exhaustion,0.27347936210188883,-0.3168028254051464,-2.363836466481964,-0.07916870303656505,-0.8773668226446747,-0.7981981196081096,-0.5902821875070352,-2.0470336410768177,1.1936480609301656,1,0.14368708432096156,43.214635117362256,-2.735576201810126,71.09279609278914,73.06376339709657,-1.9709673043074218,4.401824611500398,2.8313266453687307,1.7974940345978236,-5.182547265364617,-36.08247422680648,0.14368708432096156,0.01987326508854035,16.216050276597127,-2.338472275708032,0.4378223674186553,0.031829807292673096,-5.73577400602987e-05,1.230063697331712,-0.5422376742837608,31.497197253727073,-1.006765953230996,-7.58942885913233,0.06217763258134468,-2.338472275708032,-0.16834751948668392,0.46185273204826854,50.66666666666667,-0.0002930327162409263,-7.756748371079425e-05,-1.7237218602361715e-05,4.309304650607082e-05,-0.00021546523253013206,0.0003016513255422737,0.0
1780501500,EURUSD,bearish_exhaustion,-0.6028727961870815,-1.014399009236114,-3.111347865537184,-0.8189432103772105,-1.6116038057880586,-0.7926605954108481,-0.4115262130490326,-2.09694885630107,0.09846600805556385,1,0.09529985670106675,38.03301388462623,-5.181621232736028,50.34965034964478,67.26673326672962,-16.917082917084834,8.365466687594221,3.963642076093823,1.132315430725093,-50.47143649468676,-75.82417582418735,0.09529985670106675,-0.04379542523580202,14.722087328450346,-1.4939629481467804,0.27345150711565636,0.03289020826644076,0.0010604009737676667,1.0724874808755673,-1.2812447972344916,31.416688410856686,-0.08050884287038684,-13.187853257751225,0.22654849288434364,-1.4939629481467804,-0.15757621645614472,0.658537327415607,62.66666666666667,0.00021552838939942198,0.00027587633843140225,0.00033622428746316046,7.759022018372086e-05,0.0005948583547426001,0.00014655930479157142,1.0
1780503300,GBPAUD,bullish_exhaustion,-0.3606239992682045,0.7428237933639883,2.859409265989151,0.06463761253315525,1.0207287703157406,0.9560911577825854,1.1034477926321928,2.1165854726251627,-2.1061058008516103,0,-0.02407519109023741,59.54658670222339,1.0528362970185228,21.250356429999705,30.588536691905706,-9.338180261906,99.67602373729433,-0.323976240429829,-0.32397626153651515,32.83444623535066,-45.60260586318856,-0.02407519109023741,-0.06388721066469537,17.575914459953403,-0.5652645546674009,0.6459650965177028,0.03452786621262418,2.7665650347979964e-06,1.235203124650785,0.6421176884121973,43.36763351767451,-1.680172564936747,7.729933908871434,0.14596509651770284,-0.5652645546674009,-0.035795486731627024,0.6372799423480283,60.66666666666667,0.00013835085777524903,1.5963560512588515e-05,-1.0642373675096017e-05,-4.789068153765452e-05,-7.449661572522803e-05,-0.00022881103401306557,0.0
1780503600,GBPAUD,bullish_exhaustion,-0.058101850496200626,1.0277746256671347,3.2109909160657715,0.40119982967962314,1.3410617677359022,0.9398619380562792,1.0858764761633355,2.183216290398637,-1.6167012635768951,0,-0.04709659335145479,62.22922017080776,2.6826334685843705,30.781946843943626,26.80850561559934,3.973441228344285,99.14750652863736,-0.5285172086569645,-0.20454096822713552,54.38388338697664,-40.425531914893284,-0.04709659335145479,-0.022565369502981325,17.171633712882155,-0.4042807470712475,0.7028606067230219,0.03388130946207159,-0.0006465567505525918,1.2418431382423631,0.9613674000300356,42.203037194055085,-1.1645963236194277,9.893569620333512,0.20286060672302186,-0.4042807470712475,0.0066400135915780645,0.8059333175978587,74.0,-0.00012237036721751693,-0.0001489726209604747,-0.00018621577620059337,-0.00021281802994344012,-0.0003671111016525508,-0.0001702544239547965,1.0
1780504200,GBPAUD,bullish_exhaustion,-0.5454023091182562,0.39830895908319797,2.670818580411039,-0.039761560670711925,0.8076707923078785,0.8474323529785904,0.9437112682014541,2.272509621327841,-1.9246625690500734,0,-0.13394225305775068,57.72841561419036,-0.8030767768630369,52.49582273461311,42.4918732195878,10.003949515025305,98.77315601711646,-0.455344577197323,-0.5363386428737442,26.549163063911944,-60.42553191489644,-0.13394225305775068,-0.038357474787511954,15.947729905359216,-0.6679546737426616,0.5804242462441749,0.03219660634247635,-0.0006747511930950065,1.2415467482684117,0.4423338358275912,39.51445345791796,-1.6071728642048058,6.617340489819343,0.08042424624417488,-0.6679546737426616,-0.014173098072054913,0.6761690226866368,64.0,-3.7248704277237366e-05,-6.385492161797846e-05,-0.00021817098219512054,-2.1284973872770507e-05,0.0003937720166449221,0.0002554196864723579,1.0
1780504500,GBPAUD,bullish_exhaustion,-0.5988481294012746,0.17146506269105705,2.515162143483611,-0.13578596278266797,0.6614179160430024,0.7972038788256703,0.7703131920923316,2.3436970807925537,-1.98993494010666,0,-0.1726964605704071,56.55843788548896,-1.1699777287014044,52.43392929036519,49.70920070172832,2.7247285886368715,96.64707746161478,-2.126078555501678,-1.670733978304341,16.61506707944996,-72.68292682927195,-0.1726964605704071,-0.03442767501031117,14.762814051641572,-1.1849158537176443,0.5362284243792785,0.031190312530440856,-0.0010062938120354928,1.201805207804009,0.3050798060394475,38.022078655442066,-1.4923748024758936,6.343155330857462,0.036228424379278534,-1.1849158537176443,-0.039741540464402814,0.5317759871772149,55.333333333333336,-2.6607208424844764e-05,-0.00018092901728938848,1.596432505501788e-05,0.0004310367764834844,0.00029267929267406956,0.000707751744102536,1.0
1780504800,GBPAUD,bullish_exhaustion,-0.4551507165275033,-0.014710194260534859,2.332863748589955,-0.18976328600818193,0.5410943548238454,0.7308576408320273,0.4404405222669684,2.34757394285049,-1.9917551788579657,0,-0.20237236232032454,55.69023021704941,-0.8682076684395454,46.072573675280275,50.33410856675286,-4.261534891472586,88.46452153406062,-8.182555927554162,-6.056477372052484,3.6603917094869,-78.57142857142372,-0.20237236232032454,-0.027196873444001946,13.693235296917807,-1.0695787547237643,0.4966966715847399,0.03074973522283848,-0.00044057730760237515,1.1358415943759752,0.20169732310232724,36.291817629117375,-1.7302610263246905,4.614857944129248,0.0033033284152600983,-1.0695787547237643,-0.0659636134280337,0.4052636389942195,46.666666666666664,-0.0001543259150462717,4.25726662196535e-05,0.0004576561618612196,0.0003192949966472902,0.0007343784922890784,0.0007716295752311364,0.0
1780510200,GBPAUD,bullish_exhaustion,-0.8683424676164798,0.6710719678744314,3.050295102271161,-0.33043991856967325,0.9073969825028402,1.2378369010725134,1.5394144354909112,2.37922313439673,-1.9198646849953327,0,-0.06307995188333465,56.907453204069625,-5.720679405179901,27.889908256880275,51.02251162102243,-23.132603364142156,99.56423159026592,-0.2638648652203557,-0.41025178733129053,38.71551657406135,-42.41245136186972,-0.06307995188333465,-0.11690175582384273,22.359233322974582,-0.9544740121793609,0.5906014021801375,0.03018107882914314,-0.00035232567343523175,1.8855869890520462,0.390834748456735,32.31842889065402,-2.0791584070781326,2.2122182166034214,0.09060140218013746,-0.9544740121793609,-0.050473193397211125,0.1193265624551082,21.333333333333336,-0.00015416183803440564,4.7843329045171856e-05,3.721147814617076e-05,-0.00010100258353984426,-3.189555269678124e-05,0.00012226628533751338,0.0
1780510500,GBPAUD,bullish_exhaustion,-1.4250593626985038,0.014394539016773218,2.4798192091813474,-0.7271559019207886,0.3751462378750163,1.1023021397958048,1.439453901715277,2.465424670164574,-2.4423934077364584,0,-0.18132942794697876,53.11909118780031,-3.7883620162693177,9.001019367993576,29.58092649224038,-20.5799071242468,96.91128334945782,-2.652948240808101,-2.389083375587745,12.75024143240299,-59.48275862069394,-0.18132942794697876,-0.11688950602871657,21.006936072876698,-1.3522972500978838,0.50202476655687,0.029548678605513617,-0.0006324002236295229,1.8231413755994188,-0.11087052150009614,30.19560401279234,-2.122824877861678,-1.114576604846853,0.0020247665568700057,-1.3522972500978838,-0.062445613452627446,0.09732835907706147,17.333333333333336,0.00020203631336901395,0.00019140282319174418,5.316745088657093e-05,0.00012228513703926858,0.00027647074461012444,0.0004678735678018686,0.0
1780510800,GBPAUD,bullish_exhaustion,-0.6769858934218207,0.5118013354265646,3.017371259376004,-0.036858079507706684,0.9837083847131401,1.0205664642208467,1.1887872288483854,2.5055699239494396,-1.6664756964308547,0,-0.2138640363987719,57.14491671338523,4.025825525584921,12.638766704369113,16.509898109747656,-3.8711314053785433,89.16778989731512,-7.743493452142701,-5.090545211334586,13.916589106035605,-43.10344827586504,-0.2138640363987719,-0.031932130678368795,19.344394933370193,-1.662541139506505,0.5779150708776422,0.02944487755417374,-0.00010380105133987738,1.6826096770832053,0.5200331455143292,28.483801292352428,-1.7118027204399127,-2.585799047245157,0.07791507087764216,-1.662541139506505,-0.1405316985162135,0.28451398528587674,38.666666666666664,-1.0631342260092325e-05,-0.0001488387916416256,-7.973506695080346e-05,7.441939582086832e-05,0.00026578355650297425,0.0002976775832832512,1.0
1780511100,GBPAUD,bullish_exhaustion,-0.6213042962626573,0.2722884792350084,2.941089855442,-0.0639993926047151,0.9095369568714734,0.9735363494761885,0.8935927754976657,2.668801376206992,-1.6051317146645743,0,-0.24487527895614022,56.86812129927345,-0.2767954141117812,23.267376966006935,14.969054346123208,8.298322619883727,76.1810715115029,-12.98671838581221,-5.243224933669495,16.063222093374357,-61.81818181817741,-0.24487527895614022,-0.02318039001153698,16.43345343402989,-2.9109414993403036,0.547068511833723,0.028405108225029296,-0.0010397693291444438,1.5019029728745616,0.45387084779546016,26.76941436475327,-1.7143869275991577,-1.820661238000092,0.04706851183372296,-2.9109414993403036,-0.18070670420864365,0.19387542059717727,30.666666666666664,-0.0001382089187279556,-6.910445936392229e-05,8.505164229410944e-05,0.00027641783745568915,0.00030831220331606346,-6.910445936392229e-05,1.0
1780511400,GBPAUD,bullish_exhaustion,-0.912386574632268,-0.3789043419442514,2.323946630593306,-0.4692708790993693,0.3945086249119701,0.8637795040113394,0.5334822326880168,2.7028509725375574,-1.9557019317351187,0,-0.29084025393291757,53.256657796376814,-3.6114635028966333,31.894827946394482,22.60032387225684,9.294504074137642,53.88912403717413,-22.29194747432878,-9.305229088516576,-15.008090614881091,-85.33333333334141,-0.29084025393291757,-0.044172604527815205,13.785277466986527,-2.648175967043363,0.4224901515506164,0.02820260496679487,-0.0002025032582344266,1.2684541093261843,-0.029795667119476225,25.73278564263882,-1.0366287221144503,-5.0692317616091955,0.07750984844938358,-2.648175967043363,-0.23344886354837735,0.1892778130668129,29.333333333333332,6.911401153675278e-05,0.0002232914218878168,0.00041468406922029466,0.00044658284377585566,6.911401153675278e-05,0.00015417741035128607,0.0
1780511700,GBPAUD,bullish_exhaustion,-0.5956465912587212,-0.24018007712029385,2.472894074033269,-0.19337244807757425,0.6036129403230565,0.7969853884006307,0.3554665141384274,2.7130741511535628,-1.5986528364450232,0,-0.3039162199991846,54.802218803044624,1.5455610066678105,40.59424536097955,31.91881675779366,8.675428603185889,34.8438561592984,-19.04526787787573,3.2466795964530455,-25.49355243638303,-76.66666666666272,-0.3039162199991846,-0.007468607149302734,12.604384871423454,-1.1808925955630727,0.44728281242878165,0.027667235522747483,-0.0005353694440473865,1.1879749816060685,0.1985202847626306,24.81384337644184,-0.9189422661969786,-5.072388360932127,0.05271718757121835,-1.1808925955630727,-0.08047912772011578,0.11524206806867353,20.666666666666668,0.00015416675526824797,0.00034554617560123013,0.00037744274565665314,0.0,8.505752014786871e-05,-2.126438003702269e-05,0.0
1780523100,GBPAUD,bullish_exhaustion,0.4810497998463946,1.4318747948545538,2.096324830891635,0.752827163902988,1.5192871188590344,0.7664599549560465,0.9508249950081592,0.6644500360370815,1.0175297655036641,1,0.08596755687672229,63.61387827396039,2.346451030022493,85.85858585860336,78.4907479352005,7.36783792340286,64.31104075956983,-2.3445454601184395,-5.187194928782432,94.11003236245375,-7.407407407401316,0.08596755687672229,-0.006157192563729811,6.0745340254144775,-0.42265196966913,0.8333416258405951,0.014138702060703648,-0.0005570124174536888,1.185525296719448,1.2191360639961406,16.544806516950736,-0.17333052466850063,5.498754818508164,0.3333416258405951,-0.42265196966913,-0.020713093500060564,0.4915952850912172,32.45614035087719,2.1254436863626935e-05,3.719526451151367e-05,0.00010627218431835672,0.00011689940275028121,6.90769198070651e-05,7.439052902302734e-05,0.0
1780523400,GBPAUD,bullish_exhaustion,0.5309003040857854,1.4522816289303095,2.303645667293208,0.7822859878886975,1.5825099472253643,0.8002239593366668,0.9213813248445241,0.8513640383628986,1.017344413975007,1,0.08290734526335446,64.53927391239226,0.9253956384318727,79.62962962963421,81.07571440905711,-1.446084779422904,61.456523540342594,-2.8545172192272403,-0.5099717591088009,107.49292809684607,-11.235955056202762,0.08290734526335446,-0.005093816113511272,5.957574557723711,-0.1169594676907666,0.8367557130076344,0.013811679538944542,-0.00032702252175910614,1.192930255349553,1.2683490429274302,16.96654596243598,0.4217394454852439,9.073874874543728,0.3367557130076344,-0.1169594676907666,0.007404958630105041,0.3168001481567896,9.649122807017543,1.5940488841792444e-05,8.501594048881955e-05,9.564293305008853e-05,4.782146652515529e-05,5.3134962805678754e-05,6.907545164724915e-05,0.0
1780523700,GBPAUD,bullish_exhaustion,0.46677137452815426,1.360789128161038,2.3654768689798455,0.7432394665787558,1.5383065594486192,0.7950670928698633,0.8940177536328838,1.0046877408188073,0.8888725940835037,1,0.07455398745842166,65.25303763479288,0.7137637224006141,78.20686540199303,81.23169363007686,-3.024828228083834,59.74262552813805,-1.7138980122045453,1.140619207022695,98.19121447036478,-14.814814814802633,0.07455398745842166,-0.00656857315248734,5.687892752653166,-0.26968180507054473,0.8377643334690799,0.014115326520520692,0.00030364698157614965,1.090195611658647,1.2250234316521162,16.706264133486012,-0.2602818289499673,5.286703425259599,0.33776433346907986,-0.26968180507054473,-0.10273464369090601,0.24703877792376208,5.263157894736842,6.90743505682434e-05,7.970117373257146e-05,3.1880469492984176e-05,3.719388107525923e-05,5.313411582164029e-05,0.00014346211271876186,0.0
1780524000,GBPAUD,bullish_exhaustion,0.8996868504766401,1.674627204877395,2.842708031755429,1.0473749154343261,1.885402358059359,0.838027442625033,0.7749403544007548,1.1680808268780338,1.3230688977590241,1,0.0915749920839172,68.23663448584301,2.9835968510501374,74.16646136158187,77.33431879773637,-3.167857436154506,46.7735286726935,-12.969096855444548,-11.255198843240002,126.79551419722911,-10.84337349396817,0.0915749920839172,0.016705866140241478,5.618936994277509,-0.06895575837565726,0.9189818937738986,0.01405494157276786,-6.038494775283121e-05,1.075005569737549,1.557662683275768,16.88562375949487,0.17935962600885702,7.629972967948692,0.4189818937738986,-0.06895575837565726,-0.015190041921098185,0.5042390879541154,35.96491228070175,1.0626089174126108e-05,-3.71913121095524e-05,-3.187826752237832e-05,-1.593913376118916e-05,7.43826242191048e-05,-1.062608917423713e-05,1.0
1780524300,GBPAUD,bullish_exhaustion,0.8794884229312949,1.575907367271433,2.865697899957724,0.9488131622719403,1.8130718805864598,0.8642587183145195,0.6964189443401382,1.2897905326862908,1.396612517102892,1,0.09512466477651299,68.68217400293875,0.4455395170957388,70.99634208977942,74.45655628445144,-3.4602141946720195,46.13682563395297,-0.636703038740535,12.33239381670402,141.2291994470274,-23.913043478271888,0.09512466477651299,0.0036845674082736798,5.5645697022018545,-0.05436729207565438,0.8987127130122748,0.014075526205851313,2.0584633083452555e-05,1.054291490016081,1.475540663913191,17.623327779646583,0.737704020151714,11.118783103752792,0.39871271301227484,-0.05436729207565438,-0.020714079721467993,0.12145998117951093,0.8771929824561403,-4.7816893177010655e-05,-4.2503905046231694e-05,-2.656494065389481e-05,6.375585756956959e-05,-2.1251952523115847e-05,-2.1251952523115847e-05,1.0
1780476300,GBPCAD,bearish_exhaustion,-0.6330546747259942,-2.1809505562212186,-3.4653309958790985,-1.1780902070726995,-2.131637482175802,-0.9535472751031023,-1.5478958814952246,-1.2843804396578797,0.6045571266625448,1,-0.06533772018031762,37.155241315716665,-9.786775540572734,71.76220478972375,77.43931617828976,-5.677111388566004,0.6500115621089086,0.6041071969451915,0.6440381603738418,-68.16724714523498,-79.04191616767439,-0.06533772018031762,-0.02733279084907304,15.88163897161265,-0.08288461431697591,0.21357485896345116,0.020866914478208806,0.0017895867786427051,1.7097713601563418,-1.787255738176982,40.224939045940594,0.41847992910518883,-19.734787082058737,0.2864251410365488,-0.08288461431697591,-0.1988819927871608,0.5203126103056461,54.0,0.00012350717415587908,0.00041348053956524744,0.0004242202938398165,0.0005477274679954736,0.0005906864850933058,0.0005423575908585221,1.0
1780510200,GBPCAD,bullish_exhaustion,-0.8678901945721165,0.3991323376155209,2.5628667909881595,-0.3515714693487369,0.7366430651239558,1.0882145344726928,1.2670225321876374,2.1637344533726384,-2.1583910995614493,0,-0.06442846830112954,56.452203529574156,-0.834594546253939,18.98576407348668,44.29675894230254,-25.310994868815857,99.4264667359181,-0.5730341906040906,-0.5734883616911759,28.188811367504556,-64.45497630331714,-0.06442846830112954,-0.10674641347041777,23.06795218878709,-2.220101157380359,0.5573048141002519,0.033115081570132245,-0.0001539721591056059,1.7392913621695518,0.3105857335710472,38.81523419855985,-1.158014628319549,10.077519099971731,0.0573048141002519,-2.220101157380359,-0.1542353214841834,0.30080708542405504,40.666666666666664,-0.00015549764608746575,2.144795118441678e-05,5.361987795993173e-06,-0.00018766957286409092,-0.00035925318233986925,-0.0002680993898058759,0.0
1780510500,GBPCAD,bullish_exhaustion,-1.3139518440809492,-0.2330937299167392,2.097014054190088,-0.7119020572263948,0.25337557494712326,0.9652776321735179,1.0808581141642102,2.3301077841068274,-2.593528584361885,0,-0.1725761445440858,52.47306672092942,-3.979136808644739,6.467477762097584,23.437650009540874,-16.97017224744329,97.83471717173072,-1.5917495641873813,-1.0187153735832908,-3.204053500233617,-84.61538461538724,-0.1725761445440858,-0.10656274753735112,20.911336038648027,-2.1566161501390617,0.46397075350038053,0.0323250414947046,-0.0007900400754276421,1.6317379595696295,-0.1473790590019423,37.20345047995378,-1.6117837186060697,6.980846639665089,0.03602924649961947,-2.1566161501390617,-0.1075534025999223,0.3112337812525204,42.66666666666667,0.00017697311617470568,0.00016088465106789407,-3.217693021362322e-05,-0.0002037872246861694,-0.00011261925574768128,3.753975191589376e-05,0.0
1780510800,GBPCAD,bullish_exhaustion,-0.7078545467731643,0.10851543759374836,2.5933520116921853,-0.14000175648475832,0.7461984020585507,0.886200158543309,0.8163699843669127,2.484836574098437,-1.8933159187236146,0,-0.2070501468110643,56.25198059448013,3.7789138735507137,14.394703233179152,13.282648356254471,1.112054876924681,93.79119982539208,-4.043517346338632,-2.4517677821512507,-2.7362716956850592,-68.39378238342316,-0.2070501468110643,-0.03338820027720062,17.583828051484073,-3.327507987163955,0.5198212742873388,0.0321172488813561,-0.00020779261334850224,1.3831678410690547,0.36427361089869736,35.862570722185225,-1.3408797577685547,7.596228664957184,0.01982127428733882,-3.327507987163955,-0.24857011850057487,0.4896507075187054,52.0,-1.6085618384731326e-05,-0.00020911303900217337,-0.00038069296844001066,-0.00028954113092616307,-0.0001394086926681526,-4.2894982359320544e-05,1.0
1780511100,GBPCAD,bullish_exhaustion,-0.686600152905906,-0.14859257040529536,2.5260736968858497,-0.16455030499586573,0.6594114847774651,0.8239617897733308,0.5380075825006106,2.674666267291145,-1.769031346974698,0,-0.23559614484232314,55.81748094249242,-0.4344996519877071,21.83120493519124,14.231128643489328,7.600076291701914,87.89574141554603,-5.895458409846057,-1.8519410635074252,-16.90460004532976,-75.41899441341052,-0.23559614484232314,-0.02377211984343199,13.011903217222885,-4.571924834261187,0.4641506189492827,0.03139392741336759,-0.000723321467988508,1.056159130432985,0.29082097988650113,34.617468089971574,-1.2451026322136514,7.2162740766885545,0.03584938105071728,-4.571924834261187,-0.32700871063606973,0.3877886931419268,44.666666666666664,-0.000193030525632798,-0.00036461321508429734,-0.000273459911313223,-0.00012332505804313332,-2.6809795226734323e-05,-8.042938568031399e-05,1.0
1780515000,GBPCHF,bullish_exhaustion,-0.15715747248474146,0.8623512592713936,4.308532553336031,0.26688132956757865,1.5599128836911902,1.2930315541236115,1.019508731756135,3.4461812940646372,0.844518381083049,1,-0.10519699516281046,61.69121060741574,-1.70029318094479,51.106025934385315,68.49733028222167,-17.391304347836353,99.71685265395958,-0.2831473460404226,-0.2831473460404226,64.34446057089501,-22.222222222231363,-0.10519699516281046,-0.049969903801188195,10.982502992311675,-2.1898350385739143,0.6833267149669036,0.02334293460183333,-0.0009261809693058703,1.2871149677264209,1.0034347006953415,34.36306211529765,-0.09630776780387151,11.505729718153258,0.18332671496690356,-2.1898350385739143,-0.17983149860728398,0.07213929950550413,10.666666666666668,0.00011287743391985572,0.0001410967923995976,7.525162261323715e-05,8.465807543989179e-05,-5.643871695981684e-05,9.406452826654643e-06,0.0
1780515300,GBPCHF,bullish_exhaustion,0.3452666013597166,1.2022676297311419,4.7112449818750815,0.6476968331606557,1.9299687981476727,1.2822719649870171,0.8570010283714253,3.50897735214394,1.1625030352241017,1,-0.11514922838875677,64.1747866896725,2.4835760822567607,48.15546772068196,57.583590802500375,-9.428123081818413,97.11276979245483,-2.60408286150475,-2.3209355154643276,68.98221517874717,-7.594936708853643,-0.11514922838875677,-0.007847136179309407,10.423344868847387,-0.5591581234642877,0.7640068042076038,0.02288240030135707,-0.0004605343004762605,1.2473396608126883,1.3722998214266913,34.02582059113299,-0.3372415241646607,10.016905092852921,0.2640068042076038,-0.5591581234642877,-0.039775306913732544,0.20346111111848064,31.333333333333336,2.82161735105646e-05,-3.762156468090083e-05,-2.8216173510675624e-05,-0.00016929704106405374,-0.00010345930287247729,-6.583773819157646e-05,1.0
1780515600,GBPCHF,bullish_exhaustion,0.4332738603967435,1.1801554673661585,4.659550887236456,0.6549455329344548,1.9086309737888738,1.253685440854419,0.7468816069694151,3.479395419870298,1.121092326594613,1,-0.11936781259118516,64.78936550230542,0.6145788126329137,57.87768994292088,52.37972786599605,5.4979620769248285,93.01892154154046,-4.0938482509143626,-1.4897653894095981,73.54345749759104,-8.33333333331483,-0.11936781259118516,-0.003767518767620683,10.117250978532294,-0.3060938903150934,0.7659407891766669,0.022792471427181514,-8.99288741755544e-05,1.2064366396580686,1.3584710115376102,33.979795763404844,-0.04602482772814653,11.10631233125581,0.26594078917666686,-0.3060938903150934,-0.040903021154619745,0.28519111404170955,39.33333333333333,-6.583588055486533e-05,-5.64307547612497e-05,-0.00019750764166470702,-0.0001316717611098417,-9.405125793560121e-05,-0.0001786973900776978,1.0
1780515900,GBPCHF,bullish_exhaustion,0.038645181143373585,0.7965201224427472,4.3514473966712135,0.3223475042800035,1.5606746991818976,1.2383271949018941,0.7578749412993736,3.5549272742284663,0.672642825544117,1,-0.15236663277837992,62.1118929172793,-2.6774725850261163,67.29797979802417,57.777045820542334,9.520933977481839,88.64176430823589,-4.3771572333045725,-0.28330898239020996,64.45658026299655,-23.07692307690994,-0.15236663277837992,-0.02815368059831835,9.661692687606388,-0.4555582909259055,0.6806174376660517,0.021904854048660292,-0.0008876173785212216,1.213603152716906,1.0070341273009469,33.93705842337156,-0.042737340033284,10.731609158988846,0.18061743766605165,-0.4555582909259055,0.00716651305883742,0.21615145036367311,34.0,9.405745029056334e-06,-0.0001316804304068997,-6.584021520350536e-05,-2.8217235087169e-05,-0.00011286894034889805,0.0,1.0
1780516200,GBPCHF,bullish_exhaustion,0.07513706940169165,0.7182219869216425,4.299608300783072,0.3181526611131351,1.5283700527131439,1.2102173916000087,0.6430849175199508,3.58138631386143,0.5653816794265342,1,-0.1770067519778792,62.35125669670485,0.23936377942555254,61.111111111167645,62.0955936173709,-0.984482506203257,75.94479844745597,-12.696965860779926,-8.319808627475354,69.96745699682671,-27.499999999961144,-0.1770067519778792,-0.0201719778391853,8.901219158883924,-0.7604735287224642,0.6717352203388164,0.021280595959658543,-0.0006242580890017495,1.15726169652291,0.9778337443222861,34.12987807331803,0.19281964994647183,11.835800395549445,0.17173522033881639,-0.7604735287224642,-0.05634145619399589,0.17850983533985953,27.333333333333332,-0.00014108484842789704,-7.524525249491543e-05,-3.7622626247513224e-05,-0.00012227353530425145,-9.405656561933817e-06,-0.00016930181811347644,1.0
1780476000,GBPJPY,bearish_exhaustion,0.5515211778107193,-0.889019211992438,-2.4184615229920317,0.1001500544778103,-0.9362677957334625,-1.0364178502112729,-1.4405403898031575,-1.5294423109995936,3.001674589379099,1,-0.04031918482454999,43.64934248484239,0.13880471142526574,86.87932633414282,64.88261677802251,21.996709556120308,0.5921267109632256,0.490654096910901,0.5780950419900329,-43.75332769581104,-39.919354838707,-0.04031918482454999,0.10319032067868955,15.682303019716189,-0.3454530749683098,0.3719371990464805,0.022594821785744113,-2.1311053990311773e-05,1.5788771198425968,-0.5383544673799371,36.48963186048295,-0.8237160224954323,-11.500248026935754,0.12806280095351952,-0.3454530749683098,-0.01686153536293089,0.826739502706353,75.33333333333333,-0.00011624554779554597,0.00016739358882555955,0.000497530944564728,0.00037198575294561387,0.0003254875338274399,0.0002464405613264997,1.0
1780476300,GBPJPY,bearish_exhaustion,0.14785058997210357,-1.170816834100775,-2.7576133010665713,-0.3403754643755532,-1.3041625366409837,-0.9637870722654305,-1.3186674240728784,-1.5867964669657966,2.2814065305776587,1,0.002641288009570897,40.940904520418,-2.708437964424391,84.95191707256741,80.16550850082069,4.786408571746719,1.9261832543362787,1.3340565433730531,0.8434024464621521,-60.39200712739893,-50.0,0.002641288009570897,0.041786232860324735,14.97700489928122,-0.7052981204349695,0.3180964739357647,0.023275309537267603,0.0006804877515234897,1.4650504077266604,-0.9248212736778673,36.34005557331787,-0.14957628716508253,-15.648174759163883,0.18190352606423532,-0.7052981204349695,-0.11382671211593642,0.7006745674430781,66.0,0.0002836721122412289,0.0006138478494399635,0.0004882880620544761,0.00044178443709697035,0.0003627282746689886,0.0004650362495757232,1.0
1780476000,GBPUSD,bearish_exhaustion,0.25959923058738404,-1.2170320364650857,-2.8478806682226048,-0.16045893532080155,-1.259397359145784,-1.0989384238249824,-1.47663126705247,-1.6308486317575188,2.5625785435175223,1,-0.0749494495869871,41.05288413069898,-0.6790717243160742,80.39849672779137,59.93177429814133,20.46672242965004,0.09664326225357223,0.03752100673069093,0.0887860200478689,-55.774766016683216,-47.692307692303835,-0.0749494495869871,0.09031479925141868,20.34587139320236,-0.485286141064293,0.3269846016838068,0.028934231137354927,6.446020656608598e-06,1.6021622417124863,-0.8460304427279489,42.578812050520405,-0.5409323331658271,-14.21042235500757,0.17301539831619323,-0.485286141064293,-0.022637887964585657,0.9390781204645207,90.66666666666666,-0.0001264278914802075,2.2310804378866678e-05,0.00023798191337442987,0.00013386482627320007,0.00023798191337442987,0.0003644098048547484,1.0
1780476300,GBPUSD,bearish_exhaustion,-0.04873762057469973,-1.437759806971014,-3.1653801994688395,-0.5044860477797143,-1.56754321017693,-1.0630571623972158,-1.3890221863963144,-1.7276203924978255,1.9985502601380203,1,-0.032896409407908764,38.744437349052944,-2.3084467816460332,81.3022242686863,75.15926967601138,6.142954592674926,0.1586935164254304,0.062050254171858166,0.024529247441167218,-66.86481341181681,-54.3010752688156,-0.032896409407908764,0.04190282320593296,19.50723619574498,-0.8386351974573785,0.28637713175354246,0.028996004757846472,6.177362049154464e-05,1.545816137820261,-1.1584645968935536,42.43357399553843,-0.14523805498197362,-16.283755740716785,0.21362286824645754,-0.8386351974573785,-0.056346103892225274,0.8931428461769252,86.66666666666667,0.00014875750295662016,0.00036445588224354175,0.00026032563017386323,0.00036445588224354175,0.0004908997597565801,0.0004611482591652116,1.0
1780514700,GBPUSD,bearish_exhaustion,-0.7132038425961219,-1.0774628603633902,-2.0691662402687436,-0.7820613704861948,-1.3895965729722317,-0.607535202486037,-0.36425901776726827,-0.9917033799053536,-2.450270870270211,0,-0.005062160109367832,40.45595669403473,-1.6052412450338096,5.370356107078095,22.2617656811337,-16.891409574055604,54.70350483999273,10.933180667508474,-2.43056080535694,-80.29815348128247,-83.58208955223213,-0.005062160109367832,-0.029759710587125194,15.274411261546122,-1.2803893660991488,0.25977553194916725,0.03406738474495895,-0.0012409335475932412,1.1687107202316538,-1.1367969098901831,18.21272100008219,-0.6793575705803789,-3.7538442309426756,0.24022446805083275,-1.2803893660991488,-0.03737287998723415,0.8842424362888444,83.33333333333334,2.2359192982213116e-05,8.198370760115203e-05,-2.981225730958048e-05,-0.00016396741520285918,-2.981225730958048e-05,-0.00011924902923854397,1.0
1780515000,GBPUSD,bearish_exhaustion,-0.6650458849717001,-0.874412182092356,-2.01349919113246,-0.6204712267169578,-1.2547338426202113,-0.6342626159032536,-0.20936629712065596,-1.1390870090401037,-2.3878953930432862,0,-0.014092398294405296,40.975793151739175,0.519836457704443,12.281051849551133,12.00191596401163,0.2791358855395032,58.73931783852845,4.035812998535718,-6.897367668972748,-91.18589743595358,-80.74074074073233,-0.014092398294405296,-0.008911143328771421,13.992612372689484,-1.2817988888566383,0.2920681501031583,0.03328357731317195,-0.0007838074317869995,1.1029068359051832,-0.9919496461250057,18.013784269390573,-0.19893673069161721,-6.286761898174337,0.20793184989684171,-1.2817988888566383,-0.06580388432647055,0.9476676902639296,92.66666666666666,5.9623181492884925e-05,-5.217028380632982e-05,-0.00018632244216554295,-5.217028380632982e-05,-0.00014160505604587925,-0.00010434056761265964,0.0
1780518300,GBPUSD,bearish_exhaustion,0.06732956163127983,-0.6915307059277068,-2.4070318283381873,-0.12671365301599505,-0.9201892848132878,-0.7934756317972927,-0.7588602675589866,-1.7155011224104806,-1.3798451310441344,0,0.034454661142100614,42.46498028144062,1.4290284522263406,45.38606403011921,27.358329053237043,18.027734976882165,3.9855292752210962,1.735097844765566,3.3512126894030394,-68.0391664574771,-54.92957746480547,0.034454661142100614,0.04196263149688104,10.641510964034385,0.08913044968489281,0.32736317291572437,0.026570826635023883,-0.000955684452960473,1.0828457109442269,-0.579405891528213,16.73571348488856,-0.18362540889540568,-5.246025704649286,0.17263682708427563,0.08913044968489281,0.0573251787446456,0.8628336724254513,80.0,-0.00015653768458390172,-3.727087728178091e-05,-2.9816701825446934e-05,7.454175456400591e-05,0.00014908350912778978,5.963340365111591e-05,0.0
1780518600,GBPUSD,bearish_exhaustion,-0.4279919947150402,-1.2179101057684163,-2.981007329637322,-0.620189725211579,-1.4309130759135302,-0.8107233507019513,-0.7899181110533761,-1.7630972238689055,-1.782825600447152,0,0.029591348166154764,38.91052239787329,-3.5544578835673306,45.64164648908997,38.905601617454515,6.736044871635457,12.495882712840267,8.51035343761917,6.775255592853604,-90.11362693870588,-84.28571428570477,0.029591348166154764,-0.005686559188801373,10.950118997264973,0.3086080332305876,0.21141260633262618,0.025954832005779402,-0.0006159946292444811,1.1453713702221446,-1.0825115945379393,16.906185385953382,0.1704719010648219,-7.039438104360876,0.28858739366737385,0.3086080332305876,0.06252565927791776,0.882452176598983,82.66666666666667,0.00011928547997497319,0.00012674082247343676,0.0002311156174514828,0.00030566904243589654,0.00021620493245455563,0.00032057972743260166,1.0
1780518900,GBPUSD,bearish_exhaustion,0.04112648303642343,-0.6668365463782046,-2.4928523932004927,-0.13897662258517254,-0.9197815262551077,-0.7808049036699352,-0.707963029414628,-1.8260158468222882,-1.138620072620121,0,0.06286146523170907,42.836489946390415,3.9259675485171286,52.09059233447997,47.70610095122972,4.38449138325025,23.482357301754845,10.986474588914579,2.476121151295409,-82.70185523911114,-61.428571428568254,0.06286146523170907,0.032598678958334446,10.569919313000975,-0.38019968426399764,0.33993495556453085,0.02537594716591793,-0.0005788848398614703,1.134107446107535,-0.5763850990287622,17.297414913355542,0.3912295274021602,-8.15374229633679,0.16006504443546915,-0.38019968426399764,-0.011263924114609525,0.8985279324302474,87.33333333333333,7.4544532904230465e-06,0.00011181679935590161,0.00018636133225991003,9.690789277505552e-05,0.00020127023884075612,0.00014163461251737175,1.0
1780519200,GBPUSD,bearish_exhaustion,0.1326050866187735,-0.5198722145828578,-2.4507831008626586,-0.09514283534786187,-0.8458201614573239,-0.7506773261094619,-0.6524773012016313,-1.9309108862798008,-0.9398121198477132,0,0.09188625634304809,43.08269068759038,0.2462007411999636,51.81958962446138,49.85060948267711,1.9689801417842716,41.07948127488601,17.59712397313116,6.610649384216586,-61.85062950744787,-59.99999999998731,0.09188625634304809,0.02739535149428453,9.588205821740775,-0.9817134912601997,0.3659062704189961,0.024734609216710595,-0.0006413379492073365,1.060148404866229,-0.5077416386847522,17.247395940770804,-0.05001897258473775,-6.045445563045158,0.1340937295810039,-0.9817134912601997,-0.07395904124130603,0.7797463872690837,72.66666666666667,0.00010436156810711417,0.00017890554532651315,8.945277266314555e-05,0.00019381434077025972,0.00013417915899482935,0.00016399674988254453,1.0
1780501200,USDCAD,bullish_exhaustion,0.13029394736669322,1.0532094078850116,2.8215878157637064,0.4870655807799692,1.358232196048395,0.8711666152684258,0.9229154605183184,1.7683784078786948,-1.3338239649004306,0,-0.03602684180497112,60.49173901490677,6.616215733929437,30.749299719886384,36.7296918767562,-5.980392156869815,98.3881444210388,-1.611198982440058,-1.6117942603552962,47.476784424993795,-46.56488549618592,-0.03602684180497112,-0.011094486909305838,15.24629506423409,-1.0668690980987527,0.7064989042704919,0.02988344299668444,0.0019079276697483646,1.1753817734498326,1.0145320431287863,36.95531072419657,-1.0473299694978238,10.710260850425275,0.2064989042704919,-1.0668690980987527,-0.18666239362966341,0.6487767057062962,61.33333333333333,0.00026678587909567675,0.000374942316566651,0.00035331102907254497,0.00017305029995395849,0.00023073373327187063,-6.489386248265117e-05,0.0
1780501500,USDCAD,bullish_exhaustion,0.8810124573927262,1.7440694978539861,3.5992231751188517,1.158445601408487,2.068011665256872,0.9095660638483853,0.86305704046126,1.8551536772648658,-0.27347775824101117,0,0.007551467826731978,65.12710622567197,4.635367210765196,47.48132586367554,35.09648303765989,12.384842826015657,97.59981711976477,-0.7883273012740375,0.8228716811660206,99.26550010802724,-19.999999999985196,0.007551467826731978,0.04329767280605882,15.192117188690597,-0.05417787554349296,0.8458475042292453,0.030110019437331447,0.00022657644064700763,1.1685681830726795,1.712198347656461,36.43022533618519,-0.5250853880113837,13.62985952595233,0.34584750422924526,-0.05417787554349296,-0.0068135903771531225,0.8550738847139246,79.33333333333333,0.00010812759055678356,8.650207244542685e-05,-9.371057848273079e-05,-3.604253018574255e-05,-0.00033159127770776564,-5.045954225990634e-05,0.0
1780512600,USDCAD,bullish_exhaustion,0.3720709666962828,1.8408511134502907,5.345219516703794,0.8803232233178109,2.547394385848108,1.6670711625302972,1.4687801467540078,3.5043684032535034,-0.24004578496446255,0,-0.09448258257779514,70.68369308144256,1.90349614305552,55.74497574499038,58.43208593211288,-2.6871101871224994,94.21084875903117,-4.165938604545133,-2.542725968121431,72.5182449661272,-5.7142857142761985,-0.09448258257779514,-0.020112137347342338,16.360014399249586,-0.23740258354999355,0.7699516353823435,0.023980554433038967,-0.0005187188731084029,1.8696310648290626,1.8287897008716019,38.26681102830197,-0.324510144623531,12.863419663891161,0.26995163538234346,-0.23740258354999355,0.01626059259389967,0.4836957207245564,51.33333333333333,-0.0002230617017449088,-0.00034538586076637845,-0.0005036877136176399,-0.00041014570966002584,-0.0003525813995323146,-0.00038855909336210637,1.0
1780512900,USDCAD,bullish_exhaustion,-0.5357023204521764,0.7054877553500847,4.129298870111243,-0.041154693111209194,1.4608743860228117,1.5020290791340207,1.241190075802261,3.423811114761158,-0.2341868067555115,1,-0.17322327792242245,61.71136156056245,-8.972331520880104,46.856086856084495,51.82855932857316,-4.972472472488661,87.48189881750022,-6.728949941530942,-2.563011336985795,50.950843200554786,-38.99999999999334,-0.17322327792242245,-0.08104680287570555,15.200960337440995,-1.1590540618085914,0.6141252008110207,0.0245859936276018,0.0006054391945628339,1.657554754723633,0.7931859225250731,37.21105413092591,-1.0557568973760638,8.725727946621559,0.11412520081102073,-1.1590540618085914,-0.2120763101054297,0.060185042023203746,8.0,-0.00012235145094430244,-0.00028068862275454354,-0.00018712574850299202,-0.00012954859511749017,-0.00016553431598342883,0.0,1.0
1780513200,USDCAD,bullish_exhaustion,-0.9713053697481425,0.07629589006981957,3.496699331093704,-0.45701832467772113,0.8940471856224762,1.3510655103001974,1.047601259817962,3.4204034410238844,-1.6432960938341032,0,-0.26261019761975646,57.407791935774064,-4.303569624788388,36.52197652197304,46.3743463743493,-9.852369852376263,68.68781932427602,-18.794079493224203,-12.06512955169326,11.197792283580458,-66.66666666665786,-0.26261019761975646,-0.08896546629539621,14.180893204501219,-1.0200671329397757,0.5131974866630082,0.024529322121748916,-5.667150585288508e-05,1.540809869059883,0.2680429582128084,35.234802270825064,-1.9762518601008452,3.720489042895938,0.01319748666300824,-1.0200671329397757,-0.11674488566374985,0.08353962144527978,14.000000000000002,-0.00015835654696361168,-6.478222375772003e-05,-7.198024862042907e-06,-4.318814917181335e-05,0.0001223664226537302,2.8792099447949582e-05,1.0
1780513500,USDCAD,bullish_exhaustion,-1.4232491163816203,-0.6752429345621513,2.6904938306404547,-0.9253609502024174,0.22818573437243522,1.1535466845748525,0.748006181819469,3.3657367652026062,-2.2702133144739367,0,-0.3575769530176546,52.32255608579026,-5.085235849983803,13.939393939388799,32.43915243914878,-18.499758499759977,46.817344619900965,-21.870474704375056,-3.07639521115086,-32.41563055057626,-86.66666666667653,-0.3575769530176546,-0.09710806598712475,12.79557271574403,-1.3853204887571895,0.36949178588063,0.024734894222313928,0.00020557210056501227,1.3645637644123074,-0.33879644321892105,32.99101954458926,-2.243782726235807,-1.5629097644999206,0.13050821411937003,-1.3853204887571895,-0.17624610464757562,0.02415929837392216,3.3333333333333335,9.358914365953375e-05,0.0001511824628344094,0.00011518663834997334,0.00028076743097815715,0.00018717828731884545,0.00018717828731884545,0.0
1780513800,USDCAD,bullish_exhaustion,-0.8871042674100924,-0.42489136432612323,2.8886870998980707,-0.45653542661923724,0.5539751514270049,1.0105105780462422,0.4622129030839692,3.3135784642241943,-1.7627249844333024,0,-0.3840248804463543,54.86670569198111,2.5441496061908495,19.01875901876188,23.16004316004124,-4.14128414127936,29.64538978883196,-17.171954831069005,4.698519873306047,-36.3438000750416,-71.428571428554,-0.3840248804463543,-0.03131823320586547,10.91345922937402,-1.8821134863700095,0.4023899586743554,0.025074096263035396,0.0003392020407214681,1.1345158597485263,0.03531598213951887,30.82718603767975,-2.1638335069095085,-1.0213797731232397,0.0976100413256446,-1.8821134863700095,-0.2300479046637811,0.033125430625401325,4.666666666666667,5.7587929569891116e-05,2.159547358870917e-05,0.00018716077110236817,9.358038555107306e-05,9.358038555107306e-05,0.00017996227990613178,0.0
1780518000,USDCAD,bullish_exhaustion,1.085841932148158,1.694821722992714,4.215378755603099,1.0292140949616382,2.0874991175792377,1.0582850226175997,0.6089797908445561,2.5205570326103848,2.4323449178795866,1,0.01750471246253025,68.51400012385909,0.8458736909169176,89.02308256673946,90.60955283405907,-1.586470267319612,0.0071386373592024314,-0.006377319307581158,0.005616001255959883,124.31225145705491,-3.6144578313227225,0.01750471246253025,0.01575372792557227,7.233289195256082,0.4904099246158635,0.9084312255856422,0.017426190608708446,-0.0006215245481215534,1.1614979056702501,1.5941435852472265,22.95329498237285,0.5969234476079279,10.176957489653518,0.40843122558564215,0.4904099246158635,0.12473167105535832,0.21127843905657687,33.33333333333333,-8.633652538647674e-05,-0.00012950478807982613,-0.00020864660301733728,-0.00029498312840403607,-0.00035254081199498355,-0.00041009849558604206,1.0
1780518300,USDCAD,bullish_exhaustion,0.39955433090290254,1.1839425699919695,3.5699128007433876,0.46009470768202554,1.5016768584485103,1.0415821507664849,0.784388239089067,2.385970230751418,1.660624233129467,1,-0.014918973817136211,63.174252903922,-5.339747219937088,73.95283991030206,83.96548031373787,-10.01264040343581,0.003759648192506534,-0.0033789891666958973,0.00299833014088526,98.08811305055562,-18.072289156613614,-0.014918973817136211,-0.03275082200624848,7.432593756521609,0.1993045612655271,0.7725692098275638,0.01710797395168419,-0.00031821665702425755,1.213894983788019,1.0126415801675774,23.080600278527122,0.12730529615427244,8.124554336425465,0.27256920982756383,0.1993045612655271,0.05239707811776895,0.06451040606161011,8.666666666666668,-4.317199001302452e-05,-0.00012232063836981055,-0.00020866461839563755,-0.00026622727174607785,-0.0003237899250966292,-0.00018707862338929182,1.0
1780518600,USDCAD,bullish_exhaustion,0.02120605598768711,0.9436694914869207,3.1257726527033625,0.177262449811341,1.1665139783131475,0.9892515285018066,0.9224634354992336,2.1821031612164417,1.142826558626899,1,-0.060908833824889555,60.629868706200384,-2.5443841977216195,52.99145299146358,71.98912515616837,-18.997672164704788,0.0019749888527059263,-0.0017846593398006079,0.0015943298268952892,77.46496782888002,-25.30120481928581,-0.060908833824889555,-0.045864373479542635,7.406686972540312,-0.025906783981296755,0.7161947430477723,0.01696600801892914,-0.00014196593275504765,1.2111985659148985,0.6936686864701616,22.624121212212,-0.45647906631512214,5.487079475156623,0.2161947430477723,-0.025906783981296755,-0.0026964178731205823,0.03163465179093189,4.0,-7.915206550901388e-05,-0.00016549977333724097,-0.00022306491188917033,-0.0002806300504413217,-0.00014391284638026747,-0.0002590431234843482,1.0
1780518900,USDCAD,bullish_exhaustion,-0.5133795869138504,0.4465108171890409,2.454730966001385,-0.2489749408266033,0.659271155047921,0.9082460958745243,0.9598904041028913,2.008220148812344,0.439706084668802,1,-0.12797253656244545,56.16380212153694,-4.466066584663444,25.25252525253235,50.73227271809933,-25.47974746556698,0.0010350768045792927,-0.0009399120481266335,0.0008447472916739742,44.04850284591998,-48.48484848483829,-0.12797253656244545,-0.06601672932162249,7.424742225101984,0.018055252561672397,0.6003217874153467,0.016680624621627692,-0.00028538339730144885,1.2329803797096668,0.20903594513493468,21.587224595814213,-1.0368966163977866,2.717518537412724,0.1003217874153467,0.018055252561672397,0.02178181379476829,0.017773598969682267,2.0,-8.635454296868073e-05,-0.0001439242382809125,-0.00020149393359336631,-6.476590722659381e-05,-0.0001799052978512794,-0.00010794317871076764,1.0
1780513800,USDCHF,bullish_exhaustion,0.12171618682355419,1.4789932003550867,3.57675752721409,0.6416478173213463,1.7844396869919577,1.1427918696706114,1.3572770135315324,2.097764326859003,-0.7535081147077081,0,-0.049140946400690395,62.84841920829243,5.2423329819555775,34.77803291234769,30.320156382480018,4.457876529867672,98.20783709318731,-1.5842709532383168,-1.6721945300509446,57.92206167509574,-20.58823529412149,-0.049140946400690395,-0.013806698846116006,30.820719776916768,-1.7813374234055956,0.7141684843245227,0.04460110175946143,0.0010176849177879477,1.764082095214916,1.3172594283461698,28.96960098089076,-0.26161252605892216,10.460649707153419,0.21416848432452273,-1.7813374234055956,-0.17288640368117902,0.9058605827202415,88.0,0.000328245527654758,0.0002651213877211678,0.00039136966758834824,0.00025249655973458296,0.0003029958716813663,0.00045449380752193846,0.0
1780514100,USDCHF,bullish_exhaustion,0.666849694782248,2.0005490843457947,4.223951357290408,1.1735635832951625,2.3495115918950407,1.1759480085998781,1.3336993895635467,2.2234022729446137,1.9093559636920636,1,-0.01924766659235994,66.28210577210137,3.4336865638089478,56.723734269822074,35.93495568911567,20.788778580706406,96.9949206755768,-1.212916417610515,0.37135453562780185,84.76827154658105,-2.2222222222244152,-0.01924766659235994,0.030226186259023884,30.396232928113694,-0.42448684880307397,0.7917327791955651,0.044286446916899286,-0.0003146548425621426,1.7530146065537688,1.8702580671646405,29.167784272609698,0.19818329171893723,13.239717738495104,0.29173277919556506,-0.42448684880307397,-0.011067488661147262,0.9467757627943677,92.0,-6.31034265160535e-05,6.310342651594247e-05,-7.572411181921979e-05,-2.5241370606443603e-05,0.000126206853032107,0.0002145516501546041,0.0
1780518600,USDJPY,bullish_exhaustion,0.36619837684127376,1.0962172189891823,2.0897086595419294,0.5854760588206749,1.1581915435233054,0.5727154847026305,0.7300188421479086,0.993491440552747,0.9987228459338187,1,-0.04224828401266648,60.85067344451611,5.737112891930195,35.80246913578038,34.47677836565615,1.3256907701242255,28.483880297572174,-16.15302332374019,3.8221663499082084,76.67603372121509,-17.64705882353433,-0.04224828401266648,0.024356940033940858,5.8784340432424,0.078347295676922,0.7450359025499445,0.013138088995440092,-2.6044201530562444e-06,1.208156332653167,0.9011273151867502,10.159666642249404,0.3750859903717405,4.920234911020735,0.24503590254994445,0.078347295676922,0.0055815413696926885,0.02032070263938746,2.666666666666667,-2.499297072688922e-05,-9.997188290788994e-05,-0.00016245430972527952,-0.00015620606704347395,-0.00010622012558969551,-0.0001687025524070851,1.0
1780526100,USDJPY,bullish_exhaustion,0.3675126653491942,1.5587606151029967,2.599201643555325,0.7519480205689548,1.5243524416785537,0.7724044211095987,1.1912479497538024,1.0404410284523282,1.549649087855037,1,0.05888341169189497,64.66629692091914,4.853346014411791,60.90909090908295,57.48055265295039,3.428538256132562,97.06622350495603,-0.4706010562920824,-2.2610441556984853,77.08964919873986,-10.714285714283902,0.05888341169189497,4.877366411477622e-05,5.403455648179188,-0.048356533851800165,0.7844540877125133,0.009859107425736882,5.7868558951547355e-05,1.416779603463002,1.2223122359397862,18.085014930737298,0.7618161866732436,9.931535989536423,0.28445408771251335,-0.048356533851800165,-0.030994207133730356,0.3728788582568307,17.543859649122805,4.997719790345023e-05,4.37300481654912e-05,3.123574868957313e-05,8.12129465932454e-05,-0.00034984038532426265,-0.00028112173820704633,0.0
1780614000,AUDCAD,bearish_exhaustion,-5.074122727372065,-5.241977924417899,-5.560902798803703,-4.721641604852929,-5.13361280780616,-0.4119712029532309,-0.1678551970458342,-0.31892487438580375,-6.184204130770699,0,-0.343051939134142,19.39191994705311,-34.59904123157508,67.08603896102893,57.71903947306212,9.366999487966815,92.37728219301859,1.8522478362376518,3.9182221345060952,-486.79514632411025,-77.82426778242554,-0.343051939134142,-0.3620282823834119,14.67638572744886,9.783885558911354,-0.5297933706696297,0.028875591898027915,0.01481319095334637,1.0741325257802743,-5.018085688005529,19.250595096089903,4.054535673433131,-52.12349697476288,1.0297933706696298,9.783885558911354,0.16264937788242606,0.999989258563444,100.0,0.00023224816221034672,0.0012925115114306163,0.0012218272881492354,0.0005250828015188613,0.0013631957347119972,0.001494466435091768,1.0
1780631700,AUDCAD,bearish_exhaustion,1.667704806262308,-0.2322970462834468,-3.346688775464949,0.7202209984008382,-0.7164629723427206,-1.4366839707435588,-1.900001852545755,-3.114391729181502,3.511042292603774,1,0.15941067541455026,44.476948947868465,4.964351507943157,85.64455569462086,82.9881598029303,2.656395891690565,0.5984732960040967,0.5983726704393734,0.5984653736296367,-13.229104028872964,-42.672413793105655,0.15941067541455026,0.14841364137025181,33.17412898442041,-0.9411107938924843,0.4736574688766882,0.037622815889523355,-0.00010527375784821769,2.1350589122031955,-0.12865801606107685,47.691393717445514,-2.2486881692889966,-9.986920038763632,0.026342531123311808,-0.9411107938924843,-0.04524761480512929,0.6295917624225004,57.01754385964912,6.0621981530673e-05,9.093297229578745e-05,0.0001919696081800204,2.0207327176891e-05,0.00030310990765269885,0.0005759088245398392,1.0
1780632000,AUDCAD,bearish_exhaustion,1.6506989825835796,0.04093733476793133,-3.0515481671637428,0.733430494068797,-0.5056957310325652,-1.2391262251013622,-1.6097616478156485,-3.092485501931674,3.460667967480344,1,0.2644655796199864,45.67728742940072,1.2003384815322562,89.21385376580753,87.74468586400855,1.4691679017989827,3.156611231077193,2.5581379350730966,1.9597652646337231,-4.24830384883884,-40.08620689655133,0.2644655796199864,0.107690262499221,32.30714419517822,-0.8669847892421956,0.5048472171896495,0.03825292810816475,0.0006301122186413918,2.0391279190460483,0.028894517140284615,45.262281555380234,-2.4291121620652802,-7.04509464080828,0.004847217189649533,-0.8669847892421956,-0.09593099315714726,0.5635004260637787,45.614035087719294,3.0309153364216357e-05,0.00013133966457856694,-4.0412204485806846e-05,0.00024247322691461903,0.0005152556071934544,0.0005960800161648461,1.0
1780632300,AUDCAD,bearish_exhaustion,1.5753581286230809,0.23955188038319908,-2.975315558388648,0.7047398436832287,-0.4046925544305575,-1.1094323981137864,-1.3358062482398818,-3.214867438771847,3.3875227918758783,1,0.34524204153487525,46.30237401582334,0.6250865864226185,85.7100174486683,86.85614230303223,-1.1461248543639329,8.845217268480011,5.688606037402819,3.130468102329721,6.654350131714213,-34.862385321100774,0.34524204153487525,0.07419941100423354,31.20945483567536,-1.0976893595028585,0.5286507046380337,0.03732356112658569,-0.0009293669815790551,2.0438101456660367,0.10026311607983299,43.00667740489104,-2.255604150489191,-6.704564844867146,0.028650704638033653,-1.0976893595028585,0.0046822266199884055,0.544635569059952,41.228070175438596,0.00010102744915796436,-7.071921441059725e-05,0.00021215764323168074,0.0004849317559580957,0.000565753715284556,0.00041421254154760945,0.0
1780632600,AUDCAD,bearish_exhaustion,1.5525460176360082,0.6954402718133073,-2.6858767371527428,0.8499119442939939,-0.1277775063678579,-0.9776894506618518,-0.8571057458227009,-3.3813170089660503,3.53433230531884,1,0.4162124774286944,48.43246678063401,2.1300927648106693,86.23022553190253,87.05136558212611,-0.8211400502235762,20.44981494288593,11.604597674405918,5.915991637003099,24.246870385491402,-6.172839506172332,0.4162124774286944,0.06069852556931654,28.441819695085687,-2.7676351405896717,0.5886376345720383,0.036241505288907,-0.0010820558376786887,1.9436458358110282,0.3456007699250973,40.64520017126829,-2.3614772336227503,-4.818134973097948,0.08863763457203833,-2.7676351405896717,-0.10016430985500846,0.496548342698586,34.21052631578947,-0.00017172931419395798,0.0001111189680078617,0.0003838655258452395,0.00046467932076010854,0.00031315345529492333,6.061034618620731e-05,1.0
1780632900,AUDCAD,bearish_exhaustion,0.7985716762975618,0.40766246412370905,-3.0496502966870627,0.3187650337310115,-0.5580336690391731,-0.8767987027701846,-0.39090921217385277,-3.4573127608107717,2.76025709429471,1,0.4156320674376586,45.1532786948904,-3.2791880857436055,74.21848337997281,82.05290878684788,-7.83442540687507,43.238510625765926,22.788695682879997,11.18409800847408,17.773837417961374,-16.666666666666664,0.4156320674376586,-0.001308044476218573,25.299178739923732,-3.142640955161955,0.5583150432171583,0.036184471365238356,-5.7033923668646513e-05,1.7345447361562878,-0.11623522596575801,38.95137238278237,-1.693827788485926,-8.271230054745956,0.0583150432171583,-3.142640955161955,-0.20910109965474044,0.5499169307371523,42.98245614035088,0.00028289686388616175,0.000555690268347897,0.000636517943743975,0.0004849660523764676,0.00023237956676380733,0.00043444875525389115,1.0
1780633200,AUDCAD,bearish_exhaustion,1.2641304460305993,1.2906995593874244,-2.166361600652859,0.9327771544951647,0.20754502601652883,-0.7252321284786359,0.026569113356825106,-3.4570611600402836,3.2662455199725424,1,0.4554401016790169,51.03384963376065,5.88057093887025,75.40205825920022,78.61692239035852,-3.2148641311583077,63.126056890044445,19.88754626427852,-2.9011494186014843,51.081448947167466,-4.117647058824297,0.4554401016790169,0.03913221877102449,23.397331789452572,-1.9018469504711604,0.6993219469359933,0.03611551415815561,-6.895720708274822e-05,1.608931816758184,0.6031734870229163,36.894223576071795,-2.057148806710572,-4.896167467380728,0.19932194693599325,-1.9018469504711604,-0.1256129193981037,0.8401997983956515,82.45614035087719,0.000272716253888694,0.0003535210698557556,0.0002020120399175429,-5.050300997944124e-05,0.0001515090299382127,0.0005252313037855671,1.0
1780634400,AUDCAD,bearish_exhaustion,-0.037869072650243286,1.2729834421731347,-2.002982642649555,0.11335361822226149,-0.11168830520985311,-0.2250419234321146,1.310852514823378,-3.27596608482269,0.5681995312330802,1,0.45367148983255456,48.6605872282603,-5.064603861917448,67.31152251281556,82.13978450975156,-14.828261996936007,95.94031962333057,3.10399385835575,-2.148307340042095,73.74730519520838,-28.571428571429557,0.45367148983255456,-0.08387305927362301,20.885498317872944,0.3736702223416195,0.7114450562279651,0.034675910586429895,-0.00017215003138750656,1.5446324356612107,0.10689848096855499,29.88117365895289,-1.573667600247898,-4.7279887919939085,0.21144505622796506,0.3736702223416195,0.03493481792276243,0.46195929668727365,27.192982456140353,0.00020202224264886937,0.0005757633915492999,0.0004747522702248652,0.0007272800735360629,0.0005656622794170119,0.0006666734007414465,1.0
1780677900,AUDCAD,bearish_exhaustion,0.9428108528010488,-0.44435085410297803,-5.469614683085019,0.298896606515862,-1.5448685905263488,-1.8437651970422109,-1.3871617069040267,-5.025263828982041,2.08303809982325,1,0.26494607692760025,37.9416356196299,7.995771266984541,82.08080808080543,71.14082988501524,10.93997819579019,0.41042946189191054,0.41041685748184376,0.4104285693518231,-35.513455022810355,-43.04347826087217,0.26494607692760025,0.11169780555853466,43.87220918452696,-4.934328265840982,0.4372897248124924,0.06193293936910846,-0.0005007096118649149,1.77683221585836,-0.7427216484176594,53.773186933330784,-1.2870619212532333,-17.333079165838875,0.0627102751875076,-4.934328265840982,-0.17937015948770618,0.9320772201346681,90.74074074074075,0.00018278936572091453,0.0006499177447856219,0.00022340922476993264,4.061985904924015e-05,-0.000355423766679519,-0.0005382131324003225,1.0
1780678200,AUDCAD,bearish_exhaustion,1.1622317521506427,0.07222909194181558,-4.995298335867721,0.5032292403450376,-1.1584956995326587,-1.6617249398776963,-1.090002660208827,-5.067527427809536,2.2968588586172056,1,0.35954307533411367,40.47434081484456,2.5327051952146604,87.1530691530658,81.39847189846991,5.754597254595893,4.05771834813297,3.6472888862410593,3.2368720287592154,-3.686195058828538,-35.21739130434732,0.35954307533411367,0.0942901126463075,36.53102210762354,-7.341187076903417,0.512229516813364,0.061849980222205905,-8.295914690255313e-05,1.4812660355520717,-0.4054231675599235,51.603945306289475,-2.169241627041309,-11.306189050864756,0.012229516813364039,-7.341187076903417,-0.29556618030628834,0.856340665435225,72.68518518518519,0.0004670430085691457,4.0612435527664914e-05,-0.00014214352434716027,-0.0005381147707428369,-0.000720870730617662,-0.0005584209885067803,1.0
1780678500,AUDCAD,bearish_exhaustion,1.7337974324359084,0.9617668776159342,-4.0547960707628095,1.06092415676631,-0.37214868157834174,-1.4330728383446516,-0.7720305548199744,-5.016562948378744,2.8801204386757298,1,0.46473226615554014,46.48509646081569,6.01075564597113,93.91152325934853,87.71513349773993,6.1963897616086,13.876244782606136,9.818526434473167,6.1712375482321065,34.87911216805572,-0.510204081630341,0.46473226615554014,0.10648412921758132,30.831654473592675,-5.699367634030867,0.6936582414723329,0.0620445682134168,0.00019458799121089415,1.2433497087479919,0.3152549422049941,49.08977622058348,-2.514169085705994,-7.773639755978664,0.1936582414723329,-5.699367634030867,-0.23791632680407981,0.822639857711348,65.27777777777779,-0.0004262315045973075,-0.0006089021494246616,-0.0010046885465506694,-0.0011873591913779125,-0.0010249852848648322,-0.0010858754998072095,0.0
1780678800,AUDCAD,bearish_exhaustion,0.870708770711502,0.38452204657598377,-4.565071972995766,0.3172095409113936,-0.9831264513970607,-1.3003359923084543,-0.48618672413551817,-4.949594019571751,1.9663364127153273,1,0.4817762500584184,42.28651225113195,-4.198584209683737,82.22711157493723,87.76390132911718,-5.536789754179949,37.86181519557289,23.98557041296675,14.167043978493588,41.223416697076644,-25.728155339807916,0.4817762500584184,0.01588051558101633,27.579308681226813,-3.252345792365862,0.5863464102489881,0.061916016614146356,-0.00012855159927044335,1.115864648510288,-0.33716134450223134,46.54012027375239,-2.5496559468310878,-6.065199113863649,0.08634641024898815,-3.252345792365862,-0.12748506023770378,0.7386517940797824,48.61111111111111,-0.0001827485380117011,-0.0005787037037036091,-0.0007614522417153102,-0.0005990090968160944,-0.0006599252761533281,-0.0006599252761533281,0.0
1780684500,AUDCAD,bearish_exhaustion,0.19520878942291708,-1.35524263001749,-4.150093987549678,-0.3076051503935696,-1.765313536591687,-1.4577083861981175,-1.550451419440407,-2.7948513575321874,-0.8824198325223334,0,0.08301203148556024,36.94170237994652,3.2646729116689244,60.087719298246185,48.14750792278957,11.940211375456613,28.84186393932057,3.5578085991212554,8.227780505345578,-68.32942377968803,-74.16267942583849,0.08301203148556024,0.06454386589356466,30.553149910927843,-2.8206930922575637,0.29903681258890163,0.04533380668093888,-0.001147890886728696,1.80319142115286,-1.1071472100944648,41.374398289107155,-0.8809597993310945,-13.62862637812166,0.20096318741109837,-2.8206930922575637,-0.10725386650030666,0.7644306926030605,51.85185185185185,-7.120333638488408e-05,-1.0171905197808861e-05,0.00043739192350722433,0.0007832367002340579,0.0007120333638490628,0.000386532397518069,0.0
1780684800,AUDCAD,bearish_exhaustion,0.17955305461393095,-1.346647909602929,-4.209936166227821,-0.40861625401995566,-1.84985210178412,-1.4412358477641642,-1.52620096421686,-2.863288256624892,-0.7756122272773222,0,0.12797195174260217,36.152572098284736,-0.7891302816617838,59.235952199337106,56.15375422217233,3.0821979771647747,41.90116175684633,13.059297817525756,9.501489218404501,-64.86531565341717,-74.17582417582642,0.12797195174260217,0.04170131583988312,28.729720493859705,-1.8234294170681373,0.29563865319724003,0.04362456962688222,-0.0017092370540566573,1.7838970679454513,-1.188710467349094,40.556364189728285,-0.8180340993788704,-13.151926086619138,0.20436134680275997,-1.8234294170681373,-0.019294353207408577,0.7958514891603332,57.870370370370374,6.103577713800767e-05,0.000508631476150434,0.0008545008799325515,0.0007832924732713575,0.0004577683285353906,0.0006408756599494136,1.0
1780685100,AUDCAD,bearish_exhaustion,0.3869558528990921,-1.040694933573857,-3.923395865047206,-0.2343463539202453,-1.6318894983782621,-1.3975431444580166,-1.4276507864729489,-2.882700931473349,-0.3851517966855004,0,0.1758750284296335,37.38719089986854,1.2346188015838067,59.674548690569644,59.66607339605098,0.008475294518660803,59.690695772016184,17.789534015169856,4.730236197644103,-57.580826452137444,-69.36416184970938,0.1758750284296335,0.04397397477727394,26.87341181443751,-1.8563086794221952,0.33617485219602755,0.04232248673963077,-0.001302082887251449,1.7323683351613781,-0.9780477098079702,39.8573020919984,-0.699062097729886,-13.102486807414063,0.16382514780397245,-1.8563086794221952,-0.05152873278407322,0.8643323800281891,74.53703703703704,0.00044756838132831156,0.0007934166759910877,0.0007222126153252351,0.0003967083379954328,0.0005798044939933078,0.0004780844073279944,1.0
1780685400,AUDCAD,bearish_exhaustion,1.310230104778383,0.159928629426184,-2.5749693994086913,0.6866370209110859,-0.5242702228827736,-1.2109072437938595,-1.150301475352199,-2.734898028834875,2.298233637676324,1,0.2721292407957341,45.68221481935663,8.295023919488088,68.35748792270724,62.422662937538,5.934824985169236,74.21540533280461,14.524709560788423,-3.2648244543814258,-13.826694948577481,-43.930635838149065,0.2721292407957341,0.09875240234273854,24.366219912495456,-2.507191901942054,0.5281681165244115,0.04291310566133015,0.0005906189216993776,1.5232919426772713,0.07088135661168313,37.70998739489524,-2.1473146971031554,-4.547363978492086,0.028168116524411535,-2.507191901942054,-0.2090763924841068,0.9033368741545605,85.64814814814815,0.00034569357314984117,0.00027452136691308304,-5.083729016908123e-05,0.00013217695443956679,3.0502374101404328e-05,0.0001626793285409711,1.0
1780686300,AUDCAD,bearish_exhaustion,0.49145424219598705,0.25052179663188623,-2.1964408619524622,0.14543282805404548,-0.6282521908136447,-0.7736850188676901,-0.24093244556410084,-2.4469626585843485,1.847207436156386,1,0.41520561027250374,45.1837092171317,-4.791927941387698,81.74268791597999,86.02519027067285,-4.282502354692866,94.66569720914927,3.9268171525498587,-2.5193315142489894,27.686862074827737,-32.35294117646963,0.41520561027250374,-0.02709889492977764,20.753435316457928,-1.5883488484491401,0.5512043562731531,0.04241361015905573,-0.0004328972978375756,1.2947146938711105,-0.1746536787282705,30.70825254239767,-2.3153090499602946,0.27201760032064115,0.05120435627315312,-1.5883488484491401,-0.08588576327697006,0.6091384106195197,31.01851851851852,0.0001830235490298815,8.134379956881155e-05,0.00021352747386815807,-2.0335949892258398e-05,-6.100784967666417e-05,4.067189978429475e-05,1.0
1780691700,AUDCAD,bearish_exhaustion,-0.6930587158839759,-1.6650663755045134,-2.8579325802707003,-0.7587374446145003,-1.6511356469499263,-0.8923982023354259,-0.9720076596205375,-1.1928662047661869,-1.4908028494791141,0,-0.08941220791589598,37.41317158993752,-1.207497569358722,35.10723397942321,28.531423657272985,6.575810322150222,94.72732746151128,1.4586909932350096,2.355290552018701,-108.52713178297232,-85.59999999999417,-0.08941220791589598,0.016491641077615464,17.679704264422245,-0.23158783637411418,0.16689264209324345,0.03539024041828056,-0.000527348158061533,1.3137377993463084,-1.2680227009155396,21.835388003235433,0.2985237966143224,-10.96936442282457,0.33310735790675655,-0.23158783637411418,0.005022580417302969,0.6025328785929919,64.375,-0.00023408001465552442,-2.035478388306977e-05,-0.00019337044688927385,-0.00017301566300620408,-0.00028496697436319884,-0.0004783374212524727,0.0
1780692000,AUDCAD,bearish_exhaustion,-1.0533793691382578,-2.0564647630904784,-3.3132553207508524,-1.1675565613302574,-2.0804625789735125,-0.9129060176432551,-1.0030853939522206,-1.2567905576603737,-1.8569495330594599,0,-0.10617559930380716,34.111112178403076,-3.3020594115344437,37.705986578175995,34.34006311539867,3.3659234627773245,96.41016834444221,1.6828408829309325,0.22414988969592287,-129.69342059940269,-84.4155844155831,-0.10617559930380716,-0.019302105007141114,17.969171826292357,0.28946756187011147,0.08335837245508192,0.03643298151507539,0.001042741096794829,1.2738271116829931,-1.6961250289434393,22.907928278104123,1.0725402748686896,-16.68232321112552,0.41664162754491807,0.28946756187011147,-0.03991068766331529,0.6490787606047689,78.125,0.0002137752712909613,4.071909929348472e-05,6.10786489403381e-05,-5.089887411691141e-05,-0.00024431459576113035,-0.00024431459576113035,1.0
1780692600,AUDCAD,bearish_exhaustion,-0.5124228507096908,-1.6484812037936816,-3.0345568598619055,-0.8240196486598694,-1.733597079812344,-0.9095774311524745,-1.1360583530839907,-1.386075656068224,-1.0953403859909567,0,-0.06364906272794746,36.810007017374645,-2.5625581320693342,49.50372208437029,44.634855088414476,4.868866995955813,96.50288387589531,0.8974579138894541,1.702200296325799,-95.40558963870558,-81.20805369127116,-0.06364906272794746,0.004778277765073013,18.000228252088764,-0.13080875430141958,0.1690894511665455,0.03615458555979188,-0.0005039978492493991,1.2824385588604608,-1.3481248420883016,24.8286509132006,0.9247923798612661,-14.494418831868316,0.3309105488334545,-0.13080875430141958,0.013054274550950762,0.6643574533954247,79.375,2.0358720657975837e-05,-9.161424296100229e-05,-0.0002850220892119948,-0.0002850220892119948,-0.00032573953052783544,-0.0003359188908569344,0.0
1780692900,AUDCAD,bearish_exhaustion,-0.3103745829836752,-1.369696529255035,-2.728597420841948,-0.6226979345350934,-1.488726098487497,-0.8660281639524037,-1.05932194627136,-1.358900891586913,0.8096728251759643,1,-0.04410626930211542,37.32681302445349,0.5168060070788485,52.76082534147498,49.6531346761808,3.1076906652941787,97.60152738539384,1.0986435094985296,0.20118559560907556,-70.61769616026163,-79.86577181207518,-0.04410626930211542,0.01690684892539789,17.767656564894487,-0.23257168719427668,0.2094015813882908,0.03771580116543855,0.0015612156056466694,1.1882543644272912,-1.1203809512244953,24.341402338515085,-0.4872485746855162,-7.3111135828968905,0.2905984186117092,-0.23257168719427668,-0.09418419443316961,0.6148672125571164,68.125,-0.00011197068403911992,-0.0003053745928339735,-0.0003053745928339735,-0.0003460912052117848,-0.0003562703583062099,-0.0001832247557004285,0.0
1780693200,AUDCAD,bearish_exhaustion,-0.5663739894649313,-1.4980181605402956,-2.923255895381898,-0.7888283994261343,-1.676125602648707,-0.8872972032225727,-0.9316441710753643,-1.4252377348416023,0.4793658113731741,1,-0.04323795701996164,35.60215533347008,-1.7246576909834133,37.1258355129362,46.463460979593826,-9.337625466657627,98.47580641642001,0.8742790310261768,-0.22436447847236707,-98.4072810011746,-87.24832214764936,-0.04323795701996164,0.0014761921164244182,16.984915486180657,-0.7827410787138298,0.1720263034738547,0.037207228578413465,-0.0005085725870250871,1.1570596492036815,-1.2999563951162825,24.280208083486208,-0.061194255028876654,-9.618563024682661,0.3279736965261453,-0.7827410787138298,-0.031194715223609615,0.5587324820833712,55.625,-0.0001934255667878082,-0.0001934255667878082,-0.00023414673874311287,-0.00024432703173193904,-7.12620509218942e-05,-0.00027486791069841754,0.0
1780693500,AUDCAD,bearish_exhaustion,-0.9393846007913633,-1.8020572785943403,-3.21059585049695,-1.0893581859609238,-2.000280144621777,-0.9109219586608532,-0.862672677802977,-1.4085385719026098,-1.9918183512474787,0,-0.06446246693682317,32.784450444993894,-2.817704888476186,27.690049600163345,39.19223681819151,-11.502187218028165,99.07542457007156,0.5996181536515479,-0.27466087737462885,-112.67193444544795,-90.74074074074213,-0.06446246693682317,-0.021927096416185232,17.141229794023367,0.1563143078427096,0.10257339712725144,0.03782912354602914,0.0006218949676156729,1.1394130112750376,-1.6197462313525088,24.686123678905023,0.40591559541881495,-12.247080077492061,0.39742660287274856,0.1563143078427096,-0.01764663792864396,0.5328861362946253,46.25,0.0,-4.072904999485871e-05,-5.091131249368441e-05,0.00012218714998479818,-8.145809998982845e-05,8.145809998993947e-05,0.0
1780694700,AUDCAD,bearish_exhaustion,-0.08642367061000392,-0.9238392375541646,-2.585557814520342,-0.28315413459262734,-1.2789275545331786,-0.9957734199405515,-0.8374155669441607,-1.6617185769661773,-1.5149030275851627,0,-0.006096429893621756,37.78369220273124,5.78408021614559,42.6199988419873,28.959223933431193,13.660774908556103,96.48928146103187,0.8962039752320692,1.7183105885040106,-85.55734339453896,-62.857142857142556,-0.006096429893621756,0.052355741909973455,15.528010561672023,-0.5537327295102834,0.2968110639210042,0.03416304059759055,-0.0010677133042331505,1.1837167199264451,-0.8560238647230672,26.577690884874723,0.19166511924549212,-11.501716350128701,0.2031889360789958,-0.5537327295102834,0.007312183247040416,0.6243324445039169,71.25,-0.0002036203701818451,-4.072407403632461e-05,-3.054305552729897e-05,0.00010181018509092254,4.072407403632461e-05,-6.108611105448691e-05,0.0
1780695000,AUDCAD,bearish_exhaustion,-0.5877801204756895,-1.3336939789476154,-3.0451187358248872,-0.744801972573658,-1.7381232031946536,-0.9933212306209956,-0.7459138584719259,-1.711424756877272,-2.006215058808805,0,-0.0019778664636501465,34.107955751856736,-3.6757364508745027,50.86257309941075,39.63784358920578,11.224729510204973,97.59101208958191,1.1017306285500439,0.2055266533179747,-100.2722676001781,-81.18811881188009,-0.0019778664636501465,0.004125782403388087,14.474384146375739,-1.053626415296284,0.18566737684025897,0.03412958439637215,-3.34562012184042e-05,1.1006696998322967,-1.315314444132691,27.085017299857245,0.5073264149825221,-13.250230843407508,0.31433262315974103,-1.053626415296284,-0.08304702009414844,0.5455856516030247,48.75,0.0001629294719049934,0.00017311256389884733,0.00030549275982161284,0.0002443942078573791,0.00014256328791684147,7.128164395830972e-05,1.0
1780700100,AUDCAD,bearish_exhaustion,0.1463412283549989,-0.891055479320049,-3.1141413394043562,-0.291109172230706,-1.2348116134341178,-0.9437024412034118,-1.0373967076750479,-2.223085860084307,0.9105676431006193,1,0.0657907717476558,38.15071734538138,-1.980103520776872,59.812801932370725,50.72463768116152,9.088164251209207,38.237784793708016,10.142199394466495,13.180819987623956,-55.9293987865694,-77.95275590551587,0.0657907717476558,0.029408295732458383,13.74509331272004,0.08539647994038724,0.2969637190678769,0.031328371122810256,-0.00013426609882528917,1.1220048332092287,-0.8198673803836407,31.755480940731307,-0.7197171433394693,-7.575008362666953,0.20303628093212311,0.08539647994038724,0.011329582232737057,0.5861129696724683,61.25000000000001,0.0,0.0,0.0,0.0,0.0,0.0,0.0
1780700400,AUDCAD,bearish_exhaustion,0.1611004291631753,-0.8702925358093533,-3.2143037801452965,-0.26527108002085015,-1.2312936316295775,-0.9660225516087273,-1.0313929649725286,-2.344011244335943,0.9483912221215669,1,0.09689918833239945,38.15071734538138,0.0,64.23199385155505,60.329746742791464,3.902247108763582,56.21388844389764,17.97610365018962,7.8339042557231195,-55.53414450619604,-72.00000000000533,0.09689918833239945,0.026047587988770125,13.7646830735192,0.01958976079915864,0.3161167225027246,0.029090630328323812,-0.002237740794486444,1.2484163917785582,-0.7988451398610202,31.087172164773225,-0.6683087759580815,-7.575008362666955,0.1838832774972754,0.01958976079915864,0.1264115585693295,0.7561367467486839,94.375,0.0,0.0,0.0,0.0,0.0,0.0,0.0
1780700700,AUDCAD,bearish_exhaustion,0.15086327814619016,-0.8090043290622317,-3.285802198038409,-0.24172630960492716,-1.2277856725652452,-0.986059362960318,-0.9598676072084219,-2.4767978689761776,0.9873398101595823,1,0.12690047019640857,38.15071734538138,0.0,56.08140905622658,60.042068280050785,-3.9606592238242015,71.65444224547063,15.440553801572996,-2.5355498486166255,-50.72131898328063,-68.53932584270069,0.12690047019640857,0.02254749814613224,13.31284986999757,-0.4518332035216286,0.33588307866015166,0.027012728162014967,-0.0020779021663088447,1.3415495897944065,-0.7783619311466151,30.46659972995501,-0.6205724348182144,-7.575008362666956,0.16411692133984834,-0.4518332035216286,0.0931331980158483,0.8092676093920574,97.5,0.0,0.0,0.0,0.0,0.0,0.0,0.0
1780701000,AUDCAD,bearish_exhaustion,0.14215962748413544,-0.7737545438801596,-3.354967208635066,-0.22027131171103342,-1.2242877076861085,-1.0040163959750752,-0.9159141713642951,-2.581212664754906,1.0274011126865412,1,0.15564458563188888,38.15071734538138,0.0,54.78468899520175,58.36603063432779,-3.5813416391260446,82.60097013449622,10.946527889025589,-4.4940259125474,-46.644455021371535,-66.26506024097014,0.15564458563188888,0.01898254080498735,13.200471551969049,-0.11237831802852227,0.353001382321902,0.025083247579013895,-0.0019294805830010718,1.4779917691627795,-0.7584039329120651,29.89035389762381,-0.5762458323311996,-7.575008362666953,0.14699861767809802,-0.11237831802852227,0.136442179368373,0.8159666316760982,98.75,0.0,0.0,0.0,0.0,0.0,0.0,0.0
1780701300,AUDCAD,bearish_exhaustion,0.09185699006715775,-0.6933015678860066,-3.443324884795123,-0.20072060357118765,-1.2207997085188578,-1.02007910494767,-0.7851585579531644,-2.7500233169091164,1.0685564155754517,1,0.18302925404170983,38.15071734538138,0.0,47.73139745914991,52.86583183685942,-5.1344343777095105,89.68735957312856,7.086389438632338,-3.8601384503932508,-42.98874104400187,-54.09836065574636,0.18302925404170983,0.015412007976598726,12.601742296937198,-0.5987292550318504,0.37187893353954793,0.023291587037655763,-0.0017916605413581324,1.5676766813939789,-0.7389576782218965,29.355268481887695,-0.5350854157361162,-7.575008362666955,0.12812106646045207,-0.5987292550318504,0.08968491223119934,0.7207879151353929,90.625,0.0,0.0,0.0,0.0,0.0,0.0,0.0
1780701600,AUDCAD,bearish_exhaustion,0.11305475700506021,-0.5935374742785273,-3.508465959070232,-0.18290516538427515,-1.2173216466711094,-1.0344164812868344,-0.7065922312835875,-2.9149284847917047,1.1107797881179298,1,0.20899093963830606,38.15071734538138,0.0,46.85420447669787,49.79009697701651,-2.935892500318637,94.03711703950451,4.349757466375948,-2.7366319722564043,-39.59827833569756,-41.6666666666686,0.20899093963830606,0.011882512208772374,11.793721501362763,-0.8080207955744356,0.39116817107406354,0.021627902249251776,-0.0016636847884039865,1.6301211603818673,-0.7200100454469263,28.85840345298987,-0.496865028897826,-7.575008362666953,0.10883182892593646,-0.8080207955744356,0.06244447898788841,0.6380839053792302,76.25,0.0,0.0,0.0,0.0,0.0,0.0,0.0
1780701900,AUDCAD,bearish_exhaustion,0.010145939730425468,-0.4413483783106799,-3.5733999733506354,-0.16667097910747772,-1.2138534938315908,-1.047182514724113,-0.4514943180411054,-3.1320515950399557,1.1540372079435595,1,0.23349730471006136,38.15071734538138,0.0,45.97701149424583,46.85420447669787,-0.8771929824520441,96.61527714622237,2.57816010671786,-1.771597359658088,-35.899718142707904,-41.6666666666686,0.23349730471006136,0.008430138945731752,10.118561551959848,-1.6751599494029144,0.41241011030161046,0.020083052088590934,-0.0015448501606608427,1.5539177629901475,-0.7015482494096648,28.39702878329903,-0.4613746696908372,-7.575008362666956,0.08758988969838954,-1.6751599494029144,-0.07620339739171977,0.4718687600350543,31.874999999999996,0.0,0.0,0.0,0.0,0.0,0.0,0.0
1780702200,AUDCAD,bearish_exhaustion,-0.016389594950968443,-0.27862311415797203,-3.613359366753732,-0.15187769693798833,-1.2103952217691005,-1.058517524831112,-0.2622335192070036,-3.33473625259576,1.198285600904542,1,0.25654090149378356,38.15071734538138,0.0,50.0,47.6104053236479,2.3895946763520968,98.10599788634624,1.4907207401238765,-1.0874393665939834,-30.416666666732937,-41.6666666666686,0.25654090149378356,0.005082265652179031,8.221946389370268,-1.8966151625895797,0.43680758286066845,0.018648548367977295,-0.0014345037206136384,1.4028959356021629,-0.6835598327579616,27.968609447157544,-0.42841933614148786,-7.575008362666956,0.06319241713933155,-1.8966151625895797,-0.15102182738798464,0.37959496108788704,16.875,0.0,0.0,0.0,0.0,0.0,0.0,0.0
1780702500,AUDCAD,bearish_exhaustion,-0.05295099907105321,-0.11766888682550619,-3.665385824572354,-0.1383974279787943,-1.2069468023337158,-1.0685493743549215,-0.06471788775445297,-3.547716937746848,1.2434717884031807,1,0.27813391396520387,38.15071734538138,0.0,50.0,48.659003831415276,1.3409961685847236,98.95217859979064,0.8461807134443973,-0.644540026679465,-23.041181337981914,-41.6666666666686,0.27813391396520387,0.001859096971898468,6.272283355743641,-1.9496630336266279,0.46751465570527895,0.01731650919883606,-0.0013320391691412359,1.1891051521059088,-0.6660326575591641,27.57079149216902,-0.39781795498852546,-7.575008362666956,0.03248534429472105,-1.9496630336266279,-0.21379078349625402,0.3019268314347623,7.5,0.0,0.0,0.0,0.0,0.0,0.0,0.0
1780631100,AUDCHF,bearish_exhaustion,0.8962551994691376,-1.2358887487414267,-4.430330964954399,-0.08631492550761981,-1.7337729665369115,-1.6474580410292916,-2.1321439482105644,-3.1944422162129724,2.6624251298085286,1,0.021970520335723952,36.675340084882876,-0.235455303954609,89.54084110334588,76.72081528014216,12.820025823203721,0.13787636083641894,0.13755546006241062,0.13784921122754007,-37.39594980744102,-60.52631578946984,0.021970520335723952,0.11751558441965078,33.52513785083958,-0.6316415033187184,0.36087616067720135,0.03775681538650178,-0.0012596394623355378,2.1692270294530553,-1.089446197998342,52.58138241200654,-1.2834575385865747,-18.607894007468918,0.13912383932279865,-0.6316415033187184,0.0635803848589287,0.8984510577957592,88.59649122807018,0.0003740182022191618,0.0007302260138564165,0.0007302260138564165,0.0006767948421106951,0.000801467576183823,0.0007124156232745094,1.0
1780631400,AUDCHF,bearish_exhaustion,1.7350143986650781,-0.1249210367039144,-3.3080941201223677,0.7504942900264391,-0.6749337283008028,-1.4254280183272419,-1.8599354353689925,-3.1831730834184535,3.3985510158796983,1,0.16959804030570175,44.65906467814261,7.983724593259737,93.38699494949672,87.79829614046112,5.588698809035606,0.5730240136731334,0.4351476528367144,0.2975921927743038,-19.840809112878627,-42.14285714286156,0.16959804030570175,0.14804869546512447,32.72096908896855,-0.8041687618710256,0.4853097979048119,0.038480368684223894,0.0007235532977221126,2.06666766288313,-0.08771976128818078,50.69562115306711,-1.8857612589394321,-13.312256164821893,0.01469020209518812,-0.8041687618710256,-0.10255936656992537,0.7274791958797923,72.80701754385966,0.0003560746332433862,0.0003560746332433862,0.0003026634382565785,0.00042728955989179696,0.00033827090158111695,0.000516308218202477,1.0
1780631700,AUDCHF,bearish_exhaustion,2.4225477591299187,0.8658535717045406,-2.3285934353916597,1.4115473651909205,0.23080116187240696,-1.1807462033185137,-1.5566941874253781,-3.1944470070962003,4.033528003177293,1,0.32560435127690723,50.99574575446176,6.336681076319145,94.01052781334948,92.31278795539737,1.697739857952115,3.084425343796752,2.5114013301236184,2.0762536772869042,19.260285508581106,-25.735294117643697,0.32560435127690723,0.15677979471983364,31.94427298975617,-0.7766960992123835,0.6047771550791076,0.03864290993415073,0.00016254124992683833,2.010624576071162,0.7543914914578969,47.74188956357291,-2.953731589494197,-5.067626444656867,0.10477715507910756,-0.7766960992123835,-0.056043086811968124,0.5721584268816603,47.368421052631575,0.0,-5.3392183384515235e-05,7.118957784557622e-05,-1.77973944616161e-05,0.00016017655015287957,0.0004449348615362947,0.0
1780632000,AUDCHF,bearish_exhaustion,2.1701837155265618,0.924767793125653,-2.307737115910944,1.2051408418210872,0.21562904106179065,-0.9895118007592965,-1.2454159224009085,-3.232504909036597,3.6535682340369826,1,0.424321906674821,50.99574575446176,0.0,95.41519953052557,94.27090743112393,1.144292099401639,10.53255429858333,7.448128954786577,4.93672762466296,30.204323363906738,-25.735294117643697,0.424321906674821,0.09578571674107197,31.410409448428585,-0.5338635413275838,0.6127949732344784,0.03829806275862147,-0.0003448471755292601,2.0067569337554962,0.6886905185695736,44.75212578788921,-2.9897637756836986,-3.0883548247305406,0.1127949732344784,-0.5338635413275838,-0.0038676423156656092,0.5402540131443292,38.59649122807017,-5.3392183384515235e-05,7.118957784557622e-05,-1.77973944616161e-05,0.00016017655015287957,0.0004449348615362947,0.0006585035950736895,1.0
1780632300,AUDCHF,bearish_exhaustion,1.7088994213413065,0.8615504007867095,-2.4596790563124915,0.9185983042684919,0.07188804923047651,-0.8467102550380153,-0.8473490205545968,-3.3212294570992014,3.0933601207880668,1,0.47480560728874405,49.99978074590424,-0.9959650085575191,88.27234238766796,92.56602324384767,-4.293680856179705,26.54910898834794,16.01655468976461,8.568425734978032,35.77948156261347,-18.33333333333349,0.47480560728874405,0.04256542774262731,30.763197574152734,-0.6472118742758504,0.6053319760747237,0.03759848225080142,-0.0006995805078200551,2.0203217046589033,0.5062399564177255,41.87426116992299,-2.8778646179662246,-2.245017094942863,0.10533197607472367,-0.6472118742758504,0.01356477090340702,0.47779859860260737,28.947368421052634,0.0001245884132776709,3.559668950781081e-05,0.00021358013704730894,0.0004983536531104615,0.0007119337901575484,0.0004983536531104615,1.0
1780632600,AUDCHF,bearish_exhaustion,1.6714445900867774,1.3332343944377367,-2.094942574201679,1.0951537322547542,0.3866186400809282,-0.7085350921738259,-0.33821019564904065,-3.428176968639416,3.015356682409398,1,0.5278607180462058,52.33881426112981,2.339033515225573,86.23511904762381,89.97422032193911,-3.7391012743153027,48.915970413702105,22.366861425354166,6.350306735589562,45.9472776545736,-4.545454545454087,0.5278607180462058,0.03622418969170591,29.201173099939002,-1.5620244742137324,0.6658457660048923,0.03630679434336871,-0.001291687907432705,2.0155295968825295,0.784697245692598,39.20195831038292,-2.6723028595400677,-2.1585557659568657,0.16584576600489231,-1.5620244742137324,-0.004792107776373733,0.6551760846489366,62.28070175438597,-8.898063781315191e-05,8.898063781326293e-05,0.00037371867881552667,0.0005872722095672245,0.00037371867881552667,0.00017796127562630382,1.0
1780632900,AUDCHF,bearish_exhaustion,1.0679762958178798,1.2334374120710874,-2.278349431077772,0.7357841192819771,0.13405904538428978,-0.6017250738976873,0.16546111625320775,-3.51178684314886,2.3668632780632928,1,0.5304135147690924,50.520823771352255,-1.8179904897775572,78.76984126984115,84.42576756837764,-5.655926298536485,67.27869316661511,18.362722752913008,-4.004138672441158,47.458188441764634,-9.090909090908173,0.5304135147690924,-0.009549171544533757,27.154559714435614,-2.046613385503388,0.6613045742706241,0.035496223123109,-0.0008105712202597093,1.9345062315717527,0.4994185292845093,36.92685252368233,-2.2751057867005926,-3.48289013500494,0.16130457427062406,-2.046613385503388,-0.08102336531077681,0.8325506044918024,81.57894736842105,0.00017797711214329048,0.00046274049157291053,0.0006763130261449035,0.00046274049157291053,0.00026696566821504675,0.0005339313364300935,1.0
1780671300,AUDCHF,bullish_exhaustion,0.557560110875984,1.412485614219885,2.701970088827408,0.6098825611604868,1.513919461602063,0.9040369004415763,0.8549255033439008,1.2894844746075231,3.3673092048745366,1,0.14454403013915879,62.73437950193552,4.721680488872558,63.21092851829665,74.66919140686869,-11.458262888572044,99.73993369905693,-0.2533515498657266,-0.25932580030172403,64.1559010291058,-31.446540880500066,0.14454403013915879,-0.04636182606986335,26.55230724451789,-0.6914985585858169,0.7796918447317404,0.05253825296891685,0.0018110864381099198,1.124821996564152,1.181407377623079,41.18568268760625,-1.7970614513307908,8.094870819983154,0.27969184473174036,-0.6914985585858169,-0.06823282909794903,0.719399045320248,46.2962962962963,-0.0004083299305840393,-0.0008521668116534542,-0.0008876737621390518,-0.0011007154650524154,-0.0007101390097112859,-0.0005858646830118053,1.0
1780685700,AUDCHF,bearish_exhaustion,1.3205602886738328,0.4410080068518283,-2.0439119691869507,0.7922059179914971,-0.10406645996225532,-0.8962723779537524,-0.8795522818220044,-2.484919976038779,2.185822925581489,1,0.20046345156234055,48.62242161456115,5.93958277493585,88.8095238095179,70.09213009211443,18.717393717403468,2.4108893251143915,2.4091943213804727,2.4107194242888466,5.698005697973847,-40.00000000000888,0.20046345156234055,0.10224689354155517,16.57249755460559,-1.0334145311522533,0.5962023065828435,0.03614579153012278,-4.936186860227121e-05,1.261299627303823,0.30369390638510685,36.47734979567159,-1.7015563546682557,-6.1359093129206705,0.09620230658284346,-1.0334145311522533,-0.0914027325767961,0.6798594369679346,42.129629629629626,0.00014248566238039828,1.781070779771632e-05,5.343212339270487e-05,8.905353898769341e-05,0.0004808891105332336,0.00042745698714075075,1.0
1780696200,AUDCHF,bearish_exhaustion,0.22856495974558583,-0.6689706138878287,-2.625709659513194,-0.1875120092170166,-1.2137015079017122,-1.0261894986846956,-0.8975355736334145,-1.956739045625365,0.9603213378613268,1,0.07528062540900256,40.28013984889323,-1.3069017934583869,64.8095238095148,60.746031746025075,4.063492063489726,1.651967976932584,1.6444125934895162,1.6511576708657874,-35.21779425388446,-58.49056603773861,0.07528062540900256,0.04418287169547844,14.551532349612774,-0.7708155366690441,0.35296590619268,0.0319898841987608,-0.00026355775414806104,1.1589669457891814,-0.7885859604316352,34.48738209811944,-1.1465166122411077,-6.738647851028906,0.14703409380732002,-0.7708155366690441,-0.04920485894670201,0.5312625048673616,45.0,-1.783357705897881e-05,-0.0002496700788244821,-0.0002853372329422177,-0.0004458394264721388,-0.0004993401576489642,-0.00037450511823666766,0.0
1780696500,AUDCHF,bearish_exhaustion,0.17199432770755071,-0.6134464354912402,-2.648712646699591,-0.21168316742252613,-1.208811540083388,-0.997128372660862,-0.785440763198791,-2.035266211208351,0.7962277542901824,1,0.10850924984289172,39.94219830621367,-0.3379415426795589,66.61728395060004,65.88830099939922,0.7289829512008197,5.175003674389227,3.5230356974566437,1.878623103967127,-50.964613638727435,-56.250000000017344,0.10850924984289172,0.031089762123531803,13.626229998886856,-0.9253023507259179,0.35998601869364105,0.03110665683929574,-0.0008832273594650622,1.1275277664348884,-0.7856252040768775,33.75967599549106,-0.7277061026283818,-8.482649341006757,0.14001398130635895,-0.9253023507259179,-0.03143917935429297,0.5213435428129373,41.25,-0.00023184063631331853,-0.00026750842651535045,-0.0004280134824244941,-0.00048151516772776404,-0.0003566779020205413,-0.0005350168530308119,0.0
1780701000,AUDCHF,bearish_exhaustion,0.8634305265718227,0.6362119669471278,-2.257037692266532,0.46131851108532484,-0.09138684770779637,-0.5527053587931212,-0.22721855962469495,-2.89324965921366,2.583121410254735,1,0.37349674945795797,48.78735771023205,0.0,82.2807017543857,85.64489928525052,-3.364197530864814,87.76473279816724,8.497104111997174,-4.758941022161579,58.449261296281314,-11.11111111111111,0.37349674945795797,-0.0021871466230167446,8.961504246950097,0.0741305938197474,0.6672046597743689,0.02354845331925152,-0.001811419486096269,1.0650075045265852,0.24391353896201667,26.15808089121369,-1.6799058307334747,-1.6093185008986985,0.16720465977436894,0.0741305938197474,0.11443301987461241,0.5287739638583103,43.75,0.0,0.0,0.0,0.0,0.0,0.0,0.0
1780701300,AUDCHF,bearish_exhaustion,0.7259341674152163,0.6933079126990302,-2.3017822701617225,0.42037308110747684,-0.09112648631787948,-0.5114995674253563,-0.03262625471618601,-2.9950901828607526,2.6542370075522506,1,0.3887590854760295,48.78735771023205,0.0,75.55555555555556,81.0266406757633,-5.471085120207746,92.94782562662473,5.1830928284574895,-3.314011283539685,58.642475295701665,-11.11111111111111,0.3887590854760295,-0.013468183171002205,8.907671132899734,-0.05383311405036295,0.670218018685321,0.021866420939304982,-0.0016820323799465395,1.176231060766149,0.23765934565551394,24.598168334104034,-1.559912557109655,-1.609318500898702,0.17021801868532105,-0.05383311405036295,0.11122355623956381,0.438159394331242,23.125,0.0,0.0,0.0,0.0,0.0,0.0,0.0
1780701600,AUDCHF,bearish_exhaustion,0.4479835743595684,0.7334633031188819,-2.3365417799938273,0.3830618608909119,-0.0908668666991014,-0.47392872759001325,0.2854797287593134,-3.070005083112709,2.7265047383455765,1,0.39646447273533714,48.78735771023205,0.0,65.55555555555556,74.46393762183227,-8.908382066276715,96.00664242708292,3.058816800458189,-2.1242760279992865,56.735323859757635,-11.11111111111111,0.39646447273533714,-0.022199157777309977,8.966820780305012,0.059149647405277506,0.6661106982854588,0.02030453372935463,-0.0015618872099503536,1.3156052901926492,0.23156551627968508,23.14967810250221,-1.4484902316018236,-1.609318500898702,0.16611069828545877,0.059149647405277506,0.13937422942650013,0.37522777593629425,16.25,0.0,0.0,0.0,0.0,0.0,0.0,0.0
1780701900,AUDCHF,bearish_exhaustion,0.19865334971637838,0.8371819738032371,-2.359245019962238,0.34906228743945966,-0.0906079867366845,-0.4396702741761442,0.6385286240868587,-3.1964269937654755,2.799867070541775,1,0.3981409994009249,48.78735771023205,0.0,55.55555555555555,65.55555555555556,-10.000000000000007,97.76968602042675,1.7630435933438235,-1.2957732071143653,60.20870895485659,-11.11111111111111,0.3981409994009249,-0.02882074046789965,8.572115762326934,-0.3947050179780778,0.6841656944078186,0.018854209891543586,-0.0014503238378110427,1.3974258282421042,0.2256279389387302,21.804651458871948,-1.3450266436302627,-1.609318500898702,0.1841656944078186,-0.3947050179780778,0.081820538049455,0.2798304479144967,3.75,0.0,0.0,0.0,0.0,0.0,0.0,0.0
1780702200,AUDCHF,bearish_exhaustion,0.09168616140772082,0.9321426409749135,-2.326791029495541,0.318080427607033,-0.09034984432453873,-0.40843027193157166,0.8404564795671926,-3.258933670470455,2.8742570996254195,1,0.3950624181519099,48.78735771023205,0.0,50.0,57.03703703703704,-7.037037037037038,98.768025413656,0.9983393932292586,-0.7647042001145508,65.56445656497652,-11.11111111111111,0.3950624181519099,-0.033704811972163115,8.355608560764443,-0.21650720156249115,0.695343436479951,0.01750748061357619,-0.001346729277967397,1.5134706078005298,0.21984260717117818,20.555698146929558,-1.2489533119423903,-1.6093185008986985,0.195343436479951,-0.21650720156249115,0.11604477955842563,0.29339532548007785,5.0,0.0,0.0,0.0,0.0,0.0,0.0,0.0
1780702500,AUDCHF,bearish_exhaustion,0.03291298101896821,1.0312734052329893,-2.2819666839196766,0.2898484369905556,-0.0900924373612376,-0.37994087435179325,0.998360424214021,-3.3132400891526657,2.9495976602668112,1,0.3882871565904879,48.78735771023205,0.0,50.0,51.85185185185185,-1.8518518518518476,99.32560390854933,0.5575784948933205,-0.44076089833595233,67.65790686953697,-11.11111111111111,0.3882871565904879,-0.0371646783423381,8.174305311436216,-0.18130324932822717,0.7051326315475217,0.01625694628403503,-0.0012505343295411593,1.6451379222089548,0.21420561724324805,19.395955785840194,-1.1597423610893642,-1.6093185008986985,0.2051326315475217,-0.18130324932822717,0.13166731440842505,0.3078153161244864,8.75,0.0,0.0,0.0,0.0,0.0,0.0,0.0
1780702800,AUDCHF,bearish_exhaustion,1.3117192069067153e-12,1.0633424636608844,-2.1857595086365538,0.2641222443585605,-0.0898357637511534,-0.3539580081097139,1.0633424636595725,-3.249101972297438,3.0258003639341235,1,0.3786915894009633,48.78735771023205,0.0,50.0,50.0,0.0,99.63359755513532,0.3079936465859987,-0.24958484830732175,66.41518061276776,-11.11111111111111,0.3786915894009633,-0.03946381000417748,8.302788537954592,0.12848322651837663,0.693362915613478,0.015095735835175386,-0.0011612104488596432,1.8566755797467966,0.20871316551931204,18.31905216482864,-1.076903621011553,-1.6093185008986985,0.19336291561347796,0.12848322651837663,0.21153765753784182,0.37053910122483136,14.374999999999998,0.0,0.0,0.0,0.0,0.0,0.0,0.0
1780703100,AUDCHF,bearish_exhaustion,1.4126206843610783e-12,1.0815192579111839,-2.051069463241201,0.24067944160505947,-0.08957982140402243,-0.3302592630090819,1.0815192579097712,-3.132588721152385,3.1027645566089412,1,0.3669983966788565,48.78735771023205,0.0,50.0,50.0,0.0,99.80219657799799,0.16859902286266504,-0.13939462372333367,60.77904633988342,-13.157894736842874,0.3669983966788565,-0.04082331498371949,8.416904056751548,0.11411551879695558,0.6801429743194423,0.014017468989805713,-0.0010782668453696732,2.0913455135991317,0.2033615458907463,17.319070231032203,-0.9999819337964375,-1.609318500898702,0.18014297431944226,0.11411551879695558,0.23466993385233503,0.402663683509943,18.125,0.0,0.0,0.0,0.0,0.0,0.0,0.0
1780631400,AUDJPY,bearish_exhaustion,1.7787888416744226,-0.2951033152952553,-3.4125788225459797,0.7718802484761317,-0.7763863345319773,-1.548266583008109,-2.073892156969678,-3.1174755072507248,3.703115694845024,1,0.12716908424631507,44.14134974760172,8.916277604776411,95.5682857938473,84.59954677636914,10.968739017478157,0.08765273005591452,0.08749175672145523,0.0876396505199605,-23.768994112426885,-43.45238095238138,0.12716908424631507,0.17066049906055034,39.863752181093105,-0.9386040248062173,0.4681610500777175,0.04301480383336267,0.0009283782092443377,2.1838171437449456,-0.14925266216882613,53.53418930259495,-2.399144194595216,-12.120869471462676,0.03183894992228248,-0.9386040248062173,-0.10562085480639105,0.8042314218361195,77.19298245614034,0.00028989326657002934,0.00034260113321904484,0.00036017042210234607,0.0005182940220496146,0.0004392322220758693,0.0007466947775289778,1.0
1780631700,AUDJPY,bearish_exhaustion,2.2879391347981444,0.49143790685037214,-2.6492785418265172,1.2215423087024535,-0.09471635125088435,-1.316258659953338,-1.7965012279477723,-3.1407164486768893,4.147385524316965,1,0.28532276054730155,48.78126800600388,4.6399182584021545,92.79400906155458,91.44042414836463,1.3535849131899482,2.0112145626591365,1.923561832603222,1.8360700758817667,10.65956029313199,-31.3846153846163,0.28532276054730155,0.15834521954570466,38.52270112643127,-1.3410510546618326,0.5549528911410204,0.04306720596707343,5.240213371076469e-05,2.118221951080641,0.4740006167424686,50.22038893887503,-3.3138003637199205,-4.101075518642741,0.05495289114102042,-1.3410510546618326,-0.06559519266430458,0.5953233613321268,53.50877192982456,5.269259142171023e-05,7.02567885622063e-05,0.00022833456282711495,0.00014929567569477165,0.0004566691256542299,0.0008342993641761165,1.0
1780632000,AUDJPY,bearish_exhaustion,2.1523832688723883,0.7004918112509173,-2.4464269245249213,1.1355511726378018,0.02555068561839229,-1.1100004870194096,-1.451891457621471,-3.1469187357758384,3.9047504999599068,1,0.3914752429560072,49.6009849926568,0.8197169866529208,93.0633693309119,93.80855472877126,-0.745185397859359,7.838346675476718,5.827132112817582,3.9035702802143595,18.92367217725556,-29.5384615384624,0.3914752429560072,0.10655098398186795,37.47281932458766,-1.0498818018436111,0.5806396645223996,0.043125168367647244,5.796240057381191e-05,2.067445285696084,0.5388014561169013,47.01989632364314,-3.2004926152318944,-2.930117093275097,0.08063966452239957,-1.0498818018436111,-0.05077666538455716,0.5843862511747223,52.63157894736842,1.756327168633831e-05,0.00017563271686249493,9.659799427441662e-05,0.00040395524878378275,0.000781565590038058,0.0008781635843124747,1.0
1780632300,AUDJPY,bearish_exhaustion,1.9054969047729629,0.8370132824654767,-2.369677604133927,1.01016381411992,0.062283282022388683,-0.9478805320975314,-1.0684836223074863,-3.2066908865994037,3.5729158935739034,1,0.46080028673040785,49.88887902253394,0.28789402987714396,88.37209391364206,91.40982410203617,-3.0377301883941072,19.89825122187633,12.059904546399611,6.232772433582031,27.659051830003,-22.2222222222185,0.46080028673040785,0.0634834137774244,36.385069698691204,-1.087749625896457,0.597780914023944,0.042490365770704946,-0.000634802596942298,2.0575544349860264,0.5321587774186549,43.9832022658066,-3.0366940578365416,-2.3185592187365565,0.09778091402394395,-1.087749625896457,-0.009890850710057464,0.5637244061630681,46.49122807017544,0.00015806666900841648,7.903333450420824e-05,0.0003863851909093885,0.0007639889002071243,0.000860585197934638,0.0006234851944220132,1.0
1780632900,AUDJPY,bearish_exhaustion,1.321696678356804,1.3173489919143888,-2.096454402313236,0.8753580877916862,0.21048220904091233,-0.6648758787507738,-0.004347686442415376,-3.413803394227625,2.911171683335048,1,0.5455452433193959,51.07497650212433,-1.4427724736902476,82.78037991153137,86.67410660872203,-3.893726697190658,62.96410174753806,20.025437194530916,-3.0149761365999055,49.28745220714742,-7.692307692306011,0.5455452433193959,0.0059311284090107445,31.761778775993587,-2.386392289576289,0.6676225479794635,0.04039292048250015,-0.000874917283042495,1.9364534742466364,0.6015021570864835,38.20568876216726,-2.712359433120781,-1.4484373013276972,0.16762254797946352,-2.386392289576289,-0.07995848817767426,0.8590612658334258,85.08771929824562,0.0003073275672826892,0.0006849014356586913,0.0007814900996618857,0.0005444088334722874,0.0002546428414629265,0.00044782016946931513,1.0
1780663200,AUDJPY,bullish_exhaustion,-0.09419398751566328,0.7708207978411814,2.846542302737159,0.1719342966080331,1.1116265268700165,0.9396922302619833,0.8650147853568446,2.075721504895977,1.379558480057721,1,-0.026628212809712008,59.59593959866723,-0.563319562271424,48.75000000000634,68.0888956930002,-19.33889569299386,93.43524210820385,-3.1242739602955396,-5.662209101840688,63.1006274323008,-38.461538461530985,-0.026628212809712008,-0.0510122877458442,11.635409954085228,-0.8049935862059563,0.6848302949518351,0.027893822550466477,-0.0010672512166317732,1.095515460020951,0.7137456417769907,31.416698599776335,0.004590937946662876,12.826714617502857,0.18483029495183512,-0.8049935862059563,-0.017365822299265643,0.4436620263281392,14.351851851851851,7.006480994919961e-05,9.633911368012171e-05,6.130670870541088e-05,-0.00027150113855323177,-0.00027150113855323177,-0.0004203888596951977,0.0
1780663500,AUDJPY,bullish_exhaustion,0.061711329549480845,0.9337898550299585,3.0361974138476584,0.37035693306468237,1.3053323107661752,0.934975377701493,0.8720785254804776,2.1024075588177,1.3402808662167276,1,-0.051707605770320506,61.16250398801116,1.566564389343931,33.36538461539123,50.54667750090854,-17.18129288551731,83.3320006976807,-10.103241410523154,-6.978967450227628,75.99200084202849,-31.89655172413107,-0.051707605770320506,-0.024162059225138584,11.336477970078008,-0.2989319840072202,0.7221511642932876,0.026963001218891527,-0.0009308213315749499,1.1164333035374436,0.903107218743198,31.642531783554993,0.2258331837786578,14.176814325105692,0.22215116429328763,-0.2989319840072202,0.02091784351649273,0.4110483301488139,10.185185185185185,2.6272462955834186e-05,-8.757487651944729e-06,-0.0003415420184257334,-0.0003415420184257334,-0.0004904193085087938,-0.00035905699372962285,1.0
1780663800,AUDJPY,bullish_exhaustion,0.12961404215164007,0.9870607825423193,3.0436035846888854,0.4050250326535232,1.3290436567975008,0.9240186241439777,0.8574467403906793,2.0565428021465664,1.1589962325949266,1,-0.0684733615375477,61.76125032951952,0.5987463415083596,29.487179487185315,37.200854700860965,-7.71367521367565,63.902449631798994,-19.429551065881704,-9.32630965535855,64.31332568706257,-31.775700934571994,-0.0684733615375477,-0.015564237131479263,11.561047664328767,0.2245696942507589,0.7250299646624154,0.02635000342870172,-0.0006129977901898065,1.1708090052378988,0.9262912919027273,31.45895801746946,-0.18357376608553366,11.808359601546204,0.22502996466241543,0.2245696942507589,0.05437570170045514,0.3782547135314527,8.333333333333332,-3.502903030894178e-05,-0.000367804818243167,-0.000367804818243167,-0.0005166781970558088,-0.0003853193333974714,-0.0002189314394305253,1.0
1780664100,AUDJPY,bullish_exhaustion,-0.01336001132238111,0.714760605774444,2.7641863427055475,0.23137551354855637,1.1130261425886727,0.8816506290401165,0.7281206170968252,2.0494257369311035,0.7551282861750072,1,-0.09263078956058732,60.42366307712083,-1.3375872523986914,38.24786324786305,33.70014245014653,4.547720797716522,43.06944945737882,-20.83300017442017,-1.4034491085384673,51.71635049678907,-45.783132530117385,-0.09263078956058732,-0.023816118826460897,10.635508486564914,-0.9255391777638522,0.6762463986004417,0.026220230311336773,-0.00012977311736494732,1.0778141051986891,0.721374201544237,30.952994864149872,-0.5059631533195876,9.588130727044472,0.17624639860044167,-0.9255391777638522,-0.09299490003920963,0.22873127559604245,1.3888888888888888,-0.00033278744515574665,-0.00033278744515574665,-0.0004816660390412064,-0.0003503025738480492,-0.0001839088512702869,0.00014887859388545976,1.0
1780677900,AUDJPY,bearish_exhaustion,0.7447439262267477,-1.051168081919041,-6.038687513443017,0.005256981133334986,-2.0286232498884935,-2.0338802310218282,-1.7959120081457887,-4.987519431523976,2.215100253133172,1,0.20238323553730683,35.47460469153141,3.7462365215806557,88.44691181487265,72.50408502458667,15.942826790285977,0.1635233032372419,0.1635233032372419,0.1635233032372419,-46.66697809128016,-55.55555555555516,0.20238323553730683,0.11264986585826056,58.3893613686483,-2.640646000902329,0.3808977350006367,0.06620392030780671,-0.0017878591468311472,2.1720028397291724,-1.171664916042503,65.55746050234323,-1.068317005382994,-24.44509711194907,0.11910226499936333,-2.640646000902329,-0.01184136839550698,0.9831160297884189,99.53703703703704,0.00045865086085239426,0.0008732006773919387,0.000679156082415977,0.0001587637595257263,-0.0003969093988145378,-0.0005821337849279962,1.0
1780678200,AUDJPY,bearish_exhaustion,1.379243391196,-0.14279380529087551,-5.0829330395775285,0.5834657556439633,-1.2218406524244667,-1.80530640806843,-1.5220371964868755,-4.940139234286653,2.74043238111543,1,0.3230025639150726,40.97119060699601,5.4965859154646,91.6531679243566,85.79055970253364,5.862608221822953,1.6348996543629812,1.4713763511257394,1.3078530478884973,-16.296296296294866,-28.301886792454095,0.3230025639150726,0.12308129405951436,53.33883548973301,-5.050525878915295,0.48206817907203725,0.06698847582017543,0.0007845555123687231,1.9537411160495353,-0.42800156128338784,63.1037770768481,-2.453683425495136,-15.65451817463574,0.01793182092796275,-5.050525878915295,-0.21826172367963714,0.9558838059495796,95.37037037037037,0.0004143597700743129,0.00022040413301827044,-0.00029974962090484336,-0.0008551680361109648,-0.0010403075078463386,-0.001031491342525559,1.0
1780678500,AUDJPY,bearish_exhaustion,1.8459429706253794,0.6447615090256195,-4.284697340960206,1.0189936671990594,-0.5596425313370127,-1.578636198536072,-1.20118146159976,-4.929458849985826,3.123466135770908,1,0.4429191941875974,45.49090042624047,4.519709819244461,96.78137305256108,92.29381759726344,4.487555455297638,6.701115474697563,5.066215820334581,3.594839469208842,12.345679012344728,-4.513888888890756,0.4429191941875974,0.11931317981428892,48.02577080600349,-5.313064683729515,0.5897679929916653,0.06683586369515059,-0.000152612125024848,1.766746181035258,0.17272651139423853,60.35813577616078,-2.7456413006873177,-12.114796001387308,0.08976799299166527,-5.313064683729515,-0.18699493501427722,0.9337408872522681,91.20370370370371,-0.00019387530293013544,-0.000713813615333625,-0.001269001982815543,-0.0014540647719761823,-0.0014452522582065752,-0.0016126900198281113,0.0
1780678800,AUDJPY,bearish_exhaustion,1.3651714136366337,0.5449946843032433,-4.459291480924627,0.6279186030894067,-0.8009911316986316,-1.4289097347880384,-0.8201767293333906,-5.00428616522787,2.566588254076699,1,0.5033338710854965,43.80032943668036,-1.6905709895601149,90.38054968287656,92.93836355326475,-2.5578138703881876,19.634981503074776,12.933866028377214,7.867650208042633,27.915499654977914,-12.152777777776732,0.5033338710854965,0.05241284150806215,41.533710349024375,-6.492060456979118,0.5861915642849331,0.06566255581385656,-0.0011733078812940223,1.5686016961205624,-0.10809218139386198,57.593296328981474,-2.7648394471793054,-10.302100561155385,0.08619156428493313,-6.492060456979118,-0.1981444849146956,0.8873262759775663,80.55555555555556,-0.0005200391351484202,-0.0010753351608154826,-0.0012604338360377998,-0.0012516196134081392,-0.0014190898433712462,-0.0017540303032973492,0.0
1780679100,AUDJPY,bearish_exhaustion,0.497771903947822,-0.047630465202407414,-5.035948960316038,-0.13876036356988966,-1.4742678371418982,-1.3355074735720087,-0.5454023691502294,-4.988318495113631,1.4111606259794498,1,0.47664247313779684,39.55488625282813,-4.245443183852224,73.91399736726906,87.02530670090225,-13.111309333633187,42.185406753107884,22.550425250033108,9.616559221655898,10.215164638768115,-32.40418118466618,0.47664247313779684,-0.026448348325891408,34.889570281793375,-6.644140067231,0.49102717782271516,0.06572845960717458,6.590379331801455e-05,1.3176298234324106,-0.8139644338093276,55.50358070883147,-2.0897156201500025,-13.682562577234272,0.008972822177284845,-6.644140067231,-0.2509718726881518,0.8671889684316362,75.46296296296296,-0.0005555849515848088,-0.0007407799354463007,-0.0007319611266909387,-0.0008995184930420397,-0.0012346332257439085,-0.0016843924722648174,0.0
1780679400,AUDJPY,bearish_exhaustion,-0.5984029439109865,-0.8038786535669562,-6.103421640928836,-1.0390395407508162,-2.3775945680551236,-1.3385550273043074,-0.20547570965596978,-5.29954298736188,0.2652524107152325,1,0.4871768527627661,39.768011805515265,0.2131255526871314,49.83992329319477,71.37815678111347,-21.538233487918703,62.27666137733919,20.091254624231304,-2.4591706258017965,5.893469139352239,-31.707317073169524,0.4871768527627661,-0.025073060814294345,30.279489270311835,-4.61008101148154,0.3376194459714433,0.06115847392768133,-0.004569985679493245,1.2667143994827665,-1.702625321427879,53.56313049012076,-1.9404502187107084,-13.654377772668205,0.16238055402855672,-4.61008101148154,-0.0509154239496441,0.8971053609483713,81.94444444444444,-0.0001852979326044668,-0.00017647422152800019,-0.0003441247319797558,-0.000679425752883156,-0.001129435017779734,-0.0009706082184044451,0.0
1780680900,AUDJPY,bearish_exhaustion,-2.1161262926902302,-1.8918396903354215,-6.589326770885941,-1.7333993786020265,-3.142318482440161,-1.4089191038381343,0.2242866023548089,-4.697487080550519,-3.7393106091099164,0,0.09169260683320077,28.001626044868942,-2.8111994863468652,7.9988272295959035,10.262443339367167,-2.263616109771263,96.73191624402754,1.29363540774753,-2.1660785060706047,-146.25798983342617,-93.42105263158,0.09169260683320077,-0.08670119649513121,25.894167352726413,1.9351947933335616,0.04731896295503021,0.06203250080541859,0.0008278616475135905,1.0569996553211447,-2.4916742651928274,50.820770984735226,0.10575151997537802,-28.017438867963936,0.4526810370449698,1.9351947933335616,0.05879556609111658,0.8268612759959008,65.74074074074075,0.00015900638675647727,-0.0003533475261257024,-0.00032684646166625253,-0.0008480340627015082,-0.0012808847822053382,-0.001749070254321916,0.0
1780684800,AUDJPY,bearish_exhaustion,-0.0953461991773388,-2.309808413404416,-6.722467901999319,-0.8544835100261067,-3.013347232444412,-2.1588637224183054,-2.214462214227077,-4.412659488594903,-1.0706726159233464,0,0.10107927509134926,26.544302166579612,-0.415615092798177,45.48317515099427,44.84223100318667,0.6409441478076019,2.772950487533036,1.7962649778654176,1.9276973185128266,-73.96904828098018,-86.76470588235271,0.10107927509134926,0.060437321636062,46.95426671543627,-4.194682031825671,0.2674569621925977,0.04732350527287379,-0.002072358285265849,2.713979600087435,-2.073587582297314,56.32048075701573,-0.14141721732914192,-24.32741696519878,0.23254303780740232,-4.194682031825671,-0.07854549419145052,0.9279208134039642,89.35185185185185,0.00023887674844513818,0.0005485317927258482,0.0010882162984722221,0.0010174380026366503,0.0006370046625203685,0.0006723938104380434,1.0
1780685100,AUDJPY,bearish_exhaustion,0.5112524900768836,-1.508194845726497,-5.953251217783778,-0.29970586643475683,-2.3525642442245642,-2.0528583777898075,-2.0194473358033806,-4.445056372057281,-0.29058816062843695,0,0.18887178830416645,31.650583773049163,5.106281606469551,61.78018575851394,52.678373279597025,9.101812478916912,7.307682174878106,4.53473168734507,2.7384667094796526,-59.77052832431629,-72.84482758620578,0.18887178830416645,0.086495216746437,43.1688627416347,-3.7854039738015715,0.33691436978682787,0.04671267223281203,-0.0006108330400617576,2.5202527695964734,-1.4376200166232123,55.552872522666675,-0.7676082343490549,-20.30988352294539,0.16308563021317213,-3.7854039738015715,-0.19372683049096162,0.9013669814450573,84.25925925925925,0.0003095810925559661,0.0008491367110106118,0.0007783753184262832,0.0003980328332862104,0.00043341352957826373,0.00036265213699393506,1.0
1780685400,AUDJPY,bearish_exhaustion,1.1187813884654076,-0.5603436596401514,-4.989726873938879,0.30919034507344906,-1.5749058661245423,-1.8840962111979913,-1.679125048105559,-4.429383214298727,1.8678121988007756,1,0.2978542726426879,37.69673547636501,6.04615170331585,75.19288417121045,60.818748360239546,14.374135810970905,19.09642638350775,11.788744208629645,7.254012521284576,-32.13939106687247,-57.575757575759624,0.2978542726426879,0.10774532750647808,37.7316165094452,-5.437246232189494,0.43111875527262045,0.04639432109375039,-0.00031835113906163864,2.2045561350120746,-0.7056789975477674,53.66450952976029,-1.8883629929063872,-13.673331125757542,0.06888124472737955,-5.437246232189494,-0.3156966345843988,0.8971353633584137,82.4074074074074,0.000539388633931992,0.00046864914095734456,8.842436621847583e-05,0.00012379411270568852,5.3054619731041086e-05,0.0003979096479826971,1.0
1780685700,AUDJPY,bearish_exhaustion,1.9519801679737576,0.7343163489044576,-3.4247027289909453,1.2147292917844599,-0.3723539640386124,-1.5870832558230723,-1.2176638190693,-4.159019077895403,2.9179314968111734,1,0.432938173150631,46.56811571686001,8.871380240494993,94.2563880012069,77.0764859769771,17.179902024229804,42.26950583978822,23.173079456280472,11.384335247650828,9.701957379350036,-18.877551020404244,0.432938173150631,0.1424136450689705,34.60547861747337,-3.1261378919718297,0.6009117259446077,0.04753917749612054,0.0011448564023701507,1.9315823774647636,0.4032471557291446,50.49711954023011,-3.1673899895301787,-4.682528385233876,0.10091172594460773,-3.1261378919718297,-0.272973757547311,0.8968135645985456,81.48148148148148,-7.070135746600759e-05,-0.0004507211538461453,-0.000415370475113086,-0.0004860718325792046,-0.0001414027149321262,-0.00022094174208153738,0.0
1780686000,AUDJPY,bearish_exhaustion,1.5617223581830533,0.7347654778470191,-3.2916018345085813,0.8946305043416756,-0.4785329528722092,-1.3731634572138847,-0.8269568803360341,-4.0263673123556005,2.630065831488057,1,0.5042727236113491,45.650065098275284,-0.9180506185847221,93.98369614300849,87.81098943847529,6.172706704533198,62.49539924391129,20.225893404123063,-2.947186052157413,25.17998368620965,-15.64245810055378,0.5042727236113491,0.07487454702538979,30.80248784899131,-3.802990768482065,0.6143836604530338,0.04793448371514785,0.0003953062190273082,1.688068544073183,0.22840143300017576,47.33984273852331,-3.1572768017068,-2.995489327631841,0.11438366045303383,-3.802990768482065,-0.2435138333915805,0.9342934419642186,91.66666666666666,-0.0003800466661953994,-0.00034469348794452515,-0.0004153998444461626,-7.070635650152646e-05,-0.00015025100756571597,-8.838294562685256e-05,0.0
1780686300,AUDJPY,bearish_exhaustion,0.6151347929743162,0.11929886894024225,-3.8734851509126296,0.0870696245156632,-1.1901103106503177,-1.277179935165981,-0.4958359240340739,-3.9927840198528717,1.6765797775314428,1,0.49667321734258363,40.974300270063544,-4.67576482821174,81.8844635139766,90.041515886064,-8.157052372087406,76.92802278396424,14.432623540052951,-5.793269864070112,16.63959041008936,-36.47058823529235,0.49667321734258363,-0.013128638662399132,26.774863422883843,-4.027624426107465,0.521135417976131,0.04743262970459248,-0.000501854010555372,1.4833058764028226,-0.5162874702319181,44.506373748720804,-2.8334689898025047,-3.4777543275152,0.021135417976131055,-4.027624426107465,-0.20476266767036044,0.8456569554332611,70.83333333333334,3.5366619216548045e-05,-3.5366619216548045e-05,0.00030945791814396273,0.00022988302490700718,0.00029177460853579973,0.0004155577757933848,0.0
1780686600,AUDJPY,bearish_exhaustion,0.5311336507696407,0.3398113142022405,-3.6585399643326832,0.13967490254354878,-1.054891930387446,-1.1945668329309949,-0.19132233656740022,-3.9983512785349236,1.614846525446301,1,0.4936219095330889,41.57380837180978,0.5995081017462383,65.45253863135063,80.44023276277858,-14.987694131427943,86.30417297298641,9.37615018902217,-5.056473351030775,10.80524826347649,-34.1176470588189,0.4936219095330889,-0.013618686126347927,23.489953240985464,-3.284910181898379,0.5671959052388881,0.04644281993271081,-0.000989809771881671,1.3353476411699348,-0.40815978601040204,42.30433626387886,-2.202037484841945,-6.289588025160295,0.06719590523888808,-3.284910181898379,-0.14795823523288787,0.7378320676387334,47.68518518518518,-7.073073692598353e-05,0.0002740816055877282,0.00019450952654609388,0.00025639892135620457,0.00038017771097642594,-0.0002652402634719664,1.0
1780686900,AUDJPY,bearish_exhaustion,0.26254413319330744,0.29463286058357596,-3.6565591054097824,-0.010910099608285212,-1.1418793091630475,-1.1309692095547623,0.032088727390268565,-3.9511919659933583,1.3274411595136006,1,0.47490956670875817,40.68380800129164,-0.8900003705181447,44.35944279516094,63.89881498016272,-19.53937218500178,92.07216727699534,5.767994304008937,-3.6081558850132467,16.994729482661953,-40.740740740744315,0.47490956670875817,-0.029360701418295,21.562869082007637,-1.9270841589778271,0.5621316921691915,0.04546533186453155,-0.0009774880681792594,1.2579461376799799,-0.518018056932923,40.25958717081134,-2.044749093067516,-5.966318743997533,0.062131692169191455,-1.9270841589778271,-0.07740150348995489,0.6217547753271127,31.944444444444443,0.0003448367330698421,0.0002652590254383913,0.0003271527980406308,0.0004509403432451098,-0.00019452328532132412,-0.00042441444070118184,1.0
1780687200,AUDJPY,bearish_exhaustion,0.8101092658363144,1.1427628291027792,-2.676100077194267,0.6364506164764133,-0.35721031765194794,-0.9936609341283612,0.33265356326646467,-3.818862906297046,1.9411609497884765,1,0.49771084649686226,46.67682713291013,5.993019131618489,47.7011494252894,52.504376950600324,-4.803227525310923,95.49612403374874,3.423956756753398,-2.344037547255553,59.95717344753991,-16.77018633540422,0.49771084649686226,0.019867407692680063,18.971910568334266,-2.590958513673371,0.7722232383730797,0.045170606484027896,-0.00029472538050365205,1.1100948238691972,0.21888738953963305,37.79123015021886,-2.468357020592485,-2.4994298906158967,0.2722232383730797,-2.590958513673371,-0.14785131381078265,0.6429826838885857,37.5,-7.95502757743316e-05,-1.767783906092557e-05,0.00010606703436577547,-0.0005391740913590626,-0.000768985999151317,-0.0005303351718286553,0.0
1780687500,AUDJPY,bearish_exhaustion,0.45982555543009945,1.0147874326737114,-2.6499429638377894,0.39453889038142764,-0.5001805647181405,-0.8947194550995683,0.554961877243612,-3.664730396511501,1.6377206527078165,1,0.492699710024189,45.53351152615705,-1.1433156067530774,56.03448275861721,49.36502499302251,6.6694577655947,97.4780822144999,1.981958180751164,-1.4419985760022342,73.68983141354884,-22.78481012658296,0.492699710024189,-0.011426138622852038,18.143222571852235,-0.8286879964820315,0.7495662559321314,0.04459935834271021,-0.0005712481413176831,1.0756453740989467,0.03920154987033923,35.32194103830461,-2.46928911191425,-1.3598099343802161,0.24956625593213144,-0.8286879964820315,-0.03444944977025055,0.6403943321418762,36.574074074074076,6.187735907436931e-05,0.00018563207722288588,-0.0004596603816948708,-0.0006894905725423062,-0.0004508207589700719,-0.0003270660408213333,1.0
1780687800,AUDJPY,bearish_exhaustion,0.402685988864276,1.2223666057903535,-2.3474344650327694,0.46537096240823816,-0.3451498955433579,-0.810520857951596,0.8196806169260775,-3.5698010708231225,1.6866135770379973,1,0.49628638976620487,46.6285120560459,1.0950005298888499,76.84422714015811,60.19328644135491,16.650940698803204,98.60405120606272,1.1259689915628144,-0.8559891891883495,88.10256000638513,-19.078947368418532,0.49628638976620487,-0.011846703542243153,17.29602449772443,-0.8471980741278031,0.8057675324217589,0.043242078891317724,-0.0013572794513924888,1.0672176848857338,0.16603819142104495,33.02902972009852,-2.2929113182060874,-1.3022330096713937,0.3057675324217589,-0.8471980741278031,-0.008427689213212908,0.6361941845852649,34.72222222222222,0.0001237470610073732,-0.0005215054713878509,-0.0007513214418299885,-0.0005126663956017685,-0.0003889193345943953,-0.0010164937154171216,0.0
1780690200,AUDJPY,bearish_exhaustion,-2.4002495975272455,-2.6645511437477256,-4.510354830980943,-2.1244315255518464,-3.060826083779996,-0.9363945582281498,-0.26430154622048013,-1.8458036872332177,-3.9409574754087053,0,-0.08025266199465823,29.97064772235015,-5.604899998714103,2.730035988719051,14.498852598227552,-11.768816609508502,99.99032864061158,0.008616750785392924,-0.0075621421823655055,-185.97127867564095,-98.22222222222632,-0.08025266199465823,-0.1213310251721049,18.776916657929757,2.8283291329715965,-0.1409790308143203,0.045223800320293724,0.002268068351774302,1.0515946661020343,-2.620054007363914,29.01076977886658,1.0394631627190485,-21.517816662166137,0.6409790308143203,2.8283291329715965,0.08720958042533122,0.45589619177279583,27.500000000000004,-6.197706848454221e-05,-0.00039842401168699304,-0.00038957014476070917,-0.0003275930762759449,-0.0008942405595643299,-0.0009827792288280568,0.0
1780695000,AUDJPY,bearish_exhaustion,0.03178465965143708,-1.456134720285484,-4.317548705412289,-0.519731725472413,-2.085727504636789,-1.5659957791643762,-1.487919379936921,-2.8614139851268052,0.9014924093658744,1,0.08879480850541845,31.664170308622474,-3.582339818704895,64.60611810869678,48.48569711241564,16.120420996281133,6.699047016669254,6.5122323617863485,6.671086020408833,-54.42043222005657,-72.83236994219853,0.08879480850541845,0.05016282088624323,33.17702854741454,-3.190452473143573,0.30424633774497806,0.044630111326573414,0.00012631752595110984,1.8890918241686419,-1.418057953365747,48.24375834186052,-0.7067768616848511,-15.605039044559874,0.19575366225502194,-3.190452473143573,-0.19334481485126886,0.7329579327683785,91.875,0.0001063914674042099,0.00013298933425542891,0.0005053594701704966,0.0005762871151067106,0.00040783395838328573,0.00019505102357464388,1.0
1780695300,AUDJPY,bearish_exhaustion,0.32367396984621194,-0.9618033471057174,-4.0061823761441895,-0.2454959792998654,-1.7639114707879242,-1.5184154914880588,-1.2854773169519293,-3.0443790290384722,1.1096035342981156,1,0.15043571379335685,34.27994634456299,2.615776035940513,76.0112415938966,64.37259558479332,11.638646009103283,19.516864019298435,12.81781700262918,6.305584640842833,-51.469357317889404,-64.45783132530202,0.15043571379335685,0.05886835661492675,27.905710039744353,-5.271318507670184,0.3509125288158417,0.04327416160807633,-0.0013559497184970834,1.657492171157763,-1.1006495306149258,47.5874655417246,-0.6562928001359225,-14.942844635981944,0.14908747118415833,-5.271318507670184,-0.23159965301087881,0.6042505156573896,65.625,2.6595037366128338e-05,0.00039892556049037076,0.0004698456601330836,0.0003014104234817516,8.865012455339105e-05,-0.00021276029892824955,1.0
1780695600,AUDJPY,bearish_exhaustion,0.366345469600065,-0.6931422805500289,-3.821649330597209,-0.15822912378661252,-1.6016927123642406,-1.443463588577628,-1.0594877501500939,-3.12850705004718,1.1256424150494069,1,0.201776842420025,34.95032764327041,0.6703812987074258,67.98394566224356,69.53376845494564,-1.5498227927020878,42.84210226513112,23.325238245832683,10.507421243203503,-42.33144162475549,-62.650602409639276,0.201776842420025,0.04892227478652957,24.437744937941996,-3.4679651018023563,0.3792401061778508,0.04258823509538849,-0.00068592651268784,1.480988220897779,-0.9553395512448256,46.58514358209682,-1.0023219596277784,-12.611810869170892,0.12075989382214919,-3.4679651018023563,-0.1765039502599841,0.6351849855114475,75.0,0.00037232062124359366,0.0004432388348136751,0.00027480807758450965,6.20534368740433e-05,-0.00023934897079946893,-0.00041664450472489456,1.0
1780695900,AUDJPY,bearish_exhaustion,1.1289872357074586,0.3492031687086654,-2.7709631971287547,0.5996465367499663,-0.6666765883987678,-1.2663231251487341,-0.7797840669987932,-3.12016636583742,1.918352854207866,1,0.28965728777183025,43.62102237506001,8.670694731789595,79.24862497570436,74.41460407728151,4.83402089842285,62.96288626030651,20.120783995175394,-3.2044542506572995,6.13199223574722,-10.34482758620732,0.28965728777183025,0.08994644817441462,19.99037079286396,-4.447374145078037,0.5751484838792766,0.04301279459741953,0.0004245595020310397,1.1897770754229375,-0.07263030073207227,44.26551576734353,-2.3196278147532894,-5.7047846898127155,0.07514848387927664,-4.447374145078037,-0.2912111454748414,0.5012030868796254,36.875,7.089181908392916e-05,-9.747625124056913e-05,-0.0003101517084928007,-0.0006114419396001658,-0.0007886714873103218,-0.0006291648943711481,0.0
1780696200,AUDJPY,bearish_exhaustion,1.1565984016269542,0.6115826080541683,-2.479613839459434,0.653137571127266,-0.46920103074676794,-1.122338601874034,-0.5450157935727858,-3.0911964475136022,1.9772044454310473,1,0.3590080185100674,45.12152310911429,1.5005007340542846,80.3413377376928,75.8579694585469,4.483368279145893,77.25236069402374,14.289474433717224,-5.83130956145817,53.55782416577662,-19.424460431656,0.3590080185100674,0.06653636349177908,17.873683038042877,-2.1166877548210827,0.6457879997259864,0.0425958756427185,-0.0004169189547010288,1.0760014268349898,0.08421618372446442,41.331504177287364,-2.9340115900561656,-1.336930414047984,0.14578799972598644,-2.1166877548210827,-0.11377564858794775,0.5278924193665657,42.5,-0.0001683561352519014,-0.0003810165166229229,-0.0006822853902317405,-0.0008595023747075548,-0.0007000070886793441,-0.0005936768979938334,0.0
1780613700,AUDUSD,bearish_exhaustion,-0.05719154253774306,-0.9817881469056831,-3.3342669299764536,-0.3999720999924879,-1.39338716876839,-0.9934150687759021,-0.92459660436794,-2.3524787830707705,-1.4722488224964687,0,0.058119859803629347,36.114455952389996,-0.6181854341854063,51.38888888891523,51.38888888891652,-1.2860823517257813e-12,1.2124297658364105,0.6820523967637179,1.1045477392814755,-60.31746031758023,-86.84210526316097,0.058119859803629347,0.024218808551964306,6.039192334439588,0.14627127627870884,0.26092755672168655,0.014707989280666845,-0.00026843270556173825,1.1843008195544953,-0.9647275476896359,25.211457896057397,-0.27691084372062136,-6.784500972613376,0.23907244327831345,0.14627127627870884,0.04392683847044054,0.6864031516015973,66.66666666666666,-0.00030842995135216267,5.6078172973261786e-05,0.00040656675405514875,0.00015421497567613685,-5.607817297303974e-05,5.6078172973261786e-05,1.0
1780631400,AUDUSD,bearish_exhaustion,1.3533991357916095,-0.3564627274143439,-2.900969025539946,0.5503107803420967,-0.7237103153629865,-1.274021095705083,-1.7098618632059535,-2.544506298125602,3.166733724360011,1,0.08507395966026082,43.64110577850329,7.348115587314403,91.0378537853807,79.66362805754564,11.374225727835068,0.09873669012684297,0.09855364831341552,0.09872170981129434,-25.98071686170993,-45.49763033175288,0.08507395966026082,0.13668484083059226,37.108768046928866,-0.5944756535837996,0.45343532692300553,0.048483506264433394,0.0009000411397421249,1.7997231412653776,-0.2120191565710938,48.823710243242836,-2.169759978691019,-9.790079108160462,0.04656467307699447,-0.5944756535837996,-0.06452421145393838,0.8313710720257532,80.7017543859649,0.00033722073907549444,0.00047772938035683943,0.00044962765210065925,0.000547983700997623,0.00046367851622886036,0.000829000983560535,1.0
1780631700,AUDUSD,bearish_exhaustion,1.9328307339232869,0.41314618079389726,-2.1125348768976844,1.050928128970759,-0.026005933234793856,-1.0769340622055528,-1.5196845531293894,-2.5256810576915814,3.647074664340259,1,0.2223759457237932,49.24511413703867,5.604008358535381,89.19347542231033,87.16738596782209,2.0260894544882433,1.7847098320522694,1.6859731419254265,1.587419493612011,9.806201550390005,-30.150753768841867,0.2223759457237932,0.13756432985874356,36.236965718504045,-0.8718023284248204,0.5554406175329233,0.048617083332580885,0.00013357706814749043,1.7607029575604043,0.43611952326109155,45.80800234638565,-3.0157078968571867,-3.284486087288517,0.055440617532923286,-0.8718023284248204,-0.03902018370497329,0.6097880858477992,55.26315789473685,0.00014046127482658655,0.00011236901986122483,0.0002106919122397688,0.0001264151473439057,0.0004916144618927198,0.0007865831390285738,1.0
1780678200,AUDUSD,bearish_exhaustion,0.8803992263367375,-0.7910700161327097,-6.232784481010684,0.10931421460783113,-1.9479512928177298,-2.057265507425561,-1.671469242469447,-5.4417144648779745,2.2790920557927272,1,0.2634408229382482,33.95899339848688,3.472043776128615,80.7489003767608,72.96725221977289,7.781648156987913,0.827335620026401,0.827335620026401,0.827335620026401,-36.143451629485575,-52.091254752850624,0.2634408229382482,0.109851209437656,61.24044833265886,-6.339095593005638,0.4009834314837578,0.0766998893361723,-0.0003785934745664521,1.9671225391864937,-1.060858249055795,64.84556483081303,-2.2251259486445747,-17.509025379654492,0.09901656851624219,-6.339095593005638,-0.1861411222865017,0.9831386904002075,100.0,0.00032491841722337433,9.888821393766456e-05,-0.00043793351886645127,-0.0011160241287241357,-0.0011442779041349604,-0.001130151016429548,1.0
1780678500,AUDUSD,bearish_exhaustion,1.2934910269788285,-0.14247147543508198,-5.689110969095184,0.45897391348314803,-1.4365386406817984,-1.8955125541649465,-1.4359625024139104,-5.546639493660102,2.642290980421429,1,0.3732024335765884,37.99633175550675,4.03733835701987,91.66855003403163,82.73509822731485,8.933451806716775,3.7621424092460987,2.9348067892196976,2.1074711691932966,-19.284022286735155,-34.070796460178535,0.3732024335765884,0.1050722853120241,53.73128657620079,-7.50916175645807,0.4800269150997759,0.07533400837625374,-0.0013658809599185612,1.771001645986557,-0.5868088178165336,62.64030891933384,-2.205255911479192,-15.878275928828092,0.019973084900224092,-7.50916175645807,-0.19612089319993675,0.9665929638275156,98.14814814814815,-0.00022595678576464717,-0.0007626041519559479,-0.0014404745092500004,-0.0014687191074705952,-0.0014545968083603533,-0.0015110860048014318,0.0
1780678800,AUDUSD,bearish_exhaustion,0.9192948661258815,-0.24469748524211343,-5.897305354135489,0.13776668614516227,-1.6460789796673405,-1.7838456658125028,-1.163992351367995,-5.652607868893376,2.2322816162534873,1,0.4310484345006324,36.332338193224096,-1.6639935622826556,85.40274725274406,85.94006588784549,-0.5373186351014283,11.11979374929654,7.357651340050442,4.422844550830745,-10.150317681723156,-41.15044247787478,0.4310484345006324,0.04897269813832771,47.5649040485983,-6.166382527602487,0.4621427643123464,0.07360108678559636,-0.0017329215906573825,1.6209729027141706,-0.8213719940093892,60.362068920052536,-2.278239999281304,-13.997987642972117,0.03785723568765359,-6.166382527602487,-0.15002874327238636,0.9280389648198042,89.81481481481481,-0.0005367686527107951,-0.0012147922140294254,-0.0012430431957510812,-0.0012289177048903088,-0.0012854196683333985,-0.0017798118484617653,0.0
1780679100,AUDUSD,bearish_exhaustion,0.17055042801773307,-0.7539104147593996,-6.4367281992269385,-0.5054466215650169,-2.2210532033614427,-1.7156065817964261,-0.9244608427771326,-5.682817784467539,1.2955689985118801,1,0.41685845485367634,32.672661035831695,-3.6596771573924016,68.19572970888396,81.75567566521988,-13.559945956335923,24.161296069899418,13.041502320602877,5.683850980552435,-32.40563544570437,-54.761904761904255,0.41685845485367634,-0.018429743183563316,41.300787015184774,-6.264117033413527,0.3669578357321286,0.07292334561500513,-0.0006777411705912312,1.4263260498201489,-1.416783595927271,58.69838707797014,-1.663681842082397,-17.41742759085588,0.1330421642678714,-6.264117033413527,-0.19464685289402173,0.9058468918648093,86.11111111111111,-0.0006783876985696491,-0.0007066538526767641,-0.0006925207756232066,-0.0007490530838373255,-0.0012437107807111714,-0.0017949007857990251,0.0
1780679400,AUDUSD,bearish_exhaustion,-0.973250712519815,-1.618263765035937,-7.657628304247671,-1.4570359825749881,-3.210228167587022,-1.7531921850120336,-0.6450130525161222,-6.039364539211734,0.17298523665838964,1,0.43191203073588835,32.57965801924641,-0.09300301658528554,36.32144727490596,63.30664141217799,-26.985194137272032,46.381347632575284,22.220051562675867,9.17854924207299,-42.051661122744335,-51.041666666664796,0.43191203073588835,-0.016344187342071045,36.98845865939603,-4.312328355788743,0.20342809871127795,0.0678164442193469,-0.005106901395658225,1.4160770869792731,-2.376759392931439,57.153539653179344,-1.5448474247907953,-17.39149990071671,0.296571901288722,-4.312328355788743,-0.01024896284087573,0.8645734640000714,75.0,-2.8285342535516733e-05,-1.4142671267869389e-05,-7.071335633879183e-05,-0.0005657068507100016,-0.0011172710301522448,-0.0009051309611360914,0.0
1780680000,AUDUSD,bearish_exhaustion,-0.9352119477494198,-1.1635312825411315,-6.8037167712593485,-1.0098368655313437,-2.649133680885979,-1.6392968153546355,-0.22831933479171168,-5.640185488718217,-2.2181871442992542,0,0.29346003890279254,28.530141965622008,0.20512963185744582,11.850169442646651,21.583666833465372,-9.733497390818721,78.65234133282182,13.311317717721394,-5.648358264803747,-86.07582579834735,-71.24999999999983,0.29346003890279254,-0.04504101807869244,30.72179588048463,-3.1165951991088257,0.23160550609760414,0.07092516994644538,0.0006355373838227707,1.0975295821624436,-1.8761913336309282,55.47508694343919,-1.131487856835463,-20.879735490079483,0.2683944939023959,-3.1165951991088257,-0.12933814236540742,0.9372633169863477,92.5925925925926,-5.6571485142820066e-05,-0.0005515719801434393,-0.0011031439602867676,-0.0008910008910009148,-0.001272858415715561,-0.0012445726731440399,0.0
1780680300,AUDUSD,bearish_exhaustion,-0.9939055109154988,-1.1196902332514653,-6.835677943330013,-0.9534038838729202,-2.6129077017437017,-1.6595038178707815,-0.12578472233596652,-5.715987710078547,-2.320526046721551,0,0.2713218453622904,28.1826954379235,-0.3474465276985086,17.099783441616413,15.176445555702193,1.9233378859142203,87.31708542904671,8.664744096224894,-4.6465736214965006,-81.87134502923153,-73.74999999999532,0.2713218453622904,-0.032144005905396116,28.80882528844691,-1.9129705920377198,0.23361913349020028,0.0685905203944094,-0.0023346495520359806,1.0781018263324904,-1.8300109949949759,54.42441964780625,-1.050667295632934,-20.049390095012356,0.26638086650979975,-1.9129705920377198,-0.019427755829953153,0.9011259702505796,83.79629629629629,-0.000495028499498007,-0.001046631684652799,-0.0008344766134394943,-0.0012163557416234871,-0.0011880683987950391,-0.001683096898292935,0.0
1780684200,AUDUSD,bearish_exhaustion,-0.8442630290525334,-2.923382040253107,-7.423692152013488,-1.2860580831528543,-3.509562348427535,-2.223504265274681,-2.0791190112005737,-4.500310111760381,-1.607553533529364,0,0.011760089544085377,21.08122101314528,-1.0203398918800133,27.913533834587117,19.376146763849885,8.537387070737232,2.2693345972875116,0.15089475519819961,1.8244756444701056,-97.79709572259739,-93.88646288209485,0.011760089544085377,0.04399622309656151,56.36416158749075,-0.8151197938804273,0.1973187170077482,0.05845808688164487,-0.0016492571513334123,2.5472614327477383,-2.550294543327945,56.600752494408326,-0.3894768881536095,-24.793693649604982,0.30268128299225183,-0.8151197938804273,0.05529371082560708,0.9689429685662809,98.61111111111111,4.254655302005084e-05,-4.254655302005084e-05,0.0002978258711405779,0.0007091092170015134,0.0013331253279629252,0.0012054856689027726,0.0
1780684500,AUDUSD,bearish_exhaustion,-0.5386041757486677,-2.57277436508691,-7.161681942464057,-1.0600880775290042,-3.285949150256789,-2.2258610727277848,-2.0341701893382425,-4.588907577377147,-1.1826718110123453,0,0.065820904525686,21.97640124583552,0.8951802326902367,34.70779220779254,28.11735472601417,6.590437481778366,3.888166115872552,1.6188315185850404,1.4679367633868403,-89.80512820512025,-92.12962962962965,0.065820904525686,0.05367741906575616,53.08771578399978,-3.276445803490965,0.22605146284168998,0.056610030969992016,-0.0018480559116528517,2.5015884546230485,-2.314637687903091,56.23909538397997,-0.3616571104283537,-23.77328933254878,0.27394853715831,-3.276445803490965,-0.045672978124689845,0.9653716027074887,97.68518518518519,-8.508948577579112e-05,0.0002552684573275954,0.0006665343052443262,0.0012905238676006459,0.0011628896389370702,0.0007090790481323328,1.0
1780684800,AUDUSD,bearish_exhaustion,-0.42523718689226336,-2.4477067343074097,-7.173025328165842,-1.0600662886205874,-3.293199578925465,-2.2331332903048775,-2.0224695474151466,-4.725318593858432,-1.0467034980939873,0,0.11107500240880736,21.452295906475342,-0.524105339360176,26.682340647860126,29.767888896746594,-3.085548248886468,7.994190993810069,4.106024877937516,2.487193359352476,-86.81506849313836,-92.51336898395583,0.11107500240880736,0.04294789050808583,49.38554927193368,-3.702166512066107,0.22925986474536444,0.054698348728041656,-0.0019116822419503604,2.433616230845194,-2.308329586140951,55.9879155570762,-0.2511798269037726,-23.959906457449414,0.2707401352546356,-3.702166512066107,-0.06797222377785461,0.9498443003026241,94.44444444444444,0.0003403869064502185,0.0007516877517443898,0.0013757304135699755,0.0012480853236511713,0.0007942361150508059,0.0008084189028194633,1.0
1780685100,AUDUSD,bearish_exhaustion,0.33347770860207465,-1.5423344022858247,-6.212064440558042,-0.372188339199015,-2.48486916886892,-2.1126808296699053,-1.8758121108878993,-4.669730038272218,-0.14314347371867162,0,0.19417957903534727,28.769920291606198,7.317624385130856,40.188087774290636,33.85940687664777,6.328680897642869,15.541286488430346,7.547095494620278,3.44107061668276,-67.61142857140888,-75.48387096774512,0.19417957903534727,0.08257403162337686,45.828273165888554,-3.557276106045123,0.31700566348847614,0.05441980259975024,-0.00027854612829141673,2.256819236426964,-1.5327431372816027,54.95598069637399,-1.0319348607022079,-19.00508901984184,0.18299433651152386,-3.557276106045123,-0.17679699441822994,0.9400184023007674,93.05555555555556,0.000411160891510276,0.0010349912096636604,0.000907389553677973,0.0004536947768389865,0.00046787273861514933,0.000411160891510276,1.0
1780685400,AUDUSD,bearish_exhaustion,1.0416515549423995,-0.5285608137707886,-5.059229408685066,0.3210153288594707,-1.584671767053748,-1.9056870959132186,-1.5702123687131881,-4.530668594914278,1.72749144012776,1,0.3018489203236295,36.47145008562264,7.701529794016444,59.662835249035425,42.177754557062066,17.48508069197336,34.36147644034712,18.820189951916774,11.273094457296494,-33.10026840328163,-56.774193548388766,0.3018489203236295,0.10967793471239748,40.67400992942072,-5.154263236467834,0.42859214510558147,0.05496600481503597,0.0005462022152857293,1.9581169808724288,-0.6959141470645479,52.620608436350224,-2.3353722600237674,-10.83500496558889,0.07140785489441853,-5.154263236467834,-0.2987022555545351,0.9456236690732753,93.51851851851852,0.0006235739289408571,0.0004960247162031362,4.2516404246129014e-05,5.668853899476467e-05,0.0,0.00028344269497337926,1.0
1780685700,AUDUSD,bearish_exhaustion,1.9095500877690597,0.7173375658657388,-3.5150797010382226,1.2001461043300425,-0.40621679975676767,-1.6063629040868102,-1.1922125219033208,-4.232417266903962,2.751259665930376,1,0.43588302880941143,46.00969953016107,9.53824944453843,84.6525725232522,61.50116518219276,23.151407341059446,55.47615481823953,21.11467837789241,2.2944884259756364,10.341107763266487,-17.16417910448225,0.43588302880941143,0.14173496938370372,37.50121824626387,-3.172791683156852,0.6078700616183255,0.056369876126538085,0.0014038713115021167,1.7281687806914563,0.38666739241705156,49.30790192709008,-3.3127065092601455,-3.164042077482314,0.10787006161832546,-3.172791683156852,-0.2299482001809725,0.9704434932187229,99.07407407407408,-0.00012746972594002148,-0.0005806954181714064,-0.0005665321152892311,-0.0006231853268181542,-0.00033991926917342763,-0.0004248990864669233,0.0
1780686000,AUDUSD,bearish_exhaustion,1.476040006188103,0.6237138746690065,-3.456020943781725,0.8150969659509386,-0.5790638195953477,-1.3941607855462863,-0.8523261315190965,-4.079734818450731,2.3875071345884598,1,0.5004886516693888,44.536733894908075,-1.4729656352529972,91.87332112331625,78.72957629853464,13.143744824781606,71.88578570815275,16.409630889913224,-4.705047487979186,22.412298566102695,-21.53846153845799,0.5004886516693888,0.06940239100503691,33.60107202869784,-3.900146217566025,0.6058509918436283,0.05700437939713807,0.0006345032705999884,1.5177444996806175,0.1436488694747425,46.08983179128059,-3.2180701358094908,-2.0182368505404966,0.10585099184362834,-3.900146217566025,-0.21042428101083877,0.9590339989181217,96.29629629629629,-0.00045328347215134457,-0.00043911836364673995,-0.0004957787976657135,-0.00021247662757095664,-0.0002974672785993615,-0.00036829282112305073,0.0
1780686300,AUDUSD,bearish_exhaustion,0.5467999954486197,0.00125412843010303,-4.059864553361557,0.017017038507152523,-1.284393713112982,-1.3014107516201345,-0.5455458670185166,-4.06111868179166,1.4401206925997188,1,0.48882823034992184,39.67339298152561,-4.863340913382466,81.6861866203969,86.07069342232178,-4.384506801924886,83.01674700359287,11.130961295440116,-5.278669594473101,11.17589893097658,-40.1709401709375,0.48882823034992184,-0.016361553537078802,28.88129717924916,-4.719774849448683,0.5002453411663215,0.056499525438877575,-0.0005048539582604983,1.3181236646147343,-0.5950112559224235,43.21011420554363,-2.8797175857369552,-2.6083252570132167,0.00024534116632146663,-4.719774849448683,-0.19962083506588324,0.8625045847268644,73.61111111111111,1.4171532225937256e-05,-4.251459667836688e-05,0.0002409160478431538,0.00015588685448664208,8.502919335628967e-05,0.0002409160478431538,0.0
1780686600,AUDUSD,bearish_exhaustion,0.43407826105059605,0.1583108952067013,-3.8612538021210923,0.03626389780783097,-1.1870155213778981,-1.223279419185729,-0.2757673658438947,-4.019564697327794,1.3316062546074088,1,0.4793448374445799,39.89427831000851,0.22088532848290043,64.1543483036756,79.23795201579624,-15.083603712120635,90.04530057655468,7.028553572961812,-4.102407722478304,1.7834394904122808,-39.316239316240534,0.4793448374445799,-0.01828153168572712,25.5299053641782,-3.351391815070958,0.5344184492106492,0.05549981543854929,-0.0009997100003282869,1.1917625526288755,-0.5249306489064092,40.991686520926585,-2.2184276846170476,-5.566167799162148,0.03441844921064918,-3.351391815070958,-0.12636111198585875,0.7379574306449372,48.148148148148145,-5.6685325586447455e-05,0.00022674130234534573,0.00014171331396584108,7.085665698292054e-05,0.00022674130234534573,-0.0004959965988804438,1.0
1780686900,AUDUSD,bearish_exhaustion,0.24105540859183147,0.14515164388326882,-3.760464374036312,-0.056580408374432414,-1.2116998305406168,-1.1551194221661842,-0.09590376470856264,-3.9056160179195807,1.0954094495729305,1,0.45859063498221664,39.27481330853424,-0.6194650014742678,43.55223068663156,63.13092187023469,-19.578691183603127,94.29111382565645,4.245813249101772,-2.7827403238600397,9.063634928158764,-42.73504273504736,0.45859063498221664,-0.027999019279452447,23.853827485774932,-1.6760778784032695,0.5332735925825519,0.05467657993334675,-0.0008232355052025381,1.1338346378947297,-0.5759209385220381,38.86359829946605,-2.128088221460537,-4.876417552117861,0.033273592582551914,-1.6760778784032695,-0.057927914734145824,0.6365136707827478,35.18518518518518,0.00028344269497337926,0.00019840988648134328,0.00012754921273794295,0.00028344269497337926,-0.00043933617720826046,-0.0006519181984381284,1.0
1780690800,AUDUSD,bearish_exhaustion,-0.9809633573200156,-1.789221898210544,-3.588944249259695,-0.9594163692910886,-2.0155813230144153,-1.0561649537233266,-0.8082585408905283,-1.799722351049151,-2.1962676165817725,0,-0.05223003918915806,33.80009609307672,1.0624012204210658,16.55481436560626,12.569543928933328,3.9852704366729306,99.76217011278298,0.0016791732498973033,0.2344715407172231,-123.12438648157824,-82.26950354610013,-0.05223003918915806,-0.00013532423285162837,23.068062576593615,1.1078358507995816,0.10209222752343142,0.05134854697623871,-0.00035099276393656814,1.1551176243092485,-1.528367870667824,29.45923009966317,-0.3700289768822529,-11.288417282617022,0.3979077724765686,1.1078358507995816,0.06309330084311937,0.5500337501448695,50.0,-0.00017026831448563318,5.67561048285814e-05,-0.00014189026207134248,-0.00039729273379973673,-0.00022702441931421458,-0.0004540488386282071,1.0
1780691100,AUDUSD,bearish_exhaustion,-1.0205990000324197,-2.0866843064726996,-3.8742961483124954,-1.1238673850170735,-2.2359284073588834,-1.11206102234181,-1.06608530644028,-1.7876118418397957,-2.244262458543251,0,-0.06336013785166651,32.159031363943996,-1.6410647291327223,22.438940488472202,17.403184151187478,5.035756337284724,99.82204737789971,0.0598772651167252,0.058198091866827895,-135.50627668385496,-90.78014184397364,-0.06336013785166651,-0.009625217496893731,24.93509156358092,1.8670289869873038,0.08268933094961121,0.04991899736259831,-0.0014295496136403976,1.2972375955575035,-1.7313083737988098,29.37707286274409,-0.08215723691908039,-13.01782050076923,0.41731066905038877,1.8670289869873038,0.14211997124825504,0.6812496157931138,83.75,0.00022706308096220873,2.8382885120192825e-05,-0.00022706308096220873,-5.6765770240607694e-05,-0.0002838288512027054,-0.00038316894912371335,1.0
1780691400,AUDUSD,bearish_exhaustion,-0.43363300594812465,-1.5437335011752724,-3.3621012394515692,-0.5756369159849196,-1.676974580656039,-1.1013376646711193,-1.1101004952271478,-1.8183677382762968,-1.5006515580630968,0,-0.027946438661542432,36.5803806689762,4.4213493050322015,34.362017411553296,24.45192408854392,9.910093323009377,99.88150484970396,0.05945747180425087,-0.0004197933124885367,-109.93001259186778,-79.43262411347301,-0.027946438661542432,0.03648331866632655,25.718682209587982,0.7835906460070632,0.20563134163500793,0.049079131700155564,-0.0008398656624427486,1.3657147463533603,-1.1743752778670395,29.396374941950192,0.019302079206102718,-13.11800799240553,0.29436865836499204,0.7835906460070632,0.06847715079585681,0.7163731043611069,89.375,-0.0001986350931456604,-0.0004540230700473824,-0.00028376441877964176,-0.0005107759538032219,-0.0006100935003759966,-0.0006810346050709626,0.0
1780691700,AUDUSD,bearish_exhaustion,-0.7019012000787266,-1.7547530001972993,-3.65568707677467,-0.8322713221072915,-1.933853926234174,-1.1015826041268826,-1.052851800118573,-1.9009340765773706,-1.6300513958334282,0,-0.019721859748366495,34.463874109477615,-2.116506559498582,36.1920827710306,30.997680223685364,5.194402547345234,99.92599300522903,0.044488155525073125,-0.014969316279191958,-96.39600521061074,-89.36170212766008,-0.019721859748366495,0.008316720470938371,25.281678219260954,-0.4370039903270282,0.1606944326487504,0.04892756453138353,-0.0001515671687720363,1.3432149354205705,-1.433419559558005,28.887567133971636,-0.5088078079785561,-9.735096412338354,0.3393055673512496,-0.4370039903270282,-0.022499810932789854,0.5577013079811645,55.00000000000001,-0.0002554387159948712,-8.514623866495707e-05,-0.0003122028751046946,-0.000411540153547052,-0.0004824953524344977,-0.0007237430286517466,0.0
1780692000,AUDUSD,bearish_exhaustion,-0.9499986424646559,-2.0237246530339714,-3.9308327062443,-1.1238155885326975,-2.230016035534421,-1.1062004470017237,-1.0737260105693154,-1.9071080532103286,-1.8674725426280232,0,-0.03621531922713661,31.907669378438555,-2.5562047310390597,37.38603988603859,35.98004668954083,1.4059931964977608,99.95561679280304,0.029623787574010407,-0.014864367951062718,-120.54444917056684,-88.34355828221331,-0.03621531922713661,-0.016874994356403702,25.407932211567623,0.126253992306669,0.10290688695444765,0.04990552737018371,0.000977962838800181,1.3071876556202522,-1.7350295575795522,29.152397430753073,0.26483029678143666,-14.959795896617939,0.39709311304555234,0.126253992306669,-0.03602727980031828,0.5895640591908218,61.875,0.000170335987735859,-5.677866257847164e-05,-0.00015614132209107456,-0.00022711465031433065,-0.00046842396627344574,-0.0004968132975626816,0.0
1780692300,AUDUSD,bearish_exhaustion,-0.35485247862607866,-1.5088215626621644,-3.3758485407567305,-0.6504300056510298,-1.717934634893619,-1.0675046292425892,-1.153969084036086,-1.8670269780945659,-1.1680678293979645,0,-0.013121168047102767,35.35030790192384,3.442638523485286,37.10615545122289,36.894759369430695,0.21139608179219493,99.97411854149578,0.018501748692742126,-0.011122038881268281,-109.10393672579123,-77.19298245614013,-0.013121168047102767,0.02245506177565642,25.738637944506372,0.3307057329387497,0.20247279072922825,0.0507933755351257,0.0008878481649419942,1.28753787398688,-1.238725739138186,29.575183253997743,0.42278582324466996,-15.242737820916755,0.29752720927077175,0.3307057329387497,-0.019649781633372276,0.6755818195618214,82.5,-0.00022707597110449562,-0.0003264217084627541,-0.00039738294943292285,-0.0006386511687315188,-0.0006670356651197196,-0.000723804657895899,0.0
1780692600,AUDUSD,bearish_exhaustion,-0.6438847930994593,-1.783923236293804,-3.657042634402391,-0.9264058246732302,-1.999791795772983,-1.0733859710997529,-1.1400384431943447,-1.873119398108587,-1.2508605868462774,0,-0.017234899529141992,32.95768968351926,-2.3926182184045786,37.90427751695375,37.46549095140508,0.4387865655486678,99.98521434329503,0.011095801799243077,-0.007405946893499049,-98.81910896404533,-82.96296296295918,-0.017234899529141992,-0.004145354123803338,26.260697369762187,0.5220594252558151,0.15435588746604523,0.0509276501795193,0.0001342746443935977,1.307017220093215,-1.5215572400081423,29.826727036720882,0.2515437827231395,-13.522563361454374,0.3456441125339548,0.5220594252558151,0.01947934610633517,0.6654543677832027,80.0,-9.936830151180409e-05,-0.00017034565973450544,-0.00041166867769182325,-0.000440059620980926,-0.0004968415075592425,-0.000440059620980926,0.0
1780692900,AUDUSD,bearish_exhaustion,-0.6471191158829698,-1.7413143014522248,-3.53364629253894,-0.914172797557723,-1.9577788978836512,-1.0436061003259283,-1.094195185569255,-1.7923319910867148,0.42962264954890783,1,-0.0209549308808865,31.93917648928513,-1.0185131942341314,36.61971830986511,37.210050426013915,-0.590332116148808,99.99168470792108,0.006470364626053993,-0.004625437173189084,-86.5000201914323,-88.14814814814517,-0.0209549308808865,-0.004352191368843618,26.742899177422224,0.4822018076600365,0.156050390919173,0.05287200711431175,0.001944356934792453,1.2611664554101605,-1.4962118649889713,29.323886173102295,-0.5028408636185873,-9.027365987436974,0.343949609080827,0.4822018076600365,-0.0458507646830546,0.6664498287581062,80.625,-7.098441182318282e-05,-0.0003123314120219156,-0.00034072517675121095,-0.0003975127062098016,-0.00034072517675121095,-2.8393764729295334e-05,0.0
1780693200,AUDUSD,bearish_exhaustion,-0.7052474263897546,-1.7004904161398333,-3.526781724554527,-0.8996286550451452,-1.964354891190118,-1.0647262361449727,-0.9952429897500789,-1.826291308414694,-1.415940778851264,0,-0.022136436779555495,31.197546992959488,-0.7416294963256433,26.522419541409132,33.682138456076,-7.159718914666865,99.99538112209733,0.003696414176246776,-0.0027739504498072165,-109.2438137128712,-87.94326241134746,-0.022136436779555495,-0.0008863458820441,26.037047698236858,-0.7058514791853661,0.15976450692361244,0.05214132547703112,-0.0007306816372806349,1.2524649290594185,-1.4959648749047982,29.232145510897848,-0.09174066220444743,-11.22358936872203,0.34023549307638756,-0.7058514791853661,-0.00870152635074195,0.5424046145753214,48.125,-0.00024136413328978978,-0.00026975991367683694,-0.00032655147445093125,-0.00026975991367683694,4.259367058057073e-05,-0.00019877046270933008,0.0
1780693500,AUDUSD,bearish_exhaustion,-1.0007280699225225,-1.9234423924590414,-3.7295951509163006,-1.1390100546676927,-2.2203615101091874,-1.0813514554414947,-0.9227143225365189,-1.8061527584572592,-1.8561891619533404,0,-0.04106666349135585,28.752939538781277,-2.444607454178211,22.31344476250033,28.485194204591522,-6.171749442091194,99.99745994511706,0.0020788230197297253,-0.0016175911565170509,-121.77280550775413,-89.03225806451547,-0.04106666349135585,-0.019197150530856535,25.641210868650298,-0.3958368295865604,0.10440080065776562,0.05279046737065535,0.0006491418936242291,1.2122335351126015,-1.7509389542225389,29.56685293450756,0.33470742360971073,-13.562821317697178,0.39559919934223436,-0.3958368295865604,-0.04023139394681707,0.5528000663319828,52.5,-2.8402635764646078e-05,-8.520790729382721e-05,-2.8402635764646078e-05,0.0002840263576460167,4.260395364696912e-05,0.0001278118609406853,0.0
1780693800,AUDUSD,bearish_exhaustion,-0.9152542129170007,-1.8277264981357024,-3.701076610532093,-1.0437446489512927,-2.1775630559791965,-1.1338184070279038,-0.9124722852187018,-1.8733501123963905,-1.8794703533340071,0,-0.04642779197179428,28.47029125561599,-0.2826482831652868,20.615661161667674,23.150508488525713,-2.5348473268580385,99.99861466459274,0.0011547194756786894,-0.0009241035440510359,-125.91709464415678,-86.36363636363774,-0.04642779197179428,-0.003959761883647866,24.80744103526198,-0.8337698333883168,0.12423237923035857,0.05104992935134312,-0.0017405380193122252,1.229672644587403,-1.6885814632516996,29.877652685002296,0.31079975049473774,-13.023810056296188,0.37576762076964143,-0.8337698333883168,0.01743910947480165,0.555622903494864,54.37499999999999,-5.680688499454245e-05,0.0,0.0003124378674694839,7.100860624298377e-05,0.00015621893373474194,0.0002840344249723792,0.0
1780694100,AUDUSD,bearish_exhaustion,-0.9002627926367974,-1.7532187824764989,-3.730643139424144,-1.0072408074320143,-2.1841654092705336,-1.1769246018385193,-0.8529559898397014,-1.9774243569476448,-1.956999286455388,0,-0.045000277588581244,27.879993079447715,-0.5902981761682753,18.56252106504868,20.49720899640556,-1.9346879313568799,99.99924967831348,0.0006350137207391526,-0.0005197057549253259,-136.123377492308,-84.68468468468512,-0.045000277588581244,0.0028486098783813483,22.471316129189017,-2.336124906072964,0.1138495073966397,0.04953657803223123,-0.0015133513191118927,1.1612604129485502,-1.678288046752463,30.41542312700488,0.5377704420025822,-14.511619220956558,0.3861504926033603,-2.336124906072964,-0.0684122316388529,0.4549912612114324,26.875,5.681011220004528e-05,0.00036926572929996127,0.00012782275244993535,0.0002130379207501143,0.0003408606731998276,0.0006391137622496768,1.0
1780694400,AUDUSD,bearish_exhaustion,-0.6007174286129716,-1.490185505280629,-3.4621057600766862,-0.7644442927606921,-1.9395375142700222,-1.1750932215093302,-0.8894680766676574,-1.9719202547960573,-1.7163148147999445,0,-0.023500409229381618,29.455170234223985,1.57517715477627,25.180920948039926,21.45303439158543,3.7278865564544965,99.99959601216528,0.00034633385180882215,-0.00028867986891611963,-116.51538205921973,-80.73394495412508,-0.023500409229381618,0.02204823203785598,22.15910836670094,-0.31220776248807525,0.17113886361603292,0.04893742312835753,-0.0005991549038737026,1.1623931247024202,-1.4319292461154387,30.386831525620625,-0.028591601384253096,-11.566410375087564,0.3288611363839671,-0.31220776248807525,0.001132711753869975,0.5775382186915342,59.375,0.0003124378674694839,7.100860624298377e-05,0.00015621893373474194,0.0002840344249723792,0.0005822705711933107,0.0005254636861986572,1.0
1780694700,AUDUSD,bearish_exhaustion,0.12969394096262155,-0.7486877501038045,-2.7088348123825265,-0.1082902205381926,-1.2236353056066567,-1.115345085068464,-0.878381691066426,-1.9601470622787218,-0.9530622730939265,0,0.043465788739645315,37.53591517586257,8.080744941638585,48.618668139937164,30.787370051008594,17.83129808892857,99.99978359258691,0.000187580421624034,-0.00015875343018478816,-69.6904247660014,-60.550458715593805,0.043465788739645315,0.06733524625670086,21.45254934349851,-0.7065590232024306,0.33196353405743745,0.048165747485135545,-0.0007716756432219821,1.1477640017973856,-0.7291896252038543,29.572532082195295,-0.8142994434253303,-7.540228137462432,0.16803646594256255,-0.7065590232024306,-0.014629122905034597,0.5709153270346636,57.49999999999999,-0.00024135385314327795,-0.00015617014026914067,-2.8394570958045762e-05,0.00026974842410143474,0.00021295928218512117,0.0002271565676643661,0.0
1780701000,AUDUSD,bearish_exhaustion,-0.11921404701761319,-0.47685618806790747,-2.574106384441677,-0.21845030429683596,-0.9177246254603106,-0.6992743211634747,-0.3576421410502943,-2.0972501963737695,-1.4503393608017876,0,0.17067828283797162,42.22643576998503,-7.105427357601002e-15,18.55600539811955,31.07287449393358,-12.51686909581403,99.99798154973936,0.0016820419113798835,-0.001345633562095827,-42.870953762030524,-52.3076923076902,0.17067828283797162,-0.008969837817699113,11.97867937918243,0.06063417403512439,0.37669829464562365,0.030978098113278483,-0.0023829306240983443,1.1159483602892972,-0.5487021037769602,15.038610851163037,-0.8894622662233118,-1.5659252388065816,0.12330170535437635,0.06063417403512439,0.11666736100483732,0.3701387876480095,13.750000000000002,0.0,0.0,0.0,0.0,0.0,0.0,0.0
1780701300,AUDUSD,bearish_exhaustion,-0.11850863845567398,-0.45922097401210477,-2.6131154779329466,-0.19906122403405618,-0.9151100253875304,-0.7160488013534743,-0.34071233555643077,-2.1538945039208417,-1.4381983067348132,0,0.17665858698000503,42.22643576998504,7.105427357601002e-15,10.827067669183313,18.65625602468635,-7.829188355503037,99.99890667278237,0.0009251230430038504,-0.0007569188683618222,-39.7417793019548,-52.3076923076902,0.17665858698000503,-0.007148794537810546,11.944738042699663,-0.033941336482767426,0.38942478611255477,0.028765376819472877,-0.0022127212938056057,1.2364099556290722,-0.5346328190648609,14.212681603955678,-0.8259292472073589,-1.5659252388065852,0.11057521388744523,-0.033941336482767426,0.12046159533977496,0.4265119294051959,22.5,0.0,0.0,0.0,0.0,0.0,0.0,0.0
1780701600,AUDUSD,bearish_exhaustion,-0.1116716016213238,-0.41212138693344813,-2.6418310326352774,-0.18139306805456584,-0.9125028743178971,-0.7311098062633313,-0.30044978531212435,-2.229709645701829,-1.4209363659760843,0,0.18421390493817852,42.22643576998503,-7.105427357601002e-15,23.984962406022344,17.78934515777507,6.195617248247274,99.99941128534752,0.0005046125651517741,-0.0004205104778520763,-36.612948826635154,-53.96825396825341,0.18421390493817852,-0.0060338041172114856,11.649239279365093,-0.2954987633345709,0.4055144998655269,0.02671070704665339,-0.0020546697728194875,1.3397734269387849,-0.520924285242938,13.445747302977415,-0.7669343009782636,-1.5659252388065852,0.0944855001344731,-0.2954987633345709,0.10336347130971268,0.4727838107771679,32.5,0.0,0.0,0.0,0.0,0.0,0.0,0.0
1780701900,AUDUSD,bearish_exhaustion,-0.2061629568397303,-0.2949275632542579,-2.6640835422628353,-0.16529309160006747,-0.9099031510292657,-0.7446100594291982,-0.08876460641452759,-2.3691559790085774,-1.3980179116908489,0,0.19289853441486532,42.22643576998503,0.0,37.142857142861374,23.984962406022344,13.15789473683903,99.99968461715193,0.00027333180440791693,-0.00023128076075806803,-31.801531801444522,-65.38461538460717,0.19289853441486532,-0.005485670903173084,10.144133242287207,-1.5051060370778853,0.4278943409261351,0.024802799400463864,-0.0019079076461895259,1.296254246844205,-0.5075672522882331,12.7335940234976,-0.7121532794798142,-1.5659252388065852,0.0721056590738649,-1.5051060370778853,-0.04351918009457978,0.3714196862014879,15.0,0.0,0.0,0.0,0.0,0.0,0.0,0.0
1780702200,AUDUSD,bearish_exhaustion,-0.21585437788759965,-0.16959986833805601,-2.6494583068623414,-0.15062210713852303,-0.907310834359692,-0.7566887272211689,0.04625450954954362,-2.4798584385242854,-1.3688613185583145,0,0.20234872984256574,42.22643576998503,0.0,50.0,37.042606516294576,12.957393483705424,99.99983179581506,0.00014717866312707883,-0.0001261531412808381,-23.910907304158346,-65.38461538460717,0.20234872984256574,-0.005388153373443067,8.476220540816682,-1.6679127014705255,0.4539189552725472,0.023031170871859304,-0.0017716285286045602,1.2034281935135076,-0.49455270735783075,12.072308835409201,-0.6612851880883994,-1.5659252388065852,0.04608104472745278,-1.6679127014705255,-0.09282605333069749,0.3127388174353067,9.375,0.0,0.0,0.0,0.0,0.0,0.0,0.0
1780704300,AUDUSD,bearish_exhaustion,-1.1502595041433831e-12,-0.12432739858072235,-2.3062732436921842,-0.07858267936053953,-0.8893702380350889,-0.8107875586745493,-0.12432739857957209,-2.181945845111462,-0.9297295766623949,0,0.27134524680358296,42.226435769985024,0.0,50.0,50.0,0.0,99.9999981109882,1.7247499215500284e-06,-1.560488016139061e-06,-25.132275131922423,-50.0,0.27134524680358296,-0.010974452541626573,3.6890260707741085,0.0021934010869650855,0.45379691722785886,0.013709551074051845,-0.001054580851850142,1.0950212090786773,-0.4123305476223917,8.592883548587363,-0.39363708910210704,-1.5659252388065745,0.046203082772141135,0.0021934010869650855,0.11008668652620557,0.4087967867082263,18.75,0.0,0.0,0.0,0.0,0.0,0.0,0.0
1780704600,AUDUSD,bearish_exhaustion,-1.238741004462105e-12,-0.11715466404598042,-2.2649901715977387,-0.07160788533455144,-0.8868364196935216,-0.8152285343589701,-0.11715466404474167,-2.147835507551758,-0.822843267501588,0,0.28011620492475336,42.226435769985024,0.0,50.0,50.0,0.0,99.99999901442862,9.034404229169013e-07,-8.213094844222724e-07,-23.715415019612383,-50.0,0.28011620492475336,-0.012101753171412937,3.6841087223827156,-0.004917348391392906,0.4595182556296622,0.012730297425905283,-0.0009792536481465618,1.2150658361463094,-0.4017579694787587,8.227363394421122,-0.36552015416624073,-1.5659252388065816,0.0404817443703378,-0.004917348391392906,0.12004462706763208,0.4251754165659227,21.875,0.0,0.0,0.0,0.0,0.0,0.0,0.0
1780704900,AUDUSD,bearish_exhaustion,-1.334028774036113e-12,-0.21628553362563538,-2.210918788190949,-0.0652521558675008,-0.8843098202077093,-0.8190576643402085,-0.21628553362430136,-1.9946332545653134,-0.7016966463815827,0,0.2884354900645796,42.226435769985024,0.0,50.0,50.0,0.0,99.99999948668157,4.7225294963482156e-07,-4.3118747328207974e-07,-33.17940824329942,-50.0,0.2884354900645796,-0.013228115239000946,3.041555988074139,-0.6425527343085764,0.41594289649132066,0.011820990466912047,-0.0009093069589932359,1.1146160797237086,-0.3914564830813593,7.887951822695327,-0.33941157172579484,-1.5659252388065816,0.08405710350867934,-0.6425527343085764,-0.10044975642260079,0.295859357258462,6.25,0.0,0.0,0.0,0.0,0.0,0.0,0.0
1780705200,AUDUSD,bearish_exhaustion,-1.436646372038891e-12,-0.22645280230082362,-2.220531478575487,-0.059460544399529094,-0.8817904190109621,-0.8223298746114329,-0.22645280229938697,-1.9940786762746634,-0.5649883933968721,0,0.2962840487211326,42.226435769985024,0.0,50.0,50.0,0.0,99.99999973307442,2.4639284390559624e-07,-2.2586010572922532e-07,-39.21568627431087,-50.0,0.2962840487211326,-0.01433878673303003,3.0483161439328565,0.006760155858717365,0.4184589908688104,0.01097663400498976,-0.0008443564619222878,1.2412140330125299,-0.38141913736146127,7.572783934664232,-0.3151678880310955,-1.5659252388065816,0.08154100913118961,0.006760155858717365,0.12659795328882129,0.41863028143819503,20.625,0.0,0.0,0.0,0.0,0.0,,0.0
1780705500,AUDUSD,bearish_exhaustion,-1.5471576314264981e-12,-0.14632334917713716,-2.196243793404572,-0.05418298128643079,-0.8792781955953203,-0.8250952143088895,-0.14632334917558998,-2.049920444227435,-0.4113101698788788,0,0.30365274711632967,42.226435769985024,0.0,50.0,50.0,0.0,99.99999986140402,1.2832960294417717e-07,-1.1806324096141907e-07,-37.037037036803405,-50.0,0.30365274711632967,-0.015422382275659336,2.6003298905213534,-0.4479862534115031,0.4426460665334554,0.01019258871891906,-0.000784045286070699,1.1764359615356743,-0.37163915948084025,7.280128038635358,-0.2926558960288732,-1.5659252388065852,0.057353933466544604,-0.4479862534115031,-0.06477807147685555,0.3190509140978037,10.0,0.0,0.0,0.0,0.0,,,0.0
1780608600,CADCHF,bullish_exhaustion,0.6058379188192919,1.2815802128862872,2.350651125015831,0.7525102672937743,1.3602415513903727,0.6077312840965985,0.6757422940669953,1.069070912129544,-1.491293338629397,0,0.0035361858238303384,63.43086380901497,7.288283766317008,44.20024420025629,43.88821055488836,0.3120336453679329,97.27472470876552,-2.017925275890491,-1.6997207711960698,59.636650868862425,-38.09523809522551,0.0035361858238303384,0.027116678032218747,8.693962572954357,-0.0429427582066122,0.778554756189496,0.018891976153966806,0.000439813731489741,1.187031636045792,1.1143571879473462,20.114287807447898,0.3891629113067552,10.210900442913157,0.278554756189496,-0.0429427582066122,-0.05361888536327242,0.3520517278776106,14.912280701754385,-1.760842387010797e-05,-8.804211934987372e-05,-0.0001232589670898676,-0.00014086739095997558,-0.00033456005352960894,-0.00038738532513948876,1.0
1780650900,CADCHF,bearish_exhaustion,-1.0203177092480893,-2.010178173444804,-3.525426114789983,-1.3035543380105603,-2.1478213434831877,-0.8442670054726276,-0.9898604641967149,-1.5152479413451787,-2.208150266283809,0,-0.04547511421681187,33.21800188690462,-10.981643423803874,43.24139912376916,53.64863894277744,-10.407239819008275,1.0504396645919973,1.0484584902662666,1.0501599171696256,-97.46410021388363,-89.13043478261027,-0.04547511421681187,-0.05381539360528122,11.741556759454559,0.23780744807698895,0.10361611450816301,0.023163772666115034,0.0020256178110787497,1.126399946297867,-1.8211234251425525,43.65536597491674,1.0839933429238684,-17.990573157815927,0.396383885491837,0.23780744807698895,-0.09898281632556971,0.9642232488955229,93.85964912280701,-8.818808755317598e-05,1.7637617510724013e-05,0.00014110094008512597,0.00014110094008512597,0.00021165141012757793,0.0002469266451488039,1.0
1780587000,CADJPY,bullish_exhaustion,0.5929579574523924,1.582433812834664,2.568271889334668,0.9460653151896816,1.655324739435284,0.7092594242456024,0.9894758553822715,0.9858380765000039,1.4187337632308463,1,-0.0012118398800137584,62.92973267131501,5.285228661024547,52.08944793851999,33.43734491944533,18.65210301907466,52.82485814133838,-16.09175664122914,-4.141739566938064,82.54655521479135,-10.465116279070344,-0.0012118398800137584,0.03988885630409908,11.819916418033065,-0.3101508380265976,0.8198321914911721,0.02388069027566366,0.0005638671254804654,1.2268938186388807,1.3538935949202848,29.195465645271927,0.32810370197920236,12.452343677364189,0.31983219149117215,-0.3101508380265976,-0.07539852157552929,0.484029019579115,30.701754385964914,0.00022586894388898493,0.0005125487572863463,0.0002779925463247679,0.00038223975119655584,0.0004517378877777478,0.00016505807438038644,0.0
1780587300,CADJPY,bullish_exhaustion,1.3668523504006211,2.2113971316712746,3.3151481099606377,1.5582700263249516,2.3444403337184183,0.7861703073934666,0.8445447812706532,1.103750978289363,2.301694372436055,1,0.0756695785930914,67.64060365763478,4.710870986319776,78.50454227813792,52.33636151876457,26.16818075937335,38.268974083454424,-14.555884057883958,1.5358725833451743,132.69424823416466,0.0,0.0756695785930914,0.07684920162219426,11.488441459792377,-0.3314749582406886,0.9723805873796494,0.02452735920697245,0.00064666893130879,1.1498827974720423,2.0253800813883385,30.252202238837622,1.0567365935656952,17.578826463287484,0.4723805873796494,-0.3314749582406886,-0.07701102116683844,0.49966706005020073,35.08771929824561,0.00028661507595306723,5.2111831991386026e-05,0.00015633549597438012,0.0002258179386296355,-6.079713732343173e-05,4.342652665956237e-05,0.0
1780587600,CADJPY,bullish_exhaustion,2.2191856229912417,3.0387909547997345,4.267504371723572,2.262896460079305,3.1901564684804367,0.9272600084011318,0.819605331808493,1.2287134169238374,3.264529711442607,1,0.18434893471359834,72.42959370243896,4.78899004480418,98.59259259260114,76.39552760308635,22.197064989514786,37.7268580688516,-0.5421160146028257,14.013768043281125,204.78967719885725,-1.599999999996271,0.18434893471359834,0.11013596885761867,12.448634479818885,0.9601930200265087,1.110769090008313,0.02500160336965949,0.0004742441626870396,1.2153871867833845,2.8341219091022865,32.00407469316319,1.751872454325568,24.691240098474466,0.6107690900083129,0.9601930200265087,0.06550438931134228,0.46094314320060514,26.31578947368421,-0.0002344360510549981,-0.00013024225058611005,-6.077971694018469e-05,-0.0003473126682296268,-0.00024311886776073877,-3.473126682296268e-05,1.0
1780613400,CADJPY,bearish_exhaustion,-0.4966623394994893,-1.6934390611851697,-2.932102968135529,-1.0875247143826126,-1.876267545100296,-0.7887428307176834,-1.1967767216856804,-1.2386639069503596,0.6981382644648072,1,-0.007098798858164814,38.65096589487603,-6.875498018717785,57.16361522814213,76.24282460163572,-19.07920937349359,1.741861271242467,1.0042169191111807,0.2792662099736216,-68.29161176980263,-75.71428571427383,-0.007098798858164814,-0.045855662928992326,8.154378054868582,0.032491421266778175,0.1984333675256922,0.014524840288552221,0.000556938255822502,1.4334707890506868,-1.57351141971952,28.2553447914671,0.18015976487853536,-14.982567191570507,0.3015666324743078,0.032491421266778175,-0.0832219633159359,0.7112393496261531,68.42105263157895,-8.691495371782043e-05,-0.0002433618704098528,-5.214897223071446e-05,-8.691495371782043e-05,-0.00029551084264056726,-0.00023467037503799304,0.0
1780655700,CADJPY,bullish_exhaustion,-1.0930063897926245,0.043526803132695975,3.4066977919015478,-0.5352542771147968,0.8011820021077751,1.336436279222572,1.1365331929253204,3.363170988768852,-2.039994864006127,0,-0.1979795565319815,57.43785500705485,-7.858120425472748,17.665130568354794,32.42086467893295,-14.755734110578157,99.61110382573868,-0.38879251099514534,-0.38888801456315036,14.652014652050024,-64.70588235293872,-0.1979795565319815,-0.11191863051055931,11.72541714740564,-1.7626976658419782,0.5066654159897964,0.017955412873041338,0.0005583862441426932,1.59820420069242,0.23606024117228214,43.886490641911614,-2.6350790102385417,3.9422148250182723,0.006665415989796419,-1.7626976658419782,-0.3196776948187583,0.14660844250117286,1.7543859649122806,6.078657832353507e-05,-4.341898451676318e-05,-1.7367593806660864e-05,6.94703752268655e-05,0.00026051390710080113,0.00040813845445786257,1.0
1780656000,CADJPY,bullish_exhaustion,-0.6788173075008566,0.20701520725002548,3.613618943336312,-0.16569170533824135,1.0504984016790582,1.2161901070172996,0.885832514750882,3.4066037360862866,-1.5516488820935785,0,-0.248995538614235,59.72169758403251,2.283842576977662,20.067326862099332,21.896482225923137,-1.829155363823805,96.34184095454046,-3.2692628711982223,-2.880470360203077,12.032085561550018,-72.54901960784478,-0.248995538614235,-0.051916752087783555,10.559535100317445,-1.1658820470881945,0.5353608855495761,0.018036383668302725,8.097079526138765e-05,1.433374109599361,0.5175126912140002,41.439631560975826,-2.4468590809357877,3.6439728778633835,0.03536088554957606,-1.1658820470881945,-0.1648300910930589,0.3216308390214506,11.403508771929824,-0.00010419922892568323,-7.814942169426242e-05,8.683269077103262e-06,0.0001997151887742632,0.0003473307630856848,0.0002778646104684146,1.0
1780656300,CADJPY,bullish_exhaustion,-1.1189569952176508,-0.5150011275078774,2.851233515011794,-0.6117283282606306,0.42571451689764456,1.0374428451582751,0.6039558677097734,3.366234642519671,-1.9409060459331242,0,-0.3099393960500844,54.33874954348055,-5.382948040551959,22.17397597335841,19.968811134604177,2.205164838754232,89.97257326139685,-6.3692676931436125,-3.1000048219454044,-27.26065631518374,-81.66666666667022,-0.3099393960500844,-0.06779564475068929,8.819132279372022,-1.7404028209454232,0.39169366529370137,0.01854868047332038,0.0005122968050176556,1.1547455154568504,-0.05297153438781435,38.61480552281269,-2.8248260381631383,-0.7224180772512483,0.10830633470629863,-1.7404028209454232,-0.2786285941425106,0.4112778343617056,19.298245614035086,2.605252188403462e-05,0.00011289426149785342,0.00030394608864803274,0.0004515770459914137,0.00038210365430035864,-3.473669584552752e-05,0.0
1780662600,CADJPY,bullish_exhaustion,-0.007312417879924794,1.3473129944277116,3.6664463251324997,0.46118131721859423,1.6587137720658915,1.1975324548472974,1.3546254123076364,2.3191333307047883,0.8099411900040765,1,-0.02191144617272141,60.908145642395525,1.559159605105954,20.364463346932443,41.047955185393,-20.683491838460558,98.9694908254427,-0.7913063347484552,-0.9942238271412691,59.302259404705055,-30.30303030302639,-0.02191144617272141,-0.04336809163688459,15.515825034671495,-0.999055171615856,0.7060891059050942,0.023725892625443994,-0.0006258600314268496,1.606111649127546,1.161837686662793,40.903109631786855,0.8502786259027957,19.087647880264196,0.20608910590509422,-0.999055171615856,-0.03876122343617561,0.39351029747471983,9.25925925925926,-0.00014746959523936898,-8.67468207290667e-05,-3.4698728291648884e-05,-0.00014746959523936898,-0.00032096323669739135,-0.0005291556064470626,1.0
1780662900,CADJPY,bullish_exhaustion,-0.5889878206464273,0.5610295380214394,2.9352468985897398,-0.13835729544837674,0.9791280510663825,1.1174853465147592,1.1500173586678668,2.3742173605683004,-2.1248294795494034,0,-0.10066114359586464,56.49997363634657,-4.408172006048957,13.307272346825199,25.118215558309462,-11.810943211484263,97.52516343343326,-1.4443273920094413,-0.6530210572610002,41.68842884951364,-59.375,-0.10066114359586464,-0.07832083008643854,14.331439818029363,-1.1843852166421325,0.5911215300261675,0.023273858491960932,-0.0004520341334830619,1.5265300430816082,0.4983944073682829,41.37015426902146,0.46704463723460776,17.006079296247336,0.09112153002616752,-1.1843852166421325,-0.07958160604593778,0.32397281009061435,3.7037037037037033,6.073173059406578e-05,0.00011278749967469359,0.0,-0.00017351923026864835,-0.0003817423065910486,-0.00041644615264491147,0.0
1780663200,CADJPY,bullish_exhaustion,-0.33699915344083303,0.6815713215659837,3.084488880818812,0.10536155626329459,1.1663065904420464,1.0609450341787519,1.0185704750068167,2.4029175592528285,-1.8485728843802596,0,-0.14111606678430888,57.852629868708085,1.352656232361518,17.443074815957786,17.038270169905143,0.4048046460526429,92.31756611952284,-5.207597313910426,-3.763269921900985,37.381521835366954,-53.76344086020997,-0.14111606678430888,-0.038868863946414096,13.616091975017419,-0.7153478430119442,0.6147041404155549,0.02291144280369282,-0.0003624156882681105,1.4835616842690411,0.6978454201967448,41.4772990288621,0.10714475984063654,14.958315393948524,0.11470414041555488,-0.7153478430119442,-0.04296835881256711,0.44336377182438597,13.425925925925927,5.20526078355843e-05,-6.072804247492236e-05,-0.0002342367352604624,-0.00044244716660302164,-0.00047714890516026287,-0.000668008467224146,1.0
1780663500,CADJPY,bullish_exhaustion,-0.1285746591893408,0.7987213676888596,3.2580039398102723,0.2895419743016979,1.3276540692643934,1.0381120949626956,0.9272960268782005,2.459282572121413,-1.5720083300686145,0,-0.15901800370168873,59.028653499563305,1.1760236308552194,30.971213344096565,20.573853502293186,10.397359841803379,82.73861430945537,-9.578951810067466,-4.371354496157053,51.163329088991965,-55.69620253164626,-0.15901800370168873,-0.01381382928796062,13.215007225597915,-0.40108474941950334,0.6345960557262139,0.02226523045603727,-0.0006462123476555504,1.4991118551372888,0.8611831309780017,41.80207810634403,0.3247790774819279,16.240352116269605,0.13459605572621391,-0.40108474941950334,0.015550170868247726,0.4813535393118024,17.59259259259259,-0.00011277478008919761,-0.0002862744417648777,-0.0004944740357756272,-0.0005291739681108076,-0.0007200235959540224,-0.0006506237312837726,1.0
1780663800,CADJPY,bullish_exhaustion,-0.5868961609608652,0.16968086286330605,2.6813568823187848,-0.18812218833544947,0.7791123512727042,0.9672345396081536,0.7565770238241712,2.5116760194554786,-2.035104838384252,0,-0.20758474424574716,55.420439258429546,-3.6082142411337585,36.98412698413022,28.46613838139486,8.517988602735361,67.69804424781627,-15.040570061639102,-5.461618251571636,22.85891143830278,-75.00000000000935,-0.20758474424574716,-0.04463683628357015,12.40089222803539,-0.814114997562525,0.5297351153532722,0.021730698329791354,-0.0005345321262459173,1.4549120370153528,0.3288286878419715,41.362966619459826,-0.439111486884201,12.88641455490216,0.029735115353272223,-0.814114997562525,-0.044199818121936074,0.33474143399330014,4.62962962962963,-0.00017351923026864835,-0.0003817423065910486,-0.00041644615264491147,-0.0006073173059403247,-0.000537909613832932,-0.00039041826810459757,1.0
1780685400,CADJPY,bearish_exhaustion,-0.15141298843370316,-1.0419966567678396,-3.820562642697268,-0.48133984228207854,-1.5947066821251625,-1.113366839843084,-0.8905836683341364,-2.7785659859294287,-1.2376389058832376,0,0.06759361120973513,36.9807676327494,-2.355657712450032,51.996779388072746,42.56747587072068,9.429303517352068,0.5907353811467441,0.5905479462231692,0.5907169467648894,-65.31619270226973,-81.11111111111637,0.06759361120973513,0.023161796807571137,15.434015826741112,-1.60075895259647,0.286792332804368,0.03159063594896565,-0.0010209291642686927,1.3718625800965745,-1.1299310576458355,39.18166473234259,-0.10421607487372597,-12.810501655564472,0.213207667195632,-1.60075895259647,-0.08555906079013487,0.6111505997871086,31.48148148148148,0.00020002609035962848,0.00020002609035962848,0.00012175501152311696,-8.696786537365497e-06,1.7393573074730995e-05,0.00022611644997172498,1.0
1780685700,CADJPY,bearish_exhaustion,0.4728815716518819,-0.24468872021549054,-3.0071968783299963,0.12831103913583913,-0.889119978018275,-1.017431017154114,-0.7175702918673724,-2.7625081581145055,-0.39924986406263735,0,0.12957025801149671,42.65175508158674,5.670987448837344,69.49412827460192,55.8515910015419,13.642537273060022,0.8413281812614128,0.2505928001146688,-0.3399551461085004,-38.90006706912169,-55.55555555556608,0.12957025801149671,0.06206631358165672,13.026436328136139,-2.4075794986049726,0.44059777293425756,0.03162627231502791,3.563636606226245e-05,1.1414023171905892,-0.44884378856499413,38.34477909080046,-0.836885641542132,-9.326753736381317,0.05940222706574244,-2.4075794986049726,-0.2304602629059853,0.4785583247056246,16.666666666666664,0.0,-7.825542570949473e-05,-0.0002086811352254303,-0.0001825959933222654,2.608514190316491e-05,0.00018259599332215437,0.0
1780695000,CADJPY,bearish_exhaustion,0.820652041951463,-0.6539570959296236,-3.2210592646591163,0.11271309244852049,-1.1963033186502736,-1.309016411098794,-1.4746091378810866,-2.567102168729493,1.9060473353528105,1,0.15918676267439358,39.39656063360511,-2.032183111399469,79.62676298589207,77.4439730407996,2.182789945092466,3.0516364858279657,2.9791935707654575,3.042137040984314,-24.98954412380581,-42.37288135593159,0.15918676267439358,0.07640086435975679,20.328401058374123,-1.8398909109884514,0.4126440784883457,0.027159604554275976,-0.0008812465732598827,1.9173293244979634,-0.6345562791828003,43.5659604881627,-1.1417930462757013,-12.635321469012474,0.08735592151165428,-1.8398909109884514,-0.08279853189781927,0.667633072386001,81.25,-6.965182792506575e-05,-3.4825913962643895e-05,0.00016542309132239197,0.0003134332256631289,0.0002699008332101016,0.00013930365585035354,0.0
1780695300,CADJPY,bearish_exhaustion,0.5123589586602427,-0.7156497712889593,-3.4199134105124975,-0.12541588487926106,-1.3870521589979128,-1.2616362741186518,-1.2280087299492022,-2.704263639223538,1.553309494334065,1,0.2018458862054521,37.7991457417149,-1.5974148918902102,74.31168097825413,77.89838715531728,-3.5867061770631494,9.977379775231494,6.9257432894035285,3.946549718638071,-27.950384496321213,-48.275862068963406,0.2018458862054521,0.03769981300877357,18.5408461739711,-1.787554884403022,0.39834721738561973,0.026340871867642515,-0.000818732686633461,1.8231702733836965,-0.8312668316417781,42.67138588252557,-0.894574605637132,-13.514983277732886,0.10165278261438027,-1.787554884403022,-0.09415905111426692,0.6350313120717788,74.375,3.4828339819936716e-05,0.0002350912937858496,0.00038311173802130227,0.0003395763132461038,0.00020897003892073052,0.00012189918937033362,1.0
1780695600,CADJPY,bearish_exhaustion,0.5473039667122774,-0.39508505097077007,-3.261931641605523,0.005959273743389749,-1.2023399704774373,-1.208299244220827,-0.9423890176830475,-2.8668465906347533,1.6005770587429224,1,0.24491633711437955,39.12816268558246,1.3290169438675576,64.81297583581359,72.91713993331992,-8.104164097506327,22.396417988017298,12.419038212785804,5.4932949233822725,-23.195948403689744,-44.82758620690247,0.24491633711437955,0.0360416176765695,16.587701035823276,-1.9531451381478249,0.43938086019663225,0.025453589937105888,-0.0008872819305366271,1.7082633866472774,-0.6544937736983619,41.89757852273862,-0.7738073597869501,-13.475304393870886,0.06061913980336775,-1.9531451381478249,-0.11490688673641913,0.6253291893859435,71.875,0.00020025597938233552,0.0003482712684910183,0.000304737359929641,0.00017413563424550915,8.706781712275458e-05,0.00020025597938233552,1.0
1780695900,CADJPY,bearish_exhaustion,1.1418891862324172,0.5726643057451551,-2.3766428544773115,0.6744352095477973,-0.38691818194148253,-1.0613533914892799,-0.5692248804872622,-2.9493071602224665,2.264659019772514,1,0.3198709493658915,46.240927717921586,7.1127650323391265,72.27771611789443,70.46745764398737,1.810258473907055,44.90207304420943,22.505655056192133,10.086616843406333,18.77885383040062,-2.2471910112307523,0.3198709493658915,0.0736103007677934,13.85162263281573,-2.7360784030075465,0.6046519276474999,0.02530957302134699,-0.00014401691575889955,1.430964531525425,0.1203166959854724,40.13763833465054,-1.7599401880880805,-7.667998906750654,0.10465192764749986,-2.7360784030075465,-0.2772988551218525,0.4141776979778246,20.0,0.0001479856540964608,0.00010446046171530554,-2.6115115428826385e-05,-0.000113165500191581,0.0,0.00020021588495411358,1.0
1780610700,CHFJPY,bearish_exhaustion,-0.028391148751045106,-0.7350152954418305,-2.3110395083341753,-0.25577696796019955,-0.9590173823033556,-0.7032404143431561,-0.7066241466907854,-1.5760242128923445,-1.182785613530759,0,0.06456741420675834,41.94203803296797,-0.1971396176625433,55.737704918043995,53.345889661285746,2.3918152567582496,5.169341988030275,2.760546620737469,0.4059031989042188,-57.45643671806163,-73.46938775509494,0.06456741420675834,0.014074633766762065,6.436512285097797,0.08523403217823766,0.3214240065460663,0.015639656909906454,-0.0004819001654019772,1.0660094960528232,-0.6521283775077605,33.04649463999645,-1.3338756777375522,-4.973864882133121,0.1785759934539337,0.08523403217823766,0.05662521333484105,0.7125120995419575,69.2982456140351,-7.893828013216808e-05,-5.920371009915382e-05,-0.0001085401351818005,-0.00015294291775624913,-0.0002022793428387848,-0.0001726774877892634,0.0
1780611000,CHFJPY,bearish_exhaustion,-0.4654728560860039,-1.1832124698416557,-2.7856760156555103,-0.6640048830547199,-1.3984942916518488,-0.7344894085971289,-0.7177396137556519,-1.6024635458138543,-1.6600780182094073,0,0.04622037467729646,38.81327408299496,-3.1287639499730133,32.470520563715915,48.67819214096033,-16.20767157724441,7.89943748281895,2.7300954947886753,-0.030451125948793845,-77.29949406990583,-84.37499999997502,0.04622037467729646,-0.020403710893313214,6.583495210173086,0.14698292507528876,0.2276220369274111,0.015158060575779075,-0.00048159633412737934,1.137159542069849,-1.0800228524397222,32.11440716632917,-0.9320874736672806,-6.393232592403347,0.2723779630725889,0.14698292507528876,0.07115004601702579,0.7271070108585584,71.9298245614035,1.9736127969016692e-05,-2.960419195363606e-05,-7.401047988397913e-05,-0.00012335079980663188,-9.374660785299582e-05,-3.947225593814441e-05,0.0
1780653600,CHFJPY,bullish_exhaustion,-0.6719791492958611,0.7500943725335396,3.8907028055881248,0.037749800325388445,1.4358196869484408,1.3980698866230523,1.4220735218294007,3.140608433054585,-2.071457607517232,0,-0.09789499065024455,64.32017020799051,0.1179876780601603,17.018297573894923,28.544636800799157,-11.526339226904234,99.50885776610541,-0.49069992456439593,-0.4911033364259083,44.12034101316076,-42.75362318840677,-0.09789499065024455,-0.083528227234209,16.115483549011344,-2.2245401070564235,0.6218283977478172,0.026169215812262555,0.0005634385706700107,1.4594915873781635,0.8640145796175922,46.19034933293854,-0.8834955626425014,16.676854759151745,0.12182839774781717,-2.2245401070564235,-0.24174623520709582,0.3536441773321071,15.789473684210526,0.0001527003329853116,0.00010344216105440118,0.0004137686442180488,0.0003940653754459511,0.0005319882568517453,0.0001527003329853116,0.0
1780653900,CHFJPY,bullish_exhaustion,-0.1543885621217558,1.1058313274876763,4.276749181092787,0.5194849226211399,1.8477074251589365,1.3282225025377965,1.2602198896094323,3.1709178536051104,-1.3684335485513253,0,-0.12008451528693238,67.85699068688288,3.5368204788923663,29.786535303767618,24.55046986310083,5.236065440666788,98.1936653932863,-1.3151923728191122,-0.8244924482547162,58.39193838096873,-35.80246913579872,-0.12008451528693238,-0.023343661078020515,14.711508560513872,-1.4039749884974722,0.6990828303587823,0.02647737633556466,0.0003081605233021048,1.318368018244127,1.2942259208424223,45.597222848351194,-0.5931264845873443,17.561778913495566,0.19908283035878227,-1.4039749884974722,-0.14112356913403645,0.5509276624368992,43.859649122807014,-4.925065133998263e-05,0.0002610284521011863,0.0002413281915654153,0.0003792300153169226,0.0,-3.447545593793233e-05,0.0
1780654200,CHFJPY,bullish_exhaustion,-0.29053966563482203,0.7619637037462251,3.9854544327337775,0.28434710183489736,1.550475160586751,1.2661280587518537,1.052503369381047,3.2234907289875525,-1.4677859847833785,0,-0.15467937853322622,65.59805334935518,-2.2589373375276978,41.39194139192987,29.398924756530803,11.993016635399066,96.84012377623294,-1.3535416170533523,-0.03834924423425434,34.72776890309065,-39.91769547325531,-0.15467937853322622,-0.033668695152923325,13.676907626534318,-1.0346009339795543,0.6464174924616889,0.026276023040211934,-0.00020135329535272625,1.244667373623609,1.0104044996451946,44.52802910527048,-1.0691937430807172,14.0231324615555,0.1464174924616889,-1.0346009339795543,-0.07370064462051817,0.5754162682397753,49.122807017543856,0.00031029438564189604,0.0002905931548073948,0.00042850177064823747,4.925307708614213e-05,1.4775923125931456e-05,3.447715396021067e-05,0.0
1780654500,CHFJPY,bullish_exhaustion,0.7863991364272866,1.6865484896254215,4.792556377211899,1.1848569302876595,2.4169233391492755,1.2320664088616162,0.9001493531981348,3.106007887586478,-0.18366118787715274,0,-0.1005973550343842,71.93642637147491,6.338373022119725,66.28505653273065,45.821177742809375,20.463878789921274,94.54359868013671,-2.2965250960962322,-0.9429834790428799,74.78498007132904,-13.991769547322022,-0.1005973550343842,0.04722400440627856,13.781047997373172,0.10414037083885397,0.8365410793788727,0.027486543034188942,0.0012105199939770085,1.1856628395547804,1.8947086415418628,44.30050851561286,-0.22752058965761535,19.8654208061549,0.3365410793788727,0.10414037083885397,-0.05900453406882855,0.7254043520747468,71.05263157894737,-1.9695119549356654e-05,0.00011817071729636197,-0.00026096033402922547,-0.0002954267932406829,-0.00027573167369132623,-0.00046283530941026996,0.0
1780677300,CHFJPY,bearish_exhaustion,-0.07835289599932198,-1.2209319825073068,-5.741732529314041,-0.44273972229371783,-2.1735799239645575,-1.7308402016708397,-1.142579086507985,-4.5208005468067345,-1.6208691809199975,0,0.11081202907997173,31.375838120272704,-0.15378322268939826,52.043544690606375,30.492375968291444,21.55116872231493,0.5322944241789824,0.5322944241014743,0.5322944241756132,-84.11855678321594,-77.1230502599644,0.11081202907997173,0.06568525532122148,33.264274273392104,0.18726596029840437,0.2748889990628773,0.061377420131360605,-0.0011733416440486977,1.3607876312830183,-1.4337199008380637,63.83133900508346,-0.9153695383136338,-21.38361375228403,0.22511100093712272,0.18726596029840437,0.04357784237231699,0.9189986619604367,87.5,-0.00029747001750113355,4.957833624974484e-06,0.00015369284237554126,0.0005701508668771726,0.00043628935900175136,7.932533800047992e-05,1.0
1780677600,CHFJPY,bearish_exhaustion,-0.3807460082553236,-1.6517045106479564,-6.17958269678484,-0.8093768362072359,-2.5386672781344295,-1.7292904419271935,-1.2709585023926329,-4.527878186136884,-1.8390978690762139,0,0.13618222180546272,29.084311374026157,-2.2915267462465465,62.878787878788565,48.20204709546848,14.676740783320085,2.100307526292652,1.5680131021136696,1.0357186780121954,-83.83503109381674,-87.52166377816239,0.13618222180546272,0.021888402034537315,34.399978211372606,1.1357039379805016,0.21447153882943706,0.059525355611813,-0.0018520645195476068,1.4695288949312413,-1.7902105112671194,62.9813530052208,-0.8499859998626604,-20.480108725625687,0.28552846117056296,1.1357039379805016,0.10874126364822301,0.9016150299038199,84.72222222222221,0.0003025178411137919,0.00045129710723523786,0.0008678790523752866,0.0007339777128658742,0.00037690747417440384,0.0003521109298207925,1.0
1780677900,CHFJPY,bearish_exhaustion,0.22520912108323263,-1.0346871883731883,-5.549492681786799,-0.259936732928133,-1.9177394180220684,-1.6578026850939354,-1.259896309456421,-4.514805493413611,-1.0590206280897987,0,0.1960563513418751,34.33511807313258,5.25080669910642,63.82575757575504,59.58269671504999,4.24306086070505,3.8270343314252653,1.7267268051326132,0.1587137030189436,-69.72067883735622,-70.44444444444339,0.1960563513418751,0.05714384143746701,33.94833056054065,-0.45164765083195846,0.3223037445118382,0.058337752512540544,-0.0011876030992724537,1.4893630954094803,-1.1831536647023686,62.27909226225825,-0.7022607429625438,-20.3697687252754,0.17769625548816181,-0.45164765083195846,0.019834200478239028,0.8708179925081148,76.85185185185185,0.00014873427135086992,0.0005651902311329948,0.00043132938691736733,7.436713567554598e-05,4.957809045014194e-05,-7.932494472040474e-05,1.0
1780678200,CHFJPY,bearish_exhaustion,0.5298787796707903,-0.6358545356049977,-5.181693272936922,-0.004309707194769746,-1.5736897462406216,-1.5693800390458519,-1.165733315275788,-4.545838737331924,-0.5533296854412338,0,0.2604055081083064,36.813038089326525,2.4779200161939485,65.132063882064,63.94553644553587,1.1865274365281309,8.24470420509676,4.417669873671494,2.690943068538881,-38.64757744883869,-56.064690026952334,0.2604055081083064,0.060010219545995884,31.662832527115647,-2.285498033425,0.3854410657987586,0.05706614208267023,-0.0012716104298703124,1.4300099115275855,-0.8583856212643738,60.505030266675455,-1.774061995582798,-15.176261119037388,0.11455893420124141,-2.285498033425,-0.05935318388189481,0.8008280842054216,60.18518518518518,0.0004163940277199796,0.00028255309023839104,-7.435607637851227e-05,-9.914143517142371e-05,-0.0002280253008941635,4.957071758626697e-06,1.0
1780678500,CHFJPY,bearish_exhaustion,1.1767992237747584,0.221841385335984,-4.223998627663122,0.6122918889822486,-0.7796240100040326,-1.3919158989862812,-0.9549578384387745,-4.445840012999106,2.140422741328016,1,0.34678074951982313,43.26841691699065,6.455378827664127,82.49258498090569,70.48346881290824,12.009116167997448,18.712068296578153,10.467364091481393,6.049694217809897,-4.355990851522395,-27.352941176467173,0.34678074951982313,0.08700053141723883,28.449563099841832,-3.213269427273815,0.5445927096474069,0.057179690789798614,0.00011354870712838167,1.2764598564259697,-0.11617812915087493,57.974036656282195,-2.53099361039326,-10.34454146465842,0.044592709647406914,-3.213269427273815,-0.1535500551016158,0.8374030321363727,69.9074074074074,-0.00013378523011065013,-0.0004905458437387544,-0.0005153208863519776,-0.0006441511079399165,-0.0004112657073770398,-0.0006788361675982291,0.0
1780678800,CHFJPY,bearish_exhaustion,0.8649534461233145,0.09749733777391592,-4.374320923393663,0.3304232728309754,-0.9687358349125788,-1.2991591077435543,-0.7674561083493985,-4.471818261167578,1.9209658954442275,1,0.3964182010280152,41.790529688179156,-1.4778872288114968,84.0944683000789,77.23970572101621,6.854762579062694,41.650892245303965,22.938823948725812,12.471459857244415,6.605128205119868,-32.72171253822627,0.3964182010280152,0.03847127523259629,26.191144301284247,-2.258418798557585,0.520625191821367,0.05540337898697641,-0.0017763118028222002,1.226817907202623,-0.32700463631234467,55.62382830377417,-2.3502083525080266,-9.914942896740406,0.020625191821367017,-2.258418798557585,-0.04964194922334664,0.8123885264085289,62.03703703703704,-0.00035680834931528516,-0.00038158670690668917,-0.0005104341663816347,-0.0002775176050230366,-0.000545123867009556,-0.0008176858005143339,0.0
1780679100,CHFJPY,bearish_exhaustion,0.15117129000114538,-0.4455106840611866,-4.757271572040914,-0.2637993754201919,-1.4845634556900755,-1.2207640802698836,-0.596681974062332,-4.311760887979728,1.2238187383602226,1,0.371922179371347,38.05748028700457,-3.7330494011745827,73.36448598131388,79.98384642076616,-6.619360439452279,61.97287517115943,20.321982925855465,-2.6168410228703465,-22.042142979962406,-53.45911949684938,0.371922179371347,-0.022178991191228563,25.278720370345074,-0.9124239309391733,0.4017726815715778,0.05574900258113978,0.0003456235941633676,1.1695632249127568,-0.8734102739205303,54.05925693144747,-1.5645713723266965,-13.916721280524204,0.0982273184284222,-0.9124239309391733,-0.0572546822898663,0.9233753239505802,88.88888888888889,-2.4787201872045195e-05,-0.00015368065160603628,7.931904599023376e-05,-0.00018838273422672192,-0.0004610419548179978,-0.0007684032580298483,0.0
1780684200,CHFJPY,bearish_exhaustion,-0.25310980402709166,-1.8906713733400005,-4.6120138058488145,-0.7448315766006616,-2.2651310089397083,-1.5202994323390469,-1.6375615693129089,-2.721342432508814,-1.9913674406929736,0,0.06415420067969944,30.874507202046303,-1.1233873447022518,41.48407952840903,42.53748013493873,-1.0534006065296992,33.12865113226288,7.806620771208415,9.658778250624621,-81.3352591878949,-89.76190476190364,0.06415420067969944,0.029748007527039832,30.27666149281201,-0.07080853183400393,0.23681573249382287,0.04217917296073211,-0.0013685913903658878,1.9400267049872506,-1.5854930952094066,49.40862936064953,-0.438962048142443,-17.681966964766396,0.2631842675061771,-0.07080853183400393,0.07345806908334551,0.8140614244143095,62.5,0.00014400135063330488,9.931127629880798e-05,0.000248278190747131,0.0003227616479712925,0.0006355921683127708,0.00037738284993560356,1.0
1780684500,CHFJPY,bearish_exhaustion,0.12901388094474828,-1.3582970861724357,-4.103371681288807,-0.35291902060841346,-1.8415341266478882,-1.4886151060394748,-1.487310967117184,-2.7450745951163706,-1.4476101958123648,0,0.11958547436056195,34.46719569342166,3.5926884913753554,49.55312810327953,45.72385450283002,3.829273600449511,51.798143541999266,18.669492409736385,10.86287163852797,-65.24815547352723,-80.16528925619757,0.11958547436056195,0.053259266885435516,28.165806831715685,-2.110854661096326,0.3033891570232578,0.04079204317913376,-0.0013871297815983494,1.8827284164432858,-1.1637129941314404,48.66760734147618,-0.7410220191733501,-15.67080184524991,0.1966108429767422,-2.110854661096326,-0.05729828854396479,0.8733401052728844,77.31481481481481,-4.468363982990109e-05,0.00010426182627010228,0.00017873455932004845,0.0004915200381299112,0.0002333478968901126,-9.929697740052035e-06,1.0
1780684800,CHFJPY,bearish_exhaustion,0.083839780505876,-1.2893542001950744,-4.158961232941762,-0.40841181078589534,-1.8854961780662955,-1.4770843672804002,-1.3731939807009506,-2.869607032746687,-1.3826488895418247,0,0.16111547479304797,33.878708037623795,-0.5884876557978629,48.42767295597619,46.488293529221586,1.9393794267546056,68.51598075893355,16.717837216934285,-1.951655192802093,-57.669495391916804,-77.97202797202227,0.16111547479304797,0.036304132676873435,25.94458838062661,-2.221218451089076,0.30585514441328127,0.039085821317243356,-0.001706221861890407,1.8348006558318062,-1.2023327167435536,47.842473637724524,-0.8251337037516535,-14.64294132292578,0.19414485558671873,-2.221218451089076,-0.04792776061147963,0.9357138101061395,92.12962962962963,0.00014895212182297612,0.0002234281827344642,0.0005362276385625364,0.0002780439607361629,3.475549509190934e-05,4.965070727425136e-05,1.0
1780685100,CHFJPY,bearish_exhaustion,0.47611885366715295,-0.7541827571858682,-3.685920668247262,-0.023870569359141298,-1.438281636277309,-1.4144110669181678,-1.2303016108530211,-2.9317379110613935,-0.8087445983525592,0,0.22166315355646934,37.69728715908024,3.8185791214564446,63.754716981137996,53.911839346797905,9.842877634340091,80.56644487343374,12.050464114500187,-4.667373102434084,-40.78134845617938,-62.65060240963072,0.22166315355646934,0.05530663899299026,24.28795857076918,-1.656629809857428,0.38250655572911746,0.03784879007989903,-0.0012370312373443243,1.7857997404136874,-0.7671997298571802,46.52675574863094,-1.315717889093584,-11.790828792372995,0.11749344427088254,-1.656629809857428,-0.049000915418118796,0.9121729266278757,87.03703703703704,7.446496919616408e-05,0.00038721783982076374,0.00012907261327343988,-0.00011417961943449573,-9.928662559510748e-05,-0.00021843057630932528,1.0
1780685400,CHFJPY,bearish_exhaustion,0.6420295288760112,-0.39706228725075143,-3.375433233783068,0.15010797452572608,-1.1796800602502058,-1.3297880347759319,-1.0390918161267626,-2.9783709465323165,-0.4198615680478874,0,0.27930825864283026,39.57626944433506,1.8789822852548212,74.65203312784654,62.278141021653575,12.373892106192962,88.43744968370035,7.871004810266612,-4.179459304233561,-31.099146988340266,-51.785714285716324,0.27930825864283026,0.05183969916418529,22.218313100789114,-2.069645469980067,0.43410146528442994,0.03688007474847633,-0.0009687153314227037,1.681405775688106,-0.5296447042775192,45.122497643614835,-1.4042581050161047,-10.466245720229042,0.06589853471557006,-2.069645469980067,-0.10439396472558138,0.8342650032843938,67.5925925925926,0.00031272958322570155,5.460357802355986e-05,-0.00018863054226325726,-0.00017373865734759963,-0.00029287373667175043,-0.00033754939141839024,1.0
1780685700,CHFJPY,bearish_exhaustion,1.2650077120930345,0.5628949660684895,-2.3257401047519672,0.839915758150833,-0.3054696736348716,-1.1453854317857046,-0.7021127460245449,-2.888635070820457,2.289061574263912,1,0.36394748430783813,46.82933780932644,7.253068364991378,87.08042715099283,75.16239241999246,11.918034731000375,93.29583846534192,4.858388781641565,-3.0126160286250467,17.74535671790132,-9.042553191501504,0.36394748430783813,0.08616265884125437,20.263357142666226,-1.9549559581228877,0.6030001496465153,0.037070740085634164,0.00019066533715783596,1.5030465325439117,0.286431890324558,42.3460407460106,-2.776456897604234,-2.685635877067863,0.10300014964651527,-1.9549559581228877,-0.17835924314419427,0.7475045912628645,49.53703703703704,-0.00025804530680095805,-0.0005012033843634356,-0.00048631615512484405,-0.0006054139890330212,-0.0006500756767486848,-0.0006748877254795227,0.0
1780686000,CHFJPY,bearish_exhaustion,0.4785012790877312,0.046924849191410545,-2.804123241591826,0.12017178023321806,-0.915726463970874,-1.035898244204092,-0.43157642989632067,-2.8510480907832365,1.5232731326535347,1,0.36358869159850793,42.31441758414382,-4.514920225182621,77.53366456105786,79.75537494663241,-2.2217103855745535,96.18647604441682,2.8906375790749053,-1.9677512025666601,9.893236159018816,-36.70212765958018,0.36358869159850793,0.0042103588059976774,16.442919260903594,-3.8204378817626328,0.5107167175549864,0.03755174911544721,0.0004810090298130454,1.1845259753054542,-0.36598885815272914,40.01524808583504,-2.330792660175561,-3.9731555864873798,0.010716717554986377,-3.8204378817626328,-0.3185205572384575,0.5301058377520534,23.14814814814815,-0.00024322083955863327,-0.00022832976774889158,-0.0003474583422266031,-0.0003921315576558282,-0.00041695001067199033,-0.000605570253594867,0.0
1780689300,CHFJPY,bearish_exhaustion,-0.7577044971025313,-1.4468847829296478,-3.7929332393464827,-0.7956147293815651,-2.0063658974983034,-1.2107511681167382,-0.6891802858271164,-2.3460484564168347,-2.411889828238769,0,-0.0035475493460127567,33.16820861852453,3.797233484719982,20.099171517440055,16.73815288634086,3.3610186310991956,99.99565947313165,0.0038898987548208197,-0.0034392706412944563,-148.6884656844471,-84.21052631579367,-0.0035475493460127567,0.016738935612602705,12.561604768949483,0.6944148755839379,0.1369140895607466,0.03153687789157875,-0.00025130957575814766,1.0683076142500507,-1.4512533176509084,33.9872118051652,-0.08724630602303307,-12.304156103265736,0.3630859104392534,0.6944148755839379,0.0631765466547769,0.500010880689741,36.25,-0.00030801025376081537,-0.0002036842000675554,-0.0003378176976730485,-0.0003378176976730485,-0.0006110526002026662,-0.0006259563221588937,0.0
1780689600,CHFJPY,bearish_exhaustion,-1.4309105497475347,-2.2927445296556264,-4.536330863182926,-1.4903681978561998,-2.7450216687926594,-1.2546534709364594,-0.8618339799080917,-2.2435863335273005,-3.0574945334676653,0,-0.04391996684689294,28.690366967093894,-4.477841651430637,16.72905359036167,15.845374638168673,0.8836789521929962,99.99771707953744,0.0020576064057848953,-0.0018322923490359244,-155.79241369393702,-99.3421052631641,-0.04391996684689294,-0.04039431075869589,14.222241186775642,1.6606364178261597,-0.011343401583372088,0.03174248937575715,0.00020561148417840014,1.1897942232122014,-2.183133141808518,34.183962493728664,0.196750688563462,-13.479449880322687,0.5113434015833721,1.6606364178261597,0.12148660896215069,0.5526188298040624,51.24999999999999,0.00010435819708809468,-2.9816627739376322e-05,-2.9816627739376322e-05,-0.00030313571535045547,-0.00031804402922031016,-0.00023853302191523262,0.0
1780689900,CHFJPY,bearish_exhaustion,-0.9144792788359544,-1.9143858924384578,-4.190007371891827,-1.0215941406413742,-2.325362009411054,-1.3037678687696799,-0.9999066136025035,-2.275621479453369,-2.4509163292271428,0,-0.036291710874278967,32.037172238989825,3.3468052718959314,22.014553409176198,19.61425950565931,2.4002939035168893,99.99880221125453,0.0010851317170903485,-0.0009724746887087576,-140.615878575635,-90.09900990098963,-0.036291710874278967,0.009357499263793484,15.135880040714191,0.9136388539385489,0.11399547487846184,0.03053686149637129,-0.0012056278793858635,1.3330273370593926,-1.7438194851040243,34.46815147438698,0.284188980658314,-13.823038043789609,0.38600452512153816,0.9136388539385489,0.14323311384719117,0.6226949072009093,70.0,-0.00013416082404571483,-0.00013416082404571483,-0.0004074513915458544,-0.0004223581497732054,-0.00034285543922774053,-0.0008645919771828048,0.0
1780690200,CHFJPY,bearish_exhaustion,-1.1095326050890069,-2.2537381040877347,-4.514741004993996,-1.2543345518541078,-2.5975140536018344,-1.3431795017477266,-1.1442054989987276,-2.2610029009062615,-2.5151993323777617,0,-0.045667622182583655,30.082282863511736,-1.9548893754780892,12.27046757679075,17.004691525442873,-4.734223948652122,99.99937294137017,0.000570730115640572,-0.0005144016014497765,-122.37370743596625,-98.77551020408741,-0.045667622182583655,-0.008842797776039881,16.343548774420768,1.2076687337065763,0.08522553961155507,0.03009881697904592,-0.0004380445173253686,1.4601767479332342,-2.004255697448769,34.12400801532779,-0.34414345905918964,-10.78346490517568,0.4147744603884449,1.2076687337065763,0.12714941087384157,0.603744715468324,65.0,0.0,-0.0002733272373075524,-0.00028823599570626524,-0.00020872261758042576,-0.0007305291615313791,-0.0007156204031326663,0.0
1780690500,CHFJPY,bearish_exhaustion,-0.8706231345729749,-2.136984057589038,-4.43630480796875,-1.0825091662356385,-2.453030875571456,-1.3705217093358175,-1.2663609230160628,-2.299320750379713,-2.1991010483686795,0,-0.037723996123933644,30.082282863511736,0.0,22.187944735650348,18.824321907205768,3.36362282844458,99.99967238855655,0.000299447186378643,-0.000271282929261929,-126.49259428923529,-85.18518518518606,-0.037723996123933644,0.008853620670199402,17.151909298669832,0.8083605242490641,0.1325522642854158,0.029510771408015484,-0.0005880455710304371,1.5666495196947436,-1.849508353392247,34.32369564079822,0.19968762547043184,-14.182151900660088,0.3674477357145842,0.8083605242490641,0.10647277176150949,0.6867048859712668,86.25,-0.0002733272373075524,-0.00028823599570626524,-0.00020872261758042576,-0.0007305291615313791,-0.0007156204031326663,-0.0006013199220767929,0.0
1780690800,CHFJPY,bearish_exhaustion,-1.44192736412232,-2.7388564458200038,-4.969574466338902,-1.6260951833588149,-2.993464638160494,-1.3673694548016793,-1.2969290816976837,-2.2307180205188986,-2.5605808890538535,0,-0.07381396330299497,26.292089214693846,-3.7901936488178904,14.187536551563838,16.215316288001645,-2.0277797364378074,99.999829153214,0.0001567646574471837,-0.00014268252891724842,-126.0747019942793,-95.75289575288669,-0.07381396330299497,-0.03772300782327262,18.647263538132787,1.495354239462955,0.047200534564072305,0.030854505790612947,0.0013437343825974633,1.582823469890546,-2.4026362045399305,34.92306840623233,0.5993727654341114,-16.051399865800573,0.4527994654359277,1.495354239462955,0.016173950195802256,0.6866758799035018,85.625,-1.491283448251668e-05,6.46222827571652e-05,-0.0004573269241285871,-0.0004424140896459594,-0.00032808235861392365,-0.0002982566896490013,1.0
1780691700,CHFJPY,bearish_exhaustion,-1.9965520917004984,-3.237179780340692,-5.655682036321769,-2.1326153536617936,-3.54612981172776,-1.4135144580659669,-1.2406276886401932,-2.4185022559810774,-2.449067738015425,0,-0.1277079350257678,22.618857979971466,-6.472171136511363,24.89551682789487,22.832219690134846,2.063297137760024,97.0334515204785,0.3874865815965478,2.191575316328425,-151.1342633701013,-90.828402366862,-0.1277079350257678,-0.07213087742556752,19.779548852854287,0.22196101263049428,-0.0351097315282334,0.03273047607952448,0.0029301180642424783,1.5220849427862126,-2.956471704011561,38.31104347246825,1.7135378006675666,-24.987707434078978,0.5351097315282334,0.22196101263049428,-0.20831250253272282,0.5689652175760376,56.25,1.4919657643552853e-05,0.00012930369957775412,0.00015914301486508187,0.00035309856423171304,-5.470541135976781e-05,0.00010443760350509201,1.0
1780693200,CHFJPY,bearish_exhaustion,-0.9968016006015934,-2.1887601410801203,-4.859708044379787,-1.285257062829821,-2.666382408307697,-1.3811253454778758,-1.1919585404785271,-2.670947903299667,0.7491024076812802,1,-0.017508226819614347,28.887772286291806,-6.107490518589671,55.397849462368164,52.4639751872403,2.933874275127863,47.51070671295378,12.736159754160298,22.867208675975263,-100.29977601385193,-81.78694158075676,-0.017508226819614347,-0.01599545296320476,18.708610420410203,-0.17401536695569675,0.11268657895585898,0.033129944971065625,0.0007549018655170492,1.4102201057331145,-2.0800323572870987,42.613984142777326,0.005411112141622709,-17.37751921664812,0.387313421044141,-0.17401536695569675,-0.06040304098583649,0.4132288939210119,19.375,0.0001591517213253013,0.00013925775615963865,0.00020391314294809781,0.00033322391652501615,0.000507296111724509,0.0004426407249360498,1.0
1780693500,CHFJPY,bearish_exhaustion,-0.3361345585410741,-1.5380468905727598,-4.276618401698301,-0.6995060929700057,-2.078938541147493,-1.3794324481774873,-1.2019123320316858,-2.7385715111255418,1.215974475031644,1,0.016919456871189627,33.747131850296185,4.859359564004379,55.39170506912611,57.31080389145233,-1.9190988223262195,62.0182404605843,14.507533747630525,1.7713739934702204,-96.02878096033426,-70.0704225352076,0.016919456871189627,0.03490229307954,17.6806129172457,-1.027997503164503,0.219590664360838,0.03225043500545569,-0.0008795099656099328,1.3839321603470793,-1.4865318778282497,42.68751742459218,0.07353328181485352,-17.234501443406565,0.28040933563916204,-1.027997503164503,-0.026287945386035183,0.7489124548970285,93.75,-1.9890799510813295e-05,4.475429889905236e-05,0.00017404449571856162,0.0003480889914369012,0.0002834438930272576,0.0003182527921710143,1.0
1780693800,CHFJPY,bearish_exhaustion,-0.2914295360417813,-1.455555169083846,-4.2593302573666945,-0.6652176086642022,-2.0471069493642893,-1.3818893407000872,-1.1641256330420646,-2.803775088282848,1.1447728008356255,1,0.04823576009646828,33.439529530357404,-0.3076023199387805,40.98694316435874,50.59216589861767,-9.60522273425893,75.14056378234586,13.122323321761563,-1.3852104258689621,-78.3696355402345,-68.4824902723785,0.04823576009646828,0.0307609598038209,16.95079651184877,-0.7298164053969316,0.2319846768300307,0.031226147872371282,-0.0010242871330844103,1.3877561264740133,-1.4467363755086557,42.25735844322567,-0.4301589813665103,-14.594980168559356,0.2680153231699693,-0.7298164053969316,0.00382396612693392,0.7578896862078733,95.0,6.464638427794434e-05,0.00019393915283405505,0.0003679871105055632,0.0003033407262276189,0.0003381503177619649,0.00041274229962096065,1.0
1780694100,CHFJPY,bearish_exhaustion,0.009937055526478302,-1.0905918440461742,-4.012251786464381,-0.4031995437891301,-1.7718912325905076,-1.3686916888013776,-1.1005288995726525,-2.9216599424182066,1.3575187904523642,1,0.09488512107468575,35.49730801783858,2.0577784874811726,44.76766513056231,47.048771121349056,-2.281105990786749,84.63600366719979,9.495439884853923,-3.626883436907633,-70.82424103213096,-63.42412451362169,0.09488512107468575,0.04472101037681856,15.310123452411343,-1.6406730594374253,0.28619999152070336,0.03002384755492841,-0.0012023003174428705,1.323216270376103,-1.1664829005057025,41.871804482241906,-0.3855539609837635,-14.212575743638608,0.21380000847929664,-1.6406730594374253,-0.06453985609791024,0.7199869487356992,90.0,0.00012928441078630115,0.00030332111761399716,0.00023867891222084658,0.0002734862535864746,0.000348073413655392,0.0005022202111313323,1.0
1780694400,CHFJPY,bearish_exhaustion,0.5418084671011931,-0.5392284267813331,-3.5205510173425703,0.02408390220663367,-1.2898114846172108,-1.3138953868238445,-1.081036893882526,-2.9813225905612373,1.8078810968956165,1,0.16488564849525358,39.52427442147414,4.026966403635562,55.32704654894879,47.02721828128995,8.299828267658846,90.85086272161332,6.214859054413537,-3.2805808304403854,-41.339745212203184,-50.41322314049198,0.16488564849525358,0.06634239795573975,14.185042418352234,-1.125081034059109,0.390135878319418,0.02890556313944948,-0.0011182844154789331,1.2906721209043384,-0.691462127516415,40.74045083426411,-1.1313536479777966,-10.511858426397469,0.10986412168058202,-1.125081034059109,-0.03254414947176465,0.7113922364613693,88.125,0.0001740142095032482,0.00010938036025898157,0.00014418320215980884,0.00021876072051818518,0.0003728875917925478,0.0005369581321812422,1.0
1780694700,CHFJPY,bearish_exhaustion,1.0123429472666856,0.14991141205172184,-2.8098689609509444,0.543211469864332,-0.6530106474793514,-1.1962221173436833,-0.8624315352149639,-2.9597803730026664,2.421608439581648,1,0.25606027451900654,44.54345006450592,5.0191756430317795,76.76606075113096,58.953590810214024,17.81246994091694,94.69186180481339,3.8409990832000602,-2.373859971213477,-1.7259137599649124,-35.95041322313744,0.25606027451900654,0.0869915049624286,13.427339190826,-0.7577032275262336,0.5314693967907053,0.028185473336446523,-0.0007200898030029559,1.2611092114255553,-0.08298668001691954,38.716501950634715,-2.0239488836293944,-5.347535475887046,0.03146939679070526,-0.7577032275262336,-0.02956290947878304,0.6335023223196166,73.75,-6.462260399275888e-05,-2.9825817227435714e-05,4.473872584109806e-05,0.00019883878151594203,0.0003628807762665609,0.00019883878151594203,0.0
1780695000,CHFJPY,bearish_exhaustion,0.6664929355341642,0.021674567009462315,-2.903669493674051,0.27204625482230366,-0.8366416920005989,-1.1086879468229025,-0.6448183685247019,-2.9253440606835133,2.1445782250149055,1,0.302905831597047,43.112212874976585,-1.4312371895293339,89.18605563080871,73.75972097696283,15.426334653845885,96.97914612441005,2.2872843195966652,-1.5537147636033808,0.8255933952450794,-18.857142857137287,0.302905831597047,0.04066783288310341,12.464059105890431,-0.9632800849355689,0.5047862293432243,0.027523267026457854,-0.0006622063099886687,1.205604275957965,-0.2893398085179343,36.811931612751685,-1.9045703378830297,-4.95635295748345,0.0047862293432242575,-0.9632800849355689,-0.05550493546759028,0.46996563058854884,30.0,3.4799035569577086e-05,0.00010936839750441685,0.00026347841216978196,0.0004275310084262962,0.00026347841216978196,0.00030324873853504464,1.0
1780695300,CHFJPY,bearish_exhaustion,0.7095816289710781,0.2744960512074493,-2.678110453345092,0.34858346553822855,-0.679846087621314,-1.0284295531595427,-0.4350855777636288,-2.952606504552541,2.196889848016216,1,0.34473596838297027,44.152776683884916,1.0405638089083311,90.45463120167257,85.46891586120408,4.985715340468488,98.30618067320671,1.3270345487966608,-0.9602497708000044,8.605932700225631,-14.85714285713404,0.34473596838297027,0.031582506829647146,10.773161686850797,-1.6908974190396346,0.56783595593834,0.02662166957235348,-0.0009015974541043727,1.0880367952403605,-0.15237645332482327,35.06455500965301,-1.7473766030986724,-4.891409447591766,0.06783595593834002,-1.6908974190396346,-0.11756748071760459,0.28779191917263097,4.375,7.456676708317289e-05,0.0002286714190553596,0.000392718306638562,0.0002286714190553596,0.00026844036149964445,-3.976894244439588e-05,1.0
1780597200,EURAUD,bearish_exhaustion,-0.2508305340958271,-0.6693358273968788,-2.082984000535307,-0.34207073188734416,-0.9425553384288725,-0.6004846065415285,-0.41850529330105163,-1.4136481731384283,0.8997182201269681,1,0.04211894814525786,42.27118864254099,-2.8809942462534437,61.59352629940588,44.346651836202774,17.246874463203106,0.42651713875793623,0.3964499827836423,0.4228079138022211,-39.16127042862117,-60.24096385540718,0.04211894814525786,0.002680011512847548,11.426471922183644,-2.2317286022359983,0.36806558049557997,0.022526393803576687,-0.0005966863581482011,1.3406148282549537,-0.6942902703574257,20.50997793293604,0.27406177735740656,-8.646275263732218,0.13193441950442003,-2.2317286022359983,-0.20883392523742472,0.6782991210770374,63.1578947368421,-3.684983079799142e-05,-0.0001105494923936412,-0.00011669113085999161,-6.75580231294104e-05,-7.36996615957608e-05,-0.0001596826001241114,0.0
1780614000,EURAUD,bearish_exhaustion,-6.189093428646397,-6.345414326918714,-6.790701235198324,-5.803606952575126,-6.350930943023179,-0.5473239904480527,-0.15632089827231754,-0.44528690827960965,-7.406271685089711,0,-0.3680179877626438,17.426061865298976,-32.04656499918466,41.108354011597214,68.44342037892129,-27.335066367324075,99.99895471337629,0.0008925688668881548,-0.0007398511101115446,-567.7575757573798,-100.0,-0.3680179877626438,-0.4551222917218766,12.045399654840542,9.546418366100793,-0.5664156427200503,0.020269636640973566,0.009104912343437327,1.2839425434225267,-6.175225210010197,24.847440497419594,3.958314090752726,-48.07654449558395,1.0664156427200502,9.546418366100793,0.6999363432375612,0.9999843216537389,99.12280701754386,-0.0002891702659135742,-0.0003076279424611972,-0.00016611908892905092,0.0011935964167497648,0.001390478299925002,0.0015258345946078666,0.0
1780631700,EURAUD,bullish_exhaustion,-2.2019890231094283,-0.20122187952648996,3.175379415940634,-1.1090590936850266,0.38377017814172715,1.4928292718267537,2.000767143582938,3.3766012954671236,-4.297314090567338,0,-0.25158867283634195,53.24522745386518,-6.1944457067995415,7.898001624410067,10.372472914046773,-2.474471289636706,98.80324640679882,-1.1967532108262446,-1.1967535673275336,1.112065915178,-63.120567375886004,-0.25158867283634195,-0.16945155398526202,35.651115983844136,-1.0814979596996395,0.47885231954335256,0.037470838515264615,0.0005242790768318767,2.2427909950215295,-0.25198194919725064,49.86426942562952,-2.8932640467207946,7.204052311663649,0.021147680456647444,-1.0814979596996395,-0.09666490109796166,0.5815829824395152,51.75438596491229,-3.678025635833748e-05,-4.291029908476407e-05,-0.0001655111536127407,1.839012817916874e-05,-0.0002819819654144018,-0.0005823540590077503,1.0
1780632000,EURAUD,bullish_exhaustion,-2.0959527533185933,-0.4001662533721393,2.968446387721516,-1.0240352336209475,0.26511543279128674,1.2891506664122343,1.695786499946454,3.368612641093655,-4.221635891232367,0,-0.36769030040433875,52.55136120105755,-0.6938662528076307,6.6285227840151295,6.75921570290132,-0.13069291888619006,94.52026568401521,-4.282980722783606,-3.086227511957361,-8.704939919900212,-64.53900709219687,-0.36769030040433875,-0.11547488381699302,34.792470407349704,-0.8586455764944319,0.45701478741936563,0.037379100011750814,-9.173850351380103e-05,2.2087265916776184,-0.3175815712881057,47.04269820876788,-2.821571216861642,5.768984099034995,0.04298521258063437,-0.8586455764944319,-0.03406440334391103,0.5747822700780079,48.24561403508772,-6.1302681992891905e-06,-0.00012873563218396278,5.5172413793158626e-05,-0.0002452107279694582,-0.000545593869731853,-0.0007356321839081525,1.0
1780632300,EURAUD,bullish_exhaustion,-1.8729869317923216,-0.520181075421943,2.892575345647258,-0.8993045683274581,0.2352452374934829,1.134549805820941,1.3528058563703784,3.4127564210692007,-4.04933797178245,0,-0.44634287044899945,52.42873088236017,-0.12263031869738228,10.97634887097225,8.50095775979915,2.475391111173101,85.46618752039431,-9.0540781636209,-4.771097440837309,-15.97086018493039,-71.72774869109978,-0.44634287044899945,-0.0707438229012511,33.95418939972986,-0.838281007619841,0.4439510195588998,0.036592256706737714,-0.0007868433050131005,2.2293154715758745,-0.30867357506162135,44.404845132444784,-2.637853076323097,5.352472687234293,0.05604898044110018,-0.838281007619841,0.020588879898256085,0.5552901308970554,44.73684210526316,-0.00012260611559300472,6.130305779650236e-05,-0.00023908192540655904,-0.0005394669086093984,-0.0007295063877786889,-0.0005455972143890708,0.0
1780632600,EURAUD,bullish_exhaustion,-1.8488086266704469,-1.0344318182963952,2.5294197124782887,-1.0802579525995124,-0.09558875615071129,0.984669196448801,0.8143768083740517,3.563851530774684,-4.170499692240015,0,-0.5203225496939365,49.91973011056915,-2.5090007717910225,10.300350487490181,9.301740714159187,0.998609773330994,67.10364275293176,-18.362544767462552,-9.308466603841651,-32.156393377221846,-96.07843137254518,-0.5203225496939365,-0.058682798920482004,31.705734259233182,-2.248455140496681,0.38459809692303737,0.0353840751384697,-0.0012081815682680117,2.1878918934077407,-0.6023865244678193,41.7502522153336,-2.654592917111181,3.779068071462163,0.11540190307696263,-2.248455140496681,-0.0414235781681338,0.6163635319264194,56.14035087719298,0.00018393172454378437,-0.00011649009221115225,-0.0004169119089660889,-0.0006069746909946883,-0.0004230429664509039,-0.00015940749460474635,1.0
1780632900,EURAUD,bullish_exhaustion,-0.971319292646794,-0.6893233689751815,2.9331057493015447,-0.47641018121878986,0.394615406046431,0.871025587265221,0.28199592367161247,3.622429118276726,-3.2276739998698183,0,-0.5127310781319924,53.51337691720335,3.5936468066342044,21.890798786658507,14.389166048373646,7.5016327382848615,45.73709587283318,-21.366546880098582,-3.00400211263603,-27.458681066914476,-86.274509803919,-0.5127310781319924,0.009993504100423961,29.087981319758622,-2.61775293947456,0.41656818180799854,0.03521500050265616,-0.00016907463581353893,2.024883642369642,-0.0750524664906317,39.727418553978715,-2.0228336613548876,7.006765468038392,0.08343181819200146,-2.61775293947456,-0.1630082510380988,0.347794835166243,14.035087719298245,-0.0003003665698138036,-0.0006007331396274962,-0.0007907609695096962,-0.0006068630696237642,-0.00034327607978723584,-0.0005700834896466,1.0
1780677600,EURAUD,bullish_exhaustion,-1.0904234763690035,-0.2025241859706375,2.142836548333466,-0.6585726107871561,0.2945490324814251,0.9531216432685812,0.8878992903983659,2.345360734304104,-2.4839799278686616,0,-0.13465803053720043,52.505877648719114,-6.536423237974887,15.25500335451351,36.00204545968775,-20.747042105174238,99.85746236806807,-0.14238701046937763,-0.14252417808825157,7.275228029555096,-84.18972332015935,-0.13465803053720043,-0.10963988965274273,26.396406377904132,-1.6963285921179327,0.4604549425281663,0.05154724485753754,0.00043728274504852005,1.2256982603476578,-0.10175628973554278,36.417260876821516,-1.7570447284725503,5.341010681090804,0.03954505747183368,-1.6963285921179327,-0.0870949661286875,0.6246089631812812,32.407407407407405,-9.79665811501329e-05,-0.0006796431567280825,-0.00047146417178445255,-0.0005633078416125148,-0.00041635796988748197,-0.00015919569436884107,1.0
1780682100,EURAUD,bullish_exhaustion,1.0279991153987795,0.9555936049493118,2.4684709408778134,0.9744730297495221,1.3091888907195035,0.3347158609699815,-0.0724055104494677,1.5128773359285015,2.812423679267416,1,-0.018947082322557807,60.85625970999409,6.933890607507074,69.0669437622105,58.221844364678645,10.845099397531854,0.09277790580963068,-0.08017499629652637,0.06757208678342205,50.91487669052698,-1.0471204188434808,-0.018947082322557807,0.07717857382306423,17.545167034230943,-0.010336952881324635,0.7095535359973155,0.03846091573478517,0.0002281663082990687,1.220528021106934,1.1288229699018586,18.536932173193826,0.2907894407743328,8.466028234679143,0.20955353599731552,-0.010336952881324635,-0.02261352579126119,0.6967962856612829,43.98148148148148,0.00022033441868440917,0.0004529096384067177,0.00046515043944483914,0.00041006683477373684,0.0003978260337356154,0.00036110363062169526,0.0
1780695000,EURAUD,bullish_exhaustion,0.24738839400129678,1.3666213700897631,3.324979818090038,0.6571628481544658,1.753169470557906,1.09600662240344,1.1192329760884663,1.9583584480002747,-0.6184709850043495,0,0.004122898221929628,65.95661549475665,4.65098835849642,47.11267605633071,53.82392733257088,-6.711251276240169,99.03568215772802,-0.9284722009395523,-0.9599275285331004,70.30487143319876,-23.308270676693237,0.004122898221929628,-0.02180012798999931,17.729007609360615,-2.5138714787383414,0.7362563441954455,0.030636406843387917,0.0005986121470066899,1.4439699959176062,1.3199932543286539,36.18627338137312,0.1033967518261747,12.616636995094911,0.2362563441954455,-2.5138714787383414,-0.2526873150474669,0.2755822413720193,3.125,1.8336511661942723e-05,4.278519387801438e-05,-0.00014669209329620791,-4.278519387801438e-05,-9.168255831004668e-05,0.00013446775218817208,0.0
1780695300,EURAUD,bullish_exhaustion,0.21316490112531225,1.1906782334304424,3.3253724575603707,0.6173710530656062,1.7082363575883988,1.0908653045227925,0.9775133323051302,2.134694224129928,-0.5396117211353562,0,-0.01617139642666343,66.31020552868574,0.3535900339290947,43.96713615022634,46.274142746770146,-2.3070065965438076,98.87784096421629,-0.15784119351172876,0.7706310074278235,76.52188425754645,-21.052631578950884,-0.01617139642666343,-0.02036677712508224,14.723089256574731,-3.0059183527858835,0.7435635429722551,0.030106557741414252,-0.0005298491019736645,1.229109569469883,1.2703794564442772,36.282284650925995,0.09601126955287498,11.921411697484736,0.24356354297225513,-3.0059183527858835,-0.21486042644772319,0.25574440452327174,1.25,2.444823392067086e-05,-0.00016502557896469483,-6.112058480178817e-05,-0.00011001705264301886,0.00011612911112335311,0.00018336175440514246,1.0
1780608300,EURCAD,bearish_exhaustion,0.4504946602550647,-0.9745849828263441,-2.948286835922062,-0.08774356682556123,-1.1881328530397424,-1.1003892862141813,-1.4250796430814088,-1.9737018530957182,-0.411528587264309,0,0.06536591109259869,36.632501361571485,3.526414569408601,76.21212121212989,73.16635745207414,3.045763760055749,0.39344382614951656,0.07703700743225633,0.34383903314819664,-45.24007771291381,-63.888888888877474,0.06536591109259869,0.06275577468410054,10.565957323966503,-0.29570154782972224,0.37191223928761497,0.01388850662628844,-0.0004494045254224699,2.0038887002948393,-0.7321377648614414,32.45546917273435,0.25686182905219823,-13.453788030453152,0.12808776071238503,-0.29570154782972224,0.029252346161608545,0.6470436468604813,60.526315789473685,-0.0001424792630725369,-0.0001734530159143155,-8.053175738886864e-05,-6.194750568366825e-05,6.194750568289109e-06,3.7168503410178744e-05,0.0
1780608600,EURCAD,bearish_exhaustion,-0.5504631908084096,-1.7365803043383639,-3.7352859376341754,-0.922947063980052,-2.0079164444445508,-1.0849693804644986,-1.1861171135299542,-1.9987056332958117,-1.1972028134160064,0,0.04547876845949917,30.085217266142934,-6.547284095428552,57.66373411534954,68.64043662431114,-10.976702508961594,2.4182762264345463,2.02483240028503,1.9477953928527736,-62.34589644237185,-81.17647058824298,0.04547876845949917,-0.01854493364684344,10.305290460907036,-0.2606668630594662,0.261078265414796,0.0141816893673663,0.00029318274107786,1.8859925701816194,-1.5579257849937398,33.27844534675607,0.8229761740217256,-17.229142156022476,0.238921734585204,-0.2606668630594662,-0.11789613011321998,0.6377825252485269,59.64912280701754,-3.0978166588147005e-05,6.195633317629401e-05,8.054323312944867e-05,0.00014869519962323885,0.0001796733662116079,0.00030978166588191414,1.0
1780608900,EURCAD,bearish_exhaustion,-0.6987528343326944,-1.7095273745644282,-3.8330328434338057,-0.9715164355048591,-2.0736680075126177,-1.1021515720077586,-1.0107745402317336,-2.1235054688693777,-1.2332932437311683,0,0.028002117874373043,28.87692389872997,-1.2082933674129634,39.48191593353544,57.785923753671625,-18.304007820136185,2.611752183163734,0.19347595672918771,-1.8313564435558414,-69.23876331515282,-83.5820895522294,0.028002117874373043,-0.01774644077806908,9.707180832414533,-0.5981096284925034,0.251771877940623,0.01409849329853146,-8.319606883483953e-05,1.7849954297443287,-1.6167202633977076,34.11013031932354,0.8316849725674658,-16.721206022411664,0.248228122059377,-0.5981096284925034,-0.10099714043729069,0.679148097824008,64.03508771929825,9.293737879412234e-05,0.00011152485455312444,0.000179678932335392,0.00021065805860009945,0.00034077038891200395,0.0004213161172001989,1.0
1780609500,EURCAD,bearish_exhaustion,0.059001069337637206,-0.49697054556358927,-2.8819753098962977,-0.1157219425562035,-1.1263073932394472,-1.0105854506832437,-0.5559716149012265,-2.385004764332708,-0.27685117150218075,0,0.11125314680825349,38.565332069467125,1.51973888608115,43.79276637339958,36.97947214075387,6.81329423264571,5.057518772078483,3.0503356455233854,3.654904702132022,-47.66739182974314,-40.8163265305993,0.11125314680825349,0.04125095156523876,7.398252428846304,-1.2708588530322018,0.4083133210403901,0.013650048608457957,-0.0001924731760597001,1.4144830157901236,-0.6862912863415618,35.116910195465714,0.23450097304382211,-13.268872273020154,0.09168667895960991,-1.2708588530322018,-0.21634476963994698,0.41501909123639874,20.175438596491226,6.814647775632565e-05,9.912214946372622e-05,0.00022921997063507504,0.00030975671707444974,0.0004274642695625275,0.0003902934635136024,1.0
1780609800,EURCAD,bearish_exhaustion,0.5236871053102586,0.19581343937477788,-2.2987587022658933,0.3256060401183172,-0.5825699766184974,-0.9081760167368146,-0.32787366593548073,-2.494572141640671,1.821520366294969,1,0.17394707227465198,43.911839228128066,5.346507158660941,74.09579667643192,48.51743238838603,25.57836428804589,18.705907233711002,13.64838846163252,10.598052816109133,-13.423710792230308,-18.367346938801404,0.17394707227465198,0.062319928264301584,5.605374659386092,-1.7928777694602118,0.5475221972015156,0.01360338826465288,-4.666034380507687e-05,1.0722211606425593,-0.16980596363583214,34.51667312913069,-0.6002370663350263,-9.435071786575607,0.047522197201515626,-1.7928777694602118,-0.34226185514756424,0.3672227579784026,16.666666666666664,3.097356096848358e-05,0.00016106251703562613,0.00024159377555332817,0.00035929330723294406,0.0003221250340710302,0.00023539906335945382,1.0
1780678200,EURCAD,bearish_exhaustion,-0.6429343179502032,-1.615051006691276,-5.5652394561779985,-0.9660297297397485,-2.444584626430965,-1.4785548966912165,-0.9721166887410727,-3.9501884494867223,-0.8486732996942111,0,0.09645395610409142,31.041138882437096,-3.636292950921842,26.170798898074555,28.371138854698852,-2.2003399566242976,1.5532659855325248,1.5532549079732265,1.553265220089684,-96.15517360393332,-93.89830508474344,0.09645395610409142,-0.0041884879550760715,22.207328679383743,-2.6161900640409996,0.14845449976516997,0.0483760942939633,-0.0006408333706508784,1.1805964009941041,-1.8062973378044587,41.96016858795016,0.18663743283239143,-19.294896314916155,0.35154550023483,-2.6161900640409996,-0.11702321561770757,0.7508095774365365,50.0,0.0006344940842757385,0.00014307219547382566,4.9764241903949014e-05,-3.732318142790625e-05,-0.00023015961880590297,6.220530237999178e-05,1.0
1780703400,EURCAD,bearish_exhaustion,-2.399833392845467e-12,-1.3888137074315992,-3.9394754580390985,-0.5315000928528667,-1.900343358031778,-1.3688432651789113,-1.3888137074291993,-2.5506617506074996,-3.135674308039627,0,0.021089615356571577,34.466389151003284,0.0,50.0,50.0,0.0,0.6078900055983527,0.502194836928318,0.5931463971400888,-57.374812389225895,-80.95238095238724,0.021089615356571577,0.05011868428487964,8.455467270530164,-0.20629687486366244,0.31074351019662977,0.011524282690712198,-0.0008864832839009379,2.4974498027171594,-1.3569928020441997,25.75993788615184,0.5750591911072682,-12.727768815765822,0.18925648980337023,-0.20629687486366244,0.19485447889408647,0.7600882708538533,95.625,0.0,0.0,0.0,0.0,0.0,0.0,0.0
1780703700,EURCAD,bearish_exhaustion,-2.5844359615258873e-12,-1.29486821270628,-4.190135339983744,-0.48432552839906656,-1.8949292743903265,-1.41060374599126,-1.2948682127036957,-2.895267127277464,-3.1183987513998486,0,0.06899763874525416,34.46638915100327,-1.4210854715202004e-14,50.0,50.0,0.0,2.84122202758634,2.2333320219879873,1.7311371850596693,-53.07797537625279,-77.14285714286349,0.06899763874525416,0.04628574528433093,8.184908868729176,-0.27055840180098834,0.3307296988239472,0.010701119641375613,-0.0008231630493365852,2.6860937378893084,-1.3221981148127278,26.293921420751445,0.5339835345996065,-12.727768815765824,0.1692703011760528,-0.27055840180098834,0.18864393517214895,0.7381597325697109,92.5,0.0,0.0,0.0,0.0,0.0,0.0,0.0
1780704000,EURCAD,bearish_exhaustion,-2.7832387277971095e-12,-1.1845190288061238,-4.4610616121807265,-0.4413380554642382,-1.8895306154895997,-1.4481925600253613,-1.1845190288033405,-3.276542583374603,-3.096612997816708,0,0.11617945267578461,34.46638915100327,0.0,50.0,50.0,0.0,9.083037384499104,6.241815356912763,4.008483334924776,-49.46967856861497,-75.00000000000867,0.11617945267578461,0.04187430325781859,7.850036611380375,-0.3348722573488008,0.35007854748097905,0.009936753952705926,-0.0007643656886696867,2.8623809276554257,-1.2882955990479013,26.78976327430822,0.4958418535567759,-12.727768815765824,0.14992145251902095,-0.3348722573488008,0.17628718976611735,0.7231443481269736,91.25,0.0,0.0,0.0,0.0,0.0,0.0,0.0
1780704300,EURCAD,bearish_exhaustion,-2.997334014550733e-12,-1.052905803385576,-4.677331549631205,-0.40216603870705725,-1.8841473373827913,-1.4819812986757341,-1.0529058033825787,-3.624425746245629,-3.069930954504471,0,0.16218161815578455,34.46638915100327,0.0,50.0,50.0,0.0,24.409808040915905,15.326770656416802,9.084955299504038,-46.38075788522423,-50.0,0.16218161815578455,0.03706528450493959,7.428078556447859,-0.42195805493251637,0.36922320371851214,0.009226985813226932,-0.0007097681394789938,3.0094061314815486,-1.2552623785592794,27.250187852610942,0.460424578302721,-12.72776881576582,0.13077679628148786,-0.42195805493251637,0.14702520382612283,0.6819579109272992,84.375,0.0,0.0,0.0,0.0,0.0,0.0,0.0
1780704600,EURCAD,bearish_exhaustion,-3.227898169516174e-12,-0.7450295009186139,-4.954264466554134,-0.36647082817055543,-1.8787793962500487,-1.5123085680794934,-0.7450295009153859,-4.20923496563552,-3.0379363473304855,0,0.20666273542202124,34.46638915100327,0.0,50.0,50.0,0.0,47.13904869479113,22.729240653875223,7.402469997458425,-44.06130268213913,-50.0,0.20666273542202124,0.0320056081773302,5.314375132754545,-2.1137034236933134,0.37989289186583375,0.008567915397996437,-0.0006590704152304953,2.3922113282962716,-1.2230761637249639,27.677724961034897,0.4275371084239552,-12.727768815765822,0.12010710813416625,-2.1137034236933134,-0.617194803185277,0.3262279758381069,10.625,0.0,0.0,0.0,0.0,0.0,0.0,0.0
1780704900,EURCAD,bearish_exhaustion,-3.4761980287097255e-12,-0.5518529961775386,-5.246125929575635,-0.3339438315869689,-1.8734267483978706,-1.5394829168109019,-0.5518529961740624,-4.694272933398096,-3.0001803932401487,0,0.24937355879873727,34.46638915100327,0.0,50.0,50.0,0.0,66.03659668456214,18.897547989771013,-3.83169266410421,-41.666666666832405,-50.0,0.24937355879873727,0.02681368988271442,4.355591637479992,-0.9587834952745533,0.39920298564196693,0.007955921440996694,-0.0006119939569997433,2.1784285838141995,-1.1917152364497163,28.074723704571426,0.3969987435365283,-12.72776881576582,0.10079701435803307,-0.9587834952745533,-0.21378274448207213,0.6369265801180247,75.625,0.0,0.0,0.0,0.0,0.0,0.0,0.0
1780705200,EURCAD,bearish_exhaustion,-3.743597877072012e-12,-0.3329784035884417,-5.535028349174501,-0.3043038465350151,-1.8680893502535938,-1.5637855037185788,-0.33297840358469816,-5.20204994558606,-2.9561792935682716,0,0.29014025293497997,34.46638915100327,0.0,50.0,50.0,0.0,79.25183451086437,13.215237826302229,-5.682310163468799,-39.2156862748623,-50.0,0.29014025293497997,0.021584112690185984,3.0268237358939944,-1.3287679015859974,0.41873116101737684,0.0073876413380683575,-0.000568280102928336,1.682024855041697,-1.161158435514841,28.443365394998203,0.3686416904267773,-12.727768815765817,0.08126883898262316,-1.3287679015859974,-0.4964037287725025,0.38684589478057946,17.5,0.0,0.0,0.0,0.0,0.0,,0.0
1780705500,EURCAD,bearish_exhaustion,-4.03156694453909e-12,-0.21787876067601072,-5.797390690148503,-0.277294629387402,-1.8627671583717083,-1.5854725289843064,-0.21787876067197914,-5.579511929472492,-2.9054115344528633,0,0.32885032100639033,34.46638915100327,0.0,50.0,50.0,0.0,87.74268533972383,8.490850828859465,-4.72438699744275,-37.037037037602985,-50.0,0.32885032100639033,0.01639158707641185,2.605951426111779,-0.42087230978221557,0.44264606653070904,0.006859952671063474,-0.0005276886670048837,1.609032783783157,-1.131385142296032,28.785675536108783,0.34231014111058045,-12.727768815765815,0.05735393346929096,-0.42087230978221557,-0.0729920712585399,0.5114555052685368,40.0,0.0,0.0,0.0,0.0,,,0.0
1780614000,EURCHF,bearish_exhaustion,-5.44937221620509,-5.537979894519108,-6.100638651801928,-5.055639131387389,-5.543860989314675,-0.48822185792728556,-0.08860767831401743,-0.5626587572828206,-6.7194156053483525,0,-0.32559163535023533,18.35166282128958,-28.479285238196596,12.903225806461721,34.27470214648658,-21.371476340024863,98.39526688280051,1.259803442923058,-0.9148737686466006,-492.6084883174672,-94.79166666666703,-0.32559163535023533,-0.3943003268145957,7.803782453690494,5.677327642629836,-0.5484845670920748,0.014786701750968866,0.0058411971183071985,1.1768991657529055,-5.38967860052348,18.963530989358787,3.928068698414748,-44.29942357344546,1.0484845670920748,5.677327642629836,0.540808833059438,0.9999645904659221,98.24561403508771,-5.459230466875464e-05,0.00012010307027110478,0.0001637769140061529,0.00014193999213873987,0.0002511246014760271,0.0004694938201510457,1.0
1780650900,EURCHF,bearish_exhaustion,-0.8868312863701366,-1.9549331186957402,-3.2528302277433965,-1.2434237869734412,-2.0116140295866596,-0.7681902426132181,-1.0681018323256035,-1.2978971090476565,-2.733002077492473,0,-0.03677772852393621,35.772654359473464,-13.38644822851927,52.946468735951186,61.4376218323674,-8.491153096416213,1.7929511079806746,1.7742357915192981,1.790382752262101,-86.82570384698083,-87.30158730157498,-0.03677772852393621,-0.05595349767897799,10.73309712903851,0.05489382028043899,0.14359093772983803,0.019575283442382577,0.002364720541867347,1.1992603966204305,-1.721479181325769,36.167787670329,-0.3130201395699004,-13.77927093620543,0.356409062270162,0.05489382028043899,-0.18526036737567741,0.8822472742150751,86.8421052631579,-9.826400262036294e-05,-5.4591112566892974e-05,0.0002183644502675719,0.00025111911780761886,0.00018560978272730289,0.00030571023037451184,0.0
1780659600,EURCHF,bullish_exhaustion,-0.8068249423870553,0.1344708237316544,2.0139591831130743,-0.16664182200162078,0.5856160610278378,0.7522578830294586,0.9412957661187097,1.8794883593814198,-2.0655546037876262,0,-0.14322491803326615,54.84408865208898,2.460822817539068,10.158599945298477,14.150642302122327,-3.99204235682385,97.34265929682104,-1.9764646005374544,-1.2963384032856595,-1.242937853092798,-55.12820512821024,-0.14322491803326615,-0.04134156846530424,10.103797602696424,-0.23616690548391617,0.5280668234516804,0.021088103279073765,-0.0007009531000354806,1.1960566290864887,0.27742881611808384,29.70965310429397,-1.044810280262336,7.7995313109286855,0.028066823451680434,-0.23616690548391617,0.028109216045951957,0.377781729360267,7.87037037037037,1.0906671611188301e-05,1.0906671611188301e-05,-7.634670127720788e-05,2.1813343222154558e-05,-7.634670127720788e-05,-7.634670127720788e-05,0.0
1780659900,EURCHF,bullish_exhaustion,-0.6616972282539089,0.1173978953362596,2.103556833689604,-0.10033130435852045,0.6088738764435672,0.7092051808020876,0.7790951235901685,1.9861589383533444,-1.9690880036672187,0,-0.17178171591894595,55.20027944379269,0.3561907917037104,19.690372520553368,13.498913608282521,6.191458912270846,94.36611725904257,-2.976542037778472,-1.0000774372410035,4.094412331336179,-63.636363636360585,-0.17178171591894595,-0.024006536474144337,9.806530229944238,-0.2972673727521862,0.5244683807915903,0.020438540040704115,-0.0006495632383696492,1.2132866776085336,0.3072620470943074,28.93032243907623,-0.7793306652177385,8.997161959255777,0.024468380791590305,-0.2972673727521862,0.017230048522044905,0.4288276129876928,11.574074074074074,0.0,-8.725242125473542e-05,1.0906552656786417e-05,-8.725242125473542e-05,-8.725242125473542e-05,-0.00017450484250947085,1.0
1780660200,EURCHF,bullish_exhaustion,-0.47112373707651506,0.09815077855815216,2.1828733151195054,-0.08922855524120323,0.5925454335684308,0.681773988809634,0.5692745156346672,2.0847225365613533,-1.9598799151364452,0,-0.195340779793364,55.20027944379269,0.0,30.077875056568953,19.975615840806935,10.102259215762018,89.47885810607693,-4.88725915296564,-1.9107171151871682,5.432098765450496,-77.7777777777755,-0.195340779793364,-0.014791813417191435,9.784404015453909,-0.022126214490329588,0.5195074032303074,0.019446068008803545,-0.0009924720319005702,1.298341160510709,0.29218727342759204,28.206658249945473,-0.7236641891307585,8.780897848780299,0.01950740323030742,-0.022126214490329588,0.08505448290217532,0.48513255143594197,18.055555555555554,-8.725242125473542e-05,1.0906552656786417e-05,-8.725242125473542e-05,-8.725242125473542e-05,-0.00017450484250947085,-0.00018541139516625726,0.0
1780673700,EURCHF,bullish_exhaustion,-0.17223941202097906,0.5943472668343064,2.5845615432060747,0.23493675750675713,1.047805818966631,0.812869061459874,0.7665866788552854,1.9902142763717683,-1.0841501951319825,0,-0.1220246611483654,57.12510744388472,8.361771808891291,48.41020687434463,53.85417984307205,-5.443972968727422,95.23703702786725,-4.762188271250537,-4.762893285940294,19.12492208121637,-36.216216216215244,-0.1220246611483654,-0.010602526138242443,22.151044031713734,-1.0241961769548737,0.6204609878542645,0.044883269139302615,0.0019654042897233673,1.1148844622627077,0.7024231573610835,39.533313545265926,-2.510199032559264,3.0883085332838647,0.12046098785426451,-1.0241961769548737,-0.10932456801676982,0.6695296248700982,41.2037037037037,-3.2664793885084364e-05,6.532958777016873e-05,-0.00025043008645286857,-0.00021776529256767319,-4.355305851355684e-05,-0.00026131835108123,0.0
1780704300,EURCHF,bearish_exhaustion,0.0,-0.7063002559569791,-2.8728992229265637,-0.23343269671396583,-0.9885005051045194,-0.7550678083905535,-0.7063002559569791,-2.1665989669695844,-4.663631106506784,0,0.07053185650466354,42.695674725145096,0.0,50.0,50.0,0.0,0.9412787773195175,0.7313251467040676,0.7872341277500856,-47.619047619300964,-50.0,0.07053185650466354,0.019004767787377183,3.601681998381128,-0.023657598183527195,0.3834744908759717,0.0059423090895266185,-0.00045710069919435454,2.2193437210289284,-0.6617317010899714,17.888713948059603,-0.05909526539385723,-6.221090784101655,0.11652550912402831,-0.023657598183527195,0.20880345816113755,0.5773415987302436,58.75,0.0,0.0,0.0,0.0,0.0,0.0,0.0
1780704600,EURCHF,bearish_exhaustion,0.0,-0.7705093701340318,-2.9081789559908025,-0.2127138183072321,-0.9856842643498045,-0.7729704460425725,-0.7705093701340318,-2.137669585856771,-4.882411220603567,0,0.09290950830643684,42.69567472514509,-7.105427357601002e-15,50.0,50.0,0.0,3.7598493151751384,2.8185705378556207,2.087245391151553,-44.44444444463305,-50.0,0.09290950830643684,0.01695212437833764,3.5901138105545645,-0.011568187826563658,0.3815808883627072,0.0055178584402747165,-0.00042445064925190207,2.4580185003704575,-0.6447642215741127,17.83383977305102,-0.054874175008581716,-6.221090784101653,0.1184191116372928,-0.011568187826563658,0.23867477934152914,0.6052444134394149,66.875,0.0,0.0,0.0,0.0,0.0,0.0,0.0
1780704900,EURCHF,bearish_exhaustion,0.0,-0.7127591609332096,-2.953163329476306,-0.19383389360540676,-0.9828760470714923,-0.7890421534660855,-0.7127591609332096,-2.2404041685430967,-5.110268902478285,0,0.11475516097397036,42.695674725145096,7.105427357601002e-15,50.0,50.0,0.0,11.315867801219598,7.55601848604446,4.737447948188838,-41.6666666668358,-50.0,0.11475516097397036,0.014698767413192223,3.535098833518927,-0.055014977035637624,0.3966973984608037,0.0051237256945408085,-0.00039413274573390795,2.6892636261995184,-0.6282318056366525,17.782885181971626,-0.05095459107939604,-6.221090784101653,0.10330260153919629,-0.055014977035637624,0.23124512582906087,0.6208627577807233,69.375,0.0,0.0,0.0,0.0,0.0,0.0,0.0
1780705200,EURCHF,bearish_exhaustion,0.0,-0.4811738078444285,-2.9832776086064565,-0.17662970186567326,-0.9800758304131689,-0.8034461285474956,-0.4811738078444285,-2.502103800762028,-5.347473103217901,0,0.13589924498728242,42.695674725145096,0.0,50.0,50.0,0.0,29.686122199124945,18.37025439790535,10.814235911860887,-39.21568627470945,-50.0,0.13589924498728242,0.012316763938391278,2.8019240734557442,-0.7331747600631826,0.4182972147350316,0.004757745287787894,-0.00036598040675291446,2.3683165664733576,-0.6121232977993306,17.735570204540757,-0.047314977430868765,-6.221090784101653,0.08170278526496838,-0.7331747600631826,-0.3209470597261608,0.3624534766472663,11.875,0.0,0.0,0.0,0.0,0.0,,0.0
1780705500,EURCHF,bearish_exhaustion,0.0,-0.30844474862174565,-3.010420746487639,-0.16095250939133496,-0.9772835915805903,-0.8163310821892553,-0.30844474862174565,-2.7019759978658935,-5.594289684540707,0,0.15621730221702,42.6956747251451,7.105427357601002e-15,50.0,50.0,0.0,51.85715524882005,22.171033049695104,3.8007786517897557,-37.03703703736991,-50.0,0.15621730221702,0.009864269153792756,2.375881406779888,-0.4260426666758561,0.4426460665309784,0.004417906338660188,-0.0003398389491277064,2.231318753265584,-0.5964278286236843,17.69163486835495,-0.04393533618580747,-6.221090784101655,0.05735393346902162,-0.4260426666758561,-0.1369978132077736,0.613068356787253,67.5,0.0,0.0,0.0,0.0,,,0.0
1780615800,EURGBP,bearish_exhaustion,0.06346337889842356,-0.8794211075956762,-2.068906152093842,-0.16812418785137295,-0.9095958051182115,-0.7414716172668385,-0.9428844864940997,-1.1894850444981662,2.7651900805823657,1,-0.06495929203895486,41.86177405442932,-2.9052216855164517,64.44013303769566,56.70587993758759,7.73425310010807,0.49489382812530336,0.49489375002049446,0.49489382378475233,-50.76051563408689,-41.346153846156206,-0.06495929203895486,0.05843945326419738,13.451968679637682,-0.12879230090673666,0.3332279363059149,0.025515830368451342,0.0022214312788349025,1.1284042666609233,-0.6330128398498828,31.67993006857611,-2.4305635536842196,-0.03859521572278979,0.1667720636940851,-0.12879230090673666,-0.12559897128079944,0.6296439763532783,57.89473684210527,-0.00024289812158795332,0.00019663181271400987,5.7832886092290536e-05,5.7832886092290536e-05,0.00019663181271400987,0.0004857962431756846,1.0
1780616100,EURGBP,bearish_exhaustion,-0.5973924565526677,-1.556585978342583,-2.735384332750042,-0.8795744826646127,-1.5996551390490403,-0.7200806563844276,-0.9591935217899152,-1.178798354407459,1.6104354392136915,1,-0.0737890941132996,35.99237891828501,-5.8693951361443055,57.35907657139191,60.066312868792586,-2.7072362974006765,0.6373335121378351,0.1424396840125317,-0.3524540660079628,-72.82731132483592,-60.78431372549532,-0.0737890941132996,-0.013502948559786718,13.704321441742325,0.25235276210464264,0.18777427440113323,0.027500397651706025,0.001984567283254683,1.065871446448898,-1.3308521563786522,29.77731344657882,-1.9026166219972893,-2.1367547781642493,0.31222572559886674,0.25235276210464264,-0.06253282021202522,0.7989781862196326,76.31578947368422,0.0004396367212355923,0.00030080407242438767,0.00030080407242438767,0.0004396367212355923,0.0007288714062589907,0.0006710244692544887,1.0
1780627200,EURGBP,bullish_exhaustion,-0.6084794236252504,0.18807545821222266,2.537912359635286,-0.20580261699373087,0.5269502789985322,0.732752895992263,0.796554881837473,2.3498369014230636,-1.686881974486637,0,-0.10916167544445118,54.88223604819258,-0.9780645920996491,14.717348927853218,30.333831211014346,-15.616482283161128,97.49292179956691,-1.4878418453756694,-0.4686063455445577,19.6509752164154,-53.333333333318535,-0.10916167544445118,-0.05228426109496733,4.012439128244199,-0.12592319019577225,0.5489736650106148,0.010447933521446785,-0.0005368181574007293,1.0561858516861373,0.21832568041131523,29.592163487568143,-0.8746856658622804,6.946009057279655,0.04897366501061484,-0.12592319019577225,0.038640970441088385,0.22946402797531662,4.385964912280701,-3.4676468548378026e-05,-3.4676468548378026e-05,-8.091175994640043e-05,5.779411424744474e-05,1.1558822849533357e-05,6.935293709675605e-05,1.0
1780627800,EURGBP,bullish_exhaustion,-0.9206430945275386,-0.2596685651226815,2.2567558932508436,-0.41072636683499825,0.17840922361369613,0.5891355904486943,0.6609745294048571,2.5164244583735247,-2.0121176623060157,0,-0.21204446895061083,51.9438788886934,0.0,15.87301587303874,16.105077508585808,-0.23206163554706727,91.03292461138714,-4.334455277439986,-2.2089133667002017,-11.367435640392872,-70.37037037033991,-0.21204446895061083,-0.035939141893302676,3.6977014417464362,-0.19574197741679633,0.4312285055490521,0.009793365665778249,-0.00048658450469384225,1.0543347418048217,-0.0991868484970528,26.390458136492647,-1.5415618357030176,2.4753864213888086,0.06877149445094788,-0.19574197741679633,0.014065536959564806,0.3734614940488808,18.421052631578945,-4.623689473015613e-05,9.247378946031226e-05,4.623689473004511e-05,0.00010403301314276803,0.00010403301314276803,0.000265862144698259,0.0
1780665300,EURGBP,bearish_exhaustion,0.4625772888761244,-0.7216205706479593,-4.2606452154189185,-0.10737383802495629,-1.4331557317363242,-1.325781893711368,-1.1841978595240839,-3.5390246447709592,1.896366811133651,1,0.20214609266410077,38.64708526595611,-2.085983322833556,63.41189674522508,63.13318368873598,0.27871305648909583,2.0881438895716284,2.0881437782707692,2.0881438833293164,-23.041870862364494,-51.94805194805738,0.20214609266410077,0.04459341936847503,13.090968738661322,-0.9828023896798044,0.396560416779492,0.018767587780551574,-0.00019577496378743106,1.7277490303332927,-0.858539938692175,48.03044121570883,-1.1102573503636393,-14.980913458710484,0.103439583220508,-0.9828023896798044,-0.10040809494594538,0.4872749253224887,18.51851851851852,3.472583949726271e-05,4.6301119329683615e-05,-9.260223865903416e-05,0.0,5.7876399161882475e-05,4.6301119329683615e-05,1.0
1780665600,EURGBP,bearish_exhaustion,0.48389503100035436,-0.3550658344335399,-4.0081591009293875,0.06695264978968812,-1.1775291229629845,-1.2444817727526727,-0.8389608654338943,-3.653093266495848,1.9558126389762578,1,0.2498759668710713,40.29350280652365,1.6464175405675405,73.72935706269432,67.98741382074651,5.7419432419478085,7.218489248848178,5.13034535927655,3.0422015810057808,-29.240623930327985,-40.29850746268187,0.2498759668710713,0.04390654717201009,11.869677220205242,-1.2212915184560806,0.4449068561760598,0.01841857303859171,-0.00034901474195986326,1.6094473621240337,-0.620890648646826,47.32826522083841,-0.7021759948704158,-17.31612910536886,0.055093143823940205,-1.2212915184560806,-0.11830166820925903,0.489036459081204,18.98148148148148,1.1574877885056623e-05,-0.00012732365673551183,-3.472463365516987e-05,2.31497557698912e-05,1.1574877885056623e-05,0.00027779706924091485,0.0
1780665900,EURGBP,bearish_exhaustion,0.449823877211722,-0.1156689969977484,-3.8774818215644444,0.11230399488754433,-1.0553892528977418,-1.1676932477852862,-0.5654928742094705,-3.761812824566696,1.9056231868574345,1,0.28828832719556813,40.863176553357825,0.5696737468341766,64.2496392496357,67.1302976858517,-2.8806584362159953,18.803952548326066,11.585463299477887,6.455117940201337,-17.175024412653798,-18.000000000004885,0.28828832719556813,0.03277796659419532,10.488926543097108,-1.380750677108134,0.480137047503067,0.018012206880564968,-0.00040636615802674275,1.4675987737347946,-0.516284656923084,46.47009914660027,-0.8581660742381416,-15.523822298229332,0.019862952496932984,-1.380750677108134,-0.14184858838923908,0.38844615761676293,8.796296296296296,-0.00013889692690549627,-4.6298975635239437e-05,1.1574743908671081e-05,0.0,0.0002662191099020994,0.0004514150124428351,0.0
1780666200,EURGBP,bearish_exhaustion,-0.3128115008792713,-0.6990379458419687,-4.44830722066094,-0.5538090175693363,-1.680126063293084,-1.1263170457237477,-0.38622644496269737,-3.7492692748189715,0.9789950257143495,1,0.25609203066645275,36.37772585332517,-4.485450700032658,52.38095238095428,63.45331623109477,-11.07236385014049,41.99933023611402,23.195377687787953,11.609914388310063,-33.43674594962962,-42.00000000000399,0.25609203066645275,-0.030305471252636787,9.503790873710551,-0.9851356693865565,0.3666374419656372,0.018133643999731566,0.00012143711916659874,1.3163868752441348,-1.1571610092027989,45.96526070091517,-0.5048384456851025,-17.05639355092422,0.1333625580343628,-0.9851356693865565,-0.15121189849065986,0.46924863820070717,16.203703703703702,9.261081462774712e-05,0.0001504925737703111,0.00013891622194184272,0.00040517231399683773,0.0005903939432527761,0.0006251229987381812,1.0
1780666500,EURGBP,bearish_exhaustion,0.12865458627074494,-0.04181274053808138,-3.809462299473937,-0.03674502938872744,-1.0910708643267701,-1.0543258349380427,-0.1704673268088263,-3.7676495589358554,1.3608589605344974,1,0.27092420558830227,41.02536746524377,4.647641611918601,47.61904761903862,54.74987974987619,-7.130832130837575,62.2983420990325,20.299011862918483,-2.89636582486947,-26.436197254631864,-26.00000000001199,0.27092420558830227,0.01287370331429229,8.331919899842887,-1.171870973867664,0.4909698180342639,0.01799435242524837,-0.00013929157448319684,1.1659514181671564,-0.5893547464635853,45.592508965263505,-0.3727517356516614,-16.878163253647834,0.009030181965736073,-1.171870973867664,-0.15043545707697836,0.7123980333511677,45.370370370370374,5.7876399161882475e-05,4.6301119329683615e-05,0.0003125325554744762,0.0004977370327927666,0.0005324628722900293,0.00045143591346330503,1.0
1780678800,EURGBP,bearish_exhaustion,0.1670216044585111,-0.7699288595778111,-2.128099662664851,-0.1710570649765578,-1.001108780061606,-0.8300517150850483,-0.9369504640363222,-1.3581708030870399,-1.1078306157356446,0,0.017901039612041796,42.18198399437576,-1.732066264322036,62.83034953111714,56.85208866155478,5.978260869562362,0.833902463706982,0.7545283767743927,0.8234195841138519,-47.2908290254904,-58.46153846154214,0.017901039612041796,0.04451215796067311,16.100467259221784,-0.9869409944075755,0.3640697166364469,0.028431459941431873,-0.00013557549858222648,1.4245960338917647,-0.6781453187747201,29.50730233918379,-0.6855236833603016,-7.3260306052925,0.13593028336355312,-0.9869409944075755,-0.07781652151206875,0.5587511953987002,25.925925925925924,-0.00013898540653223268,-9.265693768811811e-05,-0.00023164234422046182,-2.316423442194626e-05,-0.00020847810979840453,-0.00016214964095428996,0.0
1780679100,EURGBP,bearish_exhaustion,-0.23741493149169882,-1.1162666954370717,-2.6265588736672734,-0.5709161873993772,-1.410564815193427,-0.8396486277940497,-0.8788517639453729,-1.5102921782302015,-1.406797873609998,0,0.02187620553286979,39.31892354754417,-2.8630604468315894,53.50522413212062,60.42245748990599,-6.917233357785371,1.8774455933604401,1.0435431296534583,0.2890147528790654,-63.52303523034839,-76.92307692306379,0.02187620553286979,0.0035731906683938467,15.42313634792767,-0.6773309112941135,0.29877792951679727,0.02781090663140414,-0.000620553310027732,1.4072806153123003,-1.0795567122857601,29.016780206173102,-0.49052213301068903,-7.84803844395622,0.20122207048320273,-0.6773309112941135,-0.017315418579464392,0.5087003729422818,20.833333333333336,4.633490872008039e-05,-9.266981744060487e-05,0.00011583727180064507,-6.950236308045366e-05,-2.316745436015122e-05,-0.0001853396348809877,0.0
1780610100,EURJPY,bearish_exhaustion,-0.09805152983892915,-1.2679845563152121,-4.222455425850885,-0.45380989193757554,-1.7674633265427229,-1.3136534346051474,-1.1699330264762828,-2.954470869535673,-0.9146231605226282,0,0.025353412755905646,36.74509814284306,-0.8899388546141509,42.60840108403897,25.781283606515373,16.827117477523593,0.30844822629627355,0.308063411400886,0.3083969176435552,-61.739943872831,-76.34408602148862,0.025353412755905646,0.05254782349082217,6.597846755822928,-0.24692710621949754,0.26797231975122204,0.012075206010575995,0.00018914895606989175,1.4073258224660603,-1.2161335492155108,46.621968635609335,-1.2875224062350057,-12.522315183518886,0.23202768024877796,-0.24692710621949754,-0.09263026172020061,0.8058108558359348,78.0701754385965,0.0,-6.996318859930906e-05,-0.0001183992422449931,-9.149032355293407e-05,-0.00010763567476812508,-0.0001183992422449931,0.0
1780610400,EURJPY,bearish_exhaustion,-0.04772480316984339,-1.0716387621061012,-3.942068741901571,-0.3738032375729364,-1.5931124195981656,-1.2193091820252293,-1.0239139589362578,-2.87042997979547,-0.8243375093115318,0,0.0673323167064453,36.74509814284306,0.0,57.994579945834396,42.40998838562581,15.584591560208587,0.8974514264785985,0.589003200182325,0.280939788781439,-65.74923547409567,-75.55555555553451,0.0673323167064453,0.04265168937756379,6.303746546298115,-0.29410020952481375,0.2891533403024095,0.012404371980467009,0.00032916596989101404,1.2899719223306547,-1.0711131302632997,45.73408439526947,-0.887884240339865,-13.798514319102742,0.21084665969759048,-0.29410020952481375,-0.11735390013540559,0.8184568712661857,78.94736842105263,-6.996318859930906e-05,-0.0001183992422449931,-9.149032355293407e-05,-0.00010763567476812508,-0.0001183992422449931,-0.00010763567476812508,0.0
1780610700,EURJPY,bearish_exhaustion,-0.49209980271859916,-1.5290243870216265,-4.371779497376585,-0.8036264375709357,-2.0227249835427603,-1.2190985459718244,-1.0369245843030273,-2.8427551103549584,-1.4059994363413524,0,0.06711359440331016,33.73804907723206,-3.0070490656109996,43.08943089435629,47.89747064140988,-4.808039747053591,2.28667630407073,1.3892248775921314,0.8002216774098063,-83.62472714945889,-89.99999999998421,0.06711359440331016,-0.0010742976570001757,6.456521845498917,0.15277529920080202,0.20996132559840489,0.012249587366549977,-0.00015478461391703162,1.3431235114973286,-1.4982049869242846,44.98610155821306,-0.7479828370564121,-13.603394951961869,0.29003867440159514,0.15277529920080202,0.05315158916667384,0.8636394760001987,85.96491228070175,-4.843944262356015e-05,-2.1528641166113083e-05,-3.767512204055912e-05,-4.843944262356015e-05,-3.767512204055912e-05,-6.996808378945119e-05,0.0
1780611000,EURJPY,bearish_exhaustion,-0.7770876837405717,-1.7891088532661927,-4.702284076969217,-1.043273143299382,-2.302332826570003,-1.2590596832706211,-1.0120211695256212,-2.9131752237030244,-1.6716421103749521,0,0.050809100685176675,31.79794934185736,-1.9400997353747016,25.203252032550196,42.095754290913625,-16.89250225836343,2.6036174827585006,0.3169411786877707,-1.0722836989043607,-96.77778520054892,-100.0,0.050809100685176675,-0.01820167510016434,6.447619685809273,-0.008902159689643696,0.1694928332177559,0.01191340994845565,-0.0003361774180943265,1.3932261293342452,-1.7617272404128694,44.448107804144115,-0.5379937540689426,-14.279643473800146,0.3305071667822441,-0.008902159689643696,0.05010261783691661,0.8568469922779766,84.21052631578947,2.691210506489128e-05,1.076484202600092e-05,0.0,1.076484202600092e-05,-2.152968405189082e-05,9.150115722045271e-05,1.0
1780656600,EURJPY,bullish_exhaustion,0.032128741994578214,1.4896053106857154,6.018589614116474,0.6948508637483255,2.5152769077296884,1.820426043981363,1.4574765686911373,4.528984303430758,-0.7325353174891674,0,-0.1510138121872811,70.6891805313401,1.440538542927996,47.50134750138064,45.82093405625153,1.680413445129112,99.80104179920791,-0.1989493632192847,-0.19895759206866614,67.51635485956115,-22.4137931034356,-0.1510138121872811,-0.037132178889781264,12.976366501129773,-1.3303369084685013,0.7112102748273991,0.018394073614620348,-0.00025887049597769426,1.7586916062386866,1.7491668020307756,58.76474132046618,0.05763266877751505,20.460290444587123,0.21121027482739907,-1.3303369084685013,-0.14130161469337077,0.5469441272034791,42.10526315789473,-5.372531321856666e-05,3.760771925298556e-05,0.00020415619023039788,0.0002525089721272522,1.0745062643646719e-05,0.00024713644080542885,0.0
1780656900,EURJPY,bullish_exhaustion,-0.2781549995013021,0.958587928387164,5.666585613484791,0.34898827297499446,2.1079347484150968,1.7589464754401023,1.236742927888466,4.707997685097627,-1.022246541389554,0,-0.20785724262476388,67.58939845498398,-3.099782076356121,42.4904542552029,46.33155025315224,-3.8410959979493384,99.63170255909334,-0.16933924011456725,0.029610123104717445,60.07326007329916,-32.727272727252526,-0.20785724262476388,-0.05321805594856104,11.160527777472893,-1.8158387236568796,0.6543193487797889,0.01796380647043886,-0.00043026714418148773,1.564272596839549,1.3499658232124045,58.818257370045295,0.05351604957911604,19.45494453212109,0.15431934877978892,-1.8158387236568796,-0.1944190093991376,0.45936270898143755,25.438596491228072,9.133793963100878e-05,0.00025789535895803795,0.0003062507387627811,6.447383973928744e-05,0.0003008779187843036,0.00011282921954403058,0.0
1780657200,EURJPY,bullish_exhaustion,0.239682178287441,1.1641705802584983,5.701011812148366,0.6921615267325757,2.3111667502090496,1.6190052234764742,0.9244884019710573,4.536841231889867,-0.4649500986424705,0,-0.2058747990750669,69.99798493995458,2.4085864849705985,54.33416609890954,48.108655951831025,6.225510147078516,97.91489308859813,-1.7168094704952068,-1.5474702303806396,58.06433628820839,-17.592592592575294,-0.2058747990750669,-0.00757708993318542,9.793024681417627,-1.367503096055266,0.7238727022877387,0.018828085709598142,0.0008642792391592817,1.2844051637279752,1.604098350319644,57.340305705924756,-1.477951664120539,12.750616408519075,0.2238727022877387,-1.367503096055266,-0.2798674331115738,0.4435501562203537,13.88888888888889,0.00016654220770484507,0.00021489317123224438,-2.686164640419708e-05,0.00020952084195147158,2.148931712309121e-05,-0.0001665422077050671,0.0
1780657500,EURJPY,bullish_exhaustion,1.0672573168855408,1.7806646142719642,6.380714867809966,1.3342594295459633,2.959268918921263,1.6250094893752995,0.7134072973864233,4.600050253538003,2.026076724572316,1,-0.16003453162629294,73.81884714415769,3.8208622042031095,66.03353670237647,54.28605235216296,11.747484350213504,94.71036972775343,-3.2045233608447035,-1.4877138903494966,105.365379946649,-1.639344262303102,-0.16003453162629294,0.045859742946023074,8.516576886394578,-1.2764477950230493,0.8936909300900792,0.018823169912555043,-4.915797043099357e-06,1.1185401759461833,2.251839416691192,56.411528595827505,-0.9287771100972506,15.306099288044736,0.39369093009007916,-1.2764477950230493,-0.16586498778179193,0.6832913674814742,43.05555555555556,4.8342912392085324e-05,-0.00019337164956756414,4.2971477681730263e-05,-0.00014502873717558984,-0.00033302895203302096,-0.00024171456195942742,1.0
1780678800,EURJPY,bearish_exhaustion,0.37398252427981216,-0.8606243804080383,-5.365836217929462,-0.20394483104139127,-1.8401735880980032,-1.6362287570566119,-1.2346069046878505,-4.505211837521424,1.2399495121779394,1,0.25661393462451165,35.547995039585985,-3.142020599213488,70.54929911709166,61.28367585445318,9.265623262638485,3.445302529610791,3.445302529610791,3.445302529610791,-34.551963549582666,-63.57615894039535,0.25661393462451165,0.045979525020828686,29.556187638550384,-3.9831576483651006,0.3646843436202751,0.04648967881260237,-0.000655733927089841,1.6063559653232675,-1.1115997592063425,62.80252465431691,-1.631829025772788,-17.61858003420982,0.13531565637972492,-3.9831576483651006,-0.18120750728556145,0.8479310644808213,71.75925925925925,-0.000340167275908132,-0.000680334551816153,-0.0008639168911950268,-0.0007181309158059701,-0.0008693163717650165,-0.001139290400263615,0.0
1780679100,EURJPY,bearish_exhaustion,-0.29343669005892753,-1.3635490637254648,-5.880378114272867,-0.793745151413003,-2.387509643514729,-1.593764492101726,-1.0701123736665372,-4.516829050547402,0.43281446011145086,1,0.24316729179467567,32.08200952847099,-3.4659855111149938,64.27836566725453,68.21749483574509,-3.9391291684905525,10.374061786474666,6.928759256863875,3.483456727253084,-61.358237077099204,-83.39222614841184,0.24316729179467567,-0.014108351724237836,27.162723801794794,-2.39346383675559,0.2672933918477339,0.04638588705330908,-0.00010379175929328688,1.4799779825794448,-1.672052361916645,61.755887270729446,-1.0466373835874663,-21.392716378383607,0.23270660815226613,-2.39346383675559,-0.12637798274382273,0.8342480055648065,67.12962962962963,-0.00034028302905897423,-0.0005239278383925017,-0.0003780922545100207,-0.0005293291563140956,-0.0007993950523927928,-0.0012477044398833126,0.0
1780679400,EURJPY,bearish_exhaustion,-0.9384626544354785,-1.8388953384607716,-6.408693598270184,-1.2987122069049928,-2.9041087192254658,-1.605396512320473,-0.900432684025293,-4.569798259809413,-2.1530814016975772,0,0.19244907191941762,29.033448214856833,-3.048561313614158,33.97003079838937,56.26589852757852,-22.295867729189155,19.710556418629327,9.336494632154661,2.4077353752907875,-101.27564409757788,-93.99293286219198,0.19244907191941762,-0.05191306260648102,24.651589567020707,-2.5111342347740866,0.15584950372620954,0.04617478928756439,-0.00021109776574469025,1.3509416881917964,-2.187229891940016,61.247756525422794,-0.5081307453066515,-25.896620559581635,0.34415049627379046,-2.5111342347740866,-0.1290362943876484,0.7586947132104304,50.92592592592593,-0.00018370732181738347,-3.782209566827177e-05,-0.00018911047834146988,-0.0004592683045435697,-0.0009077302960389666,-0.0008645050438466084,0.0
1780679700,EURJPY,bearish_exhaustion,-1.2676040839791296,-1.9983683786616784,-6.633164057360096,-1.450660716078906,-3.089543857646435,-1.6388831415675293,-0.7307642946825487,-4.634795678698418,-2.5302418086744516,0,0.142304988046834,27.513919591375284,-1.5195286234815484,16.17689203750709,38.14176283438366,-21.96487079687657,30.857372164506728,11.1468157458774,1.8103211137227397,-133.65904270339632,-87.90322580645069,0.142304988046834,-0.05216923223263927,22.85281845790734,-1.7987711091133676,0.100719764027143,0.04570234609587654,-0.0004724431916878491,1.2694971345374548,-2.3634957694663115,61.0414259260384,-0.20633059938439402,-28.26961687486244,0.399280235972857,-1.7987711091133676,-0.08144455365434156,0.7886140938130549,56.481481481481474,0.00014591203125746688,-5.404149305832107e-06,-0.0002756116145977705,-0.0007241560069822794,-0.0006809228125355116,-0.001102446458390749,0.0
1780680000,EURJPY,bearish_exhaustion,-0.8337609195948337,-1.4858810674213465,-6.121949106476429,-0.964313278697848,-2.5837722702449546,-1.6194589915471067,-0.652120147826513,-4.636068039055083,-2.1108539597051266,0,0.13977162258667802,30.619325087336264,3.10540549596098,14.51278553469053,21.553236123529,-7.040450588838471,38.71120452705177,7.853832362545042,-3.2929833833323627,-113.56128917064663,-77.01612903226204,0.13977162258667802,-0.003570811062698342,21.433111286051776,-1.4197071718555634,0.185712821258443,0.04536495456238677,-0.0003373915334897726,1.201114707989045,-1.8630249664112295,60.36206096366282,-0.6793649623755798,-24.399867955521458,0.314287178741557,-1.4197071718555634,-0.06838242654840987,0.8534446312356251,72.22222222222221,-0.00015129410493319728,-0.0004214621494569304,-0.0008699411033663562,-0.0008267142162424745,-0.001248176365699405,-0.0012157562003566325,0.0
1780680300,EURJPY,bearish_exhaustion,-1.038784604856839,-1.6452569484778128,-6.435770874133877,-1.1388040994756559,-2.8011726197355427,-1.6623685202598866,-0.6064723436209739,-4.7905139256560645,-2.419120204391995,0,0.1295872908735389,29.221216376724612,-1.3981087106116519,16.502835285934452,15.73083761937736,0.7719976665570929,43.637858101431874,4.926653574380104,-2.9271787881649374,-126.61943651808905,-88.30645161290424,0.1295872908735389,-0.015358303953607336,19.06951018539735,-2.363601100654428,0.1227911578872976,0.04375222838644822,-0.0016127261759385503,1.123794453963824,-2.060901938701768,59.73122207002835,-0.6308388936344684,-23.495722633544894,0.3772088421127024,-2.363601100654428,-0.07732025402522091,0.8284826920143785,66.20370370370371,-0.00027020892554130427,-0.0007187557419396917,-0.0006755223138530386,-0.0010970482376974067,-0.0010646231666324724,-0.0011943234508922096,0.0
1780680600,EURJPY,bearish_exhaustion,-1.497412475326356,-2.036456154306813,-6.809194790452124,-1.4927109183440246,-3.179433349968217,-1.6867224316241924,-0.5390436789804568,-4.772738636145312,-2.9384752136482786,0,0.0904876381074895,26.862436640046354,-2.358779736678258,14.191007328940872,15.068876049855284,-0.877868720914412,44.958098027139194,1.3202399257073196,-3.606413648672792,-158.91197926249174,-97.11191335740732,0.0904876381074895,-0.039669226682693244,18.270294408822643,-0.7992157765747052,0.01475932342395602,0.04357253981102902,-0.0001796885754191957,1.0800981346433332,-2.4340480475549753,59.48977885320632,-0.2414432168220344,-26.609933911163786,0.48524067657604397,-0.7992157765747052,-0.043696319320490895,0.817622163622578,63.888888888888886,-0.00044866805051024805,-0.00040542293720802203,-0.000827062791904476,-0.0007946289569278342,-0.0009243642968344012,-0.0011622124199965889,0.0
1780684200,EURJPY,bearish_exhaustion,-0.46870566764600785,-2.532592127481615,-7.057902216184521,-1.0640675273210618,-3.2321058981185176,-2.168038370797456,-2.063886459835607,-4.525310088702906,-1.18023858971552,0,0.07660328163732086,24.45315032913186,-1.0800906051297972,40.23297491038514,33.49916737012432,6.73380754026082,1.3320205849699958,1.1317839445283329,1.299605231490114,-83.97506417308658,-90.7608695652195,0.07660328163732086,0.0459508282911465,35.583573416646196,-0.34527100544266887,0.2323011517122693,0.03764824201608592,-0.0009763062056839522,2.5060248162746777,-2.2959778552081227,64.96594255631301,-0.4333271604440654,-27.956446569932133,0.2676988482877307,-0.34527100544266887,0.05684432694958774,0.8941837692140239,81.01851851851852,2.165146553356756e-05,8.660586213427024e-05,0.00017321172426854048,0.00023275325448590678,0.00048174510812204474,0.0003680749140706485,1.0
1780684500,EURJPY,bearish_exhaustion,-0.2943599029417723,-2.2061974358239564,-6.928571307305548,-0.8896679643916504,-3.070468765966232,-2.180800801574582,-1.9118375328821842,-4.722373871481592,-0.8589501148976535,0,0.13111810115010603,25.10304620293438,0.6498958738025209,45.51971326163703,40.26042171202351,5.259291549613522,4.093429293019401,2.761408708049405,1.6296247635210723,-77.71431367033459,-89.11174785100755,0.13111810115010603,0.05110016428219782,32.35412702250863,-3.229446394137568,0.25443592669649273,0.03604087481099936,-0.0016073672050865642,2.41687136644371,-2.115559103368395,64.56356733590067,-0.4023752204123383,-27.116726478205514,0.24556407330350727,-3.229446394137568,-0.08915344983096762,0.8630808032961742,74.07407407407408,6.495299027320378e-05,0.00015155697730429019,0.00021109721838818984,0.00046008368110261877,0.0003464159481241236,0.00014614422811498606,1.0
1780684800,EURJPY,bearish_exhaustion,0.01251946349764228,-1.7652443531715645,-6.691653239505588,-0.6255223300517415,-2.7885893737300202,-2.1630670436782786,-1.7777638166692067,-4.926408886334023,-0.4390971514950172,0,0.19678607009289198,27.128358099788684,2.025311896854305,42.07629288273637,42.60966035158618,-0.5333674688498107,10.066774771628777,5.973345478609376,3.211936770559971,-66.12539467749026,-82.57839721254814,0.19678607009289198,0.06015929963852238,29.08645920441439,-3.267667818094239,0.2902302429041086,0.03458549251115333,-0.001455382299846028,2.294428012404692,-1.8245864743141254,63.77417413327384,-0.7893932026268331,-24.560984121171977,0.2097697570958914,-3.267667818094239,-0.12244335403901818,0.8006483317737147,59.72222222222222,8.659836220847872e-05,0.00014613473622682172,0.00039510502757611476,0.0002814446771775003,8.118596457062921e-05,0.0002056711102451647,1.0
1780685100,EURJPY,bearish_exhaustion,0.34244578978440177,-1.2704415738958232,-6.334277924825557,-0.32763848686568975,-2.4258410504718952,-2.0982025636062054,-1.612887363680225,-5.0638363509297335,1.0661048172546777,1,0.2700940323884589,29.852099406789748,2.723741307001063,52.50896057346447,46.70165557261262,5.807305000851848,22.726852559134507,12.66007778750573,6.686732308896353,-52.13879199558896,-69.58525345623097,0.2700940323884589,0.06697314196512372,26.20692590591553,-2.8795332984988598,0.33765088816481303,0.03350395819365727,-0.0010815343174960593,2.1499758873216885,-1.470123033150903,62.4429850827712,-1.331189050502637,-21.002460740722597,0.16234911183518697,-2.8795332984988598,-0.1444521250830033,0.8351589096840947,68.98148148148148,5.9531218712383094e-05,0.0003084799515091774,0.00019482944305848626,-5.411928973741986e-06,0.00011906243742476619,7.576700563394212e-05,1.0
1780685400,EURJPY,bearish_exhaustion,0.5247054343281745,-0.8975668522910819,-6.106154044759653,-0.13252798850666095,-2.1742128981880615,-2.0416849096814005,-1.4222722866192565,-5.208587192468571,1.2714405636962647,1,0.3455585981922451,31.741065629136372,1.8889662223466246,69.51951951951234,54.70159099190439,14.817928527607954,45.2101588662273,22.483306307092796,9.823228519587069,-42.22769006446933,-62.621359223299834,0.3455585981922451,0.06345138439657505,23.94002493305484,-2.2669009728606895,0.37977680799396446,0.03207532472769679,-0.001428633465960484,2.0795123038862355,-1.2213595403313209,61.1792705019481,-1.2637145808230983,-20.249192078444086,0.12022319200603554,-2.2669009728606895,-0.070463583435453,0.8836718071389853,79.16666666666666,0.00024893391345748306,0.00013529017035729396,-6.493928177153663e-05,5.9527674957315924e-05,1.6234820442884157e-05,9.740892265730494e-05,1.0
1780685700,EURJPY,bearish_exhaustion,1.1430266431227556,0.05511626988364153,-5.053398799965981,0.54737142706754,-1.3012548697962685,-1.8486262968638085,-1.0879103732391142,-5.108515069849623,2.002935422877347,1,0.44077521241354045,39.12364288220304,7.382577253066671,85.66558039034987,69.23135349444223,16.434226895907642,64.52844572644368,19.318286860216375,-3.1650194468764283,-12.725924190947143,-28.488372093027582,0.44077521241354045,0.09342866412884082,21.744714757916615,-2.195310175138225,0.5080864037219283,0.031902276936973215,-0.00017304779072357251,1.882340197410309,-0.40494587428364004,58.87065216289732,-2.3086183390507813,-13.691318299270286,0.00808640372192826,-2.195310175138225,-0.19717210647592665,0.8972476197978111,82.87037037037037,-0.00011361546035915104,-0.0003137950809916079,-0.00018935910059836303,-0.00023264118073518247,-0.00015148728047864601,-0.0002380514407522849,0.0
1780686000,EURJPY,bearish_exhaustion,0.6970164769344064,-0.08210049848495354,-5.0500184170223426,0.15987154503908474,-1.516192753725446,-1.676064298764531,-0.77911697541936,-4.967917918537388,1.5052751750880193,1,0.4686761488247929,37.14833845815054,-1.9753044240525028,84.1774851522553,79.78752835403918,4.389956798216119,78.22590600988684,13.697460283443164,-5.6208265767732115,-3.7853270458303765,-31.081081081095874,0.4686761488247929,0.03319393673537668,18.216465917647962,-3.5282488402686525,0.4854458139207088,0.032293697227464786,0.00039142029049157173,1.5319738082821077,-0.6803288433615493,56.31590195469625,-2.554750208201071,-10.526139474521898,0.01455418607929121,-3.5282488402686525,-0.35036638912820117,0.7600863631604253,51.388888888888886,-0.00020020236671647318,-7.575224686562354e-05,-0.00011903924507472574,-3.787612343275626e-05,-0.00012445011985084964,-0.0002056132414927081,0.0
1780686300,EURJPY,bearish_exhaustion,0.02051586761884376,-0.4889615115885979,-5.4931235550234065,-0.3972218362098961,-2.0181987277483273,-1.620976891538431,-0.5094773792074416,-5.004162043434809,0.7244173864566634,1,0.4539665607279261,33.900680528465614,-3.2476579296849266,60.07606414361876,76.63970989540799,-16.56364575178923,87.09379457827592,8.867888568389077,-4.829571715054101,-24.523981682308506,-54.54545454545635,0.4539665607279261,-0.024257894000179216,14.493951237454539,-3.7225146801934237,0.39322576706403256,0.03165525356342408,-0.0006384436640407068,1.2459078364389324,-1.2004034605051896,54.138465906820386,-2.177436047875865,-11.5609403014797,0.10677423293596744,-3.7225146801934237,-0.2860659718431753,0.5754113130688852,28.240740740740737,0.0001244750400484218,8.11793739445843e-05,0.00016235874788939064,7.576741568149359e-05,-5.411958262979688e-06,3.247174957787813e-05,1.0
1780690800,EURJPY,bearish_exhaustion,-1.4991886912982482,-2.3462503982438223,-4.999573225482448,-1.5539988113400638,-2.820589824158219,-1.266591012818155,-0.8470617069455741,-2.6533228272386253,-2.607446634791227,0,0.02645831684101658,28.40687616340837,-3.8074746881933237,9.89005421290271,10.712721093313975,-0.8226668804112656,99.99868183649225,0.0011949238576818288,-0.0010716842076163857,-155.58611021246338,-96.82539682539658,0.02645831684101658,-0.0635126317034201,11.255348890900553,1.6086572341680228,-0.06144473821848364,0.02695045780947474,0.0013491353511955184,1.0840620785548225,-2.216983067253894,41.583552242672944,0.4246814039970772,-18.48809920482037,0.5614447382184836,1.6086572341680228,0.0753376269585857,0.5315911303118521,45.625,-1.6248185619183175e-05,-1.0832123746196132e-05,-0.0004549491973396824,-0.0003791243311163095,-0.0004387010117202772,-0.0004278688879741921,0.0
1780691100,EURJPY,bearish_exhaustion,-1.2723892701751272,-2.2840097664777947,-4.880942061602195,-1.379320883789156,-2.6936194325012064,-1.3142985487120507,-1.0116204963026674,-2.5969322951244,-2.3082111951432234,0,-0.006862780491807156,28.156836456387268,-0.25003970702110223,14.618736383451923,12.85401979695497,1.7647165864969523,99.99931010833362,0.0006282718413643806,-0.0005666520163174482,-163.8926269565219,-89.42307692306734,-0.006862780491807156,-0.03358036551138996,12.509840601460805,1.2544917105602522,0.013010343476247932,0.02668936348069373,-0.00026109432878101274,1.2174214369687417,-2.0805790907912933,42.24095464365264,0.6574024009796986,-20.089836586917457,0.4869896565237521,1.2544917105602522,0.13335935841391922,0.6243143978945304,70.625,5.416149875481224e-06,-0.00043870813993174274,-0.00036288204167189697,-0.0004224596903045219,-0.0004116273905532264,-0.0004278758401803362,0.0
1780691400,EURJPY,bearish_exhaustion,-1.066796551720605,-2.1680395674396635,-4.782004268825885,-1.1830030204564592,-2.5464575202691164,-1.3634544998126572,-1.1012430157190585,-2.6139647013862217,-1.9002709098997532,0,-0.014747932819241886,28.383125899256356,0.22628944286908848,16.470588235297345,13.659792943883993,2.8107952914133527,99.99963964921055,0.0003295408769332653,-0.0002987309644169045,-148.6594959062356,-86.44859813084274,-0.014747932819241886,-0.0076878734380546885,13.366904507237532,0.8570639057767266,0.0794479343685561,0.025943443406144878,-0.0007459200745488503,1.350455357147861,-1.917652988066622,42.932706190640424,0.6917515469877813,-20.085817687233007,0.42055206563144387,0.8570639057767266,0.1330339201791193,0.6829715676338225,85.0,-0.0004441218843765915,-0.00036829619680012193,-0.0004278735227529751,-0.00041704128167074916,-0.00043328964329425457,-0.0006661828265649428,0.0
1780691700,EURJPY,bearish_exhaustion,-2.17697782958118,-3.190238414936725,-5.569496863665654,-2.1794493221020423,-3.5081852195199756,-1.3287358974179335,-1.0132605853555445,-2.3792584487289288,-2.8126013222413415,0,-0.10298447929761673,22.206431042871685,-6.176694856384671,22.18954248366116,17.759622367470143,4.429920116191017,99.99981212212714,0.0001724729165886174,-0.00015706796034464787,-189.74057758196045,-85.03401360544717,-0.10298447929761673,-0.08986257572339854,15.122288826830538,1.7553843195930057,-0.11483202505724983,0.029171237254096413,0.003227793847951535,1.2874839865762187,-2.921805681491147,44.56087835699777,1.628172166357345,-29.464492232518438,0.6148320250572499,1.7553843195930057,-0.06297137057164237,0.6281333886346239,72.5,7.58593783867223e-05,1.6255581082980086e-05,2.7092635138004084e-05,1.0837054055246043e-05,-0.00022215960813209978,-0.00020048550002171872,1.0
1780694100,EURJPY,bearish_exhaustion,-0.8557658831094893,-2.4313943825310402,-5.15880306805551,-1.2409095076438845,-2.930275834312857,-1.6893663266689722,-1.5756284994215508,-2.7274086855244706,-1.7429509027111194,0,-0.05586771401338246,22.9946371139704,-1.2697199692272392,20.875420875417493,22.757845438250556,-1.8824245628330623,69.55197112115181,2.284081409780356,11.214343080570515,-96.05366445440833,-94.27312775330175,-0.05586771401338246,0.022769084767268608,17.92462862248576,-0.5701519073869576,0.15400243281213308,0.025523323803752718,-0.0008772165824375601,1.8336036961326958,-2.2130814049866543,50.70362088301421,-0.061563862835086525,-22.809684849849763,0.3459975671878669,-0.5701519073869576,0.02661552727048555,0.6381106224449482,76.875,8.129772854137407e-05,0.00032519091416594037,0.00026015273133261907,0.00036854970272126586,0.00043900773412386407,0.0005853436454985594,1.0
1780694400,EURJPY,bearish_exhaustion,-0.3088234580720143,-1.9405502400854782,-4.749310542440649,-0.8050139173432986,-2.494304780820566,-1.6892908634772674,-1.631726782013464,-2.8087603023551715,-1.4275530369381644,0,-0.003556494383972544,27.102683923030924,4.108046809060525,29.360269360264482,23.96288196974899,5.39738739051549,77.73499869330894,8.18302757215713,5.898946162376788,-84.67841345803366,-87.15596330275552,-0.003556494383972544,0.05406733927158543,17.493707316410255,-0.43092130607550416,0.2256561481516181,0.024743474167915155,-0.0007798496358375623,1.8642852138057338,-1.7680049905856465,50.69688495921917,-0.006735923795041288,-22.47197921612081,0.2743438518483819,-0.43092130607550416,0.03068151767303795,0.8256330316104392,100.0,0.00024387335927422704,0.00017884046346794413,0.00028722862314523034,0.0003576809269354442,0.0005040049425002469,0.0007099424458871795,1.0
1780694700,EURJPY,bearish_exhaustion,0.6445924608125546,-0.79806685624278,-3.5588519809168218,0.1529666092332035,-1.3983802489968675,-1.551346858230071,-1.4426593170553346,-2.760785124674042,-0.40154268712898955,0,0.10889790092528802,37.81968485802516,10.717000934994239,53.265993265990225,34.50056116722407,18.765432098766155,85.34700591302098,7.612007219712041,-0.571020352445089,-47.18561789609282,-66.51376146788482,0.10889790092528802,0.11245805545808708,16.864722327487794,-0.6289849889224612,0.3830816997330957,0.024712009121487483,-3.146504642767209e-05,1.790189936179946,-0.7086126097711718,49.211893627707425,-1.4849913315117433,-14.310838757884973,0.11691830026690431,-0.6289849889224612,-0.07409527762578771,0.8119152024812467,98.125,-6.501703988248675e-05,4.3344693254843136e-05,0.00011377981979432406,0.00026006815953016904,0.0004659554524915066,0.00026006815953016904,1.0
1780695000,EURJPY,bearish_exhaustion,0.42187028983959995,-0.9224136877827479,-3.740279185915451,-0.09692450193993321,-1.6000755101455455,-1.5031510082056123,-1.3442839776223479,-2.817865498132703,-0.6496382618939271,0,0.17891728384216538,36.287631916326106,-1.5320529416990567,76.4251207729428,53.0171277997325,23.407992973210305,90.91325623969375,5.5662503266727725,-2.0457568930392824,-38.884056570318485,-61.874999999994785,0.17891728384216538,0.06565408313489708,16.070380783295292,-0.7943415441925019,0.36364490620253276,0.023761123489255638,-0.0009508856322318453,1.7987922150243627,-0.9144100765361793,47.832973105589375,-1.378920522118051,-13.82132651237399,0.13635509379746724,-0.7943415441925019,0.008602278844416666,0.7863816665636085,96.875,0.00010836877895470387,0.00017880848527540572,0.00032510633686433366,0.0005310070168782488,0.00032510633686433366,0.0003630354094985577,1.0
1780695300,EURJPY,bearish_exhaustion,0.8572668496274426,-0.2689234363893037,-3.1631972413132257,0.3129990031583454,-1.0909831417004319,-1.4039821448587773,-1.1261902860167463,-2.8942738049239223,-0.15732363243969974,0,0.262770669716782,40.60611325183654,4.318481335510434,93.35901669418182,74.35004357770494,19.00897311647688,94.57650476143851,3.6632485217447623,-1.9030018049280102,-21.78697385746013,-44.13793103449438,0.262770669716782,0.07849489357242226,13.988940444039606,-2.0814403392556855,0.45565743125539243,0.0230676820852056,-0.0006934414040500395,1.625789327224247,-0.4271027983157327,46.213224585604735,-1.6197485199846398,-11.540838174629506,0.04434256874460757,-2.0814403392556855,-0.17300288780011575,0.5542159815245506,53.75,7.043207368284676e-05,0.0002167140728701611,0.0004225924420966365,0.0002167140728701611,0.0002546390356226169,-1.625355546519547e-05,1.0
1780695600,EURJPY,bearish_exhaustion,1.0982187905829575,0.16567955892425165,-2.688742556255639,0.5272483305731266,-0.7330877636491728,-1.2603360942222994,-0.9325392316587058,-2.8544221151798905,2.2248397912667923,1,0.33545151780487026,43.29650290250381,2.690389650667271,90.32871366387444,86.70428371033302,3.624429953541423,96.84819070151508,2.2716859400765657,-1.3915625816681825,1.147521461918806,-35.1724137931121,0.33545151780487026,0.07064747447209124,12.869186609077945,-1.1197538349616618,0.5294686300800453,0.02288893817250146,-0.00017874391270414,1.5020629405682833,-0.11102984616380071,44.05645999999605,-2.156764585608684,-7.418203531495031,0.0294686300800453,-1.1197538349616618,-0.1237263866559637,0.5110318248214036,39.375,0.00014627169696845854,0.0003521355667757131,0.00014627169696845854,0.00018419398877500548,-8.667952412932944e-05,-0.00017877651851683218,1.0
1780595700,EURUSD,bearish_exhaustion,1.0601318039511776,0.1617733596935458,-2.001170879276676,0.5615528747946795,-0.24214051613992818,-0.8036933909346077,-0.8983584442576319,-2.162944238970222,1.8242527795270125,1,0.11767895787071554,47.434668714688755,3.898133112902414,66.85167668728313,55.15460990850778,11.697066778775351,0.2298450034503669,0.2298450034503669,0.2298450034503669,8.0819578827714,-47.22222222222451,0.11767895787071554,0.09205202451359054,10.665510873505998,-1.148072557174057,0.5378990851335739,0.024985372572515437,-6.084643207865392e-06,1.0653172566871547,0.08774228037554135,24.434471819867408,-1.520664968898508,-1.830009270043842,0.03789908513357387,-1.148072557174057,-0.11424483849299039,0.4234158113254889,21.052631578947366,-6.01995184038584e-05,8.599931200503619e-06,-5.159958720324376e-05,6.019951840396942e-05,-1.7199862401229282e-05,8.599931200503619e-06,1.0
1780603200,EURUSD,bearish_exhaustion,0.016898007808502202,-1.0983705075601473,-3.166686663338577,-0.3399436646008037,-1.4123272412367622,-1.0723835766359584,-1.1152685153686497,-2.0683161557784295,0.6759203123463416,1,0.04157355589743815,36.9952845939855,-7.105427357601002e-15,31.748251748274026,25.592378635862186,6.1558731124118395,0.1936065724844525,0.07350861806300031,0.17684616405461867,-51.85185185192386,-78.18181818179836,0.04157355589743815,0.04078485130619444,8.676959968169324,-0.6942952476456483,0.30664046438494047,0.0152776724965632,0.0004134850642324578,1.5265055117296114,-0.9562167355278216,31.104133202104197,-1.1906882749459875,-5.37421616383585,0.19335953561505953,-0.6942952476456483,-0.20960254453607563,0.5770798317841318,50.0,-5.163244582906401e-05,-1.7210815276391678e-05,-7.744866874359602e-05,-0.00017210815276336167,-0.0003528217131645306,-0.0003958487513554543,0.0
1780603500,EURUSD,bearish_exhaustion,-0.25266981206805467,-1.2317653338324042,-3.38807248000914,-0.5847952597151882,-1.652235843037189,-1.0674405833220009,-0.9790955217643494,-2.1563071461767365,0.3445497437293973,1,0.05458929491966673,34.927567815745164,-2.0677167782403387,35.38461538464496,30.031080031099297,5.353535353545663,0.9786517145946023,0.7850451421101499,0.7115365240471494,-67.10504130840356,-86.66666666667983,0.05458929491966673,0.012205132855695815,7.678532831708419,-0.9984271364609052,0.25963968666535897,0.014986257518909968,-0.0002914149776532312,1.3801924410516024,-1.1937527258911957,30.073471241770186,-1.0306619603340117,-5.497824163198562,0.24036031333464103,-0.9984271364609052,-0.14631307067800892,0.6956200208489383,67.54385964912281,3.442340791748322e-05,-2.581755593800139e-05,-0.0001204819277108582,-0.00030120481927697895,-0.000344234079173833,-0.00023235800344234558,0.0
1780603800,EURUSD,bearish_exhaustion,1.3040494556879352e-12,-0.8486364548713858,-3.075059154123425,-0.30728939506605996,-1.347077773695416,-1.039788378629356,-0.8486364548726898,-2.2264226992520393,0.5520541644148611,1,0.08617961967614372,37.438001297340705,2.510433481595541,31.111111111120977,32.747992748013324,-1.6368816368923476,1.5295148200911075,0.5508631054965052,-0.23418203661364467,-67.5227704289019,-75.0,0.08617961967614372,0.03035051787324584,6.998340958706001,-0.6801918730024186,0.3223367220816037,0.014652950604149584,-0.000333306914760384,1.291162715119264,-0.8920482098325672,29.346404861575127,-0.7270663801950583,-6.479549760691896,0.1776632779183963,-0.6801918730024186,-0.08902972593233849,0.6544982413636053,61.40350877192983,-6.023889022754858e-05,-0.00015490000344231536,-0.00033561667412473906,-0.00037864445285873405,-0.0002667722281505247,-0.00035282778561840367,0.0
1780604100,EURUSD,bearish_exhaustion,-0.40196251752271966,-1.0858987413666314,-3.4004829094295523,-0.6209672293396804,-1.663018103803684,-1.0420508744640036,-0.6839362238439117,-2.314584168062921,-1.6198489512099656,0,0.08653964546729893,34.900501160294326,-2.5375001370463792,22.078853046593895,29.524859847453275,-7.446006800859379,4.50050951314058,2.970994693049472,2.420131587552967,-83.33333333326456,-87.87878787878176,0.08653964546729893,-0.0014965956694637532,6.171364037609643,-0.8269769210963576,0.24763167270590913,0.014344794453791514,-0.00030815615035807015,1.1663152423322705,-1.2044434777142645,28.89985739054842,-0.4465474710267081,-7.431941249464442,0.25236832729409087,-0.8269769210963576,-0.12484747278699349,0.5777602615209558,50.877192982456144,-9.46668158386954e-05,-0.00027539437334855865,-0.00031842474418442013,-0.00020654578001155777,-0.0002926065216830587,-0.00030981867001722563,0.0
1780610100,EURUSD,bearish_exhaustion,0.22293380596467055,-0.9769746202555254,-4.7996337048735045,-0.27304139827866525,-1.7939163519968047,-1.5208749537181394,-1.199908426220196,-3.822659084617979,1.180237796280895,1,0.1535659836169293,34.82090942009715,-2.1546529501859197,63.656633221856026,43.600300665528756,20.05633255632727,4.156938968618017,4.156555711940073,4.156899529393041,-49.08174874031881,-69.4915254237218,0.1535659836169293,0.05547792166022748,7.692099465720762,-1.0794042185997856,0.3332109987386944,0.01313362885815455,-0.00014843702384345278,1.528613109592738,-1.1273752988008052,43.74055467407306,-0.5710146281110156,-14.866774985115985,0.16678900126130558,-1.0794042185997856,-0.193470220518698,0.7693218214478421,74.56140350877193,1.7223116867359778e-05,-0.0001291733765059755,-0.00018945428554195676,-0.00017223116867459698,-0.00024973519457804905,-0.00027556986987919974,0.0
1780610400,EURUSD,bearish_exhaustion,0.31217317932208805,-0.6406053783999031,-4.444565640595232,-0.11909702004722236,-1.527102066775751,-1.4080050467285286,-0.952778557721991,-3.803960262195329,1.2330840583203704,1,0.20226604751475705,36.156407554079415,1.335498133982263,82.05128205126016,64.62112766460778,17.430154386652376,14.056524345186379,9.89958537656836,5.743029664628288,-45.83946980849454,-63.63636363637097,0.20226604751475705,0.04994764981837404,6.732890858281589,-0.959208607439173,0.3740285603554266,0.013240973698687555,0.00010734484053300485,1.3164280689767869,-0.8940352532895375,43.42398074413584,-0.31657392993722056,-15.550884043175904,0.1259714396445734,-0.959208607439173,-0.21218504061595111,0.7802510637858073,75.43859649122807,-0.0001463939720128815,-0.00020667384284156487,-0.00018945102260481406,-0.00026695371367047027,-0.000292787944025652,-0.00026695371367047027,0.0
1780610700,EURUSD,bearish_exhaustion,-0.6779690466155655,-1.5350242564890642,-5.23827027526934,-1.0191365481650236,-2.3973409886706887,-1.378204440505665,-0.8570552098734987,-3.7032460187802756,0.061503305208861964,1,0.16432565034205326,30.445980779674045,-5.71042677440537,52.5641025640752,66.09067261239713,-13.526570048321929,33.07050981608546,19.013985470899083,9.114400094330719,-74.97058329123591,-94.54545454545968,0.16432565034205326,-0.034591687703355446,6.5768269990852986,-0.15606385919629062,0.18577342029992455,0.013465852555922406,0.00022487885723485035,1.2509171439901106,-1.7792527253076162,43.435745027094676,0.011764282958836247,-16.94215146516803,0.31422657970007545,-0.15606385919629062,-0.06551092498667632,0.9077803223564576,90.35087719298247,-6.028869673047055e-05,-4.3063354807526544e-05,-0.00012057739346105212,-0.00014641540634563466,-0.00012057739346105212,-9.47393805765806e-05,0.0
1780611000,EURUSD,bearish_exhaustion,-1.0044354730360487,-1.84146503390331,-5.6103957860048785,-1.2739788777509682,-2.7039193551544884,-1.4299404774035203,-0.8370295608672612,-3.7689307521015682,-1.969481319683129,0,0.12267899482857793,28.453248513835632,-1.9927322658384128,29.487179487156496,54.70085470083061,-25.213675213674115,54.374172414303295,21.303662598217834,2.289677127318754,-110.8726752502526,-100.0,0.12267899482857793,-0.045988723522006204,6.578324305334338,0.0014973062490390987,0.13282194894446456,0.013119987714711078,-0.00034586484121132757,1.2958619630957624,-2.0681161170490925,43.774636868325,0.33889184123032123,-19.430161978299815,0.36717805105553547,0.0014973062490390987,0.044944819105651845,0.9583340706571615,92.98245614035088,1.7226380478962966e-05,-6.029233167670345e-05,-8.613190239536994e-05,-6.029233167670345e-05,-3.4452760958147977e-05,1.7226380478962966e-05,0.0
1780611300,EURUSD,bearish_exhaustion,-0.7461501100642413,-1.4889986709699052,-5.275875557011849,-0.9725034673964401,-2.395902497172526,-1.4233990297760857,-0.742848560905664,-3.7868768860419437,-1.809248939451595,0,0.11059639140457919,29.865676248299607,1.412427734463975,13.24786324785972,31.766381766363804,-18.518518518504084,68.4925647887733,14.118392374469998,-7.185270223747835,-127.74835499916225,-71.79487179486595,0.11059639140457919,-0.012795710331049042,5.8643109024503985,-0.7140134028839391,0.16886752479556424,0.013043940059167914,-7.604765554316412e-05,1.1609871922336925,-1.762544653657729,44.464218959806935,0.6895820914819382,-22.39201819876894,0.3311324752044358,-0.7140134028839391,-0.1348747708620699,0.9690747377733638,94.73684210526315,-7.751737681194193e-05,-0.00010335650241588556,-7.751737681194193e-05,-5.167825120788727e-05,0.0,1.722608373588841e-05,0.0
1780656600,EURUSD,bullish_exhaustion,-0.3272734248117325,0.8121968530398022,4.997704665242287,0.26628197791681285,1.8445961671255386,1.5783141892087258,1.1394702778515347,4.185507812202485,0.9629012174179288,1,-0.1891463862787623,65.68665941420872,-0.7919079734267314,31.43369175626023,39.80713432324629,-8.373442566986057,99.3842653269685,-0.6157206500630679,-0.6157336819505019,55.594270228404795,-32.92682926829004,-0.1891463862787623,-0.05186619172426233,12.27043053683568,-1.6603277218262065,0.6425384611621684,0.02153052465627864,-0.00039989795609781525,1.41047527851976,1.1645469484596964,51.683890844945175,-0.17458675635509024,16.28474580371864,0.1425384611621684,-1.6603277218262065,-0.14764038105523447,0.5383944585513213,37.719298245614034,-6.874505894893801e-05,-4.296566184314177e-05,0.00023201457395249925,0.00041247035369318397,0.0003007596329012152,0.00043824975079909123,1.0
1780656900,EURUSD,bullish_exhaustion,-0.6409926642706413,0.3040606227945799,4.64144431769289,-0.04617765713360175,1.4540003681836573,1.500178025317259,0.9450532870652212,4.33738369489831,0.5365607881688474,1,-0.25555561026832724,62.48052020458809,-3.2061392096206305,20.55066797001413,32.832472187298066,-12.281804217283938,97.13993783301157,-2.2443274939569307,-1.6286068438938628,32.949732809984965,-42.6829268292749,-0.25555561026832724,-0.06082706454784429,10.207387729096352,-2.0630428077393272,0.5623054569444319,0.020914760578200842,-0.000615764078077799,1.223192605000955,0.7873249948693022,51.13836782690767,-0.5455230180375068,14.393843309660607,0.0623054569444319,-2.0630428077393272,-0.18728267351880512,0.4558025028034507,23.684210526315788,2.578116943374731e-05,0.0003007803100616435,0.00048124849609831877,0.00036953009521845104,0.0005070296655322881,0.0002492179711937048,0.0
1780678800,EURUSD,bearish_exhaustion,-0.1617771788232122,-1.7302454458894414,-7.090154490557333,-0.7858800091830258,-2.8322757397007874,-2.046395730517762,-1.568468267066229,-5.359909044667892,0.7735475953210595,1,0.18772700082642527,30.043305740618067,-2.2985251616341884,56.775745695134816,50.896913263982846,5.87883243115197,1.0463181172106293,1.0463181134254698,1.0463181169976068,-64.22764227642371,-81.87702265371814,0.18772700082642527,0.03676303457257898,40.03722447177819,-2.6596120377881505,0.25749526975899445,0.05616921225272307,-0.00044148264919741803,1.7603383904075283,-1.9489082015974877,59.9103529575,-0.44206307877195883,-21.991349064328933,0.24250473024100555,-2.6596120377881505,-0.09290257765108545,0.9299340811963982,90.27777777777779,-0.00035482168047007434,-0.0007442601102544133,-0.0008134936088826095,-0.0006663724242974567,-0.0007615684849113791,-0.0011163901653815644,0.0
1780679100,EURUSD,bearish_exhaustion,-0.6766969354950344,-2.1381743447942436,-7.570860251473056,-1.2194944706426318,-3.2608720756724945,-2.0413776050298624,-1.4614774092992093,-5.432685906678813,0.05003196386888867,1,0.184000804332109,27.694510443255083,-2.348795297362983,48.197702204130344,54.93342924203569,-6.735727037905349,2.6661371546161456,1.6198190374055164,0.5735009239800464,-82.97244306552022,-95.14563106795816,0.184000804332109,-0.006856702418912143,38.86630806783299,-1.1709164039451991,0.1963125330650092,0.05526751696525142,-0.0009016952874716447,1.7505747719599003,-2.3737726050364016,59.81120192240287,-0.09915103509712964,-24.78902605146667,0.3036874669349908,-1.1709164039451991,-0.009763618447627964,0.9068708408091465,86.57407407407408,-0.0003895766600294781,-0.00045883473292351873,-0.00031166132802351587,-0.00040689117825298826,-0.000761838801835335,-0.0013678469396588566,0.0
1780679400,EURUSD,bearish_exhaustion,-1.2493287111722187,-2.580411461259016,-8.097935986572633,-1.650187518571921,-3.7213002706161005,-2.0711127520441797,-1.3310827500867977,-5.5175245253136165,-2.1589416101582346,0,0.14731272371151524,25.351795169756116,-2.3427152734989676,20.08234338454178,41.68526376126898,-21.602920376727198,3.558728945540618,0.8925917909244725,-0.7272272464810432,-107.11272262889551,-98.0519480519497,0.14731272371151524,-0.03915825356451636,37.83946539084025,-1.026842676992736,0.12848131717043748,0.05455664456176038,-0.0007108724034910405,1.737031917060856,-2.8228532467151286,60.0750684947072,0.2638665723043303,-28.770108308942373,0.3715186828295625,-1.026842676992736,-0.013542854899044388,0.8354331263390312,69.44444444444444,-6.928506473813378e-05,7.79456978305948e-05,-1.7321266184477935e-05,-0.00037240722296794093,-0.0009786515394274442,-0.0008487420430433046,1.0
1780680600,EURUSD,bearish_exhaustion,-1.340098928209608,-2.2376343214853938,-7.9413269819804,-1.4833387007249035,-3.50880436655088,-2.025465665825976,-0.8975353932757856,-5.7036926604950065,-2.5135519050490203,0,0.1397769065445886,24.568192216604956,-2.3602280905101765,17.425988800430527,15.866834826533116,1.559153973897411,2.2230116182840396,0.7972619568395927,1.3740247158965726,-134.37814369670176,-95.5665024630579,0.1397769065445886,-0.023937822898623153,28.34044834343968,-2.2805996529826302,0.08701587364421745,0.05236722535156673,0.00045541185460233613,1.3728296577732326,-2.614481355332906,58.892022777182966,-0.21468071366363972,-25.486900759955727,0.4129841263557825,-2.2805996529826302,-0.13132899359225547,0.8032884561411974,60.64814814814815,-0.0006064701703314412,-0.00047651227668910057,-0.0007624196427024055,-0.0007710835022786133,-0.0008317305193118463,-0.001126301744901359,0.0
1780684200,EURUSD,bearish_exhaustion,-0.817532531646793,-2.659516498732455,-8.059694164350537,-1.2967877119725841,-3.6717977980329017,-2.3750100860603176,-1.841983967085662,-5.400177665618082,-1.2374561893415097,0,0.1299964284082494,21.00675633094673,-1.331704765795493,29.24667924669083,24.619197227902536,4.627482018788296,4.231503886014984,4.2223073448619255,4.23002914305838,-96.13560929347499,-93.58490566037733,0.1299964284082494,0.025465132745254863,36.8251496419559,-0.23931763436621623,0.19143273926140697,0.04277454982100461,-0.0006792366907020092,2.280800126769193,-2.620336367532152,62.802686144712354,-0.6382167565494328,-27.192913229303556,0.30856726073859303,-0.23931763436621623,0.025623071547030474,0.8756815131160214,77.77777777777779,0.0,4.338658313285393e-05,0.00020825559903858704,0.00039047924819723967,0.0006421214303689027,0.00047725241446316957,1.0
1780684500,EURUSD,bearish_exhaustion,-0.6609861726313899,-2.4119639664762014,-7.947511307719812,-1.1459244944368931,-3.5505267156039206,-2.4046022211670275,-1.7509777938448117,-5.5355473412436105,-1.2923127093109974,0,0.16916112671840514,21.00675633094673,0.0,30.114330114337594,28.853374215703923,1.2609558986336715,14.019095480336166,9.787591594321182,5.565284249459255,-93.87409262209908,-93.30708661417304,0.16916112671840514,0.033401947489268946,33.89671178384154,-2.928437858114364,0.20883975520940212,0.040958841494733625,-0.0018157083262709817,2.226119343185308,-2.475877390452762,62.21005629934502,-0.592629845367334,-26.36992148763104,0.2911602447905979,-2.928437858114364,-0.05468078358388517,0.8790611283517027,78.24074074074075,4.338658313285393e-05,0.00020825559903858704,0.00039047924819723967,0.0006421214303689027,0.00047725241446316957,0.00029502876530451694,1.0
1780684800,EURUSD,bearish_exhaustion,-0.384407411454213,-2.0349703080905486,-7.558709349281539,-0.9021156522399247,-3.269607924400746,-2.367492272160821,-1.6505628966363355,-5.52373904119099,-0.8774044871596172,0,0.2167683646689593,22.28606017803797,1.2793038470912421,25.373288023888957,28.244765794972462,-2.871477771083505,33.26497239434384,19.245876914007678,9.458285319686496,-88.62982630822549,-87.26415094339731,0.2167683646689593,0.04335551510455832,31.084789846642877,-2.8119219371986617,0.23866034877011,0.03995288236480644,-0.0010059591299271878,2.1030232079185596,-2.198134270223473,61.73461422935649,-0.47544206998853156,-26.187696293843352,0.26133965122989,-2.8119219371986617,-0.12309613526674834,0.8790718985873235,78.70370370370371,0.00016486186311270856,0.0003470776065528369,0.0005987088713037547,0.00043384700819104616,0.0002516312647509178,0.00036443148688047877,1.0
1780685100,EURUSD,bearish_exhaustion,0.15884430123677806,-1.3799598669972648,-6.889871566159087,-0.4207270548141183,-2.6872133910598563,-2.2664863362457384,-1.538804168234043,-5.509911699161822,1.0148385912373659,1,0.2869446873270054,27.11644348955211,4.83038331151414,36.58222634126358,30.689948159830042,5.892278181433536,54.7601985242598,21.495226129915956,2.249349215908289,-65.07340597622307,-69.33333333332602,0.2869446873270054,0.06674507130510449,28.494005620951107,-2.5907842256917704,0.30965862121038973,0.03932383523727452,-0.0006290471275319162,1.9579607943622919,-1.6410176306140956,60.32279683249347,-1.4118173968630217,-20.447307396847975,0.19034137878961027,-2.5907842256917704,-0.1450624135562677,0.9501513823862252,94.9074074074074,0.0001821857079649103,0.0004337754951546646,0.0002689408069957988,8.675509903088852e-05,0.00019953672777117681,9.543060893379973e-05,1.0
1780685400,EURUSD,bearish_exhaustion,0.6414032523021395,-0.7333526695911782,-6.182140577963174,0.03661566835698747,-2.093249045182888,-2.129864713539875,-1.3747559218933176,-5.448787908371996,1.5025880386109134,1,0.37264726764419664,32.13715328449345,5.0207097949413395,60.33578759482,40.76376731999085,19.57202027482915,71.44395542567383,16.683756901414036,-4.81146922850192,-44.502268481473244,-54.42176870748906,0.37264726764419664,0.08095550095015643,26.50716216695607,-1.9868434539950357,0.39302624327414,0.03867682097494642,-0.0006470142623280981,1.852013266663111,-1.0831858675688557,58.540297743867804,-1.7824990886256629,-17.05822526771489,0.10697375672586001,-1.9868434539950357,-0.10594752769918081,0.9607690373725681,96.75925925925925,0.00025154395947546426,8.673929637081912e-05,-9.541322600781221e-05,1.7347859274208233e-05,-8.673929637081912e-05,0.0,1.0
1780685700,EURUSD,bearish_exhaustion,1.1768867911736767,0.07313985707847051,-5.141953588555071,0.5744794995997927,-1.3203225221682318,-1.8948020217680246,-1.103746934095206,-5.215093445633541,2.0638737851995494,1,0.46268180191160646,38.44343445147794,6.3062811669844905,78.58332319175442,58.500445709279326,20.08287748247509,82.75390579460888,11.309950368935048,-5.373806532478994,-8.686027315013224,-26.717557251910982,0.46268180191160646,0.09440616940442212,24.189517181523303,-2.317644985432768,0.5118305744405793,0.03912609426641088,0.00044927329146445677,1.647123573012828,-0.3869978770880578,55.728156280893636,-2.812141462974168,-9.638127061663134,0.011830574440579333,-2.317644985432768,-0.2048896936502831,0.8976748469702853,83.33333333333334,-0.00016476321791247805,-0.0003468699324470359,-0.00023413720440179642,-0.0003381981841360515,-0.0002514807010242093,-0.00039022867400306804,0.0
1780686000,EURUSD,bearish_exhaustion,0.6972160582139306,-0.15080848908088243,-5.200051553924198,0.12797636441905652,-1.5900800697009563,-1.7180564341200129,-0.8480245472948131,-5.049243064843316,1.4795143318320576,1,0.4853933757761456,36.07793314457069,-2.365501306907248,83.4427609427517,74.12062390977538,9.322137032976329,89.89291693819042,7.139011143581541,-4.170939225353507,-8.22022129643588,-36.88524590164442,0.4853933757761456,0.029126491526367898,20.56130544044059,-3.628211741082712,0.4708961366474664,0.039682728707198495,0.000556634440787615,1.362431361281855,-0.7210066098898472,53.15577500958121,-2.5723812713124232,-9.137838069015146,0.02910386335253362,-3.628211741082712,-0.2846922117309729,0.7659993999268564,53.24074074074075,-0.00018213672396727443,-6.938541865419978e-05,-0.00017346354663561048,-8.673177331786075e-05,-0.00022550261062626031,-0.00042498568925730673,0.0
1780686300,EURUSD,bearish_exhaustion,0.17339000074124172,-0.413468463304785,-5.4946846644979805,-0.28486424269715743,-1.9296750525721404,-1.644810809874983,-0.5868584640460267,-5.081216201193196,0.9036560444353853,1,0.4770093678374237,33.615888179819535,-2.4620449647511577,65.30303030302615,75.77637147917743,-10.47334117615128,94.2044404895382,4.311523551347776,-2.8274875922337657,-20.231926967623235,-49.09090909090322,0.4770093678374237,-0.01667183642558328,16.330401262442116,-4.230904177998475,0.4012121907795952,0.03902365005797955,-0.0006590786492189429,1.1035673214811328,-1.0858379117057069,50.82886733216531,-2.326907677415903,-9.106360587218138,0.09878780922040481,-4.230904177998475,-0.25886403980072226,0.5558947076954909,25.462962962962965,0.00011277184520763761,8.67475732357903e-06,9.54223305602575e-05,-4.337378661845026e-05,-0.00024289320506265533,-0.0001995194184444271,1.0
1780604700,GBPAUD,bearish_exhaustion,0.3786306408625752,-0.5743634297843209,-2.371896353611351,0.03607288493724102,-0.8413461256982092,-0.8774190106354502,-0.9529940706468961,-1.79753292382703,1.379755725178823,1,0.06391158640433589,42.656985212556656,5.462391619626125,58.3333333333137,60.58006535945324,-2.24673202613954,3.5385668616631643,0.4046871458773422,0.5443378161568466,-45.305855413654804,-61.26126126126559,0.06391158640433589,0.05788849980674977,7.70125031849242,-0.4582654463940994,0.37643542172973066,0.016569514380856513,-8.332071461298468e-06,1.2539705987992134,-0.4565058208642959,29.342396519272857,-0.2765124437513897,-10.54400407304868,0.12356457827026934,-0.4582654463940994,-0.08556659319413429,0.6019897707389366,54.385964912280706,0.0,8.506746913639063e-05,0.00013823463734663477,0.0001329179205258324,0.00012228448688356153,0.00013823463734663477,1.0
1780605000,GBPAUD,bearish_exhaustion,0.34828717906181966,-0.4553295689552574,-2.2654643115049713,0.03039537109006792,-0.7757614320382251,-0.8061568031282931,-0.803616748017077,-1.810134742549714,1.3394677565337534,1,0.1049850028182363,42.65698521255665,-7.105427357601002e-15,63.92973856207211,59.96732026141569,3.9624183006564166,11.17020355308841,7.631636691425245,7.226949545547903,-33.00046529942737,-61.26126126126559,0.1049850028182363,0.04134109496540742,7.250446702346569,-0.4508036161458513,0.39551336878973753,0.016639203747180444,6.968936632393077e-05,1.163944436999937,-0.41129920150058913,28.72201591221713,-0.6203806070557256,-8.152206611158046,0.10448663121026247,-0.4508036161458513,-0.09002616179927636,0.5429175046352007,40.35087719298245,8.506746913639063e-05,0.00013823463734663477,0.0001329179205258324,0.00012228448688356153,0.00013823463734663477,9.57009027786615e-05,1.0
1780614000,GBPAUD,bearish_exhaustion,-5.563831863232784,-5.499531146105528,-5.143572081849266,-5.144178602214037,-5.3369149014025705,-0.19273629918853313,0.06430071712725619,0.35595906425626206,-6.7697736146616565,0,-0.34983223006404973,20.65615475422915,-34.9762596996019,41.33722365105509,65.63804890932731,-24.30082525827222,99.99999864412601,1.2709976573432868e-06,-1.1861213522479375e-06,-420.7728837190541,-84.802431610944,-0.34983223006404973,-0.4208939507747887,11.837813871660233,7.430696321914181,-0.5177168585128687,0.02193291438958177,0.010772984619132767,1.157161931395709,-5.3036371894759755,20.393444418249395,3.993050451329829,-49.95038570385415,1.0177168585128689,7.430696321914181,0.10400366485625634,0.9998797051491605,97.36842105263158,-0.0004842924274758298,-0.0004470391638238258,-0.00027141663517882275,0.0005907303236243333,0.0006439492716987516,0.0009898724341814713,0.0
1780631700,GBPAUD,bullish_exhaustion,-2.0754689389181027,0.04379286382030209,3.6279259613534727,-0.9584608759215308,0.6567923799269981,1.6152532558485289,2.119261802738405,3.584133097533171,-3.6491997838621013,0,-0.2435330022009628,55.38661097289685,-5.772712096327361,8.919806370808047,11.850328237779918,-2.930521866971871,98.91978960012597,-1.0802102639408986,-1.0802103907665526,6.527690040009037,-57.432432432433615,-0.2435330022009628,-0.16592575364807757,33.93809301308763,-1.3513565631882543,0.5043757299189426,0.0339100279647472,0.0003371237272225269,2.383641405896841,-0.025720734241513252,49.74515608898316,-2.739829908860173,8.00355837399755,0.004375729918942639,-1.3513565631882543,-0.11498919213765424,0.4792917227329307,29.82456140350877,-3.182179793159712e-05,-6.894722885175675e-05,-0.00014850172368074954,-3.182179793159712e-05,-0.00022275258552095778,-0.0005303632988596929,1.0
1780632000,GBPAUD,bullish_exhaustion,-1.9577370378986418,-0.18600826963391498,3.367679721725879,-0.8824614043430363,0.5165973420060191,1.3990587463490556,1.7717287682647267,3.553687991359794,-3.3905366758291784,0,-0.3545074595248448,54.6618749393136,-0.7247360335832482,7.434336481167189,7.488476982657517,-0.054140501490327786,95.12359717492379,-3.796192425202179,-2.7159821612612802,-0.6407838652167954,-58.78378378378382,-0.3545074595248448,-0.11314845054143657,32.80193264924365,-1.1361603638439774,0.48059822530750257,0.0342165546222597,0.00030652665751249725,2.287295195462075,-0.1072099996748541,47.09846445739136,-2.6466916315918,6.701216820706705,0.01940177469249743,-1.1361603638439774,-0.0963462104347661,0.4743539201209024,28.07017543859649,-3.7126612355775634e-05,-0.00011668363883232669,0.0,-0.00019093686354376693,-0.0004985573659198606,-0.0006470638153428521,1.0
1780632300,GBPAUD,bullish_exhaustion,-1.8209893621347824,-0.4252136618187356,3.1617560088042356,-0.8550905562058592,0.38533530365305074,1.24042585985891,1.3957757003160467,3.5869696706229712,-3.184536063707204,0,-0.4382522515993873,53.777758968099775,-0.8841159712138236,11.9892019055958,9.447781585857014,2.541420319738787,87.02167036345902,-8.101926811464764,-4.305734386262586,-12.228284402853777,-69.97389033942599,-0.4382522515993873,-0.07673477161151289,31.676360096652484,-1.1255725525911693,0.4549641403881101,0.03355432278586129,-0.0006622318363984081,2.2783334759450344,-0.19902985173152168,44.55095054693462,-2.547513910456736,5.781060338423185,0.045035859611889884,-1.1255725525911693,-0.00896171951704039,0.4949317221130726,33.33333333333333,-7.955998026920597e-05,3.712799079225171e-05,-0.00015381596185359836,-0.0004614478855609061,-0.0006099598487299129,-0.00046675188424549763,0.0
1780632600,GBPAUD,bullish_exhaustion,-1.7377760226529666,-0.8493624380384102,2.8842526008947846,-0.9513022966520233,0.14127720721181886,1.0925795038638422,0.8884135846145566,3.733615038933195,-3.085785556619047,0,-0.5083087291027291,51.842717086943615,-1.9350418811561596,12.32716974845683,10.583569378406606,1.743600370050224,70.89442032858759,-16.127250034871437,-8.025323223406673,-27.757541795072832,-93.39933993399431,-0.5083087291027291,-0.05718904823793168,29.3973487029867,-2.279011393665783,0.40583704799831444,0.032599835872135254,-0.0009544869137260367,2.207283611173377,-0.4061866958275061,41.94411394822636,-2.606836598708263,4.014832425746896,0.09416295200168556,-2.279011393665783,-0.07104986477165731,0.533412662214256,36.84210526315789,0.0001166972554926815,-7.426188985892868e-05,-0.0003819182907033314,-0.0005304420704214108,-0.0003872227114076754,-0.0002811342973233488,1.0
1780632900,GBPAUD,bullish_exhaustion,-1.0459411550424746,-0.6868621443355929,3.1483652342505133,-0.5082286534142826,0.4679525962307527,0.9761812496450353,0.35907901070688186,3.835227378586106,-2.277934237767974,0,-0.5155235258763557,54.43247525809749,2.589758171153875,22.96961638228436,15.761996012112329,7.207620370172032,49.13900273772283,-21.75541759086476,-5.628167555993315,-24.265882231507366,-86.13861386138367,-0.5155235258763557,-0.0009605359414154908,26.606485087655116,-2.7908636153315847,0.41689258157456327,0.032199843218758704,-0.0003999926533765491,2.0360792808575296,-0.044162448718364014,39.954934977693306,-1.9891789705330538,7.0682317873,0.08310741842543673,-2.7908636153315847,-0.17120433031584747,0.3417276632082633,13.157894736842104,-0.00019093686354376693,-0.0004985573659198606,-0.0006470638153428521,-0.0005038611676849714,-0.0003977851323828663,-0.0005834181941616334,1.0
1780633200,GBPAUD,bullish_exhaustion,-1.2632958606740199,-1.4237011903520107,2.4567780027335155,-0.94031797659988,-0.1168208474187692,0.8234971291811108,-0.16040532967799084,3.880479193085526,-2.4776227561626913,0,-0.5454915795188966,49.72055722544519,-4.711918032652299,23.465256008363742,19.587347379701644,3.877908628662098,31.41539765557593,-17.723605082146896,4.031812508717859,-51.23258306535854,-95.19230769230468,-0.5454915795188966,-0.02524834216312823,24.3426291283854,-2.2638559592697156,0.3134338630846577,0.03191381575237751,-0.0002860274663811918,1.889314274582466,-0.5817348219619435,37.64188253764735,-2.313052440045958,3.773907287812243,0.1865661369153423,-2.2638559592697156,-0.14676500627506361,0.24779014221226905,6.140350877192982,-0.00030767924968699845,-0.00045621405988083286,-0.0003129840643368853,-0.0002068877713413686,-0.00039255628408352283,-0.0007691981242176071,1.0
1780648800,GBPAUD,bullish_exhaustion,-0.21477442307543554,0.8666147971094802,2.2405267815232373,0.14927542313484912,0.9438779912630636,0.7946025681282144,1.0813892201849158,1.373911984413757,-1.8260121449873654,0,0.040296567953257645,59.77238414214086,1.8285015659997086,21.66061451775809,37.213794878508516,-15.553180360750424,99.5782404410902,-0.31463944191560245,-0.4069249595340523,46.59902292370068,-37.17948717948389,0.040296567953257645,-0.058443395264695865,13.242401094679499,-0.717560916106482,0.6616199009461369,0.024691219184586582,-2.4305153715112326e-05,1.331929816351858,0.6523542408656211,22.3295595322543,-0.6730701529671386,6.086655771076909,0.16161990094613687,-0.717560916106482,-0.06925897742920895,0.20947458099502905,3.508771929824561,-7.954563533107972e-05,-0.000196212567149745,-7.954563533107972e-05,-0.0006787894214911327,-0.0003606068801671469,-0.0002598490754146532,1.0
1780677900,GBPAUD,bullish_exhaustion,-1.1517354640633728,0.2627648217832504,3.08149642342982,-0.532788340831848,0.7972789181578367,1.3300672589896847,1.4145002858466231,2.8187316016465696,-2.3652458302895822,0,-0.1275194868184252,56.53318757918007,-5.5173452106694825,18.520317938979044,34.219144592740804,-15.69882665376176,99.62087076750451,-0.3785559560481744,-0.3790787354780747,21.0526315789401,-52.118644067798705,-0.1275194868184252,-0.12877304917186044,40.124540727234766,-4.3453944836815666,0.5343984706012628,0.05251967710182408,-0.0007274494424453701,1.8649691533236687,0.2562656068532379,43.09113920178351,-1.587739806644393,8.807082741229491,0.034398470601262776,-4.3453944836815666,-0.15600369895380561,0.7224890982287948,46.75925925925926,-0.0004970231485887933,-0.0004705857470680419,-0.0004758732273721922,-0.0001850618106447044,-5.287480304039249e-06,0.00014804944851576352,1.0
1780678200,GBPAUD,bullish_exhaustion,-1.8770977249248295,-0.8366072627800435,2.016679299874071,-1.2185722877244047,-0.1343936351280511,1.0841786525963535,1.0404904621447861,2.8532865626541146,-3.0813793236119005,0,-0.2679705390303628,49.56257328127966,-6.970614297900411,6.953072583715174,18.92454230977092,-11.971469726055748,97.21044277096587,-2.410427996538644,-2.0318720404904695,-26.49749210757516,-83.12958435207692,-0.2679705390303628,-0.14381447220035207,34.894176447927684,-5.230364279307082,0.370664067418102,0.05396927272716987,0.001449595625345794,1.5676255684279556,-0.6078994034817584,40.10725951263184,-2.983879689151671,-0.5795053512363744,0.12933593258189802,-5.230364279307082,-0.2973435848957131,0.7908600779207239,56.94444444444444,2.6450548055390044e-05,2.1160438444356444e-05,0.00031211646705320284,0.0004919801938296775,0.0006453933725507621,0.0005819120572179148,0.0
1780678500,GBPAUD,bullish_exhaustion,-1.6792966545537311,-0.9190881091394834,2.0525630726193618,-1.015232221163467,-0.08110390704910542,0.9341283141143615,0.7602085454142476,2.9716511817588454,-2.8289718310721783,0,-0.3624021024633261,49.91631856458149,0.3537452833018264,9.509405140048969,11.660931887581063,-2.1515267475320936,89.45207972199866,-7.758363048967212,-5.347935052428554,-42.664835630617915,-89.09574468085046,-0.3624021024633261,-0.0874988383951779,31.989603241297093,-2.904573206630591,0.34892917755652103,0.05260684201207471,-0.0013624307150951614,1.492885478024187,-0.5187435736469864,37.33651408699101,-2.7707454256408326,-0.5520337292332052,0.15107082244347897,-2.904573206630591,-0.07474009040376872,0.8189001685496893,64.35185185185185,-5.289969688515583e-06,0.00028565836317762106,0.0004655173325855966,0.0006189264535514383,0.0005554468172896954,0.0007564656654517332,0.0
1780678800,GBPAUD,bullish_exhaustion,-1.482204814236365,-1.0475887414593903,2.0068192152912823,-0.8843499090457873,-0.08604140910742095,0.7983084999383663,0.4346160727769747,3.054407956750673,-2.6296790775206835,0,-0.4186615735683013,49.8410281984872,-0.0752903660942863,13.121541035651001,9.861339586471715,3.260201449179286,73.77962247481554,-15.672457247183118,-7.914094198215906,-50.52068674359394,-89.3617021276607,-0.4186615735683013,-0.049242186433155956,29.189421912108838,-2.8001813291882556,0.3148830653467437,0.051607824781173324,-0.0009990172309013862,1.401445808639147,-0.48770151566875725,34.71952389432543,-2.6169901926655825,0.28285852051340044,0.1851169346532563,-2.8001813291882556,-0.09143966938503989,0.7873857627974001,55.55555555555556,0.00029094987198208244,0.00047080979284364055,0.0006242197253432114,0.0005607397532745306,0.000761759664825723,0.0007776296578427822,0.0
1780679100,GBPAUD,bullish_exhaustion,-0.8254089173502686,-0.6287335352690674,2.5360662831934984,-0.27684501677153767,0.4514508516759335,0.7282958684474712,0.1966753820812011,3.164799818462566,-1.8602666874846787,0,-0.41098739543449986,53.95469914104104,4.1136709425538385,25.039902626110003,15.890282933936655,9.149619692173347,51.41660254431587,-22.363019930499668,-6.690562683316543,-46.727820885606825,-74.73404255319123,-0.41098739543449986,0.016295323129691362,25.3213099614382,-3.868111950670638,0.37451857811900036,0.05055184236665328,-0.0010559824145200472,1.252024707193468,0.07024188274244542,32.490788033656564,-2.2287358606688628,1.3889332985899294,0.12548142188099964,-3.868111950670638,-0.149421101445679,0.663529834066385,39.81481481481482,0.00017980760586167044,0.0003331729167437292,0.0002697114087926167,0.0004706728506380653,0.0004865382276257879,0.0006293266205159576,0.0
1780679400,GBPAUD,bullish_exhaustion,-0.25727775112191525,-0.3821171662238137,2.9045246873539097,0.06922811237178424,0.7755093655520208,0.7062812531802366,-0.12483941510189846,3.286641853577723,-1.3243325868528895,0,-0.3807404291025832,56.338554725889225,2.3838555848481846,51.64820916142663,29.936550941062546,21.711658220364082,32.97169692561199,-18.444905618703885,3.9181143117957795,-34.85423448375019,-65.69148936170164,-0.3807404291025832,0.04573128755378614,23.28314954615248,-2.03816041528572,0.4200771115060965,0.04870764971178796,-0.0018441926548653162,1.2129893125055577,0.39988553910475005,30.729796501566334,-1.7609915320902303,3.1217355008558663,0.0799228884939035,-2.03816041528572,-0.039035394687910285,0.5163881882143675,22.22222222222222,0.00015333773959014252,8.988764044937092e-05,0.00029081295439525867,0.00030667547918028504,0.00044943820224707665,0.00015862524785204002,0.0
1780679700,GBPAUD,bullish_exhaustion,0.23780106137066337,-0.19561055048228848,3.148179212465734,0.32803983613571736,1.0191335794139655,0.6910937432782482,-0.43341161185295185,3.3437897629480227,-0.7990520802214713,0,-0.32499127774931974,58.320627356762934,1.9820726308737093,71.94257448196997,49.54356208983554,22.39901239213443,20.117546289533017,-12.85415063607897,5.590754982624913,-8.512284774610936,-57.97872340425742,-0.32499127774931974,0.05936073965437668,20.20266218411467,-3.080487362037811,0.4532939534848414,0.04824256776135771,-0.0004650819504302475,1.0652105710081254,0.652765253602264,29.99927643795341,-0.730520063612925,8.875191409948751,0.046706046515158584,-3.080487362037811,-0.1477787414974323,0.5229862732375443,22.685185185185187,-6.344037133754199e-05,0.0001374541378982297,0.0001533142307326152,0.0002960550662423067,5.2866976114618325e-06,8.458716178338932e-05,0.0
1780680900,GBPAUD,bullish_exhaustion,1.0757142983214771,0.358177398231736,3.553639916058663,0.6762710256106114,1.3863017686390238,0.7100307430284124,-0.7175369000897412,3.195462517826927,2.483836135860395,1,-0.155241452480476,62.06173168046831,1.9695009662005702,84.35785186253555,80.25432056782863,4.103531294706926,2.1652710997775704,-1.711308871436692,1.257346643095814,22.030237581002925,-34.35582822086111,-0.155241452480476,0.050864589922028296,18.32118940260668,0.05531067137999912,0.5874207305895311,0.0447095568563049,-0.0006404821327820678,1.0665225827774532,1.027278980922527,27.29885964228685,-0.1212877901121523,10.400069413226433,0.08742073058953115,0.05531067137999912,0.020739882485177663,0.7018441415933204,44.907407407407405,-0.0002906823106599843,-0.00021140531684371577,-0.00024311611437022318,0.0001955499180805731,0.00023254584852816507,0.00019026478515948853,1.0
1780681200,GBPAUD,bullish_exhaustion,0.2812497497916032,-0.2658225483262099,2.7885260002510397,0.022182552425896413,0.68427035981742,0.6620878073915236,-0.5470722981178131,3.05434854857725,1.7296883346320053,1,-0.16524363241405818,55.9990720781342,-6.062659602334115,68.44069209922587,77.53835160412342,-9.09765950489755,1.1961261069740048,-0.9691449928035656,0.7421638786331266,-7.2251849303125635,-44.405594405592424,-0.16524363241405818,-0.009397529331835843,18.32449872227381,0.0033093196671281078,0.4353830190577576,0.04454904265442096,-0.0001605142018839406,1.0683397486938475,0.3425345708669332,26.672157866465145,-0.6267017758217044,7.406170443790057,0.06461698094224239,0.0033093196671281078,0.0018171659163943588,0.6353808735375749,34.25925925925926,7.930004493661436e-05,4.7580026961924204e-05,0.00048637360894510095,0.0005233802965820544,0.0004810869392826156,0.00035949353704634035,0.0
1780681500,GBPAUD,bullish_exhaustion,0.30989980651559634,-0.05246335307214912,2.907445822548499,0.17415371060580095,0.8208552872327509,0.6467015766269499,-0.36236315958774545,2.959909175620648,1.8516512463260064,1,-0.16311551067326507,57.22631137172428,1.227239293590081,56.38544251447477,69.72799549207873,-13.342552977603965,0.6548083320296122,-0.5413177749443926,0.4278272178591731,-11.10541602595172,-39.16083916084139,-0.16311551067326507,0.006774765708798756,18.133581337220168,-0.1909173850536412,0.4874650462666659,0.04332715249430283,-0.0012218901601181303,1.0965559160042524,0.4842089609870453,26.013597476496034,-0.6585603899691108,6.721949961339767,0.012534953733334075,-0.1909173850536412,0.028216167310404883,0.58859233280893,29.629629629629626,-3.171750277530805e-05,0.00040704128561630526,0.0004440450388538686,0.0004017550351536059,0.00028017127451507307,0.0004546175397790453,0.0
1780681800,GBPAUD,bullish_exhaustion,0.08449887622979428,-0.06401430017410381,2.8253351524782233,0.08963361257037285,0.7264309593097772,0.6367973467394042,-0.14851317640389808,2.8893494526523273,1.7557124308293648,1,-0.17038587197299893,56.546918424630654,-0.6793929470936249,39.20595533498872,54.67736331622979,-15.471407981241065,0.355776805286111,-0.2990315267435012,0.24228624820089145,-2.63694114821914,-29.411764705881254,-0.17038587197299893,0.0007790117155734878,17.531454387780308,-0.6021269494398602,0.48492344590978614,0.04129091562480659,-0.0020362368694962357,1.132841545882484,0.39021149805011673,25.40207711438186,-0.6115203621141738,6.549829592308029,0.015076554090213856,-0.6021269494398602,0.036285629878231695,0.564474355617474,26.851851851851855,0.00043877270516601286,0.00047577763210759905,0.0004334862870314371,0.000311898669937305,0.00048635046837675056,0.00030132583366815346,0.0
1780682100,GBPAUD,bullish_exhaustion,0.9329986984535268,0.9525412387589053,3.6646675904393775,0.9601659119589203,1.6313437968920415,0.6711778849331211,0.01954254030537853,2.7121263516804723,2.6710115781331694,1,-0.09898054427902209,63.077193943258166,6.530275518627512,59.16996793058311,51.58712192668221,7.5828460039009045,0.19207472227870795,-0.16370208300740305,0.13532944373609818,52.44660719119249,-0.3968253968192079,-0.09898054427902209,0.06881325267460234,17.85487035532216,0.32341596754185176,0.7236774354991702,0.04191038768014513,0.0006194720553385352,1.1203646045549522,1.2944851418115317,25.693408263782434,0.29133114940057325,11.84321588950934,0.22367743549917019,0.32341596754185176,-0.012476941327531854,0.7430864060766399,49.074074074074076,3.698869731083576e-05,-5.284099615865401e-06,-0.00012681839078032553,4.755689654256656e-05,-0.00013738659001205633,5.284099615843196e-05,1.0
1780607100,GBPCAD,bearish_exhaustion,0.36033349630802053,-0.6088393558298658,-2.1675923596851217,0.007391404467354988,-0.8556023367060039,-0.8629937411733589,-0.9691728521378863,-1.5587530038552557,1.58279378376133,1,0.018401160978844682,41.841550308927665,4.177851412919871,65.33333333335038,59.4730639730729,5.860269360277485,0.2478587313249438,0.1427939453870154,0.23142512632130505,-57.6695416877507,-49.99999999999009,0.018401160978844682,0.06519178841325945,7.6800889321507055,-0.38137158543517646,0.36323516082932356,0.017253754312252702,-0.0002565171275334434,1.1751983858299515,-0.499446064006774,34.173852984231814,-0.19541747229074957,-10.878855247043534,0.13676483917067644,-0.38137158543517646,-0.03853536644680822,0.7576521554733942,73.68421052631578,0.0,5.359573806762441e-06,3.7517016646893e-05,0.00012327019755375979,5.359573806762441e-06,5.359573806762441e-06,1.0
1780607400,GBPCAD,bearish_exhaustion,0.45551639168282443,-0.4809998261819199,-2.1476164424714232,0.006413537326187795,-0.8123992844462059,-0.8188128217723937,-0.9365162178647443,-1.6666166162895035,1.5849056333592655,1,0.06802224640508377,41.841550308927665,0.0,70.33333333335355,64.34006734008194,5.993265993271606,2.701240721812927,2.4533819904879834,2.310588045100968,-35.68949771687022,-48.6238532110002,0.06802224640508377,0.04915247885007803,6.895745314775975,-0.7843436173747307,0.382647905741229,0.01682527936095189,-0.00042847495130081403,1.0890418470225949,-0.4633874065859621,33.439037958055124,-0.7348150261766904,-8.311271894605369,0.11735209425877102,-0.7843436173747307,-0.08615653880735663,0.6305301077398919,58.77192982456141,5.359573806762441e-06,3.7517016646893e-05,0.00012327019755375979,5.359573806762441e-06,5.359573806762441e-06,6.431488568026111e-05,1.0
1780607700,GBPCAD,bearish_exhaustion,0.5098487378822605,-0.36209002722254663,-2.0536837059654585,0.03301086450297435,-0.7367971032841656,-0.76980796778714,-0.8719387651048072,-1.6915936787429118,1.5680173119591936,1,0.10743381375799435,42.18722041760265,0.3456701086749874,77.3611111111376,71.00925925928051,6.3518518518570914,8.345129399478896,5.643888677665969,3.1905066871779857,-30.84223013037622,-46.72897196260616,0.10743381375799435,0.038087290186926685,6.555723102652586,-0.34002221212338846,0.40885009050772436,0.016503886649612904,-0.00032139271133898445,1.0587608401820963,-0.3980358200803107,32.83221867802074,-0.6068192800343866,-8.331778916474954,0.09114990949227564,-0.34002221212338846,-0.030281006840498614,0.682450423004625,64.91228070175438,3.215727049088457e-05,0.00011790999179983608,0.0,0.0,5.895499589980702e-05,8.575272130895151e-05,1.0
1780641000,GBPCAD,bullish_exhaustion,0.39714008257614775,1.4587260725434428,2.181215530463941,0.7072433852025546,1.3951561521413818,0.6879127669388272,1.061585989967295,0.7224894579204986,2.310717592404213,1,0.08130626145521469,60.56470209304826,6.78785455269351,46.20370370368504,51.814278046144715,-5.610574342459671,99.5545650259788,-0.2991784111345339,-0.424517125917788,65.1145182661977,-26.415094339632127,0.08130626145521469,-0.0033493511341153065,6.282442133648323,-0.4479700862885423,0.7443063452694589,0.010520172145720081,0.00017846419824961435,1.5449866186395553,1.1545110315131057,27.81329211391769,-0.5223741089205731,8.055427092366752,0.24430634526945894,-0.4479700862885423,-0.1602898189262285,0.17358612401215384,2.631578947368421,5.892025946341306e-05,0.00010177135725486508,0.00013926606782255213,0.00011784051892682612,3.749471056768705e-05,2.142554889572601e-05,0.0
1780665900,GBPCAD,bullish_exhaustion,-0.1956463944244546,0.4840735532151131,2.063766915206724,0.001104636959166387,0.699386985114952,0.6982823481557856,0.6797199476395677,1.579693361991611,0.8520737749671535,1,-0.06328398061386635,56.694997461130825,-2.1696144652854414,51.44032921811151,56.7099332693927,-5.269604051281192,98.75006713395332,-1.0026589872487506,-1.2126436750033633,34.13148816930504,-46.70050761420816,-0.06328398061386635,-0.03992912057211943,13.219439721357935,-1.3908899869649485,0.5971285862357375,0.026521189635921916,-0.000845186389009888,1.2585224165101152,0.4002387721974671,25.053373824999262,-0.33994736765955125,8.631841978491515,0.0971285862357375,-1.3908899869649485,-0.07187050519501859,0.43919500071650336,12.5,8.023879064089634e-05,-0.00021931936108521288,-0.000165826833991356,0.00011233430689716606,0.00016047758128179268,-0.00010163580147859452,1.0
1780666200,GBPCAD,bullish_exhaustion,0.1080872177284389,0.656837707734608,2.3296952621187574,0.26478560266082357,0.95606140377285,0.6912758011120265,0.5487504900061692,1.6728575543841493,1.0224731075371583,1,-0.07484772304233078,58.918598124716496,2.223600663585671,47.736625514402725,51.778365667256644,-4.041740152853919,92.22311486979092,-6.526952264162404,-5.524293276913653,34.99028047766636,-61.5999999999963,-0.07484772304233078,-0.009630144694096347,12.186562397706242,-1.032877323651693,0.6387195104388904,0.02573281366759649,-0.0007883759683254277,1.2097359916637402,0.6552809018521673,24.70586848380165,-0.3475053411976141,8.11171171078297,0.13871951043889041,-1.032877323651693,-0.048786424846374965,0.513807275564169,21.75925925925926,-0.00029953411747085656,-0.0002460458822081124,3.209294115746886e-05,8.023235289411623e-05,-0.00018185999989306367,-0.0004760452938376014,1.0
1780674600,GBPCAD,bearish_exhaustion,0.6949055298581842,-0.6480856537330207,-3.4364803394279884,0.22626615742386244,-1.1162528532798464,-1.3425190107037088,-1.342991183591205,-2.7883946856949673,-0.451479211547064,0,0.11640465614654488,41.41811732370079,0.8594832453557544,74.49863823875114,51.15170110340836,23.346937135342785,0.33999839991748976,0.33985345490854446,0.3399822737514897,-25.572895645542733,-33.2191780821885,0.11640465614654488,0.10133836557548094,53.54229604685203,-4.021211118527177,0.4341359234251571,0.05443351407710678,-0.0011363158716131971,2.373125258700058,-0.5806110405305142,37.20989489441228,-0.6330625297647643,-14.313004128032293,0.06586407657484289,-4.021211118527177,-0.0972502893665439,0.9610786997006387,97.22222222222221,-0.0005687336019616351,-0.000531175722586763,-0.0005419065452653138,-0.0008048117008890854,-0.000740426764818003,-0.0005901952473187366,0.0
1780674900,GBPCAD,bearish_exhaustion,-0.286054964424386,-1.3645989374327712,-4.324684033582829,-0.6836965971180862,-1.9752026642992278,-1.2915060671811416,-1.0785439730083852,-2.9600850961500584,-1.2745986510064709,0,0.11888954366233792,36.014074774754285,-5.4040425489465065,75.11327517414331,66.70329348688415,8.409981687259162,1.5512832629869944,1.2112848630695046,0.8714314081609601,-41.65635976847017,-64.82213438735151,0.11888954366233792,0.003985355025033189,49.056403066451736,-4.485892980400294,0.3466335410900755,0.055175710214233564,0.0007421961371267827,2.1436897637341437,-1.4516737747732114,37.03023655387843,-0.1796583405338481,-17.080731510978698,0.1533664589099245,-4.485892980400294,-0.22943549496591453,0.919890713729217,87.96296296296296,3.7579251958241855e-05,2.684232282734733e-05,-0.00023621244087979054,-0.0001717908660944234,-2.1473858261789047e-05,-8.052696848181995e-05,1.0
1780684500,GBPCAD,bearish_exhaustion,0.3028981212255205,-0.8881090544671141,-2.6063942217693246,-0.15873175440294304,-1.231148883470399,-1.072417129067456,-1.1910071756926346,-1.7182851673022104,1.3559601991475603,1,0.055604340187075885,39.25659425733893,0.2730537581826553,66.03845038777337,51.38457031722709,14.653880070546279,13.955490418468928,1.7632130024133428,5.672109108852041,-62.81356612482035,-68.1818181818136,0.055604340187075885,0.055730506648358845,18.829218506227434,-1.2937160092391018,0.3276511727069152,0.03655234886042581,-0.0011170637528913965,1.3615876416328343,-0.7593714468057073,35.182743482184044,-0.9814098114838217,-9.239503198827146,0.17234882729308482,-1.2937160092391018,-0.037248893234134384,0.7299334485099396,47.22222222222222,-0.00022035783963325617,-0.0001451136992706159,0.00024185616545113753,0.00031172572435900214,0.0003063511429046706,0.00022573242108769875,0.0
1780684800,GBPCAD,bearish_exhaustion,-0.2048507522392378,-1.3634450429836404,-2.9786486916185217,-0.6505761056574998,-1.7143746155450394,-1.0637985098875398,-1.1585942907444027,-1.6152036486348813,0.7186703531986217,1,0.05999914578165786,35.726915201429364,-3.5296790559095683,55.80687830688342,58.03467239255573,-2.2277940856723077,21.542577273154972,7.587086854686044,5.823873852272701,-71.6802168021713,-80.34482758620149,0.05999914578165786,0.003863618133092807,18.856521896162583,0.027303389935148914,0.23827600263319043,0.03621444912112247,-0.0003378997393033434,1.374915561548298,-1.2442650017224817,34.54611537225258,-0.6366281099314648,-10.676076685367882,0.26172399736680957,0.027303389935148914,0.01332791991546367,0.765554644928327,52.77777777777778,7.526072465324773e-05,0.0004623158800127758,0.0005322008386194899,0.0005268250725727341,0.00044618858187295274,0.000618213095366027,1.0
1780685100,GBPCAD,bearish_exhaustion,0.11490988133315012,-1.0502763153838286,-2.709421788658527,-0.3866801839448326,-1.4397890793120298,-1.0531088953671972,-1.1651861967169788,-1.6591454732746982,0.9141579211239557,1,0.08544401433652037,37.784006199515424,2.0570909980860606,44.01646639965267,55.28726503143648,-11.270798631783812,30.447099120994096,8.904521847839124,1.3174349931530784,-67.51509624286263,-72.3735408560249,0.08544401433652037,0.02351663477094441,18.400827803145393,-0.45569409301718977,0.2998213417171854,0.03508419879148201,-0.00113025032964046,1.3981776262515038,-0.9678729888344645,33.969716426853154,-0.5763989453994256,-10.341534717200716,0.20017865828281461,-0.45569409301718977,0.023262064703205798,0.7971114266425117,58.79629629629629,0.00038702602750029236,0.0004569057269099286,0.0004515303654171188,0.0003708999430211968,0.0005429115107991045,0.0004515303654171188,1.0
1780691100,GBPCAD,bearish_exhaustion,0.3666652224482086,-0.7253594617999383,-2.2003898838416642,-0.04520238103320821,-0.8135065180126371,-0.7683041369794289,-1.092024684248147,-1.4750304220417259,1.4307914658562455,1,0.10601416564746298,43.77870001146686,-2.6801874918881055,76.2676267626783,60.642064206420656,15.625562556257648,65.90122424572533,15.216124828044158,3.6665260981863668,-35.67409408059042,-66.21004566210082,0.10601416564746298,0.030358365295660918,14.425549067879857,0.11130676448742527,0.3643593755347622,0.026980738869235733,-0.0007073434060995594,1.4253835977838407,-0.4532977481887633,19.516251071295958,-1.4149711463182868,0.48633343692839404,0.13564062446523778,0.11130676448742527,0.05644279550891573,0.7731814458796576,96.25,8.602520538514291e-05,9.140178072164495e-05,-5.3765753365686564e-05,8.602520538514291e-05,0.00014516753408755356,0.00017205041077028582,1.0
1780692000,GBPCAD,bearish_exhaustion,-0.026386783942066633,-0.5926877623895445,-2.1101308143137274,-0.2803328500807062,-0.8900114869047767,-0.6096786368240705,-0.5663009784474777,-1.517443051924183,1.076375276440485,1,0.15891022289333365,42.75813132294495,-3.6070810596457648,60.31286899047408,70.06044430555498,-9.747575315080901,92.19715598204743,5.442512652173733,-3.0821812863949276,-45.33531304135847,-46.21848739496128,0.15891022289333365,-0.019496245876167103,12.239317690306708,-0.8775162338002236,0.3717413840074855,0.026490245159967278,0.0003236358293290699,1.2178479593988223,-0.5806578032843851,16.732883967378264,-0.8958961558986829,-2.197531138159846,0.12825861599251448,-0.8775162338002236,-0.12001288144660327,0.47112575788894734,31.25,0.00013979847512124444,0.0001989439838263607,0.00022582830596507009,3.226118656640686e-05,6.452237313281373e-05,5.376864427741879e-05,1.0
1780704000,GBPCAD,bearish_exhaustion,0.0,-0.44827155019439124,-2.524448026897389,-0.1803927693612896,-1.0157899302591376,-0.8353971608978481,-0.44827155019439124,-2.0761764767029973,0.0,0,0.1553050673883798,36.91275645138124,0.0,50.0,50.0,0.0,99.99897368134629,0.0008784093146374516,-0.0007304999755888275,-40.62420056303629,-22.891566265073457,0.1553050673883798,0.009638242234640734,2.8688462119088656,-0.004339609430473956,0.34531672956169873,0.009899852168646259,-0.0007615270898958647,1.0533211121869634,-0.613190480891929,32.498995096947695,0.5985094812419014,-14.758222257213687,0.15468327043830127,-0.004339609430473956,0.10389352319518985,0.5952451091454292,63.74999999999999,0.0,0.0,0.0,0.0,0.0,0.0,0.0
1780704300,GBPCAD,bearish_exhaustion,0.0,-0.40960943514340864,-2.6004347568053547,-0.16438157681382987,-1.0128959418544183,-0.8485143650405885,-0.40960943514340864,-2.190825321661946,0.0,0,0.1747165815679716,36.91275645138125,7.105427357601002e-15,50.0,50.0,0.0,99.99944986333838,0.0004761819920986454,-0.0004022273225530171,-37.35224586322436,-50.0,0.1747165815679716,0.007464970534331818,2.7687882466623317,-0.10005796524653388,0.3640097154636569,0.009192719870885812,-0.0007071322977604474,1.129530166827358,-0.5974676480487937,33.054753900958026,0.5557588040103312,-14.758222257213681,0.1359902845363431,-0.10005796524653388,0.07620905464039462,0.6319064545273525,73.125,0.0,0.0,0.0,0.0,0.0,0.0,0.0
1780650900,GBPCHF,bearish_exhaustion,-1.4386911659210673,-2.3660936251835425,-3.7627307416382783,-1.6972296844749981,-2.4857475646814824,-0.7885178802064844,-0.927402459262475,-1.3966371164547358,-3.098719434290925,0,-0.06574413203687743,33.37317176482061,-13.40804664955862,48.380893208471115,55.1983017500204,-6.817408541549284,1.0164141901432815,1.0164102887365645,1.0164139104879266,-107.12103726832969,-95.65217391306237,-0.06574413203687743,-0.09329137717557785,10.991750439134488,0.2772966177590046,0.040871940145735475,0.02133968463516733,0.002509852422416761,1.143064658343964,-2.192696345492104,45.029660099313546,0.5333753406508066,-23.732216886777245,0.4591280598542645,0.2772966177590046,-0.14905324847291412,0.9783609823108876,95.6140350877193,-8.501875135791259e-05,-1.889305585722756e-05,0.0001228048630728118,0.00017003750271604723,1.889305585733858e-05,0.00021727014235928266,0.0
1780664100,GBPCHF,bullish_exhaustion,0.3174250161895241,1.467623898379704,4.7314999471957,0.7207954028062991,1.9841728074584548,1.2633774046521558,1.15019888219018,3.2638760488159964,1.7175911747616794,1,-0.06035916187852182,67.05982473456473,3.7819794800080757,47.883597883594206,45.6870290203608,2.1965688632334093,99.27428641313199,-0.7257135115137032,-0.7257135827158407,78.0841745146043,-28.57142857142555,-0.06035916187852182,-0.01259032452550856,12.671527175260108,0.17302832631290066,0.7923524546938011,0.0252324878063193,-0.0002781678078172152,1.2756457188914911,1.4515150969860595,52.09601842112895,-1.1346700480931986,17.69336692614842,0.2923524546938011,0.17302832631290066,0.034965121645650354,0.6423138744255164,37.03703703703704,4.711425206105346e-05,-8.480565371016269e-05,-0.00023557126030626652,-0.0002544169611307101,-0.00016961130742054742,-0.00029210836277981933,1.0
1780665000,GBPCHF,bullish_exhaustion,-0.7904785750349094,0.18139001117851689,3.367362354905797,-0.33756417463606847,0.738146786588705,1.0757109612247735,0.9718685862134263,3.1859723437272804,0.159444436770275,1,-0.18646089947579494,56.654294835373776,-5.764632465448393,46.21212121210477,58.48965848964741,-12.277537277542642,97.99484377165042,-1.4608710570371528,-1.6422994537541484,30.374381916608307,-56.12244897959808,-0.18646089947579494,-0.07381182253659725,11.91100368756043,-0.7933473129323403,0.5375880079488559,0.024681119691785776,-8.229972309255554e-05,1.2305069543730986,0.25028167764198234,47.92519638816557,-1.8299220007352233,11.36467160413844,0.03758800794885586,-0.7933473129323403,-0.07810367234870119,0.4458042274016254,14.814814814814813,-1.8850141375925666e-05,6.597549481623943e-05,-5.6550424128110066e-05,0.00033930254476932653,0.00016965127238455224,0.00010367577756831281,0.0
1780665300,GBPCHF,bullish_exhaustion,-0.7355784671360961,-0.01532455139909401,3.1499615399931757,-0.3513934095089659,0.614741712831843,0.9661351223408088,0.720253915737002,3.16528609139227,-2.1837485743079457,0,-0.2401083607568956,55.958603037727734,-0.6956917976460417,31.33718133717934,48.72134038799962,-17.384159050820276,88.72102004438236,-9.273823727268066,-7.8129526702309136,-13.713780137228122,-63.333333333335794,-0.2401083607568956,-0.05304195765727462,10.7102272785654,-1.200776408995031,0.4964799205184228,0.024601694653515048,-7.942503827072789e-05,1.1094035927383816,0.15785532284296966,45.155879292610926,-2.7693170955546407,4.566818848742663,0.0035200794815771763,-1.200776408995031,-0.12110336163471702,0.3447207689025537,5.555555555555555,8.482723519764868e-05,-3.770099342126354e-05,0.000358159437501282,0.0001885049671057626,0.0001225282286188012,0.0003393089407905947,1.0
1780672500,GBPCHF,bullish_exhaustion,-0.19470873551798565,1.0551640061161964,2.3573524282040514,0.42788581357674027,1.1945831464805086,0.7666973329037682,1.2498727416341822,1.302188422087855,2.961554564279029,1,-0.04449282941472655,59.70700144023831,7.161074536821992,24.073612495854537,34.347313357093306,-10.273700861238769,92.89421462155971,-3.5658660911558115,-2.8647998425146,47.576684273941055,-29.11877394635523,-0.04449282941472655,-0.006646023714309258,25.82361934284612,-0.42809476023408877,0.6956241994315244,0.04785203179070156,0.00042191897890869745,1.2305447814858583,0.876659537235677,43.86142860175185,-0.257307482167505,16.791300642259884,0.19562419943152443,-0.42809476023408877,-0.023526810585444924,0.6509611228941052,38.425925925925924,0.0004893887346475445,0.0006117359183095417,-0.0004611547691873996,0.0,7.529057456112653e-05,0.0005082113782881592,0.0
1780672800,GBPCHF,bullish_exhaustion,0.7468098743253057,1.8689745810461122,3.2571049975791277,1.2169074556607087,2.035452136538922,0.8185446808782135,1.1221647067208067,1.3881304165330155,3.861750913724373,1,0.011446646306599034,65.24809488841984,5.541093448181535,51.96078431373286,34.91331560873633,17.047468704996525,88.63236986491059,-4.2618447566491255,-0.695978665493314,93.5948292601464,-9.195402298851258,0.011446646306599034,0.055558068529116204,25.9688487021609,0.14522935931478287,0.8475116031243989,0.04824217279938208,0.0003901410086805182,1.2347367740316504,1.703748135172286,44.27831648136053,0.4168878796086801,22.422174479727836,0.3475116031243989,0.14522935931478287,0.004191992545792056,0.7806580309794986,55.092592592592595,0.00012228733761654453,-0.0009500785460976324,-0.0004891493504659561,-0.00041389560424054395,1.8813436556408547e-05,0.0003668620128496336,1.0
1780673100,GBPCHF,bullish_exhaustion,0.9858273206599409,1.9946973530842846,3.4996869883437918,1.2785198516076473,2.1778844856803703,0.8993646340727233,1.0088700324243436,1.504989635259507,4.139836882754698,1,0.05599198388220229,66.48883302100124,1.2407381325813986,78.81338742393775,51.615928077841716,27.19745934609604,87.22901312873472,-1.4033567361758656,2.85848802047326,109.11549905328182,-4.214559386975266,0.05599198388220229,0.04422940001275601,26.529317064817143,0.5604683626562412,0.853270243085481,0.04694067009915606,-0.001301502700226019,1.3177630004247145,1.8197077365384053,44.88943253804689,0.6111160566863632,24.257705971041933,0.35327024308548105,0.5604683626562412,0.08302622639306412,0.7771930005701274,54.166666666666664,-0.0010722347629795737,-0.0006113619262602121,-0.0005361173814898423,-0.00010346124905924459,0.00024454477050417367,-9.405568096310102e-05,1.0
1780677600,GBPCHF,bullish_exhaustion,0.22848476222698427,1.0078953997290874,2.827232011105382,0.4431941229177706,1.2664574878829935,0.8232633649652229,0.779410637502103,1.8193366113762945,1.8787603741588756,1,-0.04375745264295638,60.53361142422667,0.1247882393487032,60.20531400964679,57.77024237168021,2.4350716379665798,91.38264304114222,-4.02501765041805,-1.9414312295089502,78.9585660337078,-12.429378531079257,-0.04375745264295638,-0.009796486248811754,19.227726858631893,0.3549073205958351,0.7309219760481951,0.04403367754533356,-0.0018687194520497774,1.1290334526711228,0.9091748458225536,31.987765484645884,-0.6999207848520186,10.234884113265434,0.2309219760481951,0.3549073205958351,0.0831651584988895,0.6267891805774695,33.33333333333333,-0.00037611305958562546,-0.0004889469774612687,-0.0004889469774612687,-0.000554766762888792,-0.00040432153905456403,-0.0007428232926816047,1.0
1780697400,GBPCHF,bearish_exhaustion,0.08854319459267329,-0.5729265532480701,-2.1250366702322543,-0.20696930499105617,-0.9861064640505213,-0.7791371590594651,-0.6614697478407434,-1.5521101169841842,0.903140584848737,1,0.09173025923587931,43.24962271540692,-3.5335528849923463,60.07905138340404,55.713972018341046,4.365079365062996,1.9986718755453978,1.9986247514723654,1.9986683045912736,-29.231944975097296,-63.999999999998224,0.09173025923587931,0.018325169589210825,7.980298827713227,-0.6745927489092054,0.3701905619917404,0.018083040903585573,-0.0005195086994975069,1.1527921888205763,-0.656326716186259,28.715749518130576,-0.30951819991200935,-8.591842892936514,0.12980943800825961,-0.6745927489092054,-0.05106314061759787,0.591920267829888,62.5,-8.476571697657587e-05,8.476571697668689e-05,5.651047798438391e-05,-0.00020720508594296305,7.534730397940059e-05,0.000263715563927569,1.0
1780605600,GBPJPY,bearish_exhaustion,0.5276019069745296,-0.26817334498125883,-2.3517636383818314,0.08556864314888055,-0.7733155224528877,-0.8588841656017683,-0.7957752519557885,-2.083590293400573,1.2242696183937118,1,0.15644255500781032,44.56625256906915,-2.6632468758951404,77.77469664425905,61.697715795413245,16.076980848845807,4.194666762340462,3.6384692946190524,3.0825022999916136,-13.440307207059343,-49.397590361442894,0.15644255500781032,0.03831253816155769,6.922308970088819,-1.0372258140753408,0.43813895434456795,0.015968761153372292,-8.137928804432745e-05,1.1497138744662267,-0.39303883839857634,25.862581327922985,-1.0060123036485464,-4.219473035318668,0.061861045655432045,-1.0372258140753408,-0.17076780267881642,0.456098257504112,24.561403508771928,6.516689707813939e-05,-5.120256198998252e-05,-9.309556725511925e-06,-9.309556725456414e-05,-0.00017688157778372737,-0.00019084591287188424,0.0
1780659300,GBPJPY,bullish_exhaustion,0.29913669265137205,1.1698381373336586,4.786187082424989,0.5547884740853573,1.9524502816770672,1.39766180759171,0.8707014446822866,3.61634894509133,1.1154145653823277,1,-0.08703844491539746,62.687762646072905,1.428867411266289,33.82335453005955,39.984031531835534,-6.160677001775987,98.82898243495336,-1.1710175019818507,-1.1710175615957468,78.25314736454608,-52.86343612334912,-0.08703844491539746,-0.03356577965337228,13.214057989094583,-1.055748980856448,0.7310309395716706,0.0260884341747534,-0.0007584051162455203,1.2161336214075316,1.3560161261844024,63.413843709047114,-1.0971959550766854,19.2505589190986,0.23103093957167065,-1.055748980856448,-0.04104212528321183,0.6798983651143194,42.592592592592595,4.645242806833316e-05,0.00020439068350097678,0.0002926502968310096,0.00035768369612676487,0.0004459433094567977,0.0005342029227868306,0.0
1780659600,GBPJPY,bullish_exhaustion,0.35317257257559714,1.1634461049697526,4.942576575580315,0.6406006959418281,2.0379086597688536,1.3973079638270256,0.8102735323941554,3.7791304706105624,1.201848929675629,1,-0.10918058482224095,63.49333448359152,0.8055718375186132,32.42463528503023,35.236256406004145,-2.8116211209739177,97.00208060124177,-1.826901833711588,-0.6558843317297232,76.20238722135085,-48.458149779740864,-0.10918058482224095,-0.019264692768388443,11.281130083887259,-1.9329279052073236,0.7605096300877894,0.02525239103462231,-0.0008360431401310889,1.0894743695029991,1.4338570620437938,62.43272823981737,-0.9811154692297421,18.860640466147693,0.2605096300877894,-1.9329279052073236,-0.12665925190453242,0.6505270631601194,37.96296296296296,0.00015793091915794477,0.0002461864328049401,0.00031121681128176704,0.00039947232492898443,0.00048772783857620183,0.0005666932981549522,0.0
1780660800,GBPJPY,bullish_exhaustion,1.3325824941811688,2.17354213888775,6.087095528645068,1.4305670040347827,2.9580134026453404,1.5274463986105575,0.8409596447065814,3.913553389757318,2.451687048170974,1,-0.013068461629740714,69.99206863188775,1.4198898028298146,88.9560780025558,81.99077735535883,6.965300647196969,37.875345870527404,-8.995091524745952,2.4149635041314212,131.1408980879989,-10.71428571428526,-0.013068461629740714,0.026729134838580908,11.35630193901686,0.7508795677035138,0.9530487966118724,0.02365867740217306,-0.0005719510671575133,1.2082497573778765,2.309569581035026,61.17343897713855,0.07697280281306718,25.084104873713006,0.45304879661187236,0.7508795677035138,0.1172751531510583,0.5469775643578988,25.0,8.82202720899894e-05,0.00016715419974921986,0.0004132423271578922,0.000589682871337649,0.0007893392765936369,0.0008914890653295426,0.0
1780661100,GBPJPY,bullish_exhaustion,1.4682374721721556,2.4338625316705462,6.426128156211856,1.579022151286653,3.19132949182788,1.6123073405412267,0.9656250594983904,3.9922656245413104,2.801746591107041,1,0.014612833053717106,71.38435505735114,1.3922864254633964,92.03015207663462,88.16103476591644,3.869117310718181,36.562635403536945,-1.3127104669904597,7.682381057755492,143.74789349510655,-2.2321428571406483,0.014612833053717106,0.028135368988153005,12.107493755278062,0.751191816261203,0.9598349623768847,0.022862223889062127,-0.0007964535131109347,1.3512253963223944,2.511312625348877,61.41541088045942,0.2419719033208665,26.712669422379452,0.4598349623768847,0.751191816261203,0.1429756389445178,0.5438356860748549,24.537037037037038,7.892696470102045e-05,0.0003249933840632213,0.0005014183639833192,0.0007010571570507107,0.0008031979348992468,0.0006546295307559014,0.0
1780664100,GBPJPY,bullish_exhaustion,-0.5679292495518463,1.188115877969619,5.019469138227695,0.09932592257771344,1.8201000710314557,1.7207741484537422,1.7560451275214655,3.831353260258076,-2.6818881228845908,0,-0.12745734420178254,63.91130494163669,-0.8496186238670376,16.266195045262535,27.522823360613035,-11.2566283153505,95.89392242362479,-2.832363566037259,-3.4220735639391933,49.77959893212818,-45.7912457912448,-0.12745734420178254,-0.09568441098186498,18.326882152596237,-0.935407296022646,0.6526199025589616,0.02353528718686978,-0.00027471995886589606,1.9555150256271214,1.0781789814845582,59.87131770648678,-2.134500396601908,16.3983948902769,0.15261990255896163,-0.935407296022646,-0.0664550874844072,0.4285693565490241,11.11111111111111,-0.0002831073115944216,-0.00023669627690692252,-0.0005105213815637111,-0.0003341594497507927,-0.00029703062200081565,-0.0002691840011882496,1.0
1780664400,GBPJPY,bullish_exhaustion,-1.694194872205127,-0.12843394794859844,3.451095730759538,-0.8943803287560957,0.5473528337170895,1.4417331624731853,1.5657609242565285,3.5795296787081363,-3.6637672386877163,0,-0.2627839078511262,54.514733917306735,-9.396571024329958,8.2361340949156,16.108665149935806,-7.872531055020206,88.81477044416347,-7.079151979461315,-4.2467884134240705,14.251781472683925,-74.90494296577901,-0.2627839078511262,-0.14070685496291968,17.579500850355135,-0.7473813022411022,0.48204303718421676,0.024579514488348678,0.0010442273014788991,1.765518178162427,-0.10808439142366022,56.64731546229428,-3.224002244192498,7.703917963893417,0.01795696281578324,-0.7473813022411022,-0.18999684746469447,0.344018346173078,5.092592592592593,4.642417771161256e-05,-0.00022747847078763428,-5.1066595482929245e-05,-1.3927253313616994e-05,1.3927253313505972e-05,0.00011606044427936446,1.0
1780664700,GBPJPY,bullish_exhaustion,-1.4221125443137912,-0.044381998395034594,3.4376218501436187,-0.5969234698484226,0.6816408908735409,1.2785643607219634,1.3777305459187568,3.4820038485386533,-3.324321218328081,0,-0.34066192020989794,55.66550342409062,1.1507695067838881,16.017773613081328,13.506700917753156,2.5110726953281723,71.799615255014,-17.015155189149468,-9.936003209688153,-15.608799215372018,-71.10266159696125,-0.34066192020989794,-0.07789733119025916,16.968930449998123,-0.6105704003570125,0.4935711585735245,0.02458018049502967,6.660066809924259e-07,1.7062216849668297,0.07308949146897216,52.87083735788057,-3.7764781044137123,2.02692393774743,0.0064288414264754845,-0.6105704003570125,-0.059296493195597266,0.4412890340364823,12.962962962962962,-0.00027388993338439693,-9.748624747574208e-05,-6.034862938986141e-05,-3.249541582528437e-05,6.963303391138709e-05,-0.00036673397859932066,1.0
1780665000,GBPJPY,bullish_exhaustion,-2.227864564238534,-1.2297738256010626,2.101087579051498,-1.4210002092185336,-0.39313233280005866,1.027867876418475,0.9980907386374714,3.330861404652561,-4.101338375137345,0,-0.4489905095225153,47.95644583779145,-7.709057586299174,11.851106946410715,12.035004884802548,-0.18389793839183355,49.59592264397314,-22.203692611040864,-5.188537421891397,-38.31125084213497,-100.0,-0.4489905095225153,-0.11466546039862521,15.769538887899568,-1.1993915620985547,0.30468698978062053,0.025052940432645526,0.00047275993761585616,1.5468440771500143,-0.9244986194047845,49.50978775537195,-3.361049602508615,2.906255377233478,0.19531301021937947,-1.1993915620985547,-0.15937760781681543,0.2708705801743461,2.314814814814815,0.00017645201433902358,0.00021359980683133273,0.0002414606512006756,0.0003436170805550809,-9.286948123099492e-05,-0.0001300172737234151,0.0
1780665300,GBPJPY,bullish_exhaustion,-1.2429912068309583,-0.6316086975537101,2.606236296688623,-0.6016083518829486,0.2858451954476206,0.8874535473305691,0.6113825092772484,3.237844994242333,-3.0445412505461835,0,-0.46214044589248077,52.517497743928246,4.561051906136797,23.078842315369354,16.982574291620466,6.0962680237488875,31.64601883021964,-17.9499038137535,4.2537887972873705,-50.491380699153716,-77.61194029850668,-0.46214044589248077,-0.016715840868716206,14.521437250749234,-1.2481016371503344,0.3901969803268518,0.025249049753861948,0.00019610932121642138,1.4113566719393709,-0.19763016348417586,46.00436085565934,-3.50542689971261,-0.2122226951983457,0.1098030196731482,-1.2481016371503344,-0.1354874052106434,0.21437983833983534,0.4629629629629629,3.714123884601683e-05,6.499716798047395e-05,0.00016713557480718677,-0.00026927398163367755,-0.0003064152204796944,-0.0004596228307196526,0.0
1780665600,GBPJPY,bullish_exhaustion,-0.8248601866264335,-0.6101316747419382,2.653930894036285,-0.39569824333402626,0.4124594051541609,0.8081576484881872,0.21472851188449524,3.264062568778223,-2.5544079000880577,0,-0.4643499628048642,53.442575186798486,0.92507744287024,27.815315315312763,20.915088192364276,6.900227122948486,19.247038169226354,-12.398980660993285,5.55092315276022,-31.998024377774833,-74.62686567164796,-0.4643499628048642,0.011145603137304536,13.226520667465216,-1.2949165832840173,0.386820087207259,0.024538974865230382,-0.0007100748886315657,1.339726210183136,-0.04703935521763563,43.17093045140427,-2.8334304042550755,3.1756004540200955,0.11317991279274098,-1.2949165832840173,-0.07163046175623489,0.30154766965880664,3.2407407407407405,2.7854894569134814e-05,0.0001299895079898139,-0.00030640384026137113,-0.00034354369968703224,-0.0004967456198178288,-0.00044103583067933716,0.0
1780665900,GBPJPY,bullish_exhaustion,-0.4740405766707939,-0.573887706008614,2.546008483042358,-0.23554385607479675,0.4804265997992753,0.715970455874072,-0.09984712933782014,3.1198961890509724,-2.0289967281228103,0,-0.4314655040778257,54.163846411819435,0.7212712250209492,51.53326403325972,34.14247388798061,17.390790145279112,11.335533461671444,-7.91150470755491,4.487475953438377,-34.394687553189165,-72.38805970149863,-0.4314655040778257,0.026606092385827142,12.334099283733627,-0.8924213837315893,0.38427855191937044,0.02487461515919406,0.00033564029396367795,1.226685252600478,0.05932952828457595,40.88970127112128,-2.2812291802829847,5.441739928233968,0.11572144808062956,-0.8924213837315893,-0.11304095758265809,0.4192483337422117,10.648148148148149,0.00010213176855100592,-0.0003342494243481209,-0.0003713882492757392,-0.000524585902102026,-0.0004688776647107096,-0.0005988635519571517,1.0
1780666200,GBPJPY,bullish_exhaustion,0.08317975199443689,-0.25332015379972544,2.813744156081613,0.1500292401691925,0.8356865115787442,0.6856572714095517,-0.33649990579416234,3.0670643098813386,-1.2939323109662038,0,-0.381299970783189,56.80617850032942,2.6423320885099884,68.12417312417308,49.15758415758186,18.966588966591225,6.523773919364856,-4.811759542306588,3.099745165248322,-21.163698463063145,-64.17910447761066,-0.381299970783189,0.05574811543672324,11.561403017177806,-0.7726962665558208,0.4462026276578067,0.024554374416863957,-0.00032024074233010305,1.1718355759694454,0.43066298645040435,38.88219180896192,-2.007509462159362,5.928616190894793,0.053797372342193284,-0.7726962665558208,-0.05484967663103246,0.5114103856624355,21.296296296296298,-0.0004363366290673909,-0.00047347166132849505,-0.000626653669405508,-0.0005709511210139073,-0.0007009237339274943,-0.000779835677482299,1.0
1780677900,GBPJPY,bearish_exhaustion,-0.2498720654871114,-1.1309508038659237,-4.788965959585452,-0.5751733588841675,-1.8770721033757576,-1.3018987444915902,-0.8810787383788122,-3.658015155719528,-3.2572667150647536,0,0.13232782783893215,35.303042312196084,-0.5566737540402755,67.16526217227637,66.8450339116391,0.32022826063726484,1.5312037386722452,0.6406766231851762,-0.24985049202398013,-92.81265638095738,-76.24309392265593,0.13232782783893215,0.012506836967988703,21.67442253859243,0.6297141173253813,0.23918076975912686,0.05001370308672379,-0.0017638640565111746,1.0963356205240222,-1.3094454842468135,55.149935988123566,-0.08705951511319654,-24.731543331342472,0.26081923024087317,0.6297141173253813,0.08284497308724292,0.7775784375972157,54.629629629629626,-1.8652279541675476e-05,0.00041035014991774865,0.00020983814484432095,1.3989209656450896e-05,-0.00037304559083417566,-0.0004290024294593131,1.0
1780678200,GBPJPY,bearish_exhaustion,-0.16892899091563726,-1.110104797446988,-4.791984552594983,-0.5365568543173779,-1.8352048297186652,-1.2986479754012872,-0.9411758065313508,-3.681879755147995,-3.326941759686773,0,0.14901196923467736,35.10740304249886,-0.19563926969722445,48.27806705032929,63.50868961658005,-15.230622566250759,1.732101161264846,0.2008974225926008,-0.43977920059257514,-81.69133394181274,-77.34806629834398,0.14901196923467736,0.012007602374760012,21.95687154545733,0.2824490068648977,0.255896182964695,0.048307424721147955,-0.001706278365575832,1.1655793250463793,-1.2615406083526433,54.93293382995012,-0.21700215817344315,-23.224995683901405,0.24410381703530498,0.2824490068648977,0.06924370452235706,0.7131744328150339,45.83333333333333,0.0004290104314819132,0.00022849468633268089,3.264209804765272e-05,-0.0003543999216589766,-0.0004103578040260958,-0.0004569893726655838,1.0
1780684500,GBPJPY,bearish_exhaustion,-0.25315025501718924,-2.4335285332054863,-6.108953798234694,-0.9006751493283867,-2.9553489836617963,-2.05467383433341,-2.180378278188297,-3.675425265029207,-0.5963635815307188,0,0.002936336915622079,27.486648957724753,-0.7432258308547119,67.940237226274,49.79919070135454,18.141046524919453,0.17121980406108203,0.03406065611941686,0.15083737757743473,-78.19296965767859,-84.38735177866022,0.002936336915622079,0.07193471640444844,38.03655858160667,-2.2670347453704807,0.2545152471686335,0.038405639785647656,-0.0006501999151607915,2.5958223502633215,-2.102500569688152,61.393185592448226,-0.19737890459154528,-28.02573105490724,0.2454847528313665,-2.2670347453704807,-0.09994609459648984,0.9219233893593636,88.42592592592592,-0.00017762072366411807,4.6742295701118763e-05,0.00030382492205727196,0.0005702560075535601,0.0005702560075535601,0.00042068066131006887,1.0
1780684800,GBPJPY,bearish_exhaustion,-0.48274135732052326,-2.583721094965986,-6.370944936280678,-1.1761058715481811,-3.22683836895475,-2.0507324974065693,-2.1009797376454626,-3.787223841314692,-0.918325461226881,0,0.03784293250445347,25.752525674035866,-1.7341232836888878,55.98958333333298,57.889170496528855,-1.899587163195875,0.4333981526339342,0.26217834857285216,0.22811769245343533,-80.30336400808625,-90.80717488789305,0.03784293250445347,0.0348489051994191,35.953110185872085,-2.0834483957345853,0.22953633382781136,0.03767231242868763,-0.0007333273569600229,2.512368142334434,-2.3662971495235166,61.28316451245333,-0.11002107999489397,-27.68752502765066,0.27046366617218864,-2.0834483957345853,-0.08345420792888758,0.860808986586547,73.14814814814815,0.00022440287796698932,0.0004815311756372065,0.0007480095932230757,0.0007480095932230757,0.0005984076745784161,0.000645158274154678,1.0
1780685400,GBPJPY,bearish_exhaustion,0.9729520796608593,-0.7803886472280485,-4.695253903176429,0.16533328374085313,-1.657691187367273,-1.823024471108126,-1.7533407268889079,-3.91486525594838,1.8242851493640213,1,0.22386136361396466,37.69747541916459,6.076499886026866,64.98953340750884,58.08603408269667,6.903499324812174,2.286989076670382,1.8963958750517185,1.939200826066989,-38.926723977519735,-56.36363636364122,0.22386136361396466,0.10671055112982337,31.043418386121346,-2.242497506254999,0.4073032961522268,0.03688483783434607,-0.00025882354240160804,2.212278640114844,-0.8492405362483176,59.30867418640633,-1.5295071733398373,-18.40547997875109,0.09269670384777318,-2.242497506254999,-0.1491953840952731,0.8345046835190365,68.05555555555556,0.00026635016167930736,0.00026635016167930736,0.00011682024635062405,0.00016354834489074044,9.345619708045483e-05,0.00018691239416090966,1.0
1780685700,GBPJPY,bearish_exhaustion,1.4732107678181627,0.13036143392203445,-3.7541561679562454,0.7501930193013967,-0.865442194750868,-1.6156352140522647,-1.3428493338961283,-3.88451760187828,2.506483337273443,1,0.3434239546300215,43.31912756875878,5.6216521495941905,87.64578340750849,68.63810077408851,19.007682633419975,11.88915338570465,9.602164309034269,7.70576843398255,-9.734969406747009,-29.72027972027538,0.3434239546300215,0.11977811770472757,28.386720973788588,-2.6566974123327576,0.5169513910767914,0.03691055248828252,2.5714653936449727e-05,2.0096869342183408,-0.11490953009299876,56.896375338562585,-2.4122988478437435,-12.282978031795711,0.016951391076791444,-2.6566974123327576,-0.20259170589650344,0.7885359649227088,56.018518518518526,0.0,-0.00014949009861675577,-0.00010277444279915837,-0.00017284792652560999,-7.941661489008212e-05,-0.0002569361069976184,0.0
1780686000,GBPJPY,bearish_exhaustion,1.2708181185395022,0.3154694223915922,-3.5922643620147574,0.6405761496133104,-0.8086539702749872,-1.4492301198882978,-0.9553486961479101,-3.9077337844063496,2.4282000742490477,1,0.4221769262967246,43.31912756875878,0.0,95.17344814656364,82.60292165386034,12.570526492703308,36.31740611653705,24.428252730832398,14.82608842179813,8.315569126716948,-19.600000000002638,0.4221769262967246,0.07561647688691571,25.366669948787536,-3.0200510250010524,0.5454931553703111,0.03657649891870837,-0.0003340535695741456,1.811541619216206,-0.10491528580782339,54.25751080495841,-2.6388645336041776,-9.411526191250772,0.04549315537031107,-3.0200510250010524,-0.19814531500213484,0.7645840920809002,52.31481481481482,-0.00014949009861675577,-0.00010277444279915837,-0.00017284792652560999,-7.941661489008212e-05,-0.0002569361069976184,-0.0003783968121237047,0.0
1780686300,GBPJPY,bearish_exhaustion,0.7306507661258455,0.11700812980684044,-3.883889855382232,0.19971406493353736,-1.1473825262709045,-1.347096591204442,-0.613642636319005,-4.000897985189073,1.8894381274814362,1,0.44627532425373545,40.91537715334064,-2.4037504154181377,86.72418047083056,89.8478040083009,-3.123623537470337,58.34511777011089,22.02771165357384,-2.4005410772585662,9.662984990089651,-24.888888888894673,0.44627532425373545,0.016533419207830233,21.37712730099103,-3.9895426477965046,0.5196715601995298,0.03593799543702989,-0.0006385034816784804,1.5596697927108598,-0.4730313886561509,51.84264133054584,-2.414869474412569,-9.174463963665247,0.01967156019952976,-3.9895426477965046,-0.2518718265053461,0.8476612700528663,71.29629629629629,4.672264038974028e-05,-2.336132019487014e-05,7.008396058494348e-05,-0.0001074620728966913,-0.00022894093791026027,-0.00015418471328643157,0.0
1780686600,GBPJPY,bearish_exhaustion,0.6685611981817171,0.4200279271135216,-3.7190223926088906,0.2875185026722922,-0.9707865623627852,-1.2583050650350773,-0.24853327106819545,-4.139050319722412,1.9200892483278404,1,0.4718767689280851,41.99851440658012,1.083137253239478,76.58904533569158,86.16222465102861,-9.573179315337029,74.26576624097663,15.920648470865743,-6.107063182708089,23.404255319119486,-20.08928571429376,0.4718767689280851,0.0119698241522657,18.13127926624479,-3.245848034746242,0.5807941283530625,0.0348711656454126,-0.0010668297916172909,1.3759404125034231,-0.31983340713226865,49.60026253287702,-2.2423787976688203,-8.77936508317579,0.08079412835306254,-3.245848034746242,-0.18372938020743668,0.7917071729834944,57.407407407407405,-7.008068623004515e-05,2.336022874338539e-05,-0.00015417750970614374,-0.00027565069917168117,-0.0002008979671928035,-0.0006026939015786326,1.0
1780686900,GBPJPY,bearish_exhaustion,0.3837156954337161,0.3630116111470469,-3.8865707021647946,0.07544518573710755,-1.1177325444302992,-1.193177730167407,-0.02070408428666922,-4.2495823133118416,1.6150943263860178,1,0.4714130146486918,40.79057595687092,-1.2079384497092036,60.94825269456436,74.75382616702883,-13.805573472464474,84.6794867984489,10.413720557472274,-5.506927913393454,23.897667419160868,-26.78571428571655,0.4714130146486918,-0.014717343609994759,15.645050292452664,-2.486228973792125,0.5785542486831843,0.03385109764276142,-0.0010200680026511838,1.2335813639058264,-0.4854366021706224,47.690013292327016,-1.9102492405500016,-9.680197755879046,0.07855424868318428,-2.486228973792125,-0.14235904859759674,0.6602878757127849,39.351851851851855,9.344746383588287e-05,-8.410271745229458e-05,-0.0002055844204388313,-0.000130826449370125,-0.0005326505438643103,-0.000784958696220972,0.0
1780687200,GBPJPY,bearish_exhaustion,0.5575101785489941,0.7681888321394901,-3.574371170439473,0.30882514391687904,-0.8092089857281566,-1.1180341296450356,0.210678653590496,-4.3425600025789635,1.8114346861638906,1,0.48829794795016224,43.138856013919394,2.348280057048477,53.780722470045816,63.77267350010059,-9.991951030054771,91.11304523820475,6.433558439755842,-3.980162117716432,50.20576131686422,-17.857142857140136,0.48829794795016224,-0.0011877419624983653,13.493084350535932,-2.151965941916732,0.6856347441640517,0.03259820917482469,-0.0012528884679367247,1.1179964119814623,-0.19670363354716974,45.72257908323862,-1.9674342090883954,-8.41202392560449,0.18563474416405168,-2.151965941916732,-0.11558495192436413,0.5774576565144175,28.703703703703702,-0.00017753359122429924,-0.0002990039431145508,-0.0002242529573358576,-0.0006260395058960144,-0.0008783240828988959,-0.0008596363364541393,0.0
1780687500,GBPJPY,bearish_exhaustion,-0.08413909285930055,0.2930361509904332,-3.9475741290821142,-0.20194569953821986,-1.2688315052280392,-1.0668858056898194,0.3771752438497337,-4.240610280072548,1.137451024174519,1,0.44723571532187584,39.90083735183108,-3.238018662088315,35.02696871629255,49.91864796030091,-14.891679244008358,94.94317353859253,3.830128300387784,-2.603430139368058,36.22710622712186,-34.82142857143152,0.44723571532187584,-0.04701980832812791,12.709419361769521,-0.7836649887664109,0.5742746655234929,0.03221100079303837,-0.0003872083817863248,1.0638607905242286,-0.6788968540224927,44.262075437439215,-1.460503645799406,-10.600575622947435,0.07427466552349293,-0.7836649887664109,-0.05413562145723372,0.481068202322604,17.12962962962963,-0.00012149192078736437,-4.672766184121713e-05,-0.0004485855536761063,-0.000700914927618923,-0.000682223862882303,-0.0005513864097268506,0.0
1780689600,GBPJPY,bearish_exhaustion,-1.9627592035428607,-2.3455409947237738,-5.3729439534714425,-1.776234354472514,-3.0154978380264317,-1.2392634835539178,-0.3827817911809132,-3.027402958747669,-3.5060056906572528,0,-0.02081524783472603,29.13554496839342,-5.380505090490345,16.51388888889126,15.253394511644602,1.2604943772466566,99.38849251497348,0.15758364822929138,0.2963401885679673,-148.60079954318374,-97.91666666666666,-0.02081524783472603,-0.07650806181279675,13.592221218650524,1.253918381775902,-0.05308547962921395,0.03207497111396267,0.0012508943730431266,1.096587551889911,-2.444036266422356,43.47149399269275,0.28168293714436743,-22.754607647285866,0.553085479629214,1.253918381775902,0.03591429014367242,0.44184585492179085,23.75,3.7417797775551875e-05,-0.00013096229221420952,-4.209502249741259e-05,-0.00034611462942335525,-0.0003554690788672987,-0.00033208295525766207,0.0
1780694100,GBPJPY,bearish_exhaustion,-1.09288509289101,-2.6827436994720513,-5.914365343923908,-1.5050073568228317,-3.3051372014812865,-1.8001298446584546,-1.589858606581041,-3.231621644451857,-1.1781240416404084,0,-0.053315875038723,20.911537171022644,-2.784786837182196,27.63739397618659,32.4074527657589,-4.770058789572307,1.4471450423317225,0.9548033870337742,1.3650721692421097,-100.43134690735441,-97.08737864078117,-0.053315875038723,0.004102243637434507,22.122104021226257,-1.5250006909532274,0.12719876430931829,0.030766840959585783,-0.00012611495648845103,1.8444961550901426,-2.5572526580418926,54.596368527627135,0.20014974594219126,-26.887031828221858,0.3728012356906817,-1.5250006909532274,-0.12028252109972026,0.6795932082423677,83.125,4.683094963797707e-05,0.0003652814071763988,0.00018264070358831042,0.00032781664746606154,0.0003512321222851611,0.0005900699654388664,1.0
1780694700,GBPJPY,bearish_exhaustion,0.43014689470363154,-1.0714136807421244,-4.413433653452327,-0.09637618418545747,-1.8127217109092402,-1.7163455267237828,-1.501560575445756,-3.342019972710203,1.4074659422291118,1,0.0834520610626818,34.90515707028631,12.002314160346415,43.22811447811761,31.14191397889058,12.08620049922703,1.8318185956448447,0.5077589671376093,0.6308443809620963,-59.875819547555544,-71.38263665594964,0.0834520610626818,0.10663177902779003,20.37496745180877,-0.9852070593477755,0.34438587718149144,0.029602368856051022,0.00019826945765502937,1.7827386645004266,-1.0724983304710993,53.37218909672072,-1.4476402705948956,-17.268501391068774,0.15561412281850856,-0.9852070593477755,-0.11373420846234938,0.7402923143117279,93.125,-0.00018257401269583529,-3.7451079527239806e-05,-1.4044154822645538e-05,0.00022470647716410497,0.00036982941033270045,0.0001638484729322709,0.0
1780695000,GBPJPY,bearish_exhaustion,-0.09930841549825205,-1.4800157406433658,-4.846250676286657,-0.6111742901860537,-2.2784285460909137,-1.6672542559048602,-1.3807073251451139,-3.3662349356432912,0.8008743185299145,1,0.12454109347527388,31.843298979467605,-3.0618580908187027,60.23148148148812,42.00660981399109,18.224871667497027,15.0926064129203,13.260787817275457,12.753028850137847,-59.930160492102466,-78.26086956521148,0.12454109347527388,0.04001641210275547,19.26169970101517,-1.1132677507936002,0.2754861365498121,0.02923205107153836,-0.00037031778451266165,1.71058504106636,-1.5480161884653432,52.02795170259689,-1.3442373941238301,-16.241137444287066,0.22451386345018792,-1.1132677507936002,-0.07215362343406673,0.6698380841840488,81.875,0.000145149433683045,0.0001685606326642386,0.0004073548622718359,0.0005525042959548809,0.0003464857449209102,0.00032307454593971663,1.0
1780695300,GBPJPY,bearish_exhaustion,0.4036828815065349,-0.7714102027171349,-4.1927451992583755,-0.09897033155274469,-1.6834696499171096,-1.5844993183643648,-1.1750930842236698,-3.421334996541241,1.294400170661089,1,0.1950067412071158,36.60367557338502,4.760376593917414,81.4814814814885,61.647025813698086,19.834455667790415,39.63465176400909,24.54204535108879,11.281257533813339,-46.658135643248755,-61.97183098590629,0.1950067412071158,0.06793128095440125,16.845170865890417,-2.4165288351247547,0.36885212995156536,0.028644895282030684,-0.0005871557895076769,1.5345266657180956,-0.9706930209161307,50.779731265196176,-1.248220437400711,-15.387950306316048,0.13114787004843464,-2.4165288351247547,-0.1760583753482643,0.7006012746317757,86.875,2.3407801351904567e-05,0.000262167375142619,0.0004072957435252711,0.00020130709162735627,0.0001778992902754517,7.49049643264943e-05,1.0
1780695600,GBPJPY,bearish_exhaustion,0.47195122456514293,-0.5390179775298193,-3.941206717423514,-0.014791989323631172,-1.5027285014753429,-1.4879365121517116,-1.0109692020949623,-3.4021887398936945,1.3651147771326442,1,0.25209271108227727,37.36356910369428,0.7598935303092631,76.35023372888506,72.68773223062057,3.66250149826449,60.861500160779016,21.226848396769924,-3.315196954318864,-34.34708555532113,-59.62441314553276,0.25209271108227727,0.054505649743337756,15.613579006243103,-1.2315918596473132,0.40241955202390295,0.028270155401992358,-0.00037473988003832587,1.4435247547854282,-0.8149540848690059,49.255274197820924,-1.524457067375252,-12.821910672423437,0.09758044797609705,-1.2315918596473132,-0.09100191093266741,0.8197514041468373,99.375,0.00023875398508477197,0.0003838789564110101,0.00017789512614152514,0.0001544878727020027,5.149595756726022e-05,-6.554030963124013e-05,1.0
1780695900,GBPJPY,bearish_exhaustion,1.225359282367743,0.4314528273742522,-2.9219082806432373,0.7049227088285909,-0.6118816093166778,-1.3168043181452687,-0.7939064549934909,-3.353361108017489,2.152418564152025,1,0.3441801570456181,44.65113125773591,7.28756215404163,90.6000767922812,82.81059733421824,7.7894794580629565,75.95283721977674,15.091337058997723,-6.135511337772201,8.46506003284005,-6.802721088429586,0.3441801570456181,0.09107325472561699,13.881187129353894,-1.73239187688921,0.5875064931135385,0.028150156834100926,-0.00011999856789143143,1.2850278359391218,0.026879802827007616,46.95903277700868,-2.296241420812244,-7.678621362136187,0.08750649311353853,-1.73239187688921,-0.15849691884630634,0.6194985583166884,68.75,0.00014509033043164088,-6.0844332116505306e-05,-8.424599831513557e-05,-0.00018721332958904213,-0.00030422166058219346,-0.00017785266310954562,0.0
1780696200,GBPJPY,bearish_exhaustion,1.5227961503225533,1.0124357430327968,-2.232992483323204,1.0291055448335629,-0.08901851971386249,-1.1181240645474253,-0.5103604072897564,-3.245428226356001,2.528124070822383,1,0.4297991714727309,48.56821676641153,3.917085508675619,88.4132402742274,85.12118359846455,3.2920566757628507,85.737462179582,9.784624959805257,-5.306712099192481,67.13950716947345,-13.402061855674333,0.4297991714727309,0.08678178776937534,12.784496333384809,-1.096690795969085,0.7237152296225108,0.028241483737621045,9.132690352011905e-05,1.172693694483154,0.48899072092654466,43.6934745796079,-3.265558197400779,-0.5963609432591532,0.22371522962251078,-1.096690795969085,-0.11233414145596776,0.44249216338032865,25.0,-0.00020590478775428522,-0.0002293030590900802,-0.0003322554529671118,-0.0004492468096457536,-0.000322896144432816,-0.00014038962801432575,0.0
1780604700,GBPUSD,bearish_exhaustion,-0.8804044289994034,-1.779872733428698,-3.3760390308841735,-1.108339105304268,-2.0868949140290387,-0.9785558087247707,-0.8994683044292945,-1.5961662974554756,-1.2824788926358597,0,-0.03659931661825946,29.171893880650046,-5.90061016901079,29.62962962964562,34.700232967252994,-5.070603337607373,0.1433673472977412,0.11614756367171716,0.1401324098442426,-103.83189122369909,-100.0,-0.03659931661825946,-0.025414778688103695,9.34266687673607,-0.28750790192564857,0.09074037013279374,0.021490519231828528,0.0004139099252471398,1.1537085913785454,-1.6858049621543094,33.58969105497475,0.3993550971535811,-11.601356063494311,0.40925962986720626,-0.28750790192564857,-0.07998150613570942,0.9058625365002895,89.47368421052632,4.469373617288497e-05,0.0001564280766050974,0.00012663225248976673,0.00011173434043199038,-7.448956028888176e-06,7.448956028666132e-06,1.0
1780657500,GBPUSD,bullish_exhaustion,1.0257425063214451,2.220563447751392,5.627493915177398,1.469138161841136,2.9169786855227455,1.4478405236816094,1.1948209414299464,3.406930467426007,1.803503307818799,1,-0.04756982738466105,71.0844011074624,7.635136860695248,49.87002376708667,43.37278008847574,6.497243678610928,98.79994825806318,-1.2000474248701636,-1.200051456022436,90.60155905283679,-2.5806451612930026,-0.04756982738466105,0.04565019143064822,15.330207227202603,-0.09628826234356858,0.882134735458503,0.02636616775027627,0.0017335130530448974,1.4166494445321456,2.3166590193742125,61.754250242998424,0.3747614768008418,22.07530037978111,0.38213473545850296,-0.09628826234356858,-0.15048804094074786,0.6872332502484902,43.51851851851852,0.0004235052863861277,0.00012630859418538698,0.00027490694028564633,0.00030462660950592024,0.00013373851149034444,0.00020060776723562768,0.0
1780660800,GBPUSD,bullish_exhaustion,0.6559927049552066,1.5287726986734216,5.153343549999169,0.9189029156192365,2.2633416033687386,1.3444386877495023,0.872779993718215,3.624570851325748,1.967500656893312,1,-0.08174564128253033,68.93716640800623,1.077454278056777,82.06941089640384,70.75060077986184,11.318810116541997,43.580764544432775,-18.444100655665366,-6.692563233102042,95.66517189830164,-26.060606060602957,-0.08174564128253033,0.006442339436751491,11.842916002351803,0.36900679965060057,0.8406537873931937,0.026378723695169224,-0.0003739929225432502,1.139187795595626,1.6782770397609599,65.4556372773901,0.2660204696768318,24.1111466885522,0.34065378739319374,0.36900679965060057,0.05610874160596668,0.5359127838155213,24.074074074074073,8.912060245536146e-05,0.0002896419579796472,0.0005421503316029863,0.0007500984039985337,0.0010397403619781809,0.0011511411150473272,0.0
1780661100,GBPUSD,bullish_exhaustion,0.8628784636700998,1.7545195427960398,5.3763080809704915,1.0863871777895893,2.46055981863878,1.3741726408491906,0.89164107912594,3.621788538174452,2.2252979694516988,1,-0.06626563014080065,70.53290710854273,1.5957407005364956,80.9259176764095,78.27081940081744,2.655098275592053,28.07454824440824,-15.506216300024533,2.9378843556408327,107.51722072478456,-18.787878787868102,-0.06626563014080065,0.017246563460797656,12.256157181329362,0.4132411789775592,0.869768961112826,0.025818427632988313,-0.0005602960621809115,1.213611861388268,1.8635350078895545,65.83208879376586,0.37645151637576646,24.92722700610234,0.369768961112826,0.4132411789775592,0.07442406579264205,0.3302650926367271,4.166666666666666,0.00020050348653288808,0.00045298935846305177,0.0006609189000525983,0.0009505350472667207,0.0010619258731183745,0.0008094400011879888,0.0
1780661400,GBPUSD,bullish_exhaustion,1.4661925962535198,2.3157218358470955,5.899844011823262,1.57561273539242,2.9959295586661936,1.4203168232737733,0.8495292395935757,3.5841221759761663,2.875836469275811,1,-0.015546635494852678,73.79484165190676,3.2619345433640348,85.92717269648328,82.97416708976554,2.9530056067177384,17.179357108300046,-10.895191136108195,4.6110251639163415,136.42096306089726,-4.2168674698804045,-0.015546635494852678,0.050687336978879526,12.769418957281244,0.5132617759518823,0.9686248468894041,0.02582558987401393,7.1622410256176605e-06,1.260731731873296,2.3875439217509364,66.45543509888034,0.623346305114481,28.064031182790977,0.4686248468894041,0.5132617759518823,0.04711987048502797,0.39710470331426817,9.722222222222223,0.0002524352577808475,0.0004603231171298461,0.0007498812069375305,0.0008612497030171529,0.0006088144452363053,0.0005122950819671512,0.0
1780661700,GBPUSD,bullish_exhaustion,2.148663193883265,3.029332384535307,6.497444410765121,2.1244510126917593,3.6180243556265004,1.4935733429347413,0.8806691906520417,3.468112026229815,3.6078042602972134,1,0.06522654428946183,77.21527804869076,3.420436396783998,91.3579737794691,86.07035471745395,5.287619062015153,15.046104942398959,-2.1332521659010872,8.761938970207106,170.89168054987326,-0.735294117635534,0.06522654428946183,0.08051523596662151,14.532523224760903,1.7631042674796582,1.04771946854478,0.026254679814922983,0.0004290899409090526,1.3983075156184492,2.994015266718002,67.29097103777536,0.8355359388950205,31.28146582120079,0.5477194685447799,1.7631042674796582,0.13757578374515322,0.5729351335106904,27.77777777777778,0.00020783539436752818,0.0004973204079512517,0.000608660797790872,0.00035628924748731805,0.0002597942429594102,0.00023010347233554107,0.0
1780664100,GBPUSD,bullish_exhaustion,-0.18294921704054676,1.4286181507147442,4.777126908491747,0.4340959875322113,1.985020752501125,1.5509247649689135,1.611567367755291,3.3485087577770027,-2.226599588571463,0,-0.08059823413834859,65.6067232968412,1.749478223159997,21.165770207674374,27.509874723976083,-6.344104516301709,93.83525764054934,-1.900775160178938,-4.081092191576758,60.28171107892128,-39.1705069124431,-0.08059823413834859,-0.05972555847769331,19.265704123369982,-0.35571047793868615,0.7046309780361115,0.027584741714892533,-0.0004690487307085871,1.7404883365153532,1.323006255702177,63.54463462560776,-2.106935513435282,17.371313783042467,0.20463097803611152,-0.35571047793868615,0.010615275965595972,0.5921349807079269,30.555555555555557,-0.00023748738348261522,-0.00020780146054744097,-0.0005417680935699831,-0.0003710740366917875,-0.00028943774861955873,-0.00021522294128117903,1.0
1780664400,GBPUSD,bullish_exhaustion,-1.0961732444160794,0.4496438793844076,3.6775015981358736,-0.3571711020397948,1.0292836260307379,1.3864547280705326,1.5458171238004872,3.227857718751466,-2.99491558308289,0,-0.18159035635828502,58.1457334275545,-7.460989869286699,15.939325113564978,19.934413847580448,-3.9950887340154697,88.89332576742902,-4.941931873120325,-3.041156712941387,34.07576622879616,-59.3908629441562,-0.18159035635828502,-0.10188530136353843,18.817704867683847,-0.44799925568613475,0.5666758029896691,0.02790048383069518,0.00031574211580264605,1.6743412225667935,0.413429303750239,60.8168415915413,-2.7277930340664653,12.150871389539887,0.06667580298966913,-0.44799925568613475,-0.06614711394855965,0.4664080458541272,15.74074074074074,2.9692974642170356e-05,-0.0003043529900825792,-0.00013361838588998864,-5.1962705623909144e-05,2.226973098173879e-05,5.1962705623909144e-05,1.0
1780664700,GBPUSD,bullish_exhaustion,-0.971173918414144,0.44313126878429476,3.577953310351517,-0.2116012274421455,1.0487620278081644,1.26036325525031,1.4143051871984387,3.134822041567222,-2.757024985660161,0,-0.24278189045212195,58.77681334469214,0.6310799171376402,25.037964569343,20.714353296860782,4.323611272482218,77.2018700113859,-11.691455756043112,-6.749523882922773,6.438786117237296,-57.3604060913736,-0.24278189045212195,-0.0616784400555355,18.354799258662815,-0.46290560902103195,0.5675462889074395,0.027974665068634778,7.418123793959813e-05,1.6282372927116024,0.4690828428420451,57.23704237876638,-3.5797992127749154,5.377134244960271,0.06754628890743952,-0.46290560902103195,-0.04610392985519107,0.5071415873132752,20.37037037037037,-0.00033403604620074745,-0.00016330651147589137,-8.165325573783466e-05,-7.423023248742666e-06,2.2269069746894132e-05,-0.00026722883696062016,1.0
1780665000,GBPUSD,bullish_exhaustion,-1.907481958575472,-0.8126856648474438,2.1616403416585204,-1.160136174626338,-0.13122954812661214,1.0289066264997258,1.0947962937280284,2.9743260065059642,-3.631930425182936,0,-0.34979345614231855,49.69814752023377,-9.07866582445837,15.255355873691435,18.74421518553314,-3.488859311841704,55.26917424916674,-21.93269576221917,-10.241240006176056,-17.027360759127777,-86.33879781420308,-0.34979345614231855,-0.11298712204642165,17.42456715444066,-0.9302321042221564,0.3662196536801198,0.028690159580448828,0.00071549451181405,1.4944216626683415,-0.6397929127021915,54.06468699179562,-3.1723553869707644,5.979376017137483,0.13378034631988017,-0.9302321042221564,-0.1338156300432609,0.35349314710076024,6.018518518518518,0.0001707865836000355,0.0002524671235826226,0.0003267221599305703,0.00035642417446957175,6.682953271308634e-05,3.712751817386284e-05,0.0
1780665300,GBPUSD,bullish_exhaustion,-1.0735452527500455,-0.31789446804716665,2.6088191918775125,-0.4811914849762183,0.4325845318110216,0.9137760167872399,0.7556507847028788,2.9267136599246792,-2.764687265645567,0,-0.3794060949554272,53.639657540056184,3.9415100198224167,24.49337629788747,21.595565580307298,2.897810717580171,35.968706746320265,-19.300467502846473,2.6322282593726953,-28.21857159498842,-79.88165680473294,-0.3794060949554272,-0.027244599710977025,16.4690977569392,-0.9554693975014601,0.44500762982835024,0.02849237226133884,-0.00019778731910998631,1.4280264134011702,-0.040546862409741424,50.820693274886985,-3.2439937169086335,3.9147777104581962,0.05499237017164976,-0.9554693975014601,-0.06639524926717133,0.21718075957800415,0.9259259259259258,8.166659242436758e-05,0.00015590894917361098,0.00018560589187344156,-0.00010393929944918501,-0.00013363624214890457,-0.00011136353512408714,0.0
1780665600,GBPUSD,bullish_exhaustion,-0.5363198089974711,-0.15323423114205081,2.764556887368853,-0.166924251507006,0.6752071609953929,0.8421314125023989,0.3830855778554203,2.917791118510904,-2.147700509379802,0,-0.37524377936982256,55.438081453449776,1.7984239133935915,27.332939089304308,22.36055708696107,4.972382002343238,22.151413184028577,-13.817293562291688,5.483173940554792,-13.95904831681695,-74.25149700597983,-0.37524377936982256,0.009444508051834494,15.200676484970911,-1.268421271968288,0.47167547325624765,0.02809884597654896,-0.00039352628478988086,1.3452369597526213,0.2257428711759446,48.240135681896405,-2.58055759299058,6.705153982606365,0.028324526743752354,-1.268421271968288,-0.08278945364854895,0.24998628809225845,1.8518518518518516,7.423629412417476e-05,0.00010393081177384467,-0.00018559073531054793,-0.00021528525296021783,-0.00019301436472307643,-4.454177647461588e-05,0.0
1780665900,GBPUSD,bullish_exhaustion,-0.12443127405145298,-0.014257750151471162,2.7971113479602905,0.080760836473144,0.8534718698902048,0.7727110334170608,0.11017352389998182,2.811369098111762,-1.5259028362237759,0,-0.3374285409569709,57.06855203702663,1.6304705835768516,52.936803823607704,34.92103973693316,18.015764086674544,13.15923649744851,-8.992176686580066,4.825116875711618,-6.454900628501387,-68.2634730538849,-0.3374285409569709,0.030763174097420996,13.884862461486243,-1.315814023484668,0.49705962055025993,0.02863490417045706,0.0005360581939081004,1.1975354616005789,0.43494821839652137,46.29609745823873,-1.944038223657678,9.44218392844795,0.0029403794497400715,-1.315814023484668,-0.14770149815204237,0.3571301209220162,6.481481481481481,2.9692313402440718e-05,-0.00025980774227074566,-0.0002895000556731864,-0.00026723082062141135,-0.00011876925360954083,-0.00025238466392007997,1.0
1780666200,GBPUSD,bullish_exhaustion,0.07843406098558474,-0.014379577847057262,2.760356052956321,0.15740971123255107,0.8938363415740189,0.7364266303414678,-0.092813638832642,2.774735630803378,-1.141901458948444,0,-0.3065589716452254,57.73471059136625,0.6661585543396242,68.09762253706106,49.45578848332436,18.641834053736694,7.6213832014413665,-5.537853296007144,3.4543233905729203,-0.2199494115823857,-65.86826347304427,-0.3065589716452254,0.03375278308201393,12.868186258855726,-1.0166762026305172,0.4968274043270093,0.028391458463914127,-0.00024344570654293365,1.1244214739180354,0.49150598137702634,44.565071228685674,-1.731026229553052,9.402902930183657,0.003172595672990719,-1.0166762026305172,-0.07311398768254351,0.4583777345512455,15.277777777777779,-0.00028949146000201154,-0.00031918289179710957,-0.0002969143179508693,-0.00014845715897549017,-0.00028206860205315376,-0.0004379486189773907,1.0
1780678800,GBPUSD,bearish_exhaustion,-0.22932662601651863,-1.3036436893728895,-5.894997280819462,-0.6682120545114743,-2.2639370851891147,-1.5957250306776405,-1.074317063356371,-4.591353591446572,-0.7668330296042316,0,0.17290928757956409,32.590628892601174,-1.7654093134542563,36.74581818299264,33.99598440768002,2.7498337753126236,1.0762683238224233,1.0762683237775925,1.0762683238205284,-70.26159587015066,-88.17891373802004,0.17290928757956409,0.016394544099859572,27.87951385961814,-1.286579456256213,0.23204793514395486,0.0573466368656719,-0.0010648617208576933,1.2211860857645125,-1.5583542928862286,49.93335664693963,-0.10713689518618708,-18.8424942088729,0.26795206485604517,-1.286579456256213,-0.023133794436882793,0.8206044762496922,64.81481481481481,-0.00022416666043978406,-0.0006650277593048814,-0.000582833317143483,-0.0006276666492314176,-0.0005678888731140974,-0.0009938055279499203,0.0
1780679100,GBPUSD,bearish_exhaustion,-0.5442287300783777,-1.5517155742956887,-6.156156108185106,-0.9129480762257776,-2.5042029986667327,-1.5912549224409553,-1.007486844217311,-4.604440533889418,-1.061909717225355,0,0.16839377606863268,30.8259459449838,-1.7646829476173735,37.00007701849023,37.78091295071208,-0.7808359322218479,2.9304556931137506,1.8541873692913273,0.7779190455137348,-89.3271774933745,-95.98662207357465,0.16839377606863268,-0.007752763437511465,27.542506827117325,-0.3370070325008143,0.1830586517812974,0.056305332116645054,-0.0010413047490268473,1.2377843942817186,-1.7966276451805203,50.13051656423721,0.19715991729758287,-21.047832119433444,0.31694134821870257,-0.3370070325008143,0.016598308517206117,0.8172661723382822,63.42592592592593,-0.00044095994738380107,-0.0003587470758377176,-0.000403590460317349,-0.00034379928101102575,-0.000769811433568357,-0.0011659279964723046,0.0
1780679400,GBPUSD,bearish_exhaustion,-1.2228809593119072,-2.1646476076910024,-6.777753674157836,-1.4577455939096402,-3.09174015000894,-1.6339945560992997,-0.9417666483790953,-4.613106066466834,-1.8740954062222386,0,0.12267005265041739,27.654513852442747,-3.1714320925410533,16.439329354933722,30.061741518805533,-13.622412163871811,4.668264148412433,1.7378084552986826,-0.11637891399264433,-120.67687747035733,-100.0,0.12267005265041739,-0.048372954600121906,28.268442289441364,0.7259354623240384,0.075843554132332,0.05545769121022443,-0.0008476409064206228,1.297246574995677,-2.3708129244910885,50.67602065325087,0.5455040890136615,-24.378230539562708,0.424156445867668,0.7259354623240384,0.05946218071395837,0.7986385688891425,59.25925925925925,8.224914012266993e-05,3.7385972783132715e-05,9.720352923592301e-05,-0.00032899656049045767,-0.0007252878719903322,-0.0008673545685657924,1.0
1780680600,GBPUSD,bearish_exhaustion,-1.2713533732600024,-2.0922844085652867,-6.8252060977740925,-1.3937465161734333,-3.067922865147182,-1.6741763489737487,-0.8209310353052846,-4.732921689208806,-1.2931480025160318,0,0.10080674092146952,26.575221766551977,-3.3829809816644882,19.508936149577085,18.402536736606773,1.1063994129703119,3.896177406812598,2.1115057750652095,3.0954183313487085,-138.1776975105419,-98.64253393665277,0.10080674092146952,-0.033176313504699594,24.110775628159672,-3.3084460637339,0.053763200008350415,0.05147820077367304,0.00020457675781065943,1.2170601840449322,-2.323683571380613,53.509055380862755,0.8938555735304732,-26.66982031444317,0.44623679999164956,-3.3084460637339,-0.18059716101142942,0.7969905112145151,58.333333333333336,-0.0003964217328864539,-0.000538535184298583,-0.0008377213977980302,-0.0007928434657730188,-0.0008676400191477418,-0.0013014600287217792,0.0
1780684200,GBPUSD,bearish_exhaustion,-0.6464592625219713,-2.6935802605069155,-7.12775626144814,-1.1404656490041547,-3.40852069874635,-2.268055049742195,-2.047120997984944,-4.434176000941225,0.8018099380115231,1,0.0014479698840871825,24.28987533355881,-0.9602149629700278,37.03923290880096,23.273241222433423,13.765991686367538,0.44501598223952704,0.42697963707002484,0.44208254318587575,-90.40731821253907,-86.40226628895094,0.0014479698840871825,0.0649622727007335,41.71198405492597,-0.2560005055217047,0.2106900665970672,0.04485580778452463,-0.0005051535663027906,2.4284203926957013,-2.4480265230784477,64.87041766561218,-0.68166758376519,-26.080742797145625,0.28930993340293276,-0.2560005055217047,0.014589067063802474,0.9564080255239121,95.83333333333334,-6.743593586089336e-05,-0.00025475797991902915,3.746440881147173e-05,0.0004046156151655822,0.0007417952944703821,0.0006368949497976839,0.0
1780684500,GBPUSD,bearish_exhaustion,-0.5914723148442675,-2.577374999858121,-7.081849332498915,-1.1242315198551893,-3.391821098251547,-2.267589578396358,-1.9859026850138535,-4.504474332640794,0.6365204969631637,1,0.05474429235929552,23.774416865597956,-0.5154584679608547,48.13350900307924,36.693220896123414,11.440288106955826,1.3716522402414257,0.9266362580018987,0.4996566209318738,-91.37719962245042,-88.95184135977028,0.05474429235929552,0.053253883887456485,39.774243056768086,-1.937740998157885,0.21790828852484895,0.04358150149813999,-0.001274306286384641,2.4048579440306184,-2.419805131529745,64.34625792596661,-0.5241597396455688,-26.524215940737733,0.28209171147515105,-1.937740998157885,-0.023562448665082947,0.9491841848969519,93.98148148148148,-0.0001873346771474882,0.00010490741920232693,0.0004720833864113594,0.0008092858052768381,0.0007043783860742892,0.0005395238701844107,1.0
1780684800,GBPUSD,bearish_exhaustion,-0.7477523851974764,-2.6910391071927364,-7.1770317306647575,-1.3299528383238606,-3.578844419323613,-2.2488915809997523,-1.9432867219952599,-4.485992623472021,-1.4781151800410293,0,0.07989208236572996,22.355260313201228,-1.4191565523967284,36.39169472503042,40.52147887897021,-4.129784153939788,3.117146729634502,1.7454944893930764,0.8188582313911779,-93.99961036429944,-92.7215189873434,0.07989208236572996,0.024524925986294972,38.07807496841829,-1.6961680883497934,0.19576316417661604,0.04309929657828868,-0.0004822049198513062,2.3282601229165727,-2.607593206684908,64.03962244600292,-0.30663547996368834,-27.642507479624445,0.30423683582338396,-1.6961680883497934,-0.07659782111404567,0.8872739277818363,80.0925925925926,0.0002922968536867021,0.0006595416185750658,0.0009968072189827648,0.0008918801433004386,0.0007269947386565612,0.0007419843208971155,1.0
1780685100,GBPUSD,bearish_exhaustion,0.1313199809291663,-1.7342992148087684,-6.220364856667081,-0.5552856398258295,-2.7042810739904546,-2.148995434164625,-1.8656191957379347,-4.486065641858313,-0.7676090618600435,0,0.15665892805495166,29.432063732273335,7.076803419072107,39.36588103254528,41.297028253551645,-1.9311472210063627,5.1043510722318715,1.9872043425973693,0.24170985320429317,-73.65960258168309,-74.59016393443264,0.15665892805495166,0.0762167284826232,35.66178925056671,-2.4162857178515793,0.2920486370064846,0.04279204697235362,-0.00030724960593506156,2.1907420577034586,-1.7576669743351527,63.277356303738294,-0.7622661422646289,-23.96878675335923,0.2079513629935154,-2.4162857178515793,-0.13751806521311405,0.8703353808146707,76.38888888888889,0.00036713745176641943,0.0007043044993071401,0.0005994080845166394,0.00043457086127451916,0.00044955606338747955,0.00033716704754049864,1.0
1780685400,GBPUSD,bearish_exhaustion,0.9898067043010054,-0.6693718986331888,-5.0164025642079215,0.25266621952560514,-1.6865932170551263,-1.9392594365807314,-1.6591786029341942,-4.347030665574733,1.9174265999556928,1,0.2683369356077031,37.1792558600771,7.747192127803764,57.3270048760167,44.36152687786413,12.965477998152572,11.42875647933559,6.324405407103718,4.337201064506349,-39.13509163962453,-52.36051502146045,0.2683369356077031,0.11378253610332194,33.65864133123246,-2.0031479193342534,0.4137970177933716,0.04335881691333997,0.0005667699409863461,2.016881969816236,-0.8030876774787788,61.01848623330953,-2.258870070428763,-15.17147866362443,0.08620298220662842,-2.0031479193342534,-0.17386008788722274,0.883974238982032,79.62962962962963,0.0003370433063198952,0.0002321853887981007,6.740866126397904e-05,8.238836376706082e-05,-2.9959405006274586e-05,5.991881001254917e-05,1.0
1780686000,GBPUSD,bearish_exhaustion,1.181678048983934,0.20294036058612905,-3.9868789826569,0.5283301912360671,-1.0434186728474175,-1.5717488640834845,-0.978737688397805,-4.1898193432430295,2.2831252961718014,1,0.47713382843253543,41.907724891618116,-1.3792058222870125,92.27930566165635,77.4448499938638,14.834455667792554,92.33110977287753,5.621640335670804,-3.5743904442191337,5.500276395794204,-27.9187817258905,0.47713382843253543,0.06025007148995191,27.51459064845758,-3.2858223118027006,0.5322527091682027,0.04372424209015702,-0.00030594148127587734,1.618698209405053,-0.24515739163692882,56.72113299454893,-3.076055732996707,-7.714426382215851,0.032252709168202665,-3.2858223118027006,-0.1802512695544971,0.8676107659783591,75.92592592592592,-0.0001647384776667371,-0.0001497622524242459,-0.00026208394174254135,-0.0001722265902879272,-0.0003519412931970445,-0.0006065371223182847,0.0
1780686300,GBPUSD,bearish_exhaustion,0.6721333776967855,0.02344651317526747,-4.245034629886061,0.13005820030519596,-1.333569842300376,-1.4636280426055719,-0.648686864521518,-4.2684811430613285,1.7704077923332873,1,0.4913673141291279,39.76365979564157,-2.1440650959765435,84.71628045157338,86.57460851904938,-1.8583280674759948,95.65374241357586,3.3226326406983304,-2.299007694972474,7.758620689654745,-36.50793650794173,0.4913673141291279,0.007490704361647612,22.997531345378466,-4.517059303079115,0.5043964370436521,0.0431220521820692,-0.0006021899080878163,1.3764790211426026,-0.5706453157583031,53.86479552819485,-2.856337466354084,-7.264627927657568,0.004396437043652113,-4.517059303079115,-0.24221918826245048,0.6704895311426871,41.66666666666667,1.4978692809641814e-05,-9.736150326156157e-05,-7.489346404598862e-06,-0.00018723366011841325,-0.0004418714378795485,-0.00033702058821316605,0.0
1780686600,GBPUSD,bearish_exhaustion,0.5381140032968675,0.20995267669596734,-4.075199097751333,0.14165114619405325,-1.2216869629704785,-1.3633381091645318,-0.3281613266009002,-4.2851517744473,1.6782119204446984,1,0.4981164994486552,40.06386940044624,0.30020960480466385,72.97651436970399,83.32403349431125,-10.34751912460726,97.57096497035647,1.9172225567806152,-1.405410083917701,9.423112595072961,-26.060606060602957,0.4981164994486552,-0.0010394139709115247,19.64740425700539,-3.3501270883730747,0.5453646850952112,0.04244855968950926,-0.000673492492559942,1.1990432998027138,-0.49255634034873913,51.45812532412258,-2.4066702040722703,-8.616959763413295,0.04536468509521119,-3.3501270883730747,-0.17743572133988872,0.5349396082022597,23.61111111111111,-0.00011233851338710021,-2.2467702677331225e-05,-0.00020220932409664716,-0.00045684328777384486,-0.00035199400861263275,-0.0007863695937090354,0.0
1780686900,GBPUSD,bearish_exhaustion,0.22071953992273013,0.06422576776416225,-4.238538837141226,-0.10671945204357361,-1.4112336342163119,-1.3045141821727382,-0.15649377215856786,-4.302764604905388,1.299584060586455,1,0.48342345463266495,38.51353516828576,-1.5503342321604734,51.845201238389954,69.84599868655577,-18.00079744816582,98.6575293669625,1.086564396606036,-0.830658160174579,9.735921094528381,-35.15151515151817,0.48342345463266495,-0.027360709655724694,17.504174483487862,-2.143229773517529,0.5151909338062353,0.041400468195556366,-0.0010480914939528935,1.1039042517824404,-0.7025106030471199,49.241417991460146,-2.2167073326624305,-8.334175761044516,0.015190933806235263,-2.143229773517529,-0.0951390480202734,0.43385179611623903,12.037037037037036,8.98809077971574e-05,-8.988090779704638e-05,-0.0003445434798891034,-0.00023968242079230873,-0.0006741068084786805,-0.0009512396075199714,0.0
1780689600,GBPUSD,bearish_exhaustion,-1.6254381780580036,-2.1095116446796602,-5.12724623447472,-1.5223930816662608,-2.823488943115539,-1.3010958614492785,-0.48407346662165657,-3.0177345897950603,-3.162224832121819,0,0.01690560515506071,29.221334183475633,-4.52281454698084,17.681851611503195,16.364571789875892,1.3172798216273023,99.99512881113871,0.004371371993258322,-0.00387155512522952,-140.59794528446827,-98.6046511627918,0.01690560515506071,-0.055146027960569596,16.75250857693346,1.521087205858887,-0.0038161436675351835,0.040043931390134783,0.0010309527744852207,1.0698774278994654,-2.207750868219008,43.99703680475828,0.03200248389370586,-19.099310675521533,0.5038161436675351,1.521087205858887,0.0567130967878422,0.4735298937866143,33.125,7.498725216548152e-06,2.9994900866636698e-05,0.00032994390953544617,0.00036743753561885306,0.000202465580851241,0.00041242988691903015,1.0
1780613100,USDCAD,bullish_exhaustion,-0.4587476565713585,0.8952978458905185,2.7909615493369273,0.16343228829282583,1.208502405047657,1.045070116754831,1.354045502461877,1.8956637034464088,-1.8897641099278517,0,-0.03223900033088723,58.58314110713088,1.870567780305123,9.009009009008468,16.814606814614944,-7.805597805606476,99.16269271837237,-0.8312503811846597,-0.8366497276647351,37.16884143934007,-41.41414141414164,-0.03223900033088723,-0.058905480812467756,8.721382912290562,-0.09274391371774726,0.6496597908080942,0.01457693666079753,-0.0006242662938482947,1.5901660990563513,0.7874910078969011,27.64172316004335,-0.8110091810549278,6.980705821201674,0.14965979080809422,-0.09274391371774726,0.07216735278139552,0.3180590393247393,10.526315789473683,0.0001150474930431411,0.00017976170788003287,-0.0010929511839106176,-0.0009491418176065247,-0.00010785702472804193,-5.7523746521681574e-05,0.0
1780613400,USDCAD,bullish_exhaustion,0.131917106367976,1.526818360751673,3.43473058434959,0.7984372729808948,1.832157850805658,1.0337205778247631,1.3949012543836972,1.907912223597917,-0.9513556836252977,0,-0.026667482899135626,62.565085179582255,3.981944072451377,32.15715715714919,17.831879498548332,14.32527765860086,97.94086800951706,-1.2218247088553085,-0.3905743276706346,59.09270216963816,-26.88172043011369,-0.026667482899135626,0.005264655929419151,8.822414938532047,0.10103202624148544,0.7547225207041633,0.014715325161254284,0.00013838850045675387,1.5761042136374217,1.412990559522116,27.696590341963354,0.054867181920002395,12.353165266795505,0.25472252070416335,0.10103202624148544,-0.01406188541892961,0.4514659883892097,22.807017543859647,6.47067704850901e-05,-0.001207859715721571,-0.0010640668924213337,-0.00022287887611527335,-0.00017255138796024028,-0.0008052398104810843,1.0
1780614000,USDCAD,bearish_exhaustion,-4.474313479194757,-4.093906260316304,-2.9943482514611013,-3.9738970176445814,-3.744386238183293,0.22951077946128803,0.3804072188784532,1.0995580088552024,-5.5036851869758125,0,-0.3401479325973677,29.841515476025606,-34.78380902766129,58.27805417357882,51.05764968948662,7.220404484092207,98.48286075467055,0.5147829976207277,0.48757325008796215,-186.1901129636188,-89.76744186046051,-0.3401479325973677,-0.3379388482770177,12.27147932532862,3.4948121415620097,-0.2946413550326329,0.023842615461260746,0.00920359518285622,1.141503808770374,-3.89771188359412,29.543431787802575,1.3890692403840674,-30.664019683174086,0.7946413550326329,3.4948121415620097,-0.43018561228471297,0.9961845945636578,96.49122807017544,0.00014396671489547153,0.000986171997034102,0.0010365603472475282,0.0004031068017074091,0.0011445353834194094,0.0011877253978880287,1.0
1780655700,USDCAD,bearish_exhaustion,0.8447164522493665,-0.005171733381084198,-3.327838039643968,0.41213618220837067,-0.8286148721488158,-1.2407510543571865,-0.8498881856304507,-3.322666306262884,1.8963022397459288,1,0.21114296428433627,42.626876846369775,4.8301640583378145,81.88689217759018,65.42459478506328,16.462297392526906,1.0891914133759024,1.089043587671482,1.089179459812565,-15.495963626189168,-24.65753424658826,0.21114296428433627,0.08843730001119458,12.05822182815802,-2.1536186295392525,0.49910427629592446,0.020884384384166857,0.0001637175381722332,1.4067763453763396,-0.29364331339846905,50.530623380547624,-2.0353767030722096,-7.635967989137782,0.000895723704075535,-2.1536186295392525,-0.2653085900025425,0.5424087742043049,39.473684210526315,-7.200564524190156e-06,4.3203387145585026e-05,0.00012961016143675508,5.760451619418738e-05,-5.760451619396534e-05,-0.0003024237100187621,1.0
1780656000,USDCAD,bearish_exhaustion,0.7016506166000132,0.09899526026379905,-3.268580347633686,0.3219383016048634,-0.8051161896851319,-1.1270544912899954,-0.6026553563362141,-3.367575607897485,1.833322749713926,1,0.268528068210704,42.39055110289842,-0.2363257434713546,84.44862057265499,78.09433699615064,6.3542835765043435,6.287617024997644,5.198425611621742,4.10938202395026,-2.490942028932604,-12.903225806431973,0.268528068210704,0.05581151477772141,10.876453311318592,-1.181768516839428,0.5188684465664037,0.020730039607790393,-0.00015434477637646382,1.2851047279008017,-0.29908436839849234,48.56715360840784,-1.9634697721397814,-6.895277096262552,0.01886844656640374,-1.181768516839428,-0.1216716174755379,0.48753991366899885,31.57894736842105,5.040431460923145e-05,0.00013681171108248513,6.480554735488475e-05,-5.040431460934247e-05,-0.0002952252712832282,-0.00036723143501082856,1.0
1780663200,USDCAD,bearish_exhaustion,0.19799804950557104,-0.7484926265418466,-3.1565689043949816,-0.14351587121820125,-1.2560825462557208,-1.1125666750375196,-0.9464906760474175,-2.408076277853135,1.6985832671238397,1,0.08968733608471781,40.75783460419062,-0.8017575696271564,69.62751475916833,62.36625740666913,7.261257352499207,3.1619380714884886,3.0979709669125595,3.15356897929438,-44.059570823677994,-44.230769230784425,0.08968733608471781,0.051970974911676134,12.450157716702257,-1.534215461465946,0.3555827592333199,0.024026165463627968,-0.0005166152546044779,1.28770738583919,-0.7753667435334949,50.10963321964108,-0.472713850857005,-16.14593981718642,0.1444172407666801,-1.534215461465946,-0.1144343884069896,0.6375433373993702,35.648148148148145,-2.1623335904052965e-05,0.00011532445815531922,0.00015857112996342515,0.00035318115310056797,0.00035318115310056797,0.0005549989548723211,1.0
1780663500,USDCAD,bearish_exhaustion,0.15680672904189338,-0.7056302806861308,-3.168110854979811,-0.20250774157684143,-1.2773949490898733,-1.0748872075130318,-0.8624370097280242,-2.4624805742936804,1.5556211406230431,1,0.1258333770000746,40.25602540446674,-0.5018091997238798,73.59856327246527,69.35685697820601,4.241706294259259,10.0783066895026,6.916368618014111,3.8183976511015523,-60.74502738807584,-47.115384615397545,0.1258333770000746,0.03391366229907709,11.602443346025034,-0.8477143706772239,0.35744835655089313,0.023443168635474427,-0.0005829968281535411,1.2427467998015045,-0.8024382190199105,49.97295041751777,-0.1366828021233104,-18.22086031484516,0.14255164344910687,-0.8477143706772239,-0.0449605860376856,0.6676273778818873,40.74074074074074,0.00013695075539166268,0.0001801983623572756,0.0003748125937033109,0.0003748125937033109,0.000576634759543504,0.0005982585630261994,1.0
1780663800,USDCAD,bearish_exhaustion,0.7473977553311466,-0.012561306812651473,-2.4978158596228783,0.329854518963929,-0.6555763328197913,-0.9854308517837204,-0.759959062143798,-2.485254552810227,2.0943275916259667,1,0.19275301413323837,44.8843074310839,4.628282026617157,73.77602556172478,72.33403453111947,1.4419910306053083,20.818362062829287,10.740055373326687,3.8236867553125755,-18.170909402613706,-28.846153846152617,0.19275301413323837,0.0642314019950218,10.72196944053571,-0.8804739054893229,0.49731134218891876,0.022949674281774704,-0.0004934943536997229,1.182687443693679,-0.20168861426869467,48.88288436391789,-1.0900660535998838,-13.691881620906313,0.002688657811081241,-0.8804739054893229,-0.060059356107825534,0.6335793751166268,33.7962962962963,4.3241684984263173e-05,0.0002378292674136695,0.0002378292674136695,0.00043962379734052703,0.00046124463983288067,0.0002378292674136695,1.0
1780685400,USDCAD,bullish_exhaustion,-0.21634574747762136,1.0270206173368974,5.559339690359024,0.22482994055104158,2.0190861235628454,1.7942561830118038,1.2433663648145188,4.532319073022126,-1.218499037518615,0,-0.18793949693371034,66.65815739641852,-0.723132550057727,39.16579938546247,65.43400370897392,-26.268204323511448,96.54931895530336,-3.450681044696026,-3.4506810446966085,57.93381812598525,-33.79310344827882,-0.18793949693371034,-0.07366384464290814,18.554270684205438,-1.3857103867483218,0.6597350144744442,0.028849358184665583,-0.0008940986102201377,1.7476222396854246,1.22197972993371,51.71993807258518,-1.0699296201585682,15.215217477977669,0.15973501447444416,-1.3857103867483218,-0.05989074764216906,0.37367488547369976,7.4074074074074066,-0.0001936997367117943,-0.00015065535077585235,-4.3044385935941953e-05,6.456657890385742e-05,0.0001076109648399104,-8.608877187188391e-05,1.0
1780685700,USDCAD,bullish_exhaustion,-0.8753382713675784,0.15947943848189017,4.432329296276088,-0.3644267294603574,1.2034088340654086,1.5678355635257661,1.0348177098494686,4.272849857794198,-1.766024939821519,0,-0.27502368205603944,60.37781691958463,-6.280340476833885,18.46544477554124,41.49355312189224,-23.028108346351,87.64664704799823,-8.902671907305134,-5.451990862609108,24.952741020757124,-52.41379310344849,-0.27502368205603944,-0.09377619156772697,16.155400506788514,-2.3988701774169243,0.5295375205649235,0.029920327614501467,0.0010709694298358836,1.4289797419503638,0.4803904849664193,49.32229746795843,-2.3976406046267513,7.6298747345524625,0.029537520564923536,-2.3988701774169243,-0.3186424977350608,0.27960659772678287,2.7777777777777777,4.305272523752457e-05,0.00015068453833122497,0.00025831635142492537,0.000301369076662672,0.00010763181309392245,-7.175454206254095e-06,0.0
1780686000,USDCAD,bullish_exhaustion,-0.7010940977274716,0.13263942389501193,4.281411118417445,-0.18430172586157367,1.232089112560544,1.4163908384221178,0.8337335216224835,4.148771694522433,-1.4718617899778759,0,-0.3229621777199515,61.25150594885579,0.873689029271155,20.543334535399907,26.058192898801206,-5.514858363401299,66.73285725697028,-20.913789791027952,-12.011117883722818,17.626079523672477,-53.0303030303145,-0.3229621777199515,-0.05133598927657931,13.772466786810503,-2.382933719978011,0.5291759122358666,0.030293266120848403,0.00037293850634693634,1.18924342253686,0.5578487486471368,47.0959169065193,-2.2263805614391288,6.99736086631663,0.029175912235866575,-2.382933719978011,-0.23973631941350382,0.3711215229350632,6.944444444444445,0.00010762717945045353,0.000215254358900685,0.00025830523068104405,6.457630767031652e-05,-5.02260170768265e-05,-2.8700581186758e-05,0.0
1780692900,USDCAD,bullish_exhaustion,1.199158222004333,1.941137371869718,3.729981649543237,1.292775445058757,2.232440680512655,0.9396652354538981,0.7419791498653849,1.7888442776735187,2.2552568681223613,1,-0.01459173429947127,72.81791035642969,4.328797528020971,75.43209876542572,66.50911228687941,8.922986478546306,7.076884902898156e-05,-6.530679054848727e-05,5.984473206799296e-05,131.67938931297184,-2.9999999999971134,-0.01459173429947127,0.06010276005341634,9.760956083601558,0.9162807271154509,0.9757763685742655,0.023913178964603442,0.0008033692082025853,1.052584475980814,1.7953755684021424,28.11305192969096,0.6853414138868708,14.456724599950705,0.47577636857426553,0.9162807271154509,0.04451557799273442,0.5369934079392651,46.875,-0.00011470274067870712,-5.0182449046864974e-05,-7.168921292488584e-06,2.8675685169510245e-05,-3.584460646210985e-05,-0.0002509122452345469,1.0
1780653600,USDCHF,bearish_exhaustion,0.8514239106185497,-0.5219064836717925,-3.3770419531750737,0.14980445895513572,-1.130369804410223,-1.2801742633653588,-1.373330394290342,-2.855135469503281,2.376717099418932,1,0.11315539291227765,39.20387721264859,-1.6610054781672758,85.906971846494,73.0807052668027,12.826266579691307,1.2246726576444484,1.2240326232709735,1.2246132353894472,-30.222643297013477,-49.18032786884709,0.11315539291227765,0.08937791048030687,18.792761617249393,-2.4521367231930746,0.4138918328019629,0.031010769417735857,0.000741513746274191,1.440029500570809,-0.6045097840232349,45.28735531368771,-1.3119168795574794,-12.517130751007501,0.0861081671980371,-2.4521367231930746,-0.23353635792781624,0.8213914937730435,79.82456140350878,-0.00013963289243201782,-0.000126938993119885,-0.0004315925766077422,-0.0004315925766077422,-0.0005331437711036946,-0.000190408489679883,0.0
1780653900,USDCHF,bearish_exhaustion,0.44029522951964384,-0.7755659088786757,-3.6467755340434405,-0.25088936182015015,-1.4442579094632737,-1.1933685476431235,-1.2158611383983196,-2.8712096251647647,1.7263877387980888,1,0.1452701014735959,36.29147379733319,-2.912403415315403,77.0819743422514,79.43444181421535,-2.352467471963948,3.6907297979601994,2.466057140315751,1.2420245170447775,-47.07778292102206,-54.46428571428519,0.1452701014735959,0.033606859784850854,17.229472397096366,-1.5632892201530275,0.3585577696711413,0.03142955363057704,0.0004187842128411841,1.3034606549215013,-0.9417421507116316,44.44060290046969,-0.8467524132180202,-14.643598619423507,0.14144223032885872,-1.5632892201530275,-0.1365688456493077,0.8430951370105265,83.33333333333334,1.269567204542632e-05,-0.00029200045704413924,-0.00029200045704413924,-0.0003935658334074388,-5.078268818148324e-05,0.0,0.0
1780654200,USDCHF,bearish_exhaustion,0.4181776614006844,-0.5886967077964498,-3.50376040571409,-0.1790184807890583,-1.3064938169754146,-1.1274753361863563,-1.0068743691971342,-2.91506369791764,1.610769059585774,1,0.17438448844256962,36.75148125079023,0.4600074534570382,64.2707397424442,75.75322864372987,-11.482488901285663,6.945044778101527,3.254314980141328,0.7882578398255777,-27.284311520870478,-51.4018691588721,0.17438448844256962,0.028374568558605536,16.04650183707903,-1.1829705600173348,0.38530146418884054,0.031269906071951105,-0.00015964755862593605,1.2282279977899249,-0.8196585495373091,43.20342908987663,-1.2371738105930632,-11.636887406115875,0.11469853581115946,-1.1829705600173348,-0.07523265713157645,0.7211505598553151,70.17543859649122,-0.00030469226081664136,-0.00030469226081664136,-0.0004062563477555958,-6.347755433677715e-05,-1.2695510867466453e-05,0.00010156408693884345,0.0
1780654500,USDCHF,bearish_exhaustion,-0.5163305223234219,-1.3578310300790573,-4.215779592955473,-0.9474735281929849,-2.050279989428606,-1.1028064612356212,-0.8415005077556353,-2.8579485628764147,0.4672151308897995,1,0.12883853329433373,30.971510711285916,-5.779970539504312,38.34481381651502,59.899175967070214,-21.554362150555193,11.714044640669808,4.768999862568281,1.5146848824269519,-58.14602263670295,-73.83177570092954,0.12883853329433373,-0.040455148386667514,15.783261474084338,-0.26324036299469356,0.22293284627284907,0.0322200362650582,0.0009501301931070932,1.166019138993076,-1.5758050847496887,42.65762960982313,-0.5457994800534962,-15.557815077001123,0.27706715372715096,-0.26324036299469356,-0.06220885879684879,0.8961957370206184,87.71929824561403,0.0,-0.00010159504216200599,0.0002412882251345838,0.00029208574621542027,0.0004063801686478019,0.0004063801686478019,0.0
1780654800,USDCHF,bearish_exhaustion,-0.49181135549545785,-1.2000197074080785,-4.0721980235006265,-0.8002919597989816,-1.895053405416806,-1.0947614456178245,-0.7082083519126205,-2.8721783160925476,0.32509296594879566,1,0.10776604199077078,30.971510711285916,0.0,22.481417953120967,41.69899050402673,-19.217572550905764,15.337782879826028,3.6237382391562196,-1.145261623412063,-71.57268769246393,-70.21276595744229,0.10776604199077078,-0.02084486711889604,15.32406290190058,-0.45919857218375704,0.247337808890373,0.032277061439170904,5.7025174112705634e-05,1.1348421111007703,-1.4232095186632006,42.3637721370821,-0.29385747274103124,-16.388264709492876,0.252662191109627,-0.45919857218375704,-0.03117702789230581,0.913933177628165,91.22807017543859,-0.00010159504216200599,0.0002412882251345838,0.00029208574621542027,0.0004063801686478019,0.0004063801686478019,0.0005206745910799615,1.0
1780655100,USDCHF,bearish_exhaustion,-0.8081237022807956,-1.340930751088672,-4.2806787876700705,-0.9499555651018793,-2.0601120517784675,-1.1101564866765883,-0.5328070488078764,-2.9397480365813986,-2.2183787905749486,0,0.0804740814196675,29.196389406166503,-1.7751213051194128,8.92078681552261,23.249006195052868,-14.328219379530257,18.618723585862345,3.2809407060363167,-0.3427975331199029,-89.9883481222219,-73.6842105263181,0.0804740814196675,-0.028028749867616175,14.494597523745368,-0.8294653781552128,0.20352198524360424,0.03206114106232001,-0.00021592037685089216,1.0880517385071318,-1.5831986719580031,42.35519333594908,-0.008578801133019454,-17.868324911103898,0.2964780147563958,-0.8294653781552128,-0.046790372593638496,0.9164807238304206,92.10526315789474,0.0003429181060761177,0.00039372078845767433,0.0005080268238164543,0.0005080268238164543,0.0006223328591750121,0.0009271489534647959,1.0
1780678200,USDCHF,bullish_exhaustion,0.012207502900165963,1.279171911042318,6.054921438500517,0.5097626294734083,2.252832994850999,1.7430703653775907,1.266964408142152,4.775749527458199,-0.8022073334418839,0,-0.18434625486751402,67.27908545049284,1.0331606623721257,56.818181818180285,59.122746396842764,-2.304564578662479,98.40436943152588,-1.5956305684459835,-1.5956305684729415,60.130139012130364,-20.909090909091827,-0.18434625486751402,-0.04145596142136962,41.11818298050533,-3.28160349471689,0.7247703894019636,0.07218432545123792,-0.0016913659196601677,1.439293576073765,1.4854879443463758,55.533097142170355,-1.5333647388405893,14.572122441104746,0.2247703894019636,-3.28160349471689,-0.06541855862440871,0.9031073040226868,85.18518518518519,-0.00033988771117099414,-0.00021400337370025557,0.00021400337370014455,0.00025176867494147714,0.00027694554243562486,0.0,1.0
1780678500,USDCHF,bullish_exhaustion,-0.5110497529411678,0.6300009885391433,5.411488211488981,0.033262543486731216,1.6672992315080535,1.6340366880213224,1.1410507414803113,4.781487222949838,-1.2568299441296882,0,-0.2508944994026948,62.96818569843458,-4.310899752058262,33.4873459873445,49.494565006612504,-16.007219019268007,94.89061796483978,-3.5137514666861023,-1.918120898240133,44.68613693930445,-36.50000000000039,-0.2508944994026948,-0.06461257849040564,36.61390821767728,-4.504274762828054,0.623011255600219,0.07145854189644524,-0.0007257835547926778,1.299410243600337,0.9276350729327573,53.89204735058321,-1.6410497915871431,12.792216711663238,0.12301125560021897,-4.504274762828054,-0.1398833324734281,0.8384828940485821,70.37037037037037,0.0001259271385576355,0.0005540794096534629,0.0005918575512209312,0.0006170429789322807,0.0003400032741056602,0.0005414866957977882,0.0
1780678800,USDCHF,bullish_exhaustion,-0.3679887669237681,0.6984463412007157,5.561939671215744,0.1841530400741358,1.77336523919736,1.5892121991232242,1.0664351081244838,4.863493330015029,-1.0572298965821079,0,-0.29523271004519797,63.891020529395384,0.9228348309608023,32.75890775890413,41.021478521476304,-8.262570762572174,86.08115921867682,-8.80945874616296,-5.295707279476872,41.02859436489935,-31.500000000000945,-0.29523271004519797,-0.03457867070186732,34.769410847603446,-1.8444973700738316,0.6382198838233458,0.06877429459732944,-0.0026842472991158023,1.3013642564750234,1.0375792504866386,52.3682154012523,-1.523831949330912,12.340547964482704,0.13821988382334582,-1.8444973700738316,0.0019540128746864394,0.8141211339666176,62.96296296296296,0.0004280983618942802,0.0004658717467671547,0.0004910540033491451,0.00021404918094702907,0.000415507233603174,0.0008184233389154638,0.0
1780679100,USDCHF,bullish_exhaustion,0.251493897972876,1.2001436748846575,5.989623055397218,0.6893967320394507,2.2406961686673785,1.5512994366279276,0.9486497769117813,4.789479380512561,-0.3757117640596927,0,-0.2816924421308618,66.91031340457873,3.0192928751833463,41.749415243386515,35.998556329878376,5.750858913508139,67.30211139790494,-18.77904782077188,-9.969589074608933,62.863901018926775,-14.50000000000061,-0.2816924421308618,0.016512277410216727,34.555166356911805,-0.21424449069164098,0.7365730994006507,0.06805973036470718,-0.0007145642326222557,1.308325329504558,1.5170676310447766,51.46512626795369,-0.9030891332986073,15.801223203504247,0.23657309940065074,-0.21424449069164098,0.006961073029534637,0.8346351565816436,68.51851851851852,3.775722106857948e-05,6.292870178081778e-05,-0.00021395758605502468,-1.2585740356119146e-05,0.0003901579510414699,0.0008180731231515193,0.0
1780679400,USDCHF,bullish_exhaustion,0.3360772030112223,1.088890137756582,6.017894419179442,0.6545520955718961,2.20797050390991,1.5534184083380136,0.7528129347453597,4.92900428142286,1.2482867540420788,1,-0.2801358277673921,67.17115249997325,0.2608390953945161,61.90497984339464,45.47110094856176,16.43387889483288,45.78182159323573,-21.520289804669204,-2.741241983897318,77.2699426551237,-16.455696202533783,-0.2801358277673921,0.012405788551203388,30.185918890519357,-4.369247466392448,0.7365653019620251,0.06553319848191308,-0.0025265318827941002,1.2037279453586904,1.4775753465016797,50.81780856075353,-0.6473177072001661,17.020934062918286,0.23656530196202508,-4.369247466392448,-0.10459738414586761,0.7746062909396652,53.70370370370371,2.5170530343121555e-05,-0.00025170530343066044,-5.0341060686021066e-05,0.00035238742480303564,0.000780286440635436,0.0007928717058067747,1.0
1780679700,USDCHF,bullish_exhaustion,0.39329831191896597,1.0029106953929374,5.9293653504874655,0.6004117134271508,2.129856872102015,1.529445158674864,0.6096123834739715,4.926454655094528,1.2856921816623834,1,-0.2784608072262479,67.35589982451845,0.18474732454519938,77.92307939090496,60.52582482589537,17.39725456500959,28.9562937437595,-16.825527849476234,4.694761955192973,74.09386410187278,-20.51282051282197,-0.2784608072262479,0.008392418115897887,28.71343626954088,-1.4724826209784787,0.7236738841772516,0.06399696118863649,-0.0015362372932765933,1.1801581016623748,1.4044945353390086,50.03294331078903,-0.784865249964497,15.481827569499142,0.22367388417725165,-1.4724826209784787,-0.02356984369631565,0.6646257301907231,40.27777777777778,-0.00027686886483768713,-7.550969041025812e-05,0.0003272086584444889,0.0007550969041028033,0.0007676818525044204,0.0011200604077523657,1.0
1780682400,USDCHF,bullish_exhaustion,1.2310884865272183,2.009336661004558,6.2023193694606675,1.2536548432728518,2.870099975637316,1.616445132364464,0.7782481744773395,4.1929827084561095,1.9465586471440814,1,-0.055586183327142664,74.41702254117229,1.0072074715349686,86.59164815351356,89.97726579238171,-3.3856176388681547,1.2668980513781554,-0.3754744878971512,-0.5159490755838534,152.06445115808862,-6.59340659340733,-0.055586183327142664,0.012225792012181158,24.320666167308396,2.236406556984072,0.9568318130049597,0.05523277266074363,-0.0019362114163335511,1.1911697052276609,2.1346145522023305,45.32073350086823,0.3365090035406624,19.758162000931335,0.4568318130049597,2.236406556984072,0.1565463005776191,0.8052298496340876,61.57407407407407,0.0003267850634089964,0.0001633925317046092,0.0002765104382691508,0.00036449103226376955,0.0002010985005593824,0.00046504028254346075,0.0
1780682700,USDCHF,bullish_exhaustion,1.56205621506183,2.512771976907472,6.574118136067817,1.594971734546804,3.274216603838055,1.6792448692912512,0.950715761845642,4.061346159160345,2.1846427343757324,1,-0.022978690318445072,76.6667889894646,2.24976644829232,88.88676682794319,88.89976108135602,-0.012994253412827561,0.8563049165593288,-0.41059313481882653,-0.035118646921675545,147.03793323463546,-1.058201058202084,-0.022978690318445072,0.03380220509925862,27.3115595916537,2.9908934243453054,0.9979851785142865,0.05405297051610509,-0.0011798021446385448,1.3700712217312832,2.519635910902136,45.86966435592837,0.5489308550601422,21.397751490509595,0.4979851785142865,2.9908934243453054,0.1789015165036223,0.8285877199428898,66.66666666666666,-0.00016333915490829298,-5.0258201510278155e-05,3.7693651132597594e-05,-0.00012564550377558437,0.00013821005415337595,-1.2564550377458517e-05,1.0
1780683300,USDCHF,bullish_exhaustion,0.883780310321723,2.164409630512486,6.0389219882138825,1.1548829097361935,2.871690586028907,1.7168076762927136,1.2806293201907626,3.874512357701397,1.3495212677992434,1,-0.04545992977715337,74.07446976896398,0.8738959653543361,81.18912337662387,84.7456091022268,-3.5564857256029256,2.347926514158721,-0.21407622913983193,-1.9197740558790564,118.49124886905066,-8.808290155440652,-0.04545992977715337,-0.008391553576732862,29.436438389349853,1.2516055645517596,0.8799012090449765,0.05160967006772794,-0.0014629400473845783,1.557388618001539,2.099474357454875,46.85300219113878,0.5695825552072193,21.08842016336431,0.3799012090449765,1.2516055645517596,0.11567043341767769,0.8049902126840471,61.111111111111114,8.795627316704469e-05,-7.5391091285959e-05,0.00018847772821528608,3.7695545643146033e-05,5.0260727524120696e-05,-0.000150782182571918,1.0
1780683600,USDCHF,bullish_exhaustion,0.8161064588672657,2.2474124348927655,5.97829177850314,1.1495498296906743,2.8874432523339877,1.7378934226433131,1.4313059760254998,3.7308793436103747,1.1965495791492227,1,-0.05486948153906921,74.76375533155363,0.6892855625896459,71.49936868686751,78.94980972186823,-7.450441035000722,1.7074258283340829,-0.6405006858246383,-0.4264244566848059,112.09646052119214,-9.405940594060468,-0.05486948153906921,-0.00826902985807772,31.120462145237358,1.6840237558875053,0.863965231170199,0.05034212223448658,-0.0012675478332413587,1.6942537120354213,2.105244088465531,47.517702694147715,0.6647005030089375,21.67779352205784,0.36396523117019897,1.6840237558875053,0.13686509403388225,0.7564163619308946,50.46296296296296,-0.00016333299829118797,0.00010051261433319247,-5.0256307166485215e-05,-3.769223037486391e-05,-0.00023871745904102681,-0.0004146145341239471,0.0
1780683900,USDCHF,bullish_exhaustion,0.34201474562266787,1.71874801514039,5.244721773092519,0.6933054615969839,2.356628189051044,1.66332272745406,1.3767332695177221,3.5259737579521295,-0.7930776710092166,0,-0.09356983920981976,70.98896879068334,-3.7747865408702808,63.103938979961264,71.93081034781754,-8.826871367856278,1.1204441997944026,-0.5869816285396803,0.053519057284958205,79.24213305377552,-15.841584158415026,-0.09356983920981976,-0.039082256849604695,30.878545665816095,-0.24191647942126338,0.7824683455229506,0.05070324772286864,0.0003611254883820608,1.647437019741116,1.5999841142067661,46.52158746870602,-0.9961152254416987,13.97038339395162,0.28246834552295064,-0.24191647942126338,-0.046816692294305406,0.6262944395905684,32.870370370370374,0.00026388871435933936,0.000113095163296828,0.00012566129255198177,-7.539677553114466e-05,-0.00025132258510407457,-0.0006534387212706605,0.0
1780684200,USDCHF,bullish_exhaustion,0.6803497938299502,2.08025169302981,5.498946177489225,1.0480870313886792,2.7185869796814237,1.6704999482927443,1.39990189919986,3.4186944844594147,-0.27820995286704564,0,-0.09793117602019878,73.33137663668651,2.3424078460031694,65.9471766848829,66.85016145057057,-0.9029847656876626,0.6935877427108819,-0.4268564570835207,0.16012517145615968,94.62048636700254,-5.789473684207513,-0.09793117602019878,-0.0024428859350384053,31.22525399559946,0.34670832978336463,0.8312575945884557,0.049671463349781265,-0.0010317843730873744,1.7038659192248835,1.957829198946337,45.86332998770307,-0.6582574810029485,15.586997986588505,0.3312575945884557,0.34670832978336463,0.056428899483767614,0.6978822423906315,44.44444444444444,-0.000150753768844214,-0.0001381909547739646,-0.0003391959798995092,-0.000515075376884444,-0.0009170854271356443,-0.0005778894472362461,1.0
1780684500,USDCHF,bullish_exhaustion,0.28731327055537703,1.603730437464773,4.98671360131418,0.650649039912889,2.3093604642773538,1.6587114243644647,1.3164171669093958,3.382983163849407,-0.5688802756997683,0,-0.13406767775295922,69.86020690556347,-3.471169731123041,63.934426229514564,64.32851396478624,-0.3940877352716754,0.4134766927622812,-0.28011104994860064,0.14674540713492013,85.9996091861861,-13.52941176470281,-0.13406767775295922,-0.03293209226531838,29.55104916073997,-1.6742048348594878,0.7612660932717534,0.04810491017521912,-0.0015665531745621478,1.6792065253968664,1.5457483824405018,45.25209089820032,-0.611239089502746,14.947233505206885,0.26126609327175343,-1.6742048348594878,-0.024659393828017073,0.6514235642121111,38.88888888888889,1.256470824739786e-05,-0.00018847062371207812,-0.0003643765391767584,-0.0007664472030959324,-0.0004272000804141918,-0.0001633412072172824,1.0
1780684800,USDCHF,bullish_exhaustion,0.20782142413687016,1.4574489484945152,4.899187650568553,0.5917333051945193,2.2345442554823736,1.6428109502878545,1.2496275243576451,3.441738702074038,-0.5285789479053477,0,-0.16776883160813916,69.98770060398253,0.1274936984190589,69.39890710383091,66.4268366727428,2.972070431088113,0.24007975708456075,-0.17339693567772047,0.1067141142708802,82.0787110406703,-16.666666666666664,-0.16776883160813916,-0.029233458864684717,27.630586401950183,-1.920462758789789,0.7457227530145552,0.04655296647538322,-0.0015519436998358976,1.6356364097195768,1.469558591992794,44.70685585062563,-0.5452350475746925,14.534883597789298,0.24572275301455515,-1.920462758789789,-0.043570115677289634,0.6389191218835027,36.11111111111111,-0.0002010328060410016,-0.0003769365113268641,-0.0007790021234089783,-0.0004397592632147118,-0.00017590370528597354,-0.00017590370528597354,1.0
1780685100,USDCHF,bullish_exhaustion,-0.2851192468004167,0.8800315213744656,4.278433620737839,0.13743017871170937,1.6954895668069192,1.5580593880952098,1.1651507681748823,3.3984020993633735,-0.9595359267321306,0,-0.22485256690344033,65.23302759790275,-4.754673006079784,55.29489353684391,62.87607562339647,-7.581182086552559,0.13671058389399043,-0.10336917319057032,0.07002776248715016,56.67482131721597,-36.538461538457845,-0.22485256690344033,-0.05443871839819886,26.30333823041731,-1.3272481715328723,0.6534276602618653,0.045839626716995444,-0.0007133397583877765,1.5787540525616879,0.9536936231022445,43.24667655235664,-1.46017929826899,9.792990943605973,0.15342766026186527,-1.3272481715328723,-0.05688235715788892,0.5615002191241991,26.38888888888889,-0.00017593907481183724,-0.000578085531524497,-0.00023877445867315217,2.5134153544437154e-05,2.5134153544437154e-05,0.00025134153544548177,1.0
1780685400,USDCHF,bullish_exhaustion,-0.6677430576411142,0.3630852875924215,3.7159901157728097,-0.21157634815323392,1.2325583681085015,1.4441347162617355,1.0308283452335356,3.3529048281803884,-1.3633087426838129,0,-0.2922130771183357,61.3082879375183,-3.9247396603844464,38.69653288110444,54.46344450725976,-15.76691162615532,0.07669064462285025,-0.06001993927114019,0.04334923391943011,30.950587426800386,-53.60824742267533,-0.2922130771183357,-0.06401982710608585,24.54755647944932,-1.7557817509679907,0.5668319558238968,0.04517649616526221,-0.0006631305517332334,1.4920655228484354,0.5232654932076629,41.245673845810124,-2.0010027065465152,6.247599764351808,0.06683195582389678,-1.7557817509679907,-0.08668852971325247,0.5034235509007344,19.90740740740741,-0.0004022172224387166,-6.284644100607029e-05,0.00020110861121924728,0.00020110861121924728,0.0004273557988410115,0.0004022172224387166,1.0
1780685700,USDCHF,bullish_exhaustion,-1.3744821277000496,-0.6154809527655176,2.588332006741461,-0.9249181418658424,0.31434849253065406,1.2392666343964964,0.7590011749345319,3.2038129595069784,-2.2035874111560068,0,-0.38655211869930317,53.39986156521314,-7.908426372305158,19.323041967392154,37.77148946178017,-18.448447494388017,0.04251299864935264,-0.03417764597349761,0.02584229329764257,-20.251729897430526,-94.38202247191039,-0.38655211869930317,-0.09667678461260276,22.601818528735805,-1.9457379507135144,0.3759704645593014,0.04555915345853502,0.00038265729327281034,1.343941219420378,-0.32944377465497726,38.32560586748678,-2.9200679783233454,-0.15936373505245882,0.12402953544069861,-1.9457379507135144,-0.1481243034280575,0.5663823550796334,27.314814814814813,0.0003395073371308399,0.000603568599343518,0.000603568599343518,0.0008299068240975593,0.0008047581324581721,0.0009305015906546643,0.0
1780686000,USDCHF,bullish_exhaustion,-0.5567419637331601,-0.029728939811243058,3.082080269131725,-0.14890711419562996,0.96067068312389,1.10957779731952,0.5270130239219171,3.111809208942968,-1.3363536813363353,0,-0.385955496886759,58.28887529465295,4.889013729439803,18.507751937985073,25.50910892882722,-7.001356990842147,0.023340337493640076,-0.01917266115571256,0.015004984817785042,-8.779002060435714,-64.04494382022402,-0.385955496886759,-0.007438801190957573,18.599992943819394,-4.001825584916411,0.49256618276109393,0.046510525072152885,0.0009513716136178643,1.062987526604492,0.36834201055424715,35.86237394981361,-2.46323191767317,1.5925010980390297,0.007433817238906071,-4.001825584916411,-0.280953692815886,0.5900480297256698,30.09259259259259,0.0002639716419035043,0.0002639716419035043,0.0004902330492495555,0.000465092892877772,0.0005907936747366893,0.0008421952384543019,0.0
1780689600,USDCHF,bullish_exhaustion,1.1381551918487272,1.9596582830780354,4.189367036872686,1.2367590567569804,2.445487720441781,1.2087286636848005,0.8215030912293083,2.2297087537946507,2.2541452294840907,1,0.013748823881596225,72.01562860862428,3.816134005957977,74.67223605921846,75.61485187252246,-0.9426158133040019,1.180331921904423e-05,-1.0785820113104895e-05,9.768321007165558e-06,139.5159650193181,-3.378378378378176,0.013748823881596225,0.025789059441065448,17.82793171643524,1.6770356326449658,0.962267204146078,0.04201998870942947,0.00032726220215252566,1.0978486882851752,1.8955130196174999,33.166452077420104,0.634720254990718,14.206312318066946,0.462267204146078,1.6770356326449658,0.0870361498939971,0.5729657976642687,58.12500000000001,-8.786794702819734e-05,-6.276281930583938e-05,-0.0002510512772233575,-0.0003514717881126783,-0.00022594614950099956,-0.0004895499905855916,1.0
1780689900,USDCHF,bullish_exhaustion,0.7516730748633432,1.6698753472068038,3.8830331038067936,0.889429625839581,2.118062660103479,1.228633034263898,0.9182022723434605,2.21315775659999,1.7476061100677796,1,0.005066099944527153,69.50072332176485,-2.514905286859431,70.07090132089665,71.93678592178351,-1.865884600886858,6.156034386006948e-06,-5.647284833037281e-06,5.138535280067613e-06,133.1421849727665,-12.987012987017948,0.005066099944527153,-0.008997060368782608,18.760687075513786,0.9327553590785449,0.8659401669669906,0.0410843778644578,-0.0009356108449716655,1.189638200904555,1.5606772064493988,33.96869443731282,0.8022423598927162,15.239218541213505,0.3659401669669906,0.9327553590785449,0.09178951261937973,0.5814851664333534,60.0,2.5107333852192326e-05,-0.00016319767003936114,-0.00026362700544824147,-0.00013809033618716882,-0.0004017173416355213,-0.00022596600466995298,1.0
1780690200,USDCHF,bullish_exhaustion,0.6055537246447005,1.649134889704776,3.7777945562863726,0.8091198794395027,2.029835193542887,1.2207153141033842,1.0435811650600755,2.1286596665815964,1.4398921359636399,1,-0.008142141696289098,69.82495795394578,0.3242346321809322,71.61075639335697,72.11796459115736,-0.507208197800395,3.205204581245891e-06,-2.9508298047610573e-06,2.6964550282762232e-06,109.2316755028368,-13.846153846158312,-0.008142141696289098,-0.013238574706736752,19.749325855830296,0.98863878031651,0.841247704805654,0.04083882557570704,-0.00024555228875076246,1.257922637754871,1.476118353483617,34.11487522078233,0.1461807834695108,12.259366044369079,0.34124770480565403,0.98863878031651,0.06828443685031593,0.5496164678766801,49.375,-0.00018830027617366962,-0.0002887270901330563,-0.00016319357268390622,-0.0004268139593271991,-0.0002510670348983002,-0.00016319357268390622,1.0
1780690500,USDCHF,bullish_exhaustion,0.009273187237234476,1.1066003436117418,3.173902884973521,0.2961404765458804,1.4606707140015494,1.164530237455669,1.0973271563745073,2.067302541361779,0.6635896415379486,1,-0.05695807795409239,64.30353921645539,-5.521418737490393,50.2229654403454,63.96820771819967,-13.745242277854274,1.6661959847441539e-06,-1.539008596501737e-06,1.41182120825932e-06,78.95752895752686,-30.275229357801997,-0.05695807795409239,-0.04877041462316284,20.063983610702646,0.3146577548723499,0.7241313477127218,0.04061941919920673,-0.00021940637650030848,1.2831247027844812,0.9235011285206396,33.73914107006713,-0.37573415071520344,9.681020403499774,0.2241313477127218,0.3146577548723499,0.02520206502961031,0.5016870979430462,37.5,-0.00010044572791756412,2.5111431979363275e-05,-0.0002385586038043952,-6.277857994851921e-05,2.5111431979363275e-05,-0.0003264486157323887,0.0
1780690800,USDCHF,bullish_exhaustion,-0.2902574010031318,0.7927460199451737,2.8133120566081216,0.04174026756027575,1.1344038819498805,1.0926636143896047,1.0830034209483055,2.0205660366629474,-1.2796294022733319,0,-0.11253901750614329,61.50991159514968,-2.79362762130571,40.26570048308478,54.03314077226238,-13.7674402891776,8.648948394326811e-07,-8.013011453114727e-07,7.377074511902642e-07,42.674071591550856,-39.42307692307744,-0.11253901750614329,-0.05502841662296768,20.141739853173384,0.07775624247073765,0.6584018983153499,0.04023321656621395,-0.0003862026329927784,1.3011847002470203,0.6177495180832773,32.24764703264172,-1.4914940374254044,4.61808291497834,0.1584018983153499,0.07775624247073765,0.018059997462539057,0.42034491533765106,21.25,0.0001255697728441696,-0.0001381267501288086,3.767093185325088e-05,0.0001255697728441696,-0.00022602559111983833,-0.00023858256840414427,1.0
1780691100,USDCHF,bullish_exhaustion,-0.06991628370385408,1.0074300879165492,3.0585196107591592,0.304872110563388,1.3638059167988132,1.0589338062354252,1.0773463716204033,2.0510895228426103,-0.9470478428991673,0,-0.13461301440222292,63.636548905844286,2.126637310694605,36.08695652173616,42.191874148388784,-6.104917626652622,4.483458432466427e-07,-4.1654899618603847e-07,3.847521491254342e-07,55.40382364415752,-31.958762886600418,-0.13461301440222292,-0.020019926913694988,19.98018138678439,-0.16155846638899263,0.6992798096625036,0.039507079165286126,-0.0007261374009278274,1.3199794757409637,0.8566521086810808,31.140923548135554,-1.106723484506169,5.9554951846775825,0.19927980966250358,-0.16155846638899263,0.018794775493943483,0.4608563023146107,28.749999999999996,-0.00026366341481798283,-8.78878049392906e-05,0.0,-0.00035155121975727344,-0.00036410662046282294,-0.00038921742187403296,1.0
1780691400,USDCHF,bullish_exhaustion,-0.7030989991937757,0.23489898382163107,2.3029688128135906,-0.30846662640552375,0.6484666178242688,0.9569332442297926,0.9379979830154068,2.0680698289919595,-1.5859356698171463,0,-0.19466642581630755,56.56815834151122,-7.068390564333065,31.264367816089973,35.8723416069703,-4.6079737908803295,2.321221333884724e-07,-2.1622370985817029e-07,2.0032528632786816e-07,36.44639010490902,-53.60824742268678,-0.19466642581630755,-0.05929556413640979,18.915199592558555,-1.0649817942258366,0.5488046948026793,0.03929626750200777,-0.0002108116632783541,1.2543706074003718,0.1722078151506651,29.94467608461371,-1.1962474635218427,4.876399476313852,0.04880469480267935,-1.0649817942258366,-0.06560886834059199,0.4757049272914058,33.75,0.00017582196769905245,0.00026373295154846765,-8.791098384952623e-05,-0.00010046969582799825,-0.0001255871197849423,0.0001507045437421084,0.0
1780691700,USDCHF,bullish_exhaustion,-0.21846356901397382,0.5043938284584661,2.6524047437915472,0.11819945676461151,1.0200484745014025,0.9018490177367909,0.7228573974724399,2.148010915333081,-1.1074663659601924,0,-0.20464199796062812,59.77586097419818,3.20770263268696,37.07244862416831,34.80792432066482,2.2645243035034923,1.2003567257681173e-07,-1.1208646081166066e-07,1.0413724904650962e-07,21.393643031790234,-45.78313253012629,-0.20464199796062812,-0.008952568149158126,15.793665267185984,-3.1215343253725703,0.624844983350475,0.03908396691315692,-0.00021230058885084863,1.0509933149763224,0.5635678048426371,28.12953268218399,-1.8151434024297224,1.5686600530970303,0.124844983350475,-3.1215343253725703,-0.20337729242404934,0.3072516255962398,8.125,8.789552988441862e-05,-0.0002636865896534779,-0.00027624309392260127,-0.00030135610246107003,-2.5113008538468762e-05,-2.5113008538468762e-05,1.0
1780594800,USDJPY,bullish_exhaustion,-0.13075676859521806,0.9030389331126121,3.9897159017702437,0.3845106562372359,1.5138348532220531,1.1293241969848171,1.03379570170783,3.0866769686576316,-1.1607787630153363,0,-0.13048220841609787,64.49648855666294,3.810193955614423,44.32692307696001,35.16025641028331,9.166666666676697,98.86502664227471,-1.1349733509880906,-1.1349733573858742,47.31916382408556,-49.9999999999808,-0.13048220841609787,-0.01857520774601093,7.816528934733072,-0.7582703541604365,0.6767432250555127,0.015296435724222738,0.0002644245498483605,1.3116862501359396,1.0336876686612255,27.3228680976311,-0.6335872025588358,8.527984959161074,0.17674322505551265,-0.7582703541604365,-0.1698069767869499,0.3310028620353301,12.280701754385964,-8.125457056962215e-05,-7.50042189873179e-05,-0.00013750773481024936,-8.75049221519264e-05,-0.00024376371170886646,-0.00023126300854425796,1.0
1780595100,USDJPY,bullish_exhaustion,-0.6371922681841593,0.23390602249753276,3.2738777424772696,-0.12250258410600712,0.8979825460715571,1.0204851301775641,0.8710982906816921,3.0399717199797367,-1.5358425742859365,0,-0.17831393577118884,58.79792848823391,-5.698560068429032,45.876068376107895,40.35612535615992,5.5199430199479735,97.60080901675822,-1.264217625516494,-0.12924427452840348,26.99095358146394,-67.56756756755927,-0.17831393577118884,-0.049533316852827115,7.110032734832058,-0.7064961999010144,0.5509931541586074,0.015499808287658838,0.00020337256343610013,1.1678293885299433,0.44870350960178884,26.67511696947727,-0.647751128153832,7.5275136973500985,0.05099315415860739,-0.7064961999010144,-0.1438568616059963,0.28873833927698517,7.894736842105263,6.2508594931287575e-06,-5.625773543871393e-05,-6.25085949323978e-06,-0.00016252234682279099,-0.00015002062783631143,-0.00016252234682279099,1.0
1780608300,USDJPY,bullish_exhaustion,0.38962297371834353,1.47848003420315,2.6076909026772968,0.6904025514447638,1.5397600657569255,0.8493575143121616,1.0888570604848065,1.1292108684741466,1.8617896012474708,1,0.056123501376370365,64.13054465872604,3.6184793814482745,44.375644994839384,51.759300211291794,-7.383655216452411,97.57455596767745,-0.185786309809842,-1.9424650052115737,68.82821387938897,-10.714285714283902,0.056123501376370365,-0.011683943977211416,4.692220870120988,-0.03359748911730698,0.7830416362659799,0.008981639806890469,-0.00011451715978134935,1.3734268408323833,1.2033349507393434,18.836863550626568,0.40835888250108,9.048235462509943,0.2830416362659799,-0.03359748911730698,0.008672850546605826,0.31095291172225753,8.771929824561402,-6.249023590076952e-05,-4.999218872059341e-05,-4.999218872059341e-05,-6.873925949069104e-05,-0.000124980471801317,-8.123730667086715e-05,1.0
1780609200,USDJPY,bullish_exhaustion,-0.22237679047044495,0.5953959228705086,2.005695181133406,0.09937686864587125,0.8137895772676778,0.7144127086218065,0.8177727133409536,1.410299258262897,1.0042822795389466,1,-0.07277140150206554,58.07987333556781,0.0,53.33333333334849,51.96972824217443,1.3636050911740583,85.47206846425983,-9.17533213463821,-5.813070114552815,40.64171122989928,-50.0,-0.07277140150206554,-0.02884179423460335,4.216626777271456,-0.2858734416103399,0.6230181901086627,0.008711764201686048,-0.00038170481514280055,1.276138261759917,0.50503795466988,16.535095057693084,-0.7111496806321007,2.6094681729698728,0.12301819010866266,-0.2858734416103399,-0.008555014016629281,0.2858451641240205,7.017543859649122,-1.8748008024038754e-05,-7.49920320965991e-05,-3.124668004017561e-05,-9.374004012063786e-05,6.249336008012918e-06,6.249336008012918e-06,1.0
1780680300,USDJPY,bullish_exhaustion,-0.13803994626133564,0.7119457502370548,3.318631584769136,0.14717947774207124,1.144350586216666,0.9971711084745949,0.8499856964983904,2.6066858345320814,1.5384137124941974,1,-0.07931626697434188,61.17832173752576,-2.684971933985146,59.19540229885029,73.17049808428408,-13.975095785433787,99.82457586268674,-0.17541372217037576,-0.17542304558449473,65.02453756136595,-26.82926829269138,-0.07931626697434188,-0.0449590751102215,13.662922469357135,-1.5054582618803547,0.6719934200375643,0.0329994339283367,-0.0015276082656983242,1.1268797835896438,0.7125446908134447,10.200141262157624,-0.4062483852302634,-2.133884226983213,0.17199342003756435,-1.5054582618803547,-0.049888310627200116,0.49848597372661385,19.444444444444446,0.00013104115316231457,0.0002371220866743684,0.0002121618670243297,6.864060403732886e-05,6.864060403732886e-05,4.9920439299855346e-05,0.0
1780680600,USDJPY,bullish_exhaustion,0.23933880547021774,0.9836241151642079,3.678812566029035,0.4739127011631928,1.4686972457605492,0.9947845445973564,0.7442853096939901,2.6951884508648267,1.680166647580967,1,-0.09035862859184432,63.82418494915969,2.645863211633923,62.643678160918135,65.97222222221902,-3.3285440613008817,97.12926881153831,-2.6953070511484327,-2.5198933289780427,73.80705858289859,-9.756097560974483,-0.09035862859184432,-0.00874017684676542,12.649179663223572,-1.0137428061335623,0.7494177164956217,0.03206442801097296,-0.0009350059173637432,1.0801637895897758,1.0331058189731535,9.579780174988189,-0.6203610871694352,-0.6490881344714694,0.24941771649562172,-1.0137428061335623,-0.04671599399986803,0.5779469239747158,29.166666666666668,0.00010606703436577547,8.111008510303108e-05,-6.239237315641688e-05,-6.239237315641688e-05,-8.111008510325313e-05,-4.991389852515571e-05,0.0
1780705500,USDJPY,bullish_exhaustion,-3.121102794388773e-12,0.37336774295694214,8.4908217309261,0.468268341714602,2.6544351409414406,2.1861667992268385,0.37336774296006325,8.117453987969158,0.0,1,-0.34118742708437083,70.34675433098026,0.0,50.0,50.0,0.0,99.91280209277681,-0.08716593987931276,-0.08719527760021606,37.037037037248986,-50.0,-0.34118742708437083,-0.041918256010703946,3.6978855816220046,-2.2791581079616132,0.5573539334681409,0.005680292140207657,-0.00043694554924674205,2.8337375536516136,1.7295056928274697,38.82223359121938,0.41329710085329907,20.280071545705447,0.05735393346814088,-2.2791581079616132,-1.288404036081464,0.25879004550382406,1.875,0.0,0.0,0.0,0.0,,,0.0
1780928100,AUDCAD,bullish_exhaustion,-0.6511943777987906,0.21343494656988177,2.5738512230181114,-0.30833657446268425,0.7270300250658153,1.0353665995284995,0.8646293243686725,2.3604162764482295,-1.87300055152862,0,-0.11771366612781485,55.228892582911726,-0.9052039825423677,38.00333385424366,59.8713972037877,-21.868063349544045,97.68030927287356,-2.3192013120633703,-2.319645550351396,8.300200249586483,-46.23655913978411,-0.11771366612781485,-0.08479518083023435,26.305919837999447,-1.7825143250071953,0.537818910849305,0.04660728189580205,-0.001395961241971333,1.4200768510194168,0.2871902746806622,36.821863967555046,-1.161184880951275,10.824274060433325,0.037818910849305,-1.7825143250071953,-0.03374360676434751,0.36373692610014774,12.5,2.030127085950184e-05,7.105444800847849e-05,0.0,-0.0003552722400422814,-8.120508343834043e-05,-0.0002334646148849373,0.0
1780928400,AUDCAD,bullish_exhaustion,-0.5560667209418697,0.15967377729797158,2.6150768282018775,-0.22973122374381214,0.7316218876086213,0.9613531113524334,0.7157404982398413,2.4554030509039055,-1.7794135070128922,0,-0.17680096779446353,55.486568731117984,0.25767614820625795,14.609053497937987,38.682606657285355,-24.07355315934737,91.03283866754396,-6.647470605329602,-4.328269293266231,15.258972705766462,-77.77777777778577,-0.17680096779446353,-0.05609882246809472,25.202473230075977,-1.1034466079234697,0.5287990931998774,0.04545240375377997,-0.0011548781420220797,1.4088080850924947,0.30684580983222237,36.012089235410784,-0.8097747321442625,12.699000176071472,0.02879909319987739,-1.1034466079234697,-0.011268765926922164,0.49802728712435135,35.625,5.075214681582452e-05,-2.0300858726285398e-05,-0.000375565886436946,-0.00010150429363164903,-0.00025376073407901156,-0.00048722060943173773,1.0
1780928700,AUDCAD,bullish_exhaustion,-0.4330879246559623,0.15738504478462034,2.6547843299033156,-0.09987119427866328,0.7805411363520398,0.8804123306307031,0.5904729694405827,2.4973992851186955,-1.5745826789793869,0,-0.20587223678913227,56.16579459303379,0.6792258619158034,24.632313472891568,25.748233608357737,-1.115920135466169,79.52978387787446,-11.503054789669491,-4.855584184339875,0.12368583792296278,-68.69565217391028,-0.20587223678913227,-0.02913363067055149,23.779889897041013,-1.4225833330349644,0.5300935018663379,0.0454661339913328,1.3730237552828095e-05,1.3265159324515985,0.37851454159797004,34.68201110546938,-1.3300781299414055,8.598609481194298,0.030093501866337857,-1.4225833330349644,-0.08229215264089618,0.47794193572642585,34.375,-7.104939963253898e-05,-0.00042629639779556694,-0.000152248713498504,-0.00030449742699678595,-0.0005379454543609219,-0.00032479725546330496,1.0
1780929000,AUDCAD,bullish_exhaustion,-0.5123662183927116,-0.11258271166521118,2.4947409862361374,-0.22306327487999572,0.5949104362818239,0.8179737111618196,0.39978350672750035,2.6073236979013483,-1.6345362809485426,0,-0.24002738641783686,54.90271794886628,-1.263076644167505,26.79280730005257,22.011391423627373,4.781415876425196,60.13554578838681,-19.394238089487658,-7.891183299818167,0.51652892557741,-74.78260869565074,-0.24002738641783686,-0.028142947367119257,21.924620390965153,-1.8552695060758602,0.4773151648866438,0.04417917535510184,-0.0012869586362309615,1.272517832475027,0.20695168108406453,33.48764378701924,-1.1943673184501407,8.54582615015373,0.022684835113356228,-1.8552695060758602,-0.053998099976571456,0.4442198442597506,25.624999999999996,-0.0003552722400422814,-8.120508343834043e-05,-0.0002334646148849373,-0.0004669292297697636,-0.00025376588574455017,5.075317714897665e-05,1.0
1781031900,AUDCAD,bearish_exhaustion,0.6110643746945751,-0.5886241575447018,-2.8927166076648017,0.13406147646481645,-0.9774726247921602,-1.1115341012569766,-1.1996885322392767,-2.3040924501201,2.5982319118371597,1,0.04120931457701807,42.40159073925024,-0.7026516788057435,78.60971793565476,58.238261459822375,20.37145647583238,1.0254522056443343,1.025449605583088,1.025452034243241,-33.21163207787953,-46.15384615384824,0.04120931457701807,0.09227029524186796,33.93394469609003,-2.2590537940565127,0.39748087518710157,0.059122428933609764,-0.002188374664482351,1.4065379704383756,-0.5302863624443253,37.70536518281649,-0.9834480512988648,-11.144256072359791,0.10251912481289843,-2.2590537940565127,-0.015925342837479706,0.7250084851471799,96.22641509433963,-6.123323740125919e-05,0.00045924928050955494,0.0007654154675158509,0.0006939766905476041,0.0008368542444838756,0.000806237625783357,1.0
1781032200,AUDCAD,bearish_exhaustion,0.6031263757120024,-0.5875729734729543,-2.888785242520726,0.025829955622726268,-1.0021168112610983,-1.0279467668838247,-1.1906993491849567,-2.3012122690477717,2.438593742869131,1,0.10089792762759997,41.77302045746292,-0.6285702817873187,86.12922762882249,74.35084806968017,11.778379559142323,3.0955958745432417,2.0701436688989077,1.0446940633158195,-37.79230494032594,-46.95340501792116,0.10089792762759997,0.05964121856172773,33.21132024495602,-0.7226244511340099,0.3955509093438812,0.0590581271537577,-6.430177985206065e-05,1.381454934990635,-0.5741488658987788,37.17650434654379,-0.5288608362727061,-13.569571411451056,0.10444909065611879,-0.7226244511340099,-0.025083035447740487,0.7992339454729803,100.0,0.0005205143906918952,0.00082669932639301,0.0007552561747294906,0.0008981424780567515,0.00086752398448664,0.0009593794651969745,1.0
1781046000,AUDCAD,bearish_exhaustion,-4.505981327864606,-4.582820777791947,-5.454731064336369,-4.193223065268691,-4.810096640148403,-0.6168735748797121,-0.07683944992734168,-0.8719102865444216,-5.683219692802214,0,-0.26732388283095815,22.268411830815666,-21.968254974361585,10.809122149320451,18.98264319280813,-8.173521043487678,96.90712044750833,2.4120120077045897,-1.7311444629174986,-490.2309058614287,-95.3271028037389,-0.26732388283095815,-0.3107654917657733,15.678913830825094,10.430834880232183,-0.5284875857915765,0.03524382560787484,0.010771519285481573,1.0712302625989112,-4.601359815889206,14.600451842135564,3.21511417686005,-34.06193236988398,1.0284875857915765,10.430834880232183,0.4543748557398557,0.5916806974590532,70.75471698113208,0.00010219306313485887,0.00010219306313485887,0.0008686410366465225,0.0006642549103768047,-0.00035767572097200606,-0.0004087722525394355,1.0
1781049300,AUDCAD,bearish_exhaustion,0.2671110980677872,-0.7386649211954975,-2.125793400469075,-0.16335135144074944,-0.8360220133498113,-0.6726706619090619,-1.0057760192632847,-1.3871284792735776,-1.1013245145516113,0,0.06814817027952055,44.040757676388445,-1.778623489235926,84.40238450736649,88.40849118462005,-4.006106677253555,7.859127473790158,3.6280204916828565,1.9335189669727857,-22.028303428418305,-38.90675241157409,0.06814817027952055,0.02014447278154099,30.734492776611187,-0.480953468144488,0.3805762248619225,0.04970828786719137,-0.0009875756400210337,1.4411560868167432,-0.5597669588008019,23.05082845433527,-0.23565557783529556,-13.337303358699444,0.1194237751380775,-0.480953468144488,0.02619886266414828,0.6500164886497781,84.90566037735849,0.0006230275051322121,0.000786444555658683,0.0006332410707901026,0.000694522464737668,0.0006638817677639963,0.0006434546364482152,1.0
1781031000,AUDCHF,bearish_exhaustion,-0.3060787238347934,-1.2118582030922656,-3.091395110737498,-0.5415531268123663,-1.5007885157890488,-0.9592353889766825,-0.9057794792574722,-1.8795369076452328,-1.4449489673556348,0,-0.02803748749927615,38.424090730160664,-2.6163208509693874,41.38528138528339,27.583218452783047,13.802062932500345,0.398800724582419,0.39573565839091923,0.39845084195044156,-72.26705796036256,-74.56140350876903,-0.02803748749927615,0.02860824826320997,23.537059963583406,-2.3593272794392917,0.24182577074005351,0.050173833269762644,-0.00027638540679944534,1.1413760782749411,-1.1171792614650622,38.19855876409965,-0.5848236818927717,-13.095175199764357,0.2581742292599465,-2.3593272794392917,-0.10074103698349424,0.5437203711654921,59.43396226415094,0.00014285714285700024,0.0006607142857142367,0.00044642857142851433,0.0005535714285713755,0.0007857142857141675,0.0005892857142855146,1.0
1781058900,AUDCHF,bullish_exhaustion,-0.8780888243751619,0.29040958514442106,2.1824165989159043,-0.4007678741333406,0.4434959188029565,0.844263792936297,1.168498409519583,1.8920070137714833,-2.103754475065894,0,-0.018964452056524528,53.28612498330308,-1.237153761631916,30.911646040168815,53.10984712122515,-22.198201081056336,99.62394177412486,-0.3760566081051451,-0.37605811300747405,18.375499334217064,-47.91666666667028,-0.018964452056524528,-0.1036054466965495,20.42010715309374,-0.6598205404869333,0.5554234593354102,0.038966513652626815,-0.00025295694017520715,1.3642959537540773,0.11398726753730899,21.116996404736614,-1.3854940916740546,1.478529676637283,0.05542345933541015,-0.6598205404869333,-0.03665642631708632,0.3699088304993812,14.150943396226415,-0.00016038778201499237,0.00019602951135189173,0.0004277007520405718,0.0005880885340556752,0.0004098798873721776,0.0004098798873721776,0.0
1781059500,AUDCHF,bullish_exhaustion,-0.2713668339618628,0.6310355742138748,2.5043282105651485,0.1811329644618497,0.823420489513243,0.6422875250513933,0.9024024081757376,1.8732926363512736,-1.339845744522559,0,-0.114543329292558,55.99714981527301,5.488042302613657,32.09412419939193,25.785523239628503,6.3086009597634245,94.87998711331251,-3.4813540785035144,-2.2187534961946795,14.295824486893437,-42.68292682926136,-0.114543329292558,-0.0043045405721569025,20.0347136243422,-0.11219951853023247,0.6303201310287385,0.04136446652974814,0.0017380386428200167,1.2200095238918247,0.5499770768269593,18.641853753817315,-1.3904173714077714,0.2557212580245043,0.13032013102873852,-0.11219951853023247,-0.0886242490015745,0.617642690829422,76.41509433962264,0.00023162583518931967,0.00039198218262814777,0.00021380846325169678,0.00021380846325169678,0.00032071269487743415,0.00039198218262814777,0.0
1781059800,AUDCHF,bullish_exhaustion,0.24398636051369005,1.0390453628772098,2.9614896172696494,0.6124142658010643,1.2509509069482339,0.6385366411471695,0.7950590023635198,1.9224442543924394,-0.6504077342709741,0,-0.08047378306929065,59.16674775703528,3.1695979417622695,53.7315510999782,33.39215825956496,20.33939284041324,91.23507500120928,-3.6449121121032277,-0.16355803359971333,52.26295705936184,-30.13698630136924,-0.08047378306929065,0.031390421538986184,19.78330095033117,-0.2514126740110285,0.7225012142795579,0.042345328720255454,0.0009808621905073173,1.1645024877811123,0.9807431795454175,18.012521724462356,-0.6293320293549591,4.438562849756391,0.22250121427955794,-0.2514126740110285,-0.05550703611071239,0.6180915273907098,77.35849056603774,0.0001603192133670106,-1.7813245929643173e-05,-1.7813245929643173e-05,8.906622964843791e-05,0.0001603192133670106,1.7813245929643173e-05,1.0
1781060400,AUDCHF,bullish_exhaustion,0.17269274269040877,0.703106166666593,2.784464889278118,0.34562029559864377,0.9481802268195718,0.6025599312209281,0.5304134239761842,2.081358722611525,1.8774168169586336,1,-0.025877520028058733,57.77329160855544,-3.5229104311754966,79.8114689709364,69.4966409944188,10.314827976517606,83.6827663413464,-0.32329387202153725,2.9637136576164096,71.09737248842488,-32.85714285713448,-0.025877520028058733,-0.006544984393504181,18.447811409851674,-1.253642020294329,0.6651712181228723,0.04332374625141991,-0.00031022009026209635,1.0536277928427327,0.7147350780673809,18.162976554428333,0.11479652400283058,8.392270375039363,0.16517121812287228,-1.253642020294329,-0.058630599884845536,0.5386448977851324,58.490566037735846,0.0,0.00010688137948222654,0.0001781356324705996,3.562712649385347e-05,0.00019594919571752634,0.00051659333416465,0.0
1780929000,AUDJPY,bullish_exhaustion,-0.4040508508380969,0.09396531414769901,2.967048759547417,-0.18376475281883273,0.7910384043653301,0.9748031571841629,0.4980161649857959,2.873083445399718,-1.5248691179992728,0,-0.17012342899421648,55.66655682171141,-2.0283790483723365,28.16980286737672,37.09488892437209,-8.925086056995372,99.6102551527468,-0.3897448472531977,-0.3897448472531977,19.964193521527626,-79.80769230769414,-0.17012342899421648,-0.054163988340475595,25.40267265836772,-3.030786152665332,0.5174034627256873,0.0470466072363827,-0.0012321635064843212,1.4153722239520177,0.3687986360508226,32.411452856565894,-0.7742383806963886,9.236009159604347,0.01740346272568727,-3.030786152665332,-0.11595236985559021,0.5521877567936209,50.625,-0.0002475619568003129,-1.7682996914292204e-05,-0.00010609798148586425,-0.00046859941822940954,-8.841498457146102e-05,0.00022987895988624274,1.0
1780929300,AUDJPY,bullish_exhaustion,-0.9027439835643598,-0.5743874193121561,2.41526597866996,-0.6049762170183084,0.2469428298942254,0.8519190469125338,0.3283565642522037,2.989653397982116,-2.0310263445079397,0,-0.24085837131979296,51.992043991837846,-3.6745128298735636,14.190893402358094,27.595951301616097,-13.405057899258003,97.24926494512133,-2.360990207625477,-1.9712453603722793,-23.79382349710255,-96.5217391304308,-0.24085837131979296,-0.06953650938314339,21.47177317578545,-3.9308994825822694,0.3750294627907319,0.04672907453165464,-0.00031753270472806294,1.2029401792206973,-0.1434192165815288,30.964045942011065,-1.4474069145548292,5.121983345116103,0.1249705372092681,-3.9308994825822694,-0.21243204473132038,0.37282527391316816,15.625,0.00022993588326336578,0.00014149900508497737,-0.00022109219544552694,0.0001591863807208771,0.00047755914216240924,0.00035374751271266547,0.0
1780979400,AUDJPY,bullish_exhaustion,-1.2562705589372463,-0.39982176049684937,2.1004843745444792,-0.5944043046383656,0.33788607418779637,0.932290378826162,0.8564487984403969,2.5003061350413285,-2.3296833567020836,0,-0.28339431875116855,53.241648520988754,-0.3783017543539131,25.19462137296357,22.767647780012236,2.4269735929513345,92.00221454155637,-5.232714605341556,-2.605348969959337,-9.218397567866413,-69.06077348066398,-0.28339431875116855,-0.06425581618144716,23.88050746925874,-2.3295938588150733,0.43216905318535287,0.040520552455194224,-0.0005965362134356805,1.415038917566398,-0.07702890834241646,35.060535200298034,-2.495955175766291,-1.256193649589072,0.06783094681464713,-2.3295938588150733,-0.10028512084308172,0.47092858511698954,30.625000000000004,-0.00018591309890580998,-2.6559014129401426e-05,-0.00018591309890580998,-0.00037182619781150894,-0.00023017812245473834,-0.0003275611742625806,1.0
1780994100,AUDJPY,bullish_exhaustion,0.18621356547010395,1.0762700718541813,2.592802216357265,0.37313281601798004,1.172769088716301,0.7996362726983209,0.8900565063840773,1.5165321445030837,1.025825220838288,1,0.04060039074414384,59.550081615036795,2.784313873113625,20.689106389747568,40.39780333010392,-19.70869694035635,97.60567485384601,-0.26185351869978035,-1.5658592002030787,71.37200807213104,-35.48387096774083,0.04060039074414384,-0.03612929459835017,19.15498579044608,0.36406138953026357,0.7242175901060487,0.0398881382388121,0.00032565227165633204,1.1722873392850073,0.8598028525607324,22.582854936221196,0.04324656402292959,11.421787814206102,0.2242175901060487,0.36406138953026357,0.011638417724345596,0.5527462853054949,51.87500000000001,-0.00022106287028034188,-0.000468653284994236,-0.0005305508886727095,-0.0002122203554690838,-0.00014148023697946321,-0.000583605977540036,1.0
1781025300,AUDJPY,bearish_exhaustion,0.2925765410215017,-0.5510191522572176,-2.101256853184009,-0.1829400308256438,-0.8294281190843112,-0.6464880882586674,-0.8435956932787194,-1.5502377009267914,2.135530105132032,1,0.1033814168645299,44.73512833009104,-4.214780316943816,78.49517469458758,84.81811785119342,-6.322943156605845,4.110562809907763,2.956389811987604,1.802360992595235,-22.209002577849475,-51.82926829268298,0.1033814168645299,0.007247071524097898,30.408244867218443,-0.021919969776242,0.38476660945556107,0.06361436632158807,-2.189067849418802e-05,1.145937762622873,-0.5619662055278308,25.2390990758586,-0.8582606008805129,-6.411141326578782,0.11523339054443893,-0.021919969776242,0.005689897070060068,0.5817750221741471,67.9245283018868,-0.00014180625720117135,-0.0012496676415847396,-0.0014623770273862746,-0.0019055215811397685,-0.001373748116635709,-0.0011167242754587248,0.0
1781025600,AUDJPY,bearish_exhaustion,0.15064626173741874,-0.7276498680160318,-2.3139834279366833,-0.3503104123062788,-0.9939535461116378,-0.6436431338053589,-0.8782961297534506,-1.5863335599206516,1.8852725908539931,1,0.09702425985215234,43.56008533983424,-1.1750429902567987,52.03975116599122,73.21312079941173,-21.173369633420506,6.840033108814188,2.729470298906425,-0.22691951308117808,-39.40086821093677,-40.83333333333728,0.09702425985215234,-0.008432583511703326,30.586328600911614,0.1780837336931711,0.3516858608133244,0.06237125861838503,-0.0012431077032030377,1.188929280300049,-0.7243872170520699,24.637937551706283,-0.6011615241523174,-7.493906918007198,0.14831413918667558,0.1780837336931711,0.04299151767717602,0.4895259919102181,43.39622641509434,-0.0011080185083411909,-0.0013207580619425396,-0.001763965465279127,-0.001232116581275311,-0.0009750562873401813,-0.001205524137075198,0.0
1781025900,AUDJPY,bearish_exhaustion,-1.656359683665584,-2.4271700515523627,-4.157374545271051,-2.0618382753795843,-2.7510387378301693,-0.689200462450585,-0.7708103678867789,-1.7302044937186887,0.04591487883592434,1,0.06194530010205288,40.885590479578525,-2.674494860255713,21.955005403278744,50.82997708795251,-28.874971684673763,8.755908727042105,1.9158756182279166,-0.8135946806785093,-82.38236122850599,-56.25,0.06194530010205288,-0.038480223571769265,29.205747575283382,-1.3805810256282314,-0.0006090080214246216,0.06027860620457536,-0.0020926524138096675,1.1936753988577784,-2.4653029874991916,24.474460273676705,-0.16347727802957834,-10.249664775670428,0.5006090080214246,-1.3805810256282314,0.0047461185577293286,0.11901594957719468,0.9433962264150944,-0.00021297553443533346,-0.0006566745645093519,-0.0001242357284206852,0.00013310970902224994,-9.7613786616213e-05,-0.0008341541765388705,0.0
1781031600,AUDJPY,bearish_exhaustion,0.5680073935879797,-0.23131522815835612,-2.8151063266826286,0.24467730563285825,-0.7858976733332002,-1.0305749789660583,-0.7993226217463358,-2.5837910985242725,2.2360472055270626,1,0.10367297315376107,44.19386257688985,2.352596506021264,65.88162913744293,52.95099155079765,12.930637586645275,1.3614597975174128,1.3609291462521411,1.3614045475036136,-27.823240589218624,-42.38410596026599,0.10367297315376107,0.08144035342062134,30.26472110169749,-4.85842598790213,0.44717167153679904,0.06913035116765157,-0.0017799342128682616,1.0813399643495705,-0.34389835154302373,38.29334845218333,-0.8384285475093307,-12.125827677951566,0.05282832846320096,-4.85842598790213,-0.1280551863560262,0.4385812254936419,28.30188679245283,-3.553533989542057e-05,4.441917486941449e-05,0.0004974947585374423,0.0006840552929889832,0.0006396361181195687,0.0008350804875449924,1.0
1780927200,AUDUSD,bullish_exhaustion,0.4937633379439977,1.962121454830376,4.325366840389629,1.1205481396471768,2.366412621026665,1.2458644813794886,1.4683581168863784,2.3632453855592526,-0.7372223335076947,0,0.013335491400367366,65.42891534366802,5.189882823740206,48.41854870991826,32.074943726363024,16.343604983555238,99.9804325583419,-0.019416167639974447,-0.01955123372758294,70.61568927122302,-17.28971962616711,0.013335491400367366,0.011089142858141282,40.11510299859305,-3.0543464856625633,0.7944066137875182,0.060119724452724406,0.0009903913412574183,1.6746211113001854,1.8740062717663077,36.57383712319827,0.3104917398594935,20.00881394747252,0.2944066137875182,-3.0543464856625633,-0.17420665561680626,0.5194867346025883,40.625,9.894971940682673e-05,-0.0004099345518284725,-0.0003675275292255309,-0.00028271348401953666,-0.00035339185502447634,-0.0005088842712352992,1.0
1780928100,AUDUSD,bullish_exhaustion,-0.08849432169772711,0.8320924415178488,3.555013556641426,0.24277523100529752,1.4101426834789994,1.1673674524737019,0.9205867632155759,2.7229211151235773,-1.2792559344537409,0,-0.09171540331665819,59.760751517603545,0.36830766412039395,53.82999752903086,64.29094434726741,-10.46094681823655,99.461699898518,-0.523662338742966,-0.5285541991574831,37.424523225913305,-35.59322033898539,-0.09171540331665819,-0.045741612757328916,34.70680776435699,-2.139258266972128,0.6379838019271119,0.0575258795380247,-0.0014906210853606952,1.539082582445327,0.9208214900097627,36.213300240137336,-0.7347673362902896,13.099044402318317,0.1379838019271119,-2.139258266972128,-0.03819525058885587,0.4642107298230901,29.375,8.484522816298856e-05,1.4140871360535101e-05,-0.00014140871360490692,-0.0004100852694542967,-1.4140871360424079e-05,-0.00016969045632597712,0.0
1780928400,AUDUSD,bullish_exhaustion,0.1160679304518384,0.8591550069313542,3.6975205496549473,0.33896222053575714,1.480413205678735,1.1414509851429777,0.7430870764795157,2.838365542723593,-1.1187952125971594,0,-0.12075651272957838,60.53177251327397,0.7710209956704261,39.52909375444326,55.2546596713107,-15.725565916867438,97.78616614409509,-1.675533754422915,-1.151871415679949,43.65313572473535,-56.43564356435491,-0.12075651272957838,-0.026614433629222483,33.558593576926214,-1.1482141874307743,0.6435363287361047,0.056038295384584595,-0.001487584153440108,1.5418704979095612,0.9921422143998587,35.70639251394378,-0.5069077261935533,14.107294154881526,0.14353632873610467,-1.1482141874307743,0.002787915464234292,0.5925889150802559,63.125,-7.069835838413585e-05,-0.00022623474682925693,-0.000494888508688951,-9.89777017378346e-05,-0.0002545140901829557,-0.0005797265387498252,1.0
1780928700,AUDUSD,bullish_exhaustion,-0.03628181532451336,0.5947626155000195,3.560282706639678,0.18493982037752776,1.2879008380080912,1.1029610176305635,0.6310444308245329,2.965520091139658,-1.2354800417955902,0,-0.15474711885478523,59.50848268383324,-1.0232898294407278,39.250337885900116,44.20314305645808,-4.952805170557966,94.92087697331718,-2.8652891707779133,-1.1897554163550126,31.81505779444096,-64.58333333333115,-0.15474711885478523,-0.030719865440103633,31.45289247472648,-2.1057011021997347,0.603212689181983,0.05456435898143989,-0.0014739364031447072,1.497670572002531,0.8047286144224688,35.01922234464783,-0.6871701692959533,12.343771439257214,0.10321268918198301,-2.1057011021997347,-0.04419992590703026,0.5838714831158571,60.62499999999999,-0.0001555473853899203,-0.000424220141972409,-2.8281342798197606e-05,-0.0001838287281881179,-0.0005090641703668908,-0.0002686727565824887,1.0
1780929000,AUDUSD,bullish_exhaustion,-0.2935409344288941,0.16811889880945619,3.2684448771694243,-0.08724397433158851,0.9561330502119489,1.0433770245435374,0.4616598332383503,3.100325978359968,-1.5221374397103402,0,-0.20135829712832617,57.216842047033694,-2.291640636799549,32.11572694154466,36.96505286062935,-4.849325919084691,88.13134727896312,-6.789529694354059,-3.9242405235761595,25.847659980906762,-73.56321839080783,-0.20135829712832617,-0.04201361052235831,28.596677741979697,-2.856214732746782,0.5311602730350106,0.05299825881034581,-0.0015661001710940772,1.4156184168443742,0.4841347725512438,34.44702929262678,-0.5721930520210492,12.374446956578506,0.031160273035010566,-2.856214732746782,-0.08205215515815678,0.5536348943332123,53.125,-0.0002687145544288949,0.00012728584157151168,-2.8285742571521055e-05,-0.000353571782143125,-0.00011314297028575115,0.0001838573267145538,0.0
1780929300,AUDUSD,bullish_exhaustion,-0.7811603571185992,-0.4922937667255235,2.7232118005097603,-0.5110981315446965,0.4226672152567018,0.9337653468013984,0.28886659039307566,3.215505567235284,-2.0190551246887924,0,-0.26512336985511253,53.392197880714285,-3.824644166319409,17.469262295079243,29.611775707508006,-12.142513412428762,73.72446548108412,-14.406881797878995,-7.6173521035249365,-16.805390408215015,-95.4022988505825,-0.26512336985511253,-0.06045946776475772,23.952333411115045,-4.6443443308646515,0.3928303997409749,0.052156278812872554,-0.0008419799974732564,1.208496445831198,-0.021050425797468207,33.2736371174773,-1.1733921751494805,8.385610146534049,0.10716960025902511,-4.6443443308646515,-0.2071219710131762,0.2966902022975305,6.875000000000001,0.0003961068356723718,0.00024049343594390038,-8.488003621542894e-05,0.00015561339972847144,0.0004526935264828058,0.00029708012675433437,0.0
1780995600,AUDUSD,bullish_exhaustion,-0.502018844595653,-0.009472053671893878,2.117951200974478,-0.04013062435073415,0.4870013193767983,0.5271319437275325,0.49254679092375914,2.127423254646372,-1.7256006066455585,0,-0.24698997068568,54.11610530991935,2.3085688172606424,34.08541498792004,24.071089623067508,10.014325364852532,66.75805574376723,-17.52527042067959,-7.966530264674006,-2.631199538670666,-70.13888888889366,-0.24698997068568,0.015490909966497863,21.95869196228308,-1.7010367054727062,0.49806493330130297,0.04486008587879269,-0.0005161115281587039,1.202660474440884,0.22080497347590425,25.138202007808754,-1.0142294261930331,5.564014338906663,0.00193506669869703,-1.7010367054727062,-0.07016054353716861,0.4596437425300234,32.075471698113205,-0.0006232118070309545,-0.0008498342823148874,-0.0009773094246621206,-0.0006657035211466988,-0.0009348177105464872,-0.0013455709469987198,1.0
1781025300,AUDUSD,bearish_exhaustion,0.09443689342533616,-0.8283757934161219,-2.43565065999663,-0.3262714412129425,-1.0688927452898334,-0.7426213040768909,-0.922812686841458,-1.6072748665805086,1.8107247826338673,1,0.04988102621168851,43.10179821533952,-3.40590231363673,77.4854557207475,81.35404298107579,-3.8685872603282974,1.5961746885378636,1.1882133591963397,0.784757590448899,-43.09788033585922,-60.77586206896678,0.04988102621168851,0.013719082849725344,34.15220665993607,0.2609709908829245,0.3322966978119397,0.06918019712455538,-0.000593074684541714,1.1943591779315443,-0.7725818994944528,26.214499165156106,-0.38087610936783634,-9.328511603138015,0.1677033021880603,0.2609709908829245,0.028014649704575234,0.6440634408164838,83.01886792452831,-0.0001846328646498696,-0.001391847748899222,-0.0016474932537990927,-0.002087771623348944,-0.001633290725749137,-0.0013776452208491552,0.0
1781025600,AUDUSD,bearish_exhaustion,-0.03974734446043953,-1.0459827489593017,-2.6848285200286623,-0.5114351958882901,-1.2603225710582047,-0.7488873751699145,-1.0062354044988622,-1.6388457710693605,1.5157545211720393,1,0.046932752942592394,41.72192864293181,-1.3798695724077135,50.21001221000674,71.54430319135899,-21.334290981352254,2.0474585312003026,0.45128384266243904,-0.7369295165339005,-58.39668279198422,-52.727272727273714,0.046932752942592394,-0.0038955999853167132,34.723818934969565,0.5716122750334947,0.2956004110645251,0.06790337030800667,-0.0012768268165487123,1.2499376244896485,-0.9583329267610308,26.09370237942046,-0.12079678573564578,-10.619812544822114,0.20439958893547489,0.5716122750334947,0.05557844655810418,0.570214969981753,64.15094339622641,-0.001207437816952428,-0.0014631305311305631,-0.0019034902055485858,-0.0014489253803429136,-0.0011932326661646675,-0.0012500532693154875,0.0
1781031600,AUDUSD,bearish_exhaustion,0.8073301151217507,-0.3051463718064194,-3.024610837344269,0.39519643638356566,-0.8123395038252016,-1.2075359402087673,-1.11247648692817,-2.7194644655378495,2.7724727495548596,1,0.06270074562662348,44.124051584104706,5.796295408938569,64.89516037628647,50.47055240267273,14.424607973613739,0.09405051807823696,0.09400133611892662,0.09404575210538642,-33.919356249475534,-44.014084507042035,0.06270074562662348,0.12116587142374062,44.17063933896264,-4.9709027505692305,0.4435798467983928,0.08168982780011581,0.00023936578767151662,1.314226315861132,-0.3115713935001136,42.70481590496804,-1.2526446584199675,-12.826763335806888,0.056420153201607204,-4.9709027505692305,-0.15085299524129403,0.713921468738006,94.33962264150944,-0.00015668622870479432,-0.0002279072417527006,0.0004985470913336787,0.0009970941826678015,0.0008119195487437114,0.001039826790496301,0.0
1781031900,AUDUSD,bearish_exhaustion,0.6310010719391087,-0.3470505895666199,-3.1788031144087623,0.17793899392702267,-0.9613132074340701,-1.1392522013610928,-0.9780516615057286,-2.8317525248421425,2.6069358572116816,1,0.13926871633989252,43.03510073595303,-1.0889508481516756,80.29098847380033,64.78958538797094,15.50140308582938,2.686467920545531,2.592417402467294,2.4984160663483674,-24.136913543824694,-43.51145038167703,0.13926871633989252,0.07444042186013324,39.23660326294928,-4.934036076013356,0.43012425679314115,0.07902129508378991,-0.0026685327163259026,1.2254273082492628,-0.47089074585963964,41.541645865006636,-1.1631700399614004,-12.314712838161032,0.06987574320685885,-4.934036076013356,-0.08879900761186921,0.5128374406743725,50.943396226415096,-7.12321741486166e-05,0.0006553360021652743,0.0011539612212043693,0.0009687575684182992,0.0011967005256934282,0.0011967005256934282,1.0
1781032200,AUDUSD,bearish_exhaustion,0.5719277403587453,-0.3440644660255078,-3.1425159778192975,0.07481566441016531,-0.9804738006525813,-1.0552894650627465,-0.915992206384253,-2.7984515117937896,2.4741412483559984,1,0.1858375771229787,42.52140904166481,-0.5136916942882195,83.64023870417454,76.27546251808711,7.3647761860874255,7.903115132896006,5.216647212350475,2.6242298098831807,-30.173854898040997,-40.66390041494118,0.1858375771229787,0.045581357845946496,37.83782260326555,-1.3987806596837302,0.4286649498067639,0.07847051892836242,-0.0005507761554274931,1.1948382438447653,-0.5112011875899272,40.77063259729996,-0.7710132677066781,-14.23963791847596,0.0713350501932361,-1.3987806596837302,-0.03058906440449749,0.6817820677910877,90.56603773584906,0.0007266199350315361,0.0012252806747592437,0.0010400638285747998,0.0012680230238788504,0.0012680230238788504,0.0014532398700632942,1.0
1781032500,AUDUSD,bearish_exhaustion,1.421456770638349,0.5945086493550477,-2.048685745657597,0.833930594106724,-0.04969048540027495,-0.883621079506999,-0.8269481212833012,-2.6431943950126446,3.289959728847278,1,0.2708853774402511,49.18429703860686,6.662887996942047,84.59806068188765,82.8430959532875,1.754964728600143,15.386918174380117,7.483803041484111,2.2671558291336353,17.21117965119241,-3.960396039607878,0.2708853774402511,0.08787763885509244,37.37597538852449,-0.46184721474106283,0.6267145341495666,0.07962604634896589,0.0011555274206034721,1.156477781187191,0.36955999591285943,39.14006659924316,-1.6305659980567953,-8.423471371978469,0.12671453414956657,-0.46184721474106283,-0.03836046265757442,0.6288557014002193,79.24528301886792,0.0004982986659833877,0.0003132163043324532,0.0005410099802105606,0.0005410099802105606,0.000726092341861273,0.0003132163043324532,1.0
1781043900,CADCHF,bullish_exhaustion,-1.0188187775034834,0.24498314115534525,2.676926894786519,-0.45887237362981376,0.7865507012326763,1.2454230748624902,1.2638019186588287,2.431943753631174,-2.589635124108668,0,-0.14839081001817842,56.11193290343938,-2.375875568642293,18.046399594316068,33.8843280400035,-15.837928445687435,98.36418179368908,-1.6332719928634845,-1.6355673289618409,21.12999540654,-76.08695652172811,-0.14839081001817842,-0.10925769425468553,15.321878923471075,-0.9286143675549603,0.5359282970772049,0.02246924882257996,-0.00038258489568020887,1.789608978127341,0.26107342678662404,38.527811203431476,-1.1851101007430174,11.111123083489787,0.03592829707720491,-0.9286143675549603,-0.07046872710922947,0.4035600602369149,20.754716981132077,0.0001048492791611011,0.0,1.7474879860035486e-05,0.0,1.7474879860035486e-05,-1.7474879860368553e-05,0.0
1781044200,CADCHF,bullish_exhaustion,-0.5787968811297471,0.5707580355582651,3.117464312529688,0.006788926962058364,1.1993876203242122,1.1925986933621537,1.1495549166880121,2.5467062769714226,-2.024160735396577,0,-0.1984791110355529,58.814512515426046,2.702579611986664,13.596927497781593,20.902063809005096,-7.305136311223503,93.59015202195152,-4.77402977173756,-3.1407577788740895,22.56410256415484,-67.44186046511268,-0.1984791110355529,-0.045096881509441133,14.489725615975638,-0.832153307495437,0.5856289727579065,0.02173576749156669,-0.00073348133101327,1.768236235677559,0.6805491332353016,37.4273518241701,-1.1004593792613733,10.664520070533015,0.08562897275790649,-0.832153307495437,-0.021372742449782045,0.44824866442863404,29.245283018867923,-0.00010483828694229924,-8.736523911867522e-05,-0.00010483828694229924,-8.736523911867522e-05,-0.0001223113347661453,-0.0018696161171393166,1.0
1781044500,CADCHF,bullish_exhaustion,-1.0206575746190583,-0.07883127608843762,2.612219548699741,-0.4153548658492,0.6853479546388799,1.1007028204880798,0.9418262985306206,2.6910508247881784,-2.42210833057148,0,-0.26818020380556346,55.156750879244605,-3.6577616361814407,15.729864005726995,15.791063699274886,-0.06119969354789134,86.16881816795255,-7.4213338539989735,-2.647304082261414,10.315461197077036,-81.3953488371925,-0.26818020380556346,-0.06330185193722652,13.000859907409433,-1.4888657085662054,0.48723095211218664,0.02105907285905041,-0.0006766946325162809,1.653205695601041,0.18512264035456277,36.4781434928317,-0.9492083313384043,10.814763944719406,0.012769047887813356,-1.4888657085662054,-0.11503054007651792,0.41761389807425475,25.471698113207548,1.7474879860035486e-05,0.0,1.7474879860035486e-05,-1.7474879860368553e-05,-0.0017649628658804595,-0.0007688947138488889,0.0
1781044800,CADCHF,bullish_exhaustion,-0.9672377300403706,-0.16992014176425416,2.703037332055136,-0.2953333060355887,0.747064917748584,1.0423982237841727,0.7973175882761164,2.8729574738193904,-2.2932789881374678,0,-0.3160649593721698,55.65179102192674,0.4950401426821358,18.69417132574387,16.00698760975082,2.6871837159930507,74.76678620139859,-11.402031966553963,-3.9806981125549896,-9.974820840568205,-89.47368421051709,-0.3160649593721698,-0.03444591831115413,11.316826624308762,-1.6840332831006712,0.4698906236703053,0.020053785213350033,-0.0010052876457003757,1.5382469007770596,0.25472476304149866,35.35107820164797,-1.127065291183726,9.300675547529774,0.03010937632969468,-1.6840332831006712,-0.11495879482398141,0.3973451209704927,18.867924528301888,-1.747457449408074e-05,0.0,-3.4949148988272505e-05,-0.0017824065983993442,-0.0007863558522349656,-0.0006989829797643399,0.0
1781045100,CADCHF,bullish_exhaustion,-0.8316593054204927,-0.452386105694759,2.688727117082033,-0.3394240466204975,0.6408635107574437,0.9802875573779413,0.37927319972573365,3.1411132227767924,-2.335826152933168,0,-0.3555778685169655,54.99794648003508,-0.6538445418916581,15.104427736013156,16.50948768916134,-1.405059953148184,53.22458165941045,-21.54220454198814,-10.140172575434164,-29.026885558026724,-94.59459459458893,-0.3555778685169655,-0.024088076752805186,9.014564780766726,-2.302261843542036,0.40405174770477265,0.019120979671782418,-0.0009328055415676155,1.3063432057191264,0.15902538030735652,34.304517574120226,-1.0465606275277466,9.057818612968365,0.09594825229522735,-2.302261843542036,-0.23190369505793318,0.29570307648260385,6.60377358490566,1.7474879860035486e-05,-1.7474879860368553e-05,-0.0017649628658804595,-0.0007688947138488889,-0.0006815203145478232,-0.0020270860637834343,1.0
1781045400,CADCHF,bullish_exhaustion,-0.5288515930166785,-0.5146859253456715,2.823689755567787,-0.216870449547613,0.700616094590717,0.9174865441383301,0.014165667671007015,3.3383756809134586,-2.1631022337621504,0,-0.3703294684137109,55.56022550996384,0.5622790299287601,23.040935672503192,18.94651157808674,4.094424094416453,34.5328851090608,-18.691696550349647,2.8505079916384943,-34.564791491724556,-91.89189189189838,-0.3703294684137109,-0.002897911291594703,7.2380041999708675,-1.7765605807958584,0.3684342268285284,0.01850379548049006,-0.0006171841912923567,1.0917484909747355,0.23412026154441662,33.59315825562701,-0.7113593184932157,10.714885285021307,0.1315657731714716,-1.7765605807958584,-0.21459471474439096,0.23877143020073677,4.716981132075472,-3.4949148988272505e-05,-0.0017824065983993442,-0.0007863558522349656,-0.0006989829797643399,-0.0020445252158109994,-0.001869779470869859,1.0
1781045700,CADCHF,bullish_exhaustion,-0.5032602483950003,-0.7694074951416847,2.6692149328312795,-0.3518415245365323,0.48558979316458606,0.8374313177011183,-0.2661472467466844,3.4386224279729642,-2.259904428696783,0,-0.3858686673686225,54.10421230832891,-1.4560132016349314,30.598290598275536,22.914551335597295,7.683739262678241,21.226739694208188,-13.306145414852612,5.385551135497035,-83.10749774173786,-87.80487804878247,-0.3858686673686225,-0.00635120289101771,6.795892068717352,-0.44211213125351545,0.29559942536133,0.018056455585774397,-0.0004473398947156641,1.0526560420404847,0.04195130182539365,32.25548963172452,-1.3376686239024878,6.739929859092221,0.20440057463867,-0.44211213125351545,-0.03909244893425079,0.30034668520474145,8.49056603773585,-0.0017475185236963675,-0.0007514329651893137,-0.0006640570390045175,-0.002009646302250756,-0.0018348944498811637,-0.002009646302250756,1.0
1781024400,CADJPY,bearish_exhaustion,0.7221599876076839,-0.5679910014884942,-2.5581232819428688,0.11576904575696685,-0.9062229065614275,-1.0219919523183942,-1.290150989096178,-1.9901322804543744,2.5133114966435426,1,0.05707175024590832,43.098528322685915,-3.3473286667147093,85.62739753684673,71.8310425663956,13.796354970451134,0.742934735971918,0.7424542628167465,0.742892808014733,-29.152232172056653,-47.64397905758784,0.05707175024590832,0.07927881237398057,20.098824092906714,-1.2616707609271494,0.4090655138947173,0.032183790527053696,7.43971886876596e-05,1.4566549664380926,-0.5181077789965072,46.48350717206186,-2.0848856054642653,-8.78550080838281,0.09093448610528271,-1.2616707609271494,-0.08445813281387182,0.6691325290403997,87.73584905660378,0.00037430687941220064,0.00045265017975437694,0.00010445773378942036,-3.4819244596584475e-05,-0.00015668660068424156,-0.0003133732013683721,1.0
1781025300,CADJPY,bearish_exhaustion,0.6296145246049976,0.030942594158206712,-2.164367194838668,0.033397842280271664,-0.5861267192964742,-0.6195245615767458,-0.5986719304467908,-2.1953097889968745,2.1703619868133304,1,0.26909285554267454,45.89838327222927,-6.860137204146575,75.22320189050608,85.10845341885107,-9.885251528344995,11.905071721584829,7.176618629566841,4.069286543354068,21.804306350554256,-31.707317073165868,0.26909285554267454,-0.014310741381959651,16.505214556846983,-1.1386414561356446,0.5060645000460815,0.03234857168743793,0.0005356133462928597,1.2102403654649245,-0.3003653330804511,38.568100523598254,-2.1016469540590705,-5.601281911156146,0.0060645000460815,-1.1386414561356446,-0.10528499156012505,0.48503030107553946,42.45283018867924,-0.00013926243134798622,-0.00026111705877740476,-0.00041778729404395865,-0.0006440887449844501,-0.00039167558816621817,-0.000400379490125502,0.0
1781025600,CADJPY,bearish_exhaustion,0.1375317719068224,-0.27101849169898623,-2.559708978313143,-0.3367687220201642,-0.9434397330986103,-0.6066710110784461,-0.4085502636058086,-2.288690486614157,1.4575610720955023,1,0.22715321800991015,43.4638640811462,-2.4345191910830692,47.82968168664724,70.77589422551456,-22.94621253886732,21.009631862184722,9.104560140599894,1.9279415110330511,-4.444444444437313,-41.463414634144655,0.22715321800991015,-0.04254380258522664,15.201089836864954,-1.3041247199820294,0.442452320197097,0.03228060111713897,-6.797057029896136e-05,1.1236671598798884,-0.6627488948659912,37.05778852128895,-1.5103120023093055,-8.680055542661293,0.057547679802902985,-1.3041247199820294,-0.08657320558503612,0.4757111078569241,37.735849056603776,-0.00012187159956467131,-0.00027856365614797873,-0.0005048966267683364,-0.00025244831338411267,-0.0002611534276387717,-0.000374319912948895,0.0
1781025900,CADJPY,bearish_exhaustion,-0.3872978731204519,-0.5325345755396876,-2.957849185282642,-0.6200381390029429,-1.254746579904364,-0.6347084409014212,-0.14523670241923578,-2.4253146097429545,0.8378302556681247,1,0.1765366692118635,41.39488894125755,-2.06897513988865,19.436566458689907,47.49648334528107,-28.059916886591164,33.52121317759087,12.51158131540615,3.407021174806257,-32.03034801250163,-49.99999999999567,0.1765366692118635,-0.05648864800220818,14.157144854852456,-1.0439449820124977,0.38163871101633057,0.03147098461451388,-0.0008096165026250934,1.0880521497252842,-0.9655432458077049,36.002104161129594,-1.0556843601593542,-11.23242493283512,0.11836128898366943,-1.0439449820124977,-0.03561501015460422,0.47056662313321684,36.79245283018868,-0.00015671115522242207,-0.00038307171276596996,-0.0001305926293519999,-0.00013929880464214062,-0.0002524790834139701,-0.0005920199197290144,0.0
1780978800,CHFJPY,bullish_exhaustion,-0.36162168000011374,0.7508672383337827,2.6217571800017168,-0.021187077642016616,1.1210185918930957,1.1422056695351124,1.1124889183338964,1.870889941667934,-1.820162456001548,0,0.02256404444245822,59.920022665979424,-0.2326027644677282,38.88436007441195,60.714185109739105,-21.829825035327154,99.76840001734831,-0.21760405339085764,-0.23001553782970063,44.7621156055799,-43.52941176470903,0.02256404444245822,-0.0991746943963073,11.954472472284507,-1.2045533792524257,0.6245402706013933,0.019824964216160795,6.9682694937671374e-06,1.4967478509700378,0.6871511620028284,33.52898585951542,-1.0849133360087109,9.222470164131064,0.12454027060139328,-1.2045533792524257,-0.15028856925613754,0.2667847053593401,2.5,3.982853814332721e-05,3.982853814332721e-05,-1.991426907155258e-05,0.00020412125798441316,9.459277809042987e-05,2.9871403607550917e-05,0.0
1780979700,CHFJPY,bullish_exhaustion,-0.6684918508252795,0.1965366041421154,2.457910837116291,-0.15553748958766495,0.8675698022731437,1.0231072918608086,0.865028454967395,2.2613742329741755,-1.7692620124798917,0,-0.1691420581748516,57.574442723202345,-3.203243847766579,27.081226828448,25.636817775341594,1.4444090531064049,93.67145139325164,-2.7168837066757163,-0.824526462792619,25.865990771453852,-63.41463414634879,-0.1691420581748516,-0.05539961319917858,9.248610322794784,-0.6442891243059208,0.5395676063535454,0.018619024331647974,-0.00028218038866738293,1.267522482521395,0.4201400948647596,28.074039491518118,-0.7745449974280021,8.153459372163361,0.03956760635354539,-0.6442891243059208,-0.061515067634455134,0.5095456435012267,38.75,0.00022403998864861663,0.00011450932753143128,4.978666414401367e-05,9.957332828824939e-05,2.9871998486585838e-05,0.00018421065733331687,0.0
1780980000,CHFJPY,bullish_exhaustion,0.38193544161823273,1.1850462674857765,3.495494089657823,0.8673354628438322,1.8758882342450856,1.0085527714012532,0.8031108258675438,2.3104478221720464,-0.47086702134186537,0,-0.12627902767596277,65.01977924988418,7.445336526681835,50.159665929745266,34.75634419234316,15.40332173740211,88.77509673332172,-4.896354659929926,-2.17947095325421,68.94062443602685,-26.829268292697577,-0.12627902767596277,0.03919605506041862,8.567972239845316,-0.6806380829494678,0.7632290571407551,0.019027364376789768,0.0004083400451417932,1.13595412422272,1.4369698164539428,27.930520773672423,-0.14351871784569425,11.891494595688943,0.26322905714075506,-0.6806380829494678,-0.13156835829867508,0.4424554515022948,24.375,-0.00010950612736548848,-0.0001742142935361457,-0.0001244387810971359,-0.0001941244985116386,-3.982040995098579e-05,-2.4887756219449386e-05,1.0
1781025900,CHFJPY,bearish_exhaustion,-0.17808394418082166,-0.7232258020848292,-2.1692930524187335,-0.5036426635522688,-1.0327541837505285,-0.5291115201982598,-0.5451418579040076,-1.4460672503339043,1.2669081403550897,1,0.08266807312087238,41.56137239327845,-3.1218236259428096,33.61012817488361,56.797745579712654,-23.18761740482904,4.908780640780245,1.1020723736152505,-0.49050513131701834,-38.79827339785389,-52.91666666666865,0.08266807312087238,-0.029618076953266643,19.501326911939064,-1.9114820603994396,0.356076154379745,0.03881905121154124,-0.0004921384147284213,1.2545988285377183,-0.8175682566866005,20.616721096593384,-0.5055814351470538,-5.723167858093447,0.143923845620255,-1.9114820603994396,-0.09777149845759903,0.3764731785450544,15.09433962264151,-0.0004376607035395663,-0.0008902416583361772,-0.0004177670351966922,-0.0004476075377107813,-0.0004774480402248704,-0.00038295311559710665,0.0
1781030100,CHFJPY,bearish_exhaustion,-1.4266312582904552,-2.1515360934333887,-3.838345026367642,-1.4814250442688985,-2.2843292785053775,-0.8029042342364788,-0.7249048351429336,-1.6868089329342537,-2.908294547984373,0,-0.06141276013660503,32.56451689737496,-9.906604170863552,44.26447149898607,40.47014824219511,3.7943232567909604,0.4261254324444742,0.42075686246957783,0.42539168573861535,-121.83098064737071,-94.17808219177252,-0.06141276013660503,-0.07125047573442408,18.976752754961534,1.4798969427807478,0.013262240332948028,0.04297042333736823,0.004077641744010346,1.0784771753547413,-1.9662887233080437,33.27033646532178,0.8831218095836633,-19.27295479458614,0.48673775966705196,1.4798969427807478,-0.06479103381280993,0.6553764267176012,85.84905660377359,0.0002041771660208358,0.00022409688953506368,0.00011453841020681033,0.0005577522583986028,0.0002041771660208358,0.00040835433204189364,1.0
1780927500,EURAUD,bearish_exhaustion,-0.6295482568327521,-1.2630018998746926,-2.4682040838627595,-0.8457544912696848,-1.512540363287008,-0.6667858720173231,-0.6334536430419406,-1.2052021839880667,0.6653528375941671,1,0.008247044942008785,39.60710074962746,-3.8872553111464896,47.67379679143735,58.901931800060936,-11.228135008623589,30.62911999264326,19.878926998539725,13.2990765154698,-70.88775317049799,-81.18081180811762,0.008247044942008785,-0.03483207604011267,16.241947586642958,-0.8024370251735036,0.19493572005442886,0.03925009380403145,0.00034046285556101064,1.0516065940649046,-1.2283158491835144,23.580499141499452,0.2439734614032183,-10.530229114190016,0.30506427994557117,-0.8024370251735036,-0.06781022381381652,0.5422089065927106,47.5,0.00032496796306391573,0.00034336237606780173,0.000349493847068727,0.0004353344410856774,0.00045986032509071073,0.0006254100421232422,1.0
1780993800,EURAUD,bearish_exhaustion,0.3800072615496428,-0.6700611133604774,-2.2881210183366805,0.07123909644591256,-0.8183608649740707,-0.8895999614199832,-1.05006837491012,-1.6180599049762032,-0.4222302906109407,0,-0.06255527600253086,43.23433990238683,-0.46537269865658004,69.89784829384975,47.49430243730461,22.403545856545136,0.19098215900889856,0.18450178540738124,0.18990632680215433,-44.203062532998686,-50.0,-0.06255527600253086,0.09406025118891406,17.04484244795324,-0.4524243860813364,0.36907854511378163,0.03331089677251684,-0.0008681115155936558,1.2332202874376834,-0.4889055444735894,30.905449850253582,-0.6498012894763221,-11.373617789746326,0.13092145488621837,-0.4524243860813364,0.016305074908979478,0.7075972864623614,87.5,-0.000195685142605595,7.338192847705649e-05,0.0001651093390733216,0.00027518223178901735,-4.280612494500513e-05,-0.00018345482119264123,1.0
1780994100,EURAUD,bearish_exhaustion,-0.10498005896024346,-1.13912572748548,-2.835198294085328,-0.43821538305841207,-1.3059116786094789,-0.8676962955510669,-1.0341456685252366,-1.6960725665998482,-1.0129654811919453,0,-0.030369079574351934,39.60102210333801,-3.633317799048818,81.20155038759793,67.09719455330118,14.104355834296754,0.5736310886376951,0.3826489296287965,0.19814714422141527,-60.461192350969924,-60.472972972974596,-0.030369079574351934,0.032389679990104094,17.014589894837115,-0.030252553116124403,0.2777474127866123,0.03320939099270593,-0.00010150577981091202,1.2408996454263843,-0.9770140374396776,30.649470314319142,-0.2559795359344399,-13.752865685281527,0.2222525872133877,-0.030252553116124403,0.007679357988700897,0.6437347960863224,77.5,0.0002691197338160478,0.0003608650976170136,0.00047095953417808367,0.00015290893966835029,1.2232715173476905e-05,0.00048930860693841,1.0
1780995300,EURAUD,bearish_exhaustion,0.23609080582390973,-0.41005245222003917,-2.139018203142641,-0.20709709002854731,-0.7204345112094646,-0.5133374211809172,-0.6461432580439489,-1.7289657509226017,2.280928303749925,1,0.1641511656341305,44.249417024682906,-6.612461631407491,58.00651912849914,70.981203390724,-12.974684262224862,13.288305396807031,8.451409443893906,5.107654525132096,-7.20893141950208,-39.05579399141582,0.1641511656341305,-0.021057046880622363,15.563760912307165,-0.44823688675109175,0.4092466744780712,0.03445077784914913,0.00023036671989560414,1.0935896068739372,-0.4840119159188819,26.039573537290128,-1.1264728907207662,-5.372414498755955,0.09075332552192877,-0.44823688675109175,-0.037602993543915275,0.4927305768532752,35.0,-0.00014065471713109456,0.00033634823661787827,0.00034246365910184373,0.00035469450406977465,0.0003485790815858092,0.0004219641513933947,1.0
1781007600,EURAUD,bullish_exhaustion,-0.5344055241482222,0.3855124187752598,3.1098538332935677,-0.1492492115281421,0.908925239699798,1.05817445122794,0.919917942923482,2.724341414518308,-2.3900160308875527,0,-0.09293193272190024,56.10471837677682,0.6673703134253088,15.953850676073506,38.669560891785615,-22.715710215712107,98.30070293863972,-1.6992970613602836,-1.6992970613602836,31.64501016531609,-57.19557195571756,-0.09293193272190024,-0.0766172562731657,17.52685136219298,-1.3431864477342366,0.5833816003340725,0.03790288720935689,-0.0013218599049908825,1.1252231858655564,0.47030822667672667,41.41947678082954,-0.5188234393868001,14.442631169328495,0.08338160033407249,-1.3431864477342366,-0.026388847931150705,0.3635805755077851,13.20754716981132,-0.00026234549070802693,-7.931375300473942e-05,0.0001708296218565497,7.3212695081315e-05,5.490952131115279e-05,6.101057923535436e-06,1.0
1781007900,EURAUD,bullish_exhaustion,-1.146839116971483,-0.3839064278082778,2.306366666725578,-0.7195034052304177,0.2028443769316521,0.9223477821620698,0.7629326891632052,2.6902730945338558,-2.9572377202992803,0,-0.19277090293487237,51.62909512369706,-4.47562325307976,3.8738634612428506,21.201710045652263,-17.32784658440941,94.51224320611718,-3.78845973252254,-2.0891626711622706,-10.956047954797803,-74.15730337078305,-0.19277090293487237,-0.09885362537189377,16.460499383110612,-1.0663519790823663,0.4125166206717329,0.037515066245313144,-0.00038782096404374466,1.075014343820723,-0.20284371355649988,39.96133534646863,-1.4581414343609111,9.137821152640658,0.08748337932826711,-1.0663519790823663,-0.050208842044833446,0.35003409618156184,12.264150943396226,0.00018307976785481017,0.00043328878392312475,0.0003356462410673,0.000317338264281819,0.0002685169928537956,0.00016477179106932915,0.0
1781008200,EURAUD,bullish_exhaustion,-0.6317141379286237,0.04654735753106991,2.70905620833743,-0.20017005477909283,0.6537181678463542,0.8538882226254471,0.6782614954596936,2.66250885080636,-2.27097748183096,0,-0.22855319874382868,54.364338455107216,2.735243331410153,10.271169858549738,10.032961331955365,0.23820852659437364,85.68196052931992,-8.830282676797253,-5.041822944274713,-6.47867877436188,-69.42148760330564,-0.22855319874382868,-0.031553709155875395,16.04583972810073,-0.41465965500988133,0.5106473761268681,0.03670308716315088,-0.0008119790821622674,1.081993920207393,0.26367334353604743,38.60734687170493,-1.3539884747637032,8.67124764716069,0.010647376126868058,-0.41465965500988133,0.006979576386670017,0.5228672234371828,54.71698113207547,0.0002501632162448253,0.0001525385464906659,0.0001342339209118304,8.542158603486172e-05,-1.83046255788355e-05,1.220308371929768e-05,0.0
1781020500,EURAUD,bullish_exhaustion,0.3648643213094486,1.4350166129993311,2.056857145298822,0.6819805985476065,1.3815427313923343,0.6995621328447279,1.0701522916898825,0.6218405322994905,-1.22587428910928,0,0.07850260834768494,60.67786621751586,6.999193212326631,41.44620811287333,51.919665860964336,-10.473457748091008,92.36634039083941,-1.5145495425989424,-3.78164184531596,69.11458470618739,-30.705394190869534,0.07850260834768494,-0.00615259813528726,17.7114062115732,0.0669546498205662,0.783025634687177,0.03491437241565245,0.0018028512650741443,1.1626654544715125,1.116446891553221,20.445074118234512,-0.9655830223994002,3.607022399534504,0.283025634687177,0.0669546498205662,-0.06907104886510496,0.5080666064981303,49.056603773584904,-0.000353522732121192,-0.00030476097596654483,0.00023161834173457407,0.0005059032201044644,0.00021942790269591228,0.0003839988297178465,1.0
1781025600,EURAUD,bullish_exhaustion,0.2122221875690984,1.2872286257931036,2.881926778100239,0.7493127100744189,1.4975859704955892,0.7482732604211701,1.0750064382240052,1.5946981523071353,-1.5326257899563644,0,-0.07916643759563892,59.180876746301834,6.0697612574656645,34.042031381944994,17.02789787466324,17.014133507281755,88.27966376083396,-6.250259211649578,-2.4370758699992905,51.11163857899795,-45.20958083832539,-0.07916643759563892,0.03622340631830701,26.1660244134455,0.5209781336566444,0.7372310217302932,0.04819300782959209,0.0016050645091691199,1.299816859287492,1.180467547575416,33.36867182642667,0.4113594625419452,17.337240936386053,0.2372310217302932,0.5209781336566444,-0.030201425099281476,0.672474392198776,89.62264150943396,0.0006818417031431157,0.0005905236179009066,0.0005418206391047953,0.0005479085114543647,0.00018263617048486225,0.0003348329792220994,0.0
1781025900,EURAUD,bullish_exhaustion,1.342682680493618,2.3351003139021516,3.945842979409957,1.7270308717265643,2.543286671278302,0.8162557995517377,0.9924176334085334,1.6107426655078052,2.692513627254489,1,0.028703243921989988,65.04878995699687,5.867913210695036,64.52652750597538,34.67972056614666,29.846806939828717,83.14400298791638,-5.135660772917575,1.1145984387319885,125.64334263152296,-12.000000000003553,0.028703243921989988,0.10336686835822978,27.19664989147822,1.0306254780327215,0.9389634345982075,0.05106461330904029,0.0028716054794481957,1.2548832512079318,2.214556926316366,34.69052232818031,1.3218505017536373,25.90559779836367,0.4389634345982075,1.0306254780327215,-0.04493360807956015,0.7659446292534818,99.05660377358491,-9.125586318914358e-05,-0.00013992565689013858,-0.00013384193267740319,-0.0004988653854341996,-0.00034677228011892325,0.0003406885559065209,1.0
1781031000,EURAUD,bullish_exhaustion,0.5645088259352212,1.4240490135728006,3.6109980207131955,0.761672192463561,1.7887219282893243,1.0270497358257633,0.8595401876375793,2.1869490071403948,-0.7085398844039854,0,0.016011153678305086,63.26458337727474,3.268616945673159,62.778007821486234,73.8042846450665,-11.026276823580268,98.91240566680521,-1.057347268572613,-1.0824511092214664,93.28347392523834,-18.100890207714606,0.016011153678305086,-0.00861468950744952,23.672587804437793,-2.31969463150163,0.8150092979535419,0.05232634920278764,2.5578938118490935e-05,1.1144777240915904,1.3652062211438452,43.521647956624,-0.6698578355257894,15.071972996952976,0.31500929795354193,-2.31969463150163,-0.10859748850292572,0.2981677143887765,7.547169811320755,-0.0002856621892664002,-0.0006017139731355758,-0.0004497660001215875,-0.0005348568650094254,-0.000984622865130902,-0.000948155351607638,1.0
1781046300,EURAUD,bearish_exhaustion,-5.068516589530669,-5.365787374206397,-6.1693132878301205,-4.78784896491758,-5.401110671327899,-0.6132617064103194,-0.29727078467572704,-0.8035259136237237,-6.300633877395325,0,-0.2998853704577175,18.13094256024877,-29.292177440067277,32.42145899892113,45.215221782703615,-12.793762783782483,3.4393820056795086,1.2295987799307997,0.4097495438290264,-472.5369035361463,-96.48562300319324,-0.2998853704577175,-0.3634577973008999,15.944904683928941,10.120369505729096,-0.5304570339844898,0.03067132320224388,0.011560356788051163,1.2296425756962819,-5.196246596730299,16.963998605729994,3.956514257942514,-43.56356479528306,1.0304570339844898,10.120369505729096,0.31915097964533656,0.7527376932721068,98.11320754716981,0.0008355339793983951,0.000378124866589058,0.001195362481474893,0.001951612214653009,0.0017320558405045094,0.001213658845987231,1.0
1780928100,EURCAD,bullish_exhaustion,-0.8188004874407375,-0.05407173030238971,2.222017064030014,-0.472806627756112,0.44190530713217124,0.9147119348882832,0.7647287571383479,2.2760887943324035,-2.44978043412096,0,-0.09270034453208834,53.743958930818664,-1.2066949225744565,28.067513526234293,54.41229158346872,-26.34477805723443,99.4343619993143,-0.5656380006856949,-0.5656380006856949,-6.2927425435988935,-60.32608695652391,-0.09270034453208834,-0.09814217984780006,12.341650004211035,-1.5499927985219806,0.4876496721663686,0.028189544893965773,-0.0007793009874950928,1.1067498189464997,0.07457186803548863,45.529259743999994,-2.1102313858003328,9.193941448652343,0.01235032783363138,-1.5499927985219806,-0.09195948398297293,0.23989459322911205,0.625,0.0,0.0001555364764145306,0.00012442918113153567,-6.843604962236682e-05,0.00021775106698029845,0.0001119862630183377,0.0
1781009400,EURCAD,bullish_exhaustion,0.33331937299441494,1.1633176136688947,5.424195261921935,0.6095340311204596,2.13553408620223,1.5260000550817705,0.8299982406744799,4.26087764825304,1.191709760502145,1,-0.10660083999739951,68.66436087375716,1.6863545141474816,55.969823826986975,74.90338379397703,-18.933559966990053,99.07068138962367,-0.9293186103763276,-0.9293186103763276,91.11840863621337,-25.555555555546782,-0.10660083999739951,-0.03336814760207951,8.009170779572669,-0.8161501664630197,0.7731737477551357,0.018803262228080046,0.00012766267781083931,1.1012674615765379,1.496188847887059,56.923197468843554,0.500352049991271,20.08579459105668,0.2731737477551357,-0.8161501664630197,-0.1294823282858859,0.5235713279956568,55.660377358490564,-0.00010549243246937845,0.0001675468045101436,0.00010549243246926743,0.00016134136730605597,0.00017375224171400916,8.067068365291696e-05,0.0
1781019900,EURCAD,bullish_exhaustion,0.9999630524869356,2.0740921625747335,2.208614046360933,1.3256977139543888,1.8861072104253136,0.5604094964709249,1.0741291100877979,0.13452188378619964,2.250556230659661,1,0.117291412699882,63.70823983136257,10.465587377212543,41.44683067025037,33.26993125551289,8.176899414737484,88.90368791458656,-1.892404907192926,-4.31624333625129,103.70669901605866,-6.622516556290124,0.117291412699882,0.060824517982806414,11.624646058960957,0.6983576881611491,0.9329449074410711,0.024253018924821,0.002037691119002691,1.134106714242756,1.6783554949340456,32.17764591975054,0.7643514016968638,18.21614304760758,0.43294490744107106,0.6983576881611491,-0.06294466627005102,0.5783347341193035,66.0377358490566,-9.924142337025543e-05,-9.303883440958671e-05,0.00028531909218898477,0.0002977242701103222,6.202588960624311e-05,1.2405177921115396e-05,1.0
1781024400,EURCAD,bullish_exhaustion,-0.09338549444244187,0.8136459568950943,2.277016524058958,0.24245928403745715,1.0366878200350234,0.7942285359975663,0.9070314513375362,1.463370567163864,-1.6662356518986712,0,-0.0424463196300015,57.893449390380624,5.183634119619057,28.117873712352985,34.545820363405305,-6.42794665105232,97.35249297769525,-2.6444438115871094,-2.647104208178746,40.161725067429586,-43.50000000000738,-0.0424463196300015,-0.028239939506697048,14.773181967126463,-0.007191375466366168,0.6718963023092651,0.031202891286445905,7.177704973083954e-05,1.1196141661695074,0.7126822712428577,38.00048936418328,-1.8945497433931209,5.7193189881234545,0.17189630230926511,-0.007191375466366168,0.002270855666757887,0.4680008782568948,35.84905660377358,-0.00019219323479813255,-0.00035338756075786737,-0.0004463842872731716,-0.00022939192540416542,-0.00017359388949511612,-0.0003223886519193586,1.0
1781043900,EURCAD,bearish_exhaustion,1.0555569365502488,-0.4711151357915569,-2.271713946883485,0.440445388405594,-0.6962650831545032,-1.136710471560097,-1.5266720723418057,-1.800598811091928,2.4472083823464947,1,0.07245024364992189,44.61195203239229,2.9541865356206713,80.23134420558324,60.198089119509746,20.033255086073495,0.7708882455523045,0.666168244154715,0.7565423897364839,-28.276923417587465,-41.66666666667087,0.07245024364992189,0.11766962545006107,14.373810535523342,-0.7065946207707796,0.4371446356224545,0.019179021505304695,-9.144116264183516e-05,1.9349613972039996,-0.23330549928352054,31.787690452958117,-1.21698001661035,-7.382416789674224,0.06285536437754552,-0.7065946207707796,-0.08835764396082246,0.608679077687849,75.47169811320755,-6.830982854222345e-05,-8.07297973681731e-05,-6.209984412941516e-05,-3.104992206459656e-05,-4.34698908905462e-05,-3.104992206459656e-05,0.0
1781044200,EURCAD,bearish_exhaustion,0.6975066447517146,-0.6658017972622593,-2.59045290744827,0.0735005478575397,-1.0044061469425352,-1.0779066948000748,-1.3633084420139738,-1.9246511101860109,2.0450227353659476,1,0.13471334233783544,42.488127793626965,-2.123824238765323,86.37169508278419,76.30590560909381,10.065789473690373,3.386972679118926,2.6160844335666216,1.9499161894119066,-24.205202312122438,-44.999999999995374,0.13471334233783544,0.06003789214463797,13.55158421015631,-0.8222263253670317,0.40858463348818086,0.018608789128355865,-0.0005702323769488302,1.8998560483607299,-0.54971515431737,30.657637580391366,-1.1300528725667505,-7.065646024902119,0.09141536651181914,-0.8222263253670317,-0.03510534884326977,0.4908121149278164,44.339622641509436,-1.2420817289804376e-05,6.210408644902188e-06,3.726245186919108e-05,2.4841634579386707e-05,3.726245186919108e-05,-0.000602409638554291,1.0
1781044500,EURCAD,bearish_exhaustion,0.625670455907841,-0.5627538737484526,-2.66976030292064,0.005985064347670487,-1.038767577499992,-1.0447526418476625,-1.1884243296562935,-2.1070064291721873,1.9611003584809048,1,0.18022496159014048,42.095729258105095,-0.39239853552187043,78.43590831918797,81.67964920251846,-3.2437408833304886,7.691966185803318,4.304993506684392,1.6889090731177703,-26.268446752928,-41.284403669729066,0.18022496159014048,0.039133359319536605,12.456413120092861,-1.0951710900634488,0.419737067648066,0.01776777127438403,-0.0008410178539718337,1.8610757920094514,-0.5841593242806827,29.71098107569557,-0.9466565046957953,-7.620604967861816,0.08026293235193399,-1.0951710900634488,-0.038780256351278464,0.4129398765834813,23.58490566037736,1.8631457352480396e-05,4.9683886273577116e-05,3.726291470518284e-05,4.9683886273577116e-05,-0.0005899961494988393,-0.0004657864338148965,1.0
1781044800,EURCAD,bearish_exhaustion,0.8033248396799164,-0.2800582009886005,-2.5735874680419744,0.0988807107580288,-0.9116366525658551,-1.010517363323884,-1.083383040668517,-2.293529267053374,2.065852963303179,1,0.22472859367133233,42.946896689709554,0.8511674316044591,67.53143677447389,77.44634672548202,-9.914909951008127,13.281860408886683,5.589894223083364,1.2849007163989725,-18.07276582949018,-34.31372549020248,0.22472859367133233,0.03472709483469485,11.174384264872911,-1.2820288552199504,0.45776359230577157,0.016853215656770937,-0.0009145556176130935,1.7957335209071583,-0.4571748478868811,28.831942892763767,-0.8790381829318044,-7.4601378311886215,0.04223640769422843,-1.2820288552199504,-0.06534227110229307,0.39720674506074166,17.92452830188679,3.1051850379881785e-05,1.863111022792907e-05,3.1051850379881785e-05,-0.0006086162674433515,-0.00048440886592426846,-0.0004781984958482921,1.0
1781045100,EURCAD,bearish_exhaustion,0.7790915876506689,0.10746090864373425,-2.359534522599388,0.2495124790835557,-0.7014553846777596,-0.9509678637613154,-0.6716306790069346,-2.466995431243122,2.231312125143621,1,0.26842908655133463,44.41348191414874,1.4665852244391857,61.633070168304954,69.2001384206556,-7.567068252350651,23.956932240261203,10.67507183137452,5.085177608291154,-2.8612303290236714,-14.285714285702959,0.26842908655133463,0.03437506442407707,9.42445517029005,-1.7499290945828605,0.51845072030044,0.01618122951639445,-0.0006719861403764876,1.5977042577911784,-0.257179910692312,27.799579395320468,-1.0323634974432991,-6.118187786907619,0.018450720300440038,-1.7499290945828605,-0.1980292631159799,0.33469510775424477,10.377358490566039,-1.2420354477016282e-05,0.0,-0.000639648255561287,-0.0005154447107921234,-0.0005092345335535597,-0.0005775464831766497,0.0
1781045400,EURCAD,bearish_exhaustion,0.5159785716122155,0.2163140934851656,-2.494954847047597,0.15117327054553736,-0.7451962503248253,-0.8963695208703627,-0.2996644781270498,-2.7112689405327624,2.116840882415766,1,0.2917644410731222,43.927069180288385,-0.4864127338603552,51.750837705403704,60.305114882727516,-8.554277177323812,45.636467138039535,21.679534897778332,11.004463066403815,9.145607701622884,-16.666666666671073,0.2917644410731222,0.014160638948088448,7.7681865203792055,-1.656268649910845,0.5435713429661916,0.015646639468734118,-0.000534590047660332,1.3732444181730472,-0.31246084126349516,26.840956147694545,-0.9586232476259227,-5.875352879588714,0.043571342966191584,-1.656268649910845,-0.2244598396181312,0.4146958741185881,24.528301886792452,1.2420508744170888e-05,-0.0006272356915738575,-0.0005030306041334809,-0.0004968203497615065,-0.0005651331478536692,-0.0006086049284578232,0.0
1781045700,EURCAD,bearish_exhaustion,0.3790029108569723,0.41771826196685463,-2.4688168107179314,0.20030619793537638,-0.6329961350173706,-0.833302332952747,0.03871535110988234,-2.8865350726847856,2.1452436164941386,1,0.30930613803158336,44.58070492555487,0.6536357452664845,55.768054348180975,56.38398740729655,-0.6159330591155765,64.64723407797423,19.010766939934697,-2.6687679578436274,20.041845611794486,-14.285714285702959,0.30930613803158336,0.00973246500841786,6.900111028504778,-0.8680754918744276,0.5922570210267653,0.015238576449755388,-0.0004080630189787302,1.257149279095652,-0.21652582865357325,26.08489152461891,-0.756064623075634,-6.474987747168459,0.09225702102676525,-0.8680754918744276,-0.11609513907739522,0.6318271704595556,82.0754716981132,-0.000639648255561287,-0.0005154447107921234,-0.0005092345335535597,-0.0005775464831766497,-0.0006210177238459291,-0.0007017500279458133,0.0
1781049900,EURCAD,bearish_exhaustion,1.119155758381425,-0.09000203651244616,-2.156918370698725,0.6149386301754244,-0.3313782777284175,-0.9463169079038419,-1.209157794893871,-2.0669163341862786,2.5184917695606654,1,0.1337636477224078,47.004125043538934,-0.6949847857264189,64.43501826322813,48.5363889870823,15.898629276145833,4.138952564953681,3.8480682290536032,4.092775735949251,-6.385863622436195,-47.05882352941037,0.1337636477224078,0.10487637395601683,14.759549703901394,-0.7718908519834518,0.48547627298513946,0.023818157271244093,-0.0008756179009263738,1.4775773185858025,0.081834834621103,40.632588358180996,-2.5939391870337616,-3.678499889832466,0.014523727014860544,-0.7718908519834518,0.004886493344314902,0.6008503001304719,73.58490566037736,1.2427145857252242e-05,9.94171668593502e-05,0.00014291217736017714,0.00018019361493237795,0.00018019361493237795,9.320359393050204e-05,1.0
1781050200,EURCAD,bearish_exhaustion,1.1749451742915484,0.06887609642402455,-2.092752921933325,0.5844458933098202,-0.26766507914896726,-0.8521109724587875,-1.1060690778675237,-2.16162901835735,2.596472175827826,1,0.21293665035170076,47.41666671477497,0.4125416712360348,81.24661246612168,64.26593613762371,16.980676328497964,12.467816227241727,8.328863662288047,4.480795433234442,11.302709752245457,-17.88617886179654,0.21293665035170076,0.07444193343710326,14.06469514440923,-0.694854559492164,0.5112655588721343,0.023004227721934105,-0.0008139295493099878,1.4824558784547928,0.12553545019299686,37.89337600117221,-2.739212357008789,-1.22139820997171,0.011265558872134318,-0.694854559492164,0.004878559868990218,0.48388031919989843,41.509433962264154,8.698893997771684e-05,0.00013048340996646424,0.00016776438424259688,0.00016776438424259688,8.077544426488004e-05,7.456194855226528e-05,1.0
1781071800,EURCAD,bullish_exhaustion,0.20896772342085435,1.1153044773219367,3.083974820515676,0.5402048223287172,1.5257669282819335,0.9855621059532162,0.9063367539010825,1.9686703431937391,-1.1303695922652321,0,-0.01754463036814392,61.431832666809214,3.273525489826824,37.55615453728175,48.787061994602716,-11.230907457320967,99.8353355827695,-0.16206566765863784,-0.16440898511923763,57.344325193074646,-34.28571428570976,-0.01754463036814392,-0.019456138064540066,6.208839252830718,-0.3903190546508526,0.7295280041249678,0.012775878227321935,-0.0001240531428015404,1.2263526038178771,1.1366306544634466,30.40897090974233,-0.561381339675556,9.108677642184222,0.22952800412496777,-0.3903190546508526,-0.06035012562767794,0.396620733785984,16.9811320754717,-3.104356032390676e-05,0.0,2.483484825899218e-05,2.483484825899218e-05,-6.20871206477025e-05,-0.00018005264987841496,0.0
1780993800,EURCHF,bearish_exhaustion,0.5024566473081142,-0.5579226408396618,-2.4705206061116445,0.02713688771699934,-0.9021553477999852,-0.9292922355169846,-1.060379288147776,-1.9125979652719827,1.7618609710779545,1,0.08017172682857586,42.066240491930955,7.105427357601002e-15,67.07616707616228,64.78296478296149,2.2932022932007925,0.3843311634560615,0.3843311634560615,0.3843311634560615,-21.360867546197515,-59.09090909090986,0.08017172682857586,0.05706347570167153,9.906962434599134,-0.7714060289277338,0.40616037595822135,0.016664533719470537,5.648733492653532e-05,1.3839428321020864,-0.5263976718924948,34.34666115175927,-1.4934665983083732,-5.616851227367274,0.09383962404177865,-0.7714060289277338,-0.10319551631471224,0.5701327677622261,56.875,3.2622879512889114e-05,0.00023923444976081676,0.0001196172248805194,3.2622879512889114e-05,-0.00028273162244440986,-0.0002609830361026688,1.0
1780994100,EURCHF,bearish_exhaustion,0.6303314133570068,-0.21339344723021011,-2.219291851194477,0.18977881242717884,-0.658131214737574,-0.8479100271647528,-0.843724860587217,-2.0058984039642667,1.917258048960926,1,0.13426044425271508,43.8979149620584,1.8316744701274459,73.21867321865759,67.6403676403597,5.578305578297886,1.5394708260424763,1.1551396625864148,0.7708084991303533,-23.97901835892401,-25.000000000020815,0.13426044425271508,0.05359062473831969,9.053564360617779,-0.8533980739813547,0.4609666981942793,0.016561098928725163,-0.0001034347907453749,1.2838775382338161,-0.3010048041449191,33.2677603618392,-1.0789007899200698,-7.124037808650021,0.03903330180572068,-0.8533980739813547,-0.10006529386827023,0.5240926987744586,41.875,0.00020660483020340514,8.69915074541705e-05,0.0,-0.00031534421452095174,-0.00029359633765757565,-4.349575372697423e-05,1.0
1781009700,EURCHF,bullish_exhaustion,-0.13548815138308098,0.9422585073519083,4.444011365394183,0.20823748667860098,1.6436597989353496,1.4354223122567487,1.0777466587349893,3.501752858042275,-1.7859801773342412,0,-0.07289189675330383,64.4695009238865,-2.6068710569002036,36.26394403478819,63.059731806184125,-26.795787771395936,99.74080903024452,-0.2591909697554797,-0.2591909697554797,66.59273792261472,-46.77419354839258,-0.07289189675330383,-0.07540844851187527,9.651420593289386,-0.5659101485911204,0.6721803002794718,0.017633254314226715,-0.0004367357784323053,1.4321371403110428,1.0485051595829007,48.958325188431566,-0.13208826447863942,18.72980973563987,0.17218030027947184,-0.5659101485911204,-0.036465266457021306,0.3487135530391035,11.320754716981133,-0.00016289297931260105,-0.00022805017103755265,-4.3438127816597394e-05,-3.25785958624758e-05,-0.00014117391540424684,-0.00020633110712919844,1.0
1781010000,EURCHF,bullish_exhaustion,-1.0073740423694946,-0.09953096825923481,3.318905377914794,-0.5930374958682277,0.6528751820910279,1.2459126779592558,0.9078430741102598,3.418436346174029,-2.619172510160552,0,-0.18516094504587657,55.72359043115727,-8.74591049272923,15.135789655765024,39.65893634615677,-24.523146690391748,97.71809362548234,-2.022715404762181,-1.763524435006687,14.039855072321078,-84.61538461538954,-0.18516094504587657,-0.11376477755408977,8.848462909668203,-0.802957683621182,0.4797469617324323,0.018005598927704702,0.0003723446134779873,1.2681494629375503,0.11052845460274671,46.97404604143175,-1.9842791469998176,9.279426145671355,0.02025303826756769,-0.802957683621182,-0.1639876773734925,0.46022740349923585,33.0188679245283,-6.51678071031947e-05,0.00011947431302283817,0.00013033561420661144,2.1722602367768573e-05,-4.3445204735426124e-05,-4.3445204735426124e-05,0.0
1781010300,EURCHF,bullish_exhaustion,-1.2840542016843925,-0.5668629524511506,2.9075998069397433,-0.8390609202278033,0.27973154250201177,1.118792462729815,0.7171912492332421,3.4744627593908937,-2.9792061856383145,0,-0.29376159008378305,52.64700442687252,-3.0765860042847493,2.12765957446641,17.84246442167321,-15.7148048472068,88.16626041341576,-9.551833212066583,-7.529117807304402,-27.82646801056749,-100.0,-0.29376159008378305,-0.10149465682909528,8.153637911388628,-0.6948249982795751,0.37945071797123925,0.017341260592444018,-0.0006643383352606842,1.2303349579601819,-0.23618854498017716,44.864975670773596,-2.109070370658152,7.605075798780266,0.12054928202876075,-0.6948249982795751,-0.03781450497736838,0.45619625629061533,31.132075471698112,0.0001846541536323354,0.00019551616266944016,8.689607229750429e-05,2.1724018074431584e-05,2.1724018074431584e-05,1.086200903710477e-05,0.0
1781041500,EURCHF,bullish_exhaustion,-0.06691313984440506,1.0998847362232844,2.2399173563507975,0.3051704962805896,1.1703726024468206,0.865202106166231,1.1667978760676894,1.140032620127513,0.9761110796361314,1,0.037428535450181315,59.81021451514042,2.6795608805336713,20.139194139198064,30.426129426127236,-10.286935286929172,99.15165018779902,-0.6195153425737772,-0.8141461153312264,47.28180916216298,-39.21568627450468,0.037428535450181315,-0.04750139727917125,8.047888009511695,-0.5984601696894121,0.6773203671350599,0.012972730597419718,-0.0001639553099574819,1.6585573376537244,0.8455547197245155,22.319317074730616,-0.7270065030262245,5.577645754733819,0.17732036713505994,-0.5984601696894121,-0.10265791863428841,0.3813930650812346,16.037735849056602,1.0850576708021364e-05,2.1701153416264773e-05,6.510346024879432e-05,-1.0850576708243409e-05,-6.510346024901636e-05,2.1701153416264773e-05,0.0
1781041800,EURCHF,bullish_exhaustion,-0.06770424338739671,0.9986375899488331,2.307022093391788,0.33288435514075065,1.1748518871202056,0.841967531979455,1.0663418333362298,1.3083845034429549,0.7616727380971728,1,0.003525859505562435,60.344089256973206,0.5338747418327827,25.09157509159337,22.98046398047143,2.1111111111219394,98.60739911224503,-0.5442510755539871,0.07526426701980427,50.447518307572025,-47.49999999999792,0.003525859505562435,-0.034345187639137735,7.446107888185832,-0.6017801213258629,0.6719714688368886,0.012821009061415357,-0.00015172153600436118,1.5509265291127348,0.8506407527064457,21.82367950649054,-0.49563756824007754,6.449480202972769,0.17197146883688863,-0.6017801213258629,-0.10763080854098961,0.4772331777485911,38.67924528301887,1.0850458974420718e-05,5.425229487210359e-05,-2.1700917948841436e-05,-7.595321282094503e-05,1.0850458974420718e-05,-6.510275384641329e-05,0.0
1781042100,EURCHF,bullish_exhaustion,-0.07472898341148256,0.8510800888276451,2.290028180476615,0.34661050749735084,1.1441657371251328,0.797555229627782,0.9258090722391277,1.4389480916489699,-1.4945796681872463,0,-0.02004310967837043,60.90339263518732,0.5593033782141177,46.72619047618175,30.652319902324393,16.073870573857356,98.35296248845262,-0.25443662379241516,0.28981445176157195,46.1690469774296,-50.00000000001542,-0.02004310967837043,-0.023502389278598195,6.481745139997444,-0.9643627481883881,0.6716025016636117,0.01306763008593156,0.000246621024516204,1.3036660013647074,0.8302186091638343,20.99668596835993,-0.8269935381306084,4.0964530990773795,0.17160250166361168,-0.9643627481883881,-0.24726052774802731,0.4776574912512833,39.62264150943396,4.340136497305025e-05,-3.2551023729676665e-05,-8.680272994587845e-05,0.0,-7.595238870250487e-05,-3.2551023729676665e-05,1.0
1781042400,EURCHF,bullish_exhaustion,0.18602880331574034,1.0231584182384494,2.599329733607203,0.5848753124857332,1.3920672244900405,0.8071919120043074,0.8371296149227091,1.5761713153687535,-1.134775700227518,0,-0.020348772067612708,63.142670824977536,2.2392781897902125,62.20238095236468,44.673382173379935,17.528998778984743,98.35236079340719,-0.0006016950454323933,0.25383492874696856,79.62046204623283,-38.88888888889403,-0.020348772067612708,6.27809645552912e-05,5.938583691358323,-0.543161448639121,0.7210976144975669,0.012831192982711955,-0.00023643710321960554,1.2206033417771331,1.0709796296118168,20.70296532055638,-0.2937206478035499,6.893721840871038,0.22109761449756693,-0.543161448639121,-0.0830626595875743,0.5003970987346571,46.22641509433962,-7.594909240837833e-05,-0.00013019844412864856,-4.339948137621619e-05,-0.00011934857378448349,-7.594909240837833e-05,-4.339948137621619e-05,1.0
1781066700,EURCHF,bullish_exhaustion,1.4169767072615211,2.065657602473735,3.5387613091788994,1.4613820701021165,2.3267889012171596,0.8654068311150429,0.6486808952122137,1.4731037067051642,2.0610570287471885,1,0.03716488591060671,68.61327869072095,5.9529011056023435,91.55354449473703,83.54386626446387,8.009678230273153,13.953768831633958,-8.83264303043373,3.711517229233504,141.4061988074681,0.0,0.03716488591060671,0.07027149735343549,4.807770202459213,0.4391287029429325,1.006376091826036,0.011782917596887526,0.00034309143146619286,1.0660256705426376,1.960469451023456,23.33035331063288,1.2806179310097114,15.537692641868151,0.506376091826036,0.4391287029429325,0.04727462361024681,0.4507495279600347,30.18867924528302,7.589145353814608e-05,0.0001734661795156356,0.00016262454329596387,0.00016262454329596387,0.00018430781573552935,0.00022767436061443824,0.0
1781069700,EURCHF,bullish_exhaustion,0.4815759043618634,1.2714778450546544,2.6815555845356225,0.8453375023077654,1.5074269353804135,0.6620894330726481,0.789901940692791,1.410077739480968,-0.5027182611393555,0,-0.10781751179151727,58.23091893298258,-14.414724836491764,50.092592592595366,56.09769189479778,-6.00509930220241,84.09778945175802,-15.362586856648448,-15.81049766582015,83.77581120951365,-13.88888888888846,-0.10781751179151727,-0.22866277956710174,8.919147569676063,0.9564892563577665,0.7631562015013893,0.018455517978662225,0.0076603353234346895,1.0585789742244158,1.2135543695963473,40.043545283963205,-0.8830160414967736,15.567773619421178,0.2631562015013893,0.9564892563577665,-0.8633811234046629,0.548820277664353,60.37735849056604,4.335479395645159e-05,1.0838698488946363e-05,-3.251609546728318e-05,-1.0838698489057386e-05,4.335479395645159e-05,-9.754828640184954e-05,0.0
1781070000,EURCHF,bullish_exhaustion,0.6650346049863249,1.4070408077746295,2.9741825389711964,0.9583943317026284,1.6915282106003966,0.7331338788977682,0.7420062027883045,1.567141731196567,-0.19389453372046775,0,-0.059292563535559555,59.242847577340356,1.0119286443577735,60.64814814814937,51.289586688140325,9.358561460009042,67.63476755127729,-16.463021900480726,-1.1004350438322916,82.90939922482005,-8.333333333326909,-0.059292563535559555,0.05375439889099346,8.694682881799027,-0.22446468787703644,0.7849038594466671,0.017601019255440664,-0.0008544987232215612,1.1085944899906668,1.3740838551456123,38.827215149666294,-1.2163301342969106,15.59677369495913,0.2849038594466671,-0.22446468787703644,0.05001551576625096,0.20451816832321199,1.8867924528301887,-3.2514685799900356e-05,-7.586760019939742e-05,-5.419114299953787e-05,0.0,-0.0001408969717989761,2.167645719963751e-05,1.0
1781070300,EURCHF,bullish_exhaustion,0.42421012682663906,1.1175087669401809,2.7782597559957054,0.6731108921058071,1.4345528473074014,0.7614419552015942,0.6932986401135419,1.6607509890555245,-0.3017478811162771,0,-0.04267694866341956,58.10584682914997,-1.1370007481903883,90.60254284134896,67.1144278606979,23.488114980651062,55.08288173459297,-12.551885816684319,3.9111360837964213,66.7554203119413,-12.500000000005782,-0.04267694866341956,0.01828880794579148,8.538445501228823,-0.15623738057020375,0.7240894527101145,0.017118519383325183,-0.00048249987211548134,1.139653969520686,1.1064466066552299,37.40105507654523,-1.4261600731210677,12.630162214299887,0.2240894527101145,-0.15623738057020375,0.031059479530019196,0.24101520313280622,5.660377358490567,-4.335432405178086e-05,-2.1677162025834917e-05,3.251574303897442e-05,-0.0001083858101297297,5.419290506480934e-05,5.419290506480934e-05,1.0
1781070600,EURCHF,bullish_exhaustion,0.1443821464632914,0.7612876813530924,2.533250387952139,0.3682385295117111,1.1337530926739134,0.7655145631622022,0.616905534889801,1.7719627065990466,-0.5250259871398376,0,-0.054387200721355645,56.54750861530152,-1.558338213848451,91.2520729684921,80.83425465266349,10.417818315828612,45.59583911486369,-9.48704261972928,3.0648431969550387,57.328725350661884,-18.055555555551912,-0.054387200721355645,-0.010150987322298273,8.17502344922658,-0.3634220520022424,0.6538207228067856,0.01651583151796898,-0.0006026878653562044,1.1530897193157144,0.8001345668237998,36.07676358007567,-1.3242914964695558,12.156507686849942,0.1538207228067856,-0.3634220520022424,0.013435749795028373,0.22986235279415526,3.7735849056603774,2.1678101865374444e-05,7.587335652892158e-05,-6.503430559623435e-05,9.755145839429602e-05,9.755145839429602e-05,8.671240746149778e-05,0.0
1781070900,EURCHF,bullish_exhaustion,0.2675350180412222,0.7785955012207737,2.6918138738214257,0.4417796596519736,1.2243209402521948,0.7825412806002212,0.5110604831795516,1.9132183726006522,-0.34299361287224867,0,-0.05957678552206048,57.16607237486396,0.6185637595624414,75.84803256445569,85.90088279143225,-10.05285022697656,37.786323192540706,-7.809515922322987,1.677526697406286,51.07283167120145,-15.27777777777114,-0.05957678552206048,-0.002727904357777062,7.638452734137584,-0.5365707150889971,0.6610741094261754,0.015800317500051397,-0.000715514017917581,1.1502465174237935,0.8808289665984574,34.78108231089474,-1.2956812691809318,11.309122140627299,0.1610741094261754,-0.5365707150889971,-0.002843201891920888,0.20678605737733102,2.8301886792452833,5.4194079838643106e-05,-8.67105277420066e-05,7.587171177414476e-05,7.587171177414476e-05,6.503289580650495e-05,9.754934370964641e-05,1.0
1781071200,EURCHF,bullish_exhaustion,0.5741542429925696,1.0100861682280184,3.021043683500352,0.6861531598920807,1.4995465154064915,0.8133933555144109,0.4359319252354488,2.0109575152723336,4.678293831791395,1,-0.04541555993528768,58.74713333441715,1.5810609595531915,74.8077792854108,80.63596160611952,-5.82818232070872,31.230376645433193,-6.555946547107514,1.2535693752154806,68.46525833542913,-8.333333333326909,-0.04541555993528768,0.016145288732052898,7.337741484550902,-0.3007112495866817,0.710512478181196,0.015290255664010915,-0.0005100618360404825,1.1604145906926937,1.1441429769248659,33.81339124103223,-0.9676910698625107,13.382593726198557,0.210512478181196,-0.3007112495866817,0.010168073268900235,0.40324973541279213,19.81132075471698,-0.0001408969717989761,2.167645719963751e-05,2.167645719963751e-05,1.0838228599929778e-05,4.335291439949707e-05,4.335291439949707e-05,0.0
1781072700,EURCHF,bullish_exhaustion,0.45205248394617,0.8466406690835762,2.9421720989018674,0.6184509966162934,1.4171580167282032,0.7987070201119096,0.3945881851374062,2.0955314298182914,4.370831963919669,1,-0.045094668029158964,58.72071742889648,1.0664693595349988,84.3859649122565,77.26980850816709,7.116156404089409,6.575266351546039,-3.283671723337739,-0.007922904870561354,85.03620850369646,-2.7777777777807757,-0.045094668029158964,0.01034666141715038,6.104573729680369,0.07831454726812037,0.6961997397693732,0.014144989554230667,-0.00025487055607145877,1.0879420072596357,1.061296350885694,28.39091813797367,-0.764537265910544,10.131125640163464,0.19619973976937322,0.07831454726812037,0.040424427003165064,0.5964437623682957,72.64150943396226,0.0,-4.335103500585635e-05,-6.502655250884004e-05,5.418879375751473e-05,-2.1675517502983688e-05,-3.251327625442002e-05,1.0
1781073000,EURCHF,bullish_exhaustion,0.43096074803347667,0.7953184713702932,2.8960562267832928,0.5351712876017977,1.3419387720453548,0.8067674844435571,0.3643577233368166,2.100737755413,4.09981339724475,1,-0.04493478253124085,58.72071742889647,-7.105427357601002e-15,84.88721804509035,85.01056562973403,-0.12334758464368178,4.110531832825094,-2.4647345187209444,0.8189372046167942,87.84279219814286,-4.109589041107557,-0.04493478253124085,0.0011824643421822379,6.148695340045284,0.044121610364915576,0.6789247105116074,0.01383134622009597,-0.0003136433341346962,1.1302413349885485,0.9819947269406101,27.742853005655313,-0.6480651323183579,10.18048950308371,0.1789247105116074,0.044121610364915576,0.04229932772891276,0.5542644321426275,62.264150943396224,-4.335103500585635e-05,-6.502655250884004e-05,5.418879375751473e-05,-2.1675517502983688e-05,-3.251327625442002e-05,,1.0
1781073300,EURCHF,bullish_exhaustion,0.09716128216871199,0.44127415651544705,2.5585804304418502,0.19388343222532828,0.9840629900179187,0.7901795577925905,0.34411287434673504,2.117306273926403,3.4646346921312894,1,-0.07192459454439804,56.51958778640341,-2.2011296424930578,70.69264069263052,79.9886078833258,-9.29596719069528,2.4667152449385847,-1.6438165878865094,0.8209179308344348,72.11759301796502,-9.589041095892286,-0.07192459454439804,-0.025492357433377702,6.122915282724384,-0.025780057320900163,0.5964766494675563,0.013385861147170339,-0.0004454850729256315,1.177575087030138,0.6250536989586138,27.14107823993112,-0.6017747657241941,9.7683439142404,0.0964766494675563,-0.025780057320900163,0.047333752041589516,0.5067456167782848,48.113207547169814,-2.1676457199859556e-05,9.754405739914596e-05,2.167645719963751e-05,1.0838228599929778e-05,,,0.0
1781073600,EURCHF,bullish_exhaustion,-0.10993140724683478,0.2494597318310891,2.394813425596481,0.028233123979877806,0.7950269933869786,0.7667938694071008,0.35939113907792386,2.145353693765392,3.0282958053137854,1,-0.106869470591617,55.40136226271326,-1.1182255236901497,46.75324675324334,67.44436849698808,-20.691121743744738,1.4390822867323112,-1.0276329582062735,0.6161836296802362,38.33658219608583,-42.85714285715041,-0.106869470591617,-0.03175149655387269,6.0951901837666105,-0.027725098957773753,0.5524585596385452,0.012817085629948988,-0.0005687755172213513,1.2448340666184299,0.4376154291623833,26.278583189814356,-0.8624950501167632,7.661274620868198,0.05245855963854518,-0.027725098957773753,0.06725897958829186,0.5833290050111062,68.86792452830188,0.00011922309893352967,4.335385415754622e-05,3.251539061821518e-05,,,,0.0
1781073900,EURCHF,bullish_exhaustion,0.6574918581210991,1.0377281134198042,2.986438921828856,0.7596961719983252,1.4964200864546229,0.7367239144562976,0.38023625529870514,1.948710808409052,3.3532206087695196,1,-0.065359477174265,60.07950728586927,4.678145023156006,36.23737373737649,51.22775372775012,-14.990379990373633,0.822403475497665,-0.6166788112346462,0.4109541469716275,128.8353413652964,-32.352941176485956,-0.065359477174265,0.034752839104171075,6.225459277353154,0.13026909358654315,0.7280749062465949,0.013680553199908355,0.0008634675699593676,1.1520372766280398,1.1592900537685988,26.663887459719376,0.38530426990502065,17.41496084850854,0.22807490624659488,0.13026909358654315,-0.0927967899903901,0.6902719008123593,91.50943396226415,-7.586020048766517e-05,-8.669737198585548e-05,,,,,1.0
1780979700,EURJPY,bullish_exhaustion,-0.36943625485301157,0.43167823257188204,3.436560292419115,0.1230707431468374,1.3246563463854846,1.2015856032386474,0.8011144874248936,3.0048820598472332,1.0310210338510915,1,-0.14942704716654928,63.24908583169446,0.26334154705408963,24.213564213554353,29.89319322651726,-5.679629012962906,99.7321675763798,-0.2678324236202059,-0.2678324236202059,46.9691987285839,-39.189189189192824,-0.14942704716654928,-0.04623924716576238,5.543382816829669,-0.5675853260067569,0.6049222490199315,0.013472774898852485,-0.0003289617391906575,1.0953922150910012,0.8201337095914462,35.56784996587185,-0.4134956438050921,10.860819062259532,0.10492224901993152,-0.5675853260067569,-0.07658571536600256,0.5285215746909597,43.125,0.00010820285871959712,3.787100055197001e-05,9.197242991154653e-05,8.65622869756777e-05,4.8691286423929725e-05,9.197242991154653e-05,0.0
1781010000,EURJPY,bullish_exhaustion,0.7539448724884708,2.078403585271549,6.868697769363947,1.1873989052766873,3.029189530904984,1.8417906256282968,1.324458712783078,4.790294184092398,-0.23109421378998166,0,-0.13680196082787552,71.83368106672212,4.897097814442958,55.59386973179531,58.37027914613801,-2.7764094143427016,97.37398380836309,-2.626016191636907,-2.626016191636907,83.94796835189987,-7.339449541292777,-0.13680196082787552,0.007756037784662071,12.713195583097464,-0.30461371145685057,0.805573867391631,0.01868410818719952,0.0003855674546187904,1.736502947719768,2.244694389908054,54.081842582673396,-0.21020831769698844,20.640144038123736,0.30557386739163095,-0.30461371145685057,-0.10241267842711554,0.5170818430935713,52.83018867924528,-8.635578583759962e-05,5.397236614967937e-06,0.00012953367875656596,0.00021049222797930867,0.0002698618307426237,0.0002644645941278778,0.0
1781010300,EURJPY,bullish_exhaustion,0.24015083307878413,1.3662239467198491,6.277894216910355,0.6221348981960064,2.4097581645162864,1.7876232663202802,1.126073113641065,4.911670270190506,0.9957473566667284,1,-0.17468885788020322,67.52541063717254,-4.30827042954958,54.0229885057567,52.1583652618144,1.8646232439422974,94.91221543048233,-2.461768377880759,0.16424781375614828,85.04480016106393,-23.999999999995453,-0.17468885788020322,-0.035993002655327254,11.199747866382763,-1.5134477167147011,0.7248856459585639,0.0184305679401203,-0.0002535402470792217,1.5569482615619452,1.6350704055139809,53.98011811495184,-0.10172446772155297,20.4771342693302,0.22488564595856386,-1.5134477167147011,-0.17955468615782277,0.5507685054623939,61.32075471698113,9.176094654117506e-05,0.00021590810950855577,0.0002968736505741809,0.0003562483806891503,0.0003508506779514864,0.0002806805423611891,0.0
1781010600,EURJPY,bullish_exhaustion,0.5854865354524577,1.641776676730684,6.740941884460107,0.9765975221693817,2.7743458404453345,1.7977483182759526,1.0562901412782264,5.099165207729423,1.5041571611820883,1,-0.17952006509820548,69.61089242947898,2.085481792306439,77.58620689655088,62.401021711367626,15.18518518518325,90.08140107810439,-4.830814352377942,-2.3690459744971832,89.80927981778392,-7.2164948453653555,-0.17952006509820548,0.0004955348883864693,9.825541513525074,-1.3742063528576889,0.7989090400751243,0.017883558180415537,-0.000547009759704762,1.4228289426015746,1.9886516435066481,53.885659680638966,-0.0944584343128767,19.59428549176595,0.2989090400751243,-1.3742063528576889,-0.13411931896037066,0.5920004818164841,71.69811320754717,0.0001241357721515346,0.00020509388442402354,0.0002644631667576558,0.0002590659592727196,0.00018890226196965898,-2.1588829939522824e-05,0.0
1781010900,EURJPY,bullish_exhaustion,1.0624206906606661,2.0328440589435366,7.065394358442278,1.3901260647731226,3.1580112335806656,1.7678851688075428,0.9704233682828707,5.032550299498741,2.127904001858449,1,-0.14113421862181202,72.21104344401877,2.60015101453979,82.18390804598012,71.2643678160959,10.91954022988422,83.32615911159391,-6.755241966510482,-1.92442761413254,112.3137407173837,0.0,-0.14113421862181202,0.035392849564079336,9.121955749820629,-0.7035857637044458,0.9053950003825105,0.01818451458218931,0.00030095640177377203,1.2847580770396398,2.386813654415391,54.173084670944895,0.2874249903059294,22.130855791027585,0.40539500038251053,-0.7035857637044458,-0.1380708655619347,0.6040400607811571,74.52830188679245,8.094806372227481e-05,0.00014030997711866888,0.0001349134395371987,6.475845097786426e-05,-0.0001457065147002501,2.6982687907350922e-05,0.0
1781011200,EURJPY,bullish_exhaustion,1.366572701372595,2.249402853586955,7.378887909225373,1.5820898786366981,3.398916948441295,1.8168270698045967,0.8828301522143596,5.129485055638418,2.5346619648853994,1,-0.10243640247350834,73.786319712493,1.5752762684742265,92.94670846394452,84.23894113549183,8.70776732845269,76.28014737738701,-7.0460117342069,-0.2907697676964176,158.99820089422803,-7.547169811330368,-0.10243640247350834,0.041348449949786294,8.54261885326087,-0.5793368965597594,0.9701499008252065,0.017847843360365743,-0.00033667122182356665,1.2327661755280963,2.6103728205323984,54.80313803484352,0.6300533638986252,25.90302966682686,0.47014990082520647,-0.5793368965597594,-0.05199190151154354,0.6302708938511138,80.18867924528303,5.935710855342613e-05,5.396100777588231e-05,-1.6188302332631466e-05,-0.0002266362326582838,-5.3961007775771286e-05,0.00024822063576879216,0.0
1781011500,EURJPY,bullish_exhaustion,1.4634226783795259,2.3052678892404765,7.405823962502662,1.6168710565456301,3.448198487524285,1.831327430978655,0.8418452108609505,5.100556073262186,2.6952615144004457,1,-0.06728928399285079,74.9095753619795,1.1232556494865094,91.41414141414502,88.84825264135655,2.565888772788469,74.6612190755459,-1.618928301841109,5.427083432365805,175.6620978597148,-11.475409836051826,-0.06728928399285079,0.034942997731954285,8.082860702997916,-0.4597581502629531,1.0102248514174053,0.01788241757486423,3.457421449848744e-05,1.1595817380455729,2.657359486424757,55.62004639813507,0.8169083632915459,27.66882907394998,0.5102248514174053,-0.4597581502629531,-0.07318443748252346,0.6459553424762593,83.9622641509434,-5.395780499628522e-06,-7.554092699513237e-05,-0.0002859763664815329,-0.00011331139049275407,0.00018885231748777542,8.09367074947609e-05,1.0
1781012400,EURJPY,bullish_exhaustion,-0.5158474156709112,0.21847655251862289,5.026781345877775,-0.3170949949675103,1.2947024767626432,1.6117974717301535,0.734323968189534,4.808304793359152,0.40836643228128916,1,-0.20638887070101486,59.79972375944866,-10.675113740614385,50.39976484420936,70.79667931520537,-20.39691447099601,85.26153217258509,-1.664345289727592,-7.999040520841106,51.447477253945216,-58.77192982456556,-0.20638887070101486,-0.10963261591385019,7.444872140055711,-0.4834359470511611,0.5522000140938859,0.01778714118314852,0.00037917350471203953,1.0667808372988423,0.5631414112780866,54.149083626626805,-1.779246278497169,13.236984341957953,0.05220001409388586,-0.4834359470511611,-0.10833594042931005,0.7126703453042452,93.39622641509435,0.000172714368216198,0.0004749645125947666,0.0003670180324595318,0.0004371832445475565,0.0003670180324595318,0.0002482769043110622,0.0
1781030100,EURJPY,bearish_exhaustion,-1.4127634023799573,-2.23448734889584,-3.5556933664763846,-1.5472205359796285,-2.279078649456261,-0.7318581134766323,-0.8217239465158825,-1.3212060175805447,-2.445910156049728,0,-0.09172819344248298,35.65326824052897,-10.193724688331756,55.597966714130536,53.4606434725074,2.137323241623136,0.09218573197951478,0.09066090347420659,0.09199772482588699,-118.12557969347466,-89.96138996138538,-0.09172819344248298,-0.07605448440660269,17.754518560382678,1.0813308940101507,0.025657653710329503,0.03772148681115588,0.004606108279156633,1.1222361698281658,-2.0077099486270056,34.86799601584258,1.2628168286324595,-21.676081858228535,0.4743423462896705,1.0813308940101507,-0.13542009522733411,0.7152721006001488,95.28301886792453,0.00015133499081176893,0.00022159766511720136,0.00017295427521335505,0.0005188628256405092,0.0004323856880337207,0.0005458869311425474,1.0
1781052000,EURJPY,bearish_exhaustion,-0.09949395441084496,0.30677302609798446,-2.0469222887353395,-0.11884185376039207,-0.5450175766440827,-0.4261757228836906,0.4062669805088294,-2.353695314833324,1.7990381732740124,1,0.27060612672031414,45.83861995151364,-2.5269897029343937,34.432234432238495,53.60417360416523,-19.171939171926738,84.46591297140758,10.155103066827877,-4.77611910506333,34.70689963626727,-21.487603305792113,0.27060612672031414,-0.04565773532326807,7.578840876088707,-0.12342372079526154,0.5659614722521952,0.016294995639236483,-0.00042096509200011123,1.2296207598646915,-0.29890807456398594,25.184050720123263,-0.5849529063810586,-7.508801333421037,0.06596147225219517,-0.12342372079526154,0.02008820913377396,0.5367106155521589,57.54716981132076,-7.56584991515874e-05,-2.7020892554130427e-05,-5.404178510803881e-06,0.0001459128197922599,0.0002107629619221285,0.00019995460490052075,0.0
1781069700,EURJPY,bullish_exhaustion,-0.032137531333328716,0.9078852601798566,2.036983861041544,0.4219201453160026,1.0356848314752232,0.6137646861592205,0.9400227915131854,1.1290986008616877,-1.1360617326490785,0,-0.03508705469984112,56.27335057456058,-13.193575791544689,33.96942110176915,37.847524067090426,-3.8781029653212755,96.56025574565888,-3.4339507700017293,-3.4390870986973425,59.849032020483854,-34.88372093022539,-0.03508705469984112,-0.2474277192497037,9.386382599009789,-1.2470500244688267,0.6950989389810736,0.020167063740977164,0.004067822138523441,1.1123504818712375,0.7967498643433757,25.39873822100884,-0.4832690150155763,13.210549872659282,0.19509893898107356,-1.2470500244688267,-0.628670957309351,0.40642943579355817,21.69811320754717,-0.00010801994048104113,0.00026464885417842865,0.0004590847470442583,0.00036186680061134346,0.0002862528422746813,0.0002700498512024918,0.0
1781072400,EURJPY,bullish_exhaustion,-0.10786400475328058,0.49587479963348513,2.47008570886622,0.1781228411399956,0.9644505752624329,0.7863277341224374,0.6037388043867656,1.9742109092327347,2.313374909803976,1,-0.062180232472628466,55.84574000868255,1.6133780267872524,17.8268729255534,29.956418739312397,-12.129545813758998,97.98684436471252,-0.9598162050747305,-1.177889306719024,31.002847200305617,-32.369942196538155,-0.062180232472628466,-0.029225016786121615,7.915168699803813,-0.6485614808100735,0.6129205998944955,0.018022809797522348,-0.0005982402615370801,1.1280020681225742,0.6371117839366459,25.786682711399777,-0.5506571100525619,10.387741290062582,0.11292059989449554,-0.6485614808100735,-0.03859502446329732,0.4664520699033298,34.90566037735849,1.620010368075242e-05,-4.8600311041924193e-05,-0.00014040089856581783,-0.0002808017971314136,-0.00025920165889059543,-0.00021600138240884803,1.0
1781072700,EURJPY,bullish_exhaustion,-0.1301231333042275,0.4740199856116538,2.5900699867419923,0.23449345336915664,1.0094550276502672,0.7749615742811106,0.6041431189158813,2.1160500011303385,2.3199508388247865,1,-0.08193373194991012,56.298210345869904,0.4524703371873571,35.83282530650116,26.907006972791823,8.925818333709334,96.82813663811746,-1.1587077265950683,-0.19889152152033773,45.09790061497964,-30.63583815028712,-0.08193373194991012,-0.017637795884546687,7.259574926709969,-0.6555937730938437,0.6138166044991444,0.017429474039012682,-0.0005933357585096652,1.08287765253629,0.6801410318236513,25.506052276953056,-0.28063043444672076,12.186938489072656,0.11381660449914444,-0.6555937730938437,-0.04512441558628422,0.536037147453561,56.60377358490566,-6.479936496617267e-05,-0.0001565984653352226,-0.0002969970894285412,-0.00027539730110648364,-0.00023219772446236853,-0.0001079989416103988,1.0
1781073000,EURJPY,bullish_exhaustion,-0.6545581560976182,0.04607326826833856,2.196265036385599,-0.11913909994948686,0.6055516491373415,0.7246907490868284,0.7006314243659568,2.1501917681172604,1.8354979544512855,1,-0.12330927458594496,53.918101757857265,-2.3801085880126394,41.0844183629765,31.581372198343683,9.503046164632817,95.87549206524008,-0.9526445728773751,0.20606315371769313,16.05862176492916,-37.57225433525841,-0.12330927458594496,-0.03927846782082391,7.065154751258977,-0.19442017545099155,0.511083256156976,0.01699560497414145,-0.0004338690648712333,1.0891020349838008,0.2861337300921246,24.957668852548686,-0.5483834244043706,9.79038930536532,0.011083256156976029,-0.19442017545099155,0.006224382447510779,0.5226071294041134,53.77358490566038,-9.180504927785993e-05,-0.0002322127717024891,-0.00021061158363722132,-0.0001674092075064637,-4.3202376130757614e-05,,1.0
1780990200,EURUSD,bullish_exhaustion,0.9840429840078873,1.5599751180593533,2.605806847577791,1.3082980274075888,1.8382407547298767,0.529942727322288,0.5759321340514659,1.0458317295184376,-0.18113958510430228,0,-0.0510159467747251,63.04439784191811,10.223438723731313,61.338871338862816,41.75192803626729,19.58694330259553,62.46126699205992,-13.722702353007818,-4.151010219830297,72.34798047054475,-21.505376344086535,-0.0510159467747251,0.10356709493545012,10.60708149110547,-0.48968710010108296,0.8340736281067949,0.022707355580100515,0.0015096796677625465,1.1017462856695135,1.6091578578220656,19.782784106894077,0.16571644838355937,9.916130080030182,0.33407362810679486,-0.48968710010108296,-0.15770050151415593,0.36860228260854255,13.125,0.0,-7.794772306035647e-05,6.062600682477104e-05,6.062600682477104e-05,-0.00011259115553163834,-8.660858117903736e-06,1.0
1780990500,EURUSD,bullish_exhaustion,1.0699236225225237,1.4181351287610708,2.5724854516807802,1.1292282608759758,1.7362183984225363,0.6069901375465606,0.3482115062385471,1.1543503229197096,2.8401608888773127,1,0.01150194443399632,63.04439784191811,0.0,75.98463208218308,58.6891859068816,17.295446175301485,50.82014049836697,-11.641126493692951,2.08157585931486,105.3472730904905,-21.505376344086535,0.01150194443399632,0.06354127126827758,10.309005991863575,-0.2980754992418948,0.806322422553651,0.022260803783227198,-0.0004465517968733172,1.1057766450124473,1.4851101821328743,20.308238968497836,0.5254548616037589,12.449468911872128,0.30632242255365105,-0.2980754992418948,0.004030359342933831,0.45084395935606975,26.25,-7.794772306035647e-05,6.062600682477104e-05,6.062600682477104e-05,-0.00011259115553163834,-8.660858117903736e-06,-0.00012991287176722377,0.0
1781010000,EURUSD,bullish_exhaustion,0.9344318582456617,2.0568669389668695,6.149380651196265,1.2765767036162396,2.8482599929135346,1.5716832892972947,1.122435080721208,4.092513712229396,1.5900415223253377,1,-0.05060255320013161,71.34688524812222,5.175593048012658,51.33333333331107,53.96401249366505,-2.630679160353985,99.2643255276453,-0.7356744723547024,-0.7356744723547024,100.38482682794215,-8.510638297879376,-0.05060255320013161,0.016894694070053097,12.135087116431084,0.3032483571564786,0.893745897073914,0.02321909453497198,0.0004020701719165132,1.3197774568738698,2.1991919695407085,59.64794466109205,0.37906115911636107,23.685874225167485,0.39374589707391405,0.3032483571564786,-0.002446277888708437,0.6316511981385025,81.13207547169812,-3.4576353232007584e-05,-4.322044154014826e-05,0.00012101723631219308,0.00017288176616014894,0.0003284753557042386,0.00019881403108401585,1.0
1781012400,EURUSD,bullish_exhaustion,-0.6487919578095727,0.16123823803580767,4.166856751514899,-0.39782760020958446,0.9611798754339022,1.3590074756434867,0.8100301958453804,4.005618513479092,-2.1498431738062225,0,-0.17926812516753635,57.86599995509347,-8.989074836311488,41.44191785650579,64.09949597707372,-22.657578120567926,97.6177823260449,-2.336238019432926,-2.370722760324554,34.18308227103926,-66.66666666668429,-0.17926812516753635,-0.10440964969032598,10.149125015040624,-0.7141640358548553,0.5357764256606371,0.022518618251121173,0.0003342635339038773,1.1373733160248312,0.35213819439132144,60.003751054576625,-2.346167528373684,11.673892233463667,0.0357764256606371,-0.7141640358548553,-0.10786394754388162,0.48173309830242206,40.56603773584906,0.00019018802679937608,0.0005359844391614743,0.00041495569483473993,0.0004841149773071596,0.0004408904257617863,0.00031121677112611046,0.0
1781031900,EURUSD,bearish_exhaustion,0.7651568638053518,-0.2621030122411813,-2.525385514433439,0.30470656497311743,-0.6842121979115923,-0.9889187628847097,-1.027259876046533,-2.2632825021922574,-0.09196596920711679,0,0.07832246471878014,44.453422263181466,0.28354510464836835,85.15210890297352,65.51736486516967,19.634744037803856,0.9439213785301387,0.9439213785301387,0.9439213785301387,-22.362869198321683,-43.25259515570753,0.07832246471878014,0.09055755328466805,23.87319424544993,-1.5816868572601166,0.44830267429246073,0.04709341670414993,-0.0020909178243910947,1.2497965201488213,-0.2777361214900083,42.145675632203606,-0.543544861823996,-14.553442030928714,0.051697325707539266,-1.5816868572601166,-0.001822534216540106,0.6643058429815542,86.79245283018868,-0.00015591570157735823,6.929586736759141e-05,0.0005976768560462808,0.0005370429720996661,0.00041577520420599257,0.00041577520420599257,1.0
1781032200,EURUSD,bearish_exhaustion,0.45367920690119234,-0.49867218609803576,-2.796313657081509,-0.02274317243531517,-0.9581700253562995,-0.9354268529209843,-0.9523513929992281,-2.297641470983473,-0.4311827173025625,0,0.12187828057129542,42.36788685955715,-2.085535403624313,90.14315348814593,80.07861176766563,10.064541720480292,3.3005601009617376,2.3566387224315988,1.4127173439014602,-34.35708435711499,-49.48096885813194,0.12187828057129542,0.04204890962509067,23.092472641428376,-0.7807216040215543,0.400230867434277,0.046211658754468574,-0.0008817579496813582,1.2429907157107294,-0.5614292308618939,41.96459271617095,-0.1810829160326577,-16.719883865792355,0.099769132565723,-0.7807216040215543,-0.006805804438091867,0.669477383779164,88.67924528301887,0.00022524668844048357,0.0007537100728585155,0.0006930667336630947,0.0005717800552720309,0.0005717800552720309,0.0006670767311507397,1.0
1781032500,EURUSD,bearish_exhaustion,0.9556164268871027,0.01998799299249349,-2.226852781220594,0.39925504488807917,-0.4425978917115056,-0.8418529365995847,-0.9356284338946091,-2.2468407742130876,3.2742236140353684,1,0.1854059931768197,46.287752802847415,3.9198659432902616,90.31170288746377,88.53565509286108,1.7760477946026896,6.3357895798611095,3.035229478899372,0.6785907564677736,-11.870815115250362,-26.180257510730225,0.1854059931768197,0.061648159386245606,22.94891254942082,-0.14356009200755437,0.5039629481676754,0.04549957760834776,-0.0007120811461208132,1.2626148546861833,-0.06798975071366366,41.403718538759634,-0.5608741774113142,-14.133362621155044,0.003962948167675395,-0.14356009200755437,0.019624138975453898,0.7353807268913807,97.16981132075472,0.0005283443765968787,0.0004677146940366139,0.0003464553289160843,0.0003464553289160843,0.00044173054436802417,0.00023385734701841798,1.0
1781050500,EURUSD,bearish_exhaustion,0.824486707080454,-0.4099142950463565,-2.0095116691243846,0.22739819755869994,-0.5228025238209653,-0.7502007213796652,-1.2344010021268106,-1.5995973740780283,2.2358961547962397,1,0.06681906786062392,45.53141376891728,0.7430728161324041,79.96511627908383,71.95983597349844,8.005280305585387,5.023576990222463,1.889520404215625,2.9902756655948783,-25.246796891410263,-50.51546391752908,0.06681906786062392,0.0664645617693118,9.988221052600743,-0.19323666910983306,0.4236534404950831,0.01860448579933723,-0.0004314995613507733,1.3650133697767781,-0.20507425937232393,20.72338924588889,-1.3890028307438804,1.0738105590837534,0.07634655950491692,-0.19323666910983306,0.016925453303888283,0.4257150477306802,27.358490566037734,4.333093568842372e-05,7.799568423871861e-05,-8.666187137684744e-06,-2.599856141294321e-05,-0.000164657555615233,-0.00025131942699163634,1.0
1781052000,EURUSD,bearish_exhaustion,-0.6848590131739913,-0.922954529472952,-2.6677398747563568,-0.7860844833483677,-1.378454629154236,-0.5923701458058683,-0.2380955162989607,-1.7447853452834048,0.9756537045869464,1,0.12775303950325523,39.43733012692851,-5.258758694202314,24.998713793290918,53.535068484134534,-28.536354690843616,78.4472547199172,13.559613996913697,-5.56648271374462,-43.66701524227814,-50.84745762710525,0.12775303950325523,-0.06458634106085015,7.742762749880805,-0.10508250732817537,0.3069242205222632,0.016199752246291044,0.00028957266074038784,1.264048220373375,-1.0956181217026817,16.164185354600974,-0.007932695035503201,-6.624743411592593,0.1930757794777368,-0.10508250732817537,-0.061608984076736206,0.49962464115930166,45.28301886792453,-8.667614325830186e-05,-7.80085289325827e-05,-8.667614325830186e-05,4.333807162915093e-05,0.00014734944353911317,8.667614325830186e-05,0.0
1780926600,USDCAD,bearish_exhaustion,0.2793166650654385,-0.7462136395118307,-2.3139468821598794,-0.1488098879304552,-0.937937098510258,-0.7891272105798028,-1.0255303045772692,-1.5677332426480486,1.63375055795362,1,0.0033462355301678744,42.18123531245677,-1.9987185863849604,76.96238017724316,66.45086642366721,10.511513753575954,0.10573811686598661,0.10573811686598661,0.10573811686598661,-49.27860482465252,-55.17241379310609,0.0033462355301678744,0.0471420657382335,12.271084290666677,-0.18022373614629927,0.34068358784981306,0.026203854905105926,-0.00046804906898937834,1.1668587348095056,-0.633682835712694,30.505087119849183,-0.6939919986073235,-9.690155254555293,0.15931641215018694,-0.18022373614629927,0.013077864730375088,0.6605352008573799,78.75,0.00014351320321459582,-5.022962112510854e-05,0.0,-0.00022962112514346433,-0.0003516073478758708,-0.0004305396096440095,0.0
1780994700,USDCAD,bearish_exhaustion,0.7966108897835655,-0.6372887118280316,-2.7069596711943644,0.1161753206821799,-0.9033577209141115,-1.0195330415962913,-1.4338996016115972,-2.0696709593663325,2.054009437534016,1,0.11067577644545419,42.43544655446244,-0.9524528706884468,77.29973080850324,77.45681868488585,-0.15708787638260446,1.2643649005164506,1.2526429267153172,1.2628680330242568,-19.14341336795061,-46.84684684685604,0.11067577644545419,0.06572245914056396,13.34206370642415,-0.7844841573597083,0.4096567348657888,0.018916244468644372,-0.0002953992005659198,1.6978511499901499,-0.4792971140237467,40.65161294041059,-1.853132265666659,-6.863187450142377,0.0903432651342112,-0.7844841573597083,-0.054513477334261484,0.6046988093677721,66.25,0.00010763490241116891,6.458094144679016e-05,0.00012198622273240645,0.00030137772675087326,0.00023679678530430515,0.0001937428243399264,1.0
1780995000,USDCAD,bearish_exhaustion,1.1587716894693891,0.10981823200878144,-2.063825394646339,0.5787692917443056,-0.30904875816204125,-0.8878180499063468,-1.0489534574606076,-2.173643626655121,2.4500185451497076,1,0.19235149300125431,47.12311299062153,4.687666436159091,81.4782683203759,78.51620980275924,2.9620585176166685,4.338189622507422,3.073824721990972,1.8211817952756548,-6.556565844012965,-30.188679245275907,0.19235149300125431,0.0818668077198421,11.883005369202206,-1.4590583372219452,0.517510391680371,0.018946922116055635,3.0677647411263276e-05,1.514235541171216,0.08102665020873026,39.13353454982695,-1.5180783905836392,-7.714397597630388,0.01751039168037105,-1.4590583372219452,-0.1836156088189338,0.5297589478529129,44.375,-4.3049327354216516e-05,1.4349775784738839e-05,0.00019372197309408534,0.00012914798206264955,8.609865470843303e-05,-2.1524663677108258e-05,1.0
1780995300,USDCAD,bearish_exhaustion,0.7412545302111972,0.05321827396452145,-2.225284112746888,0.2986097928500829,-0.498433302408901,-0.7970430952589839,-0.6880362562466759,-2.2785023867114096,2.0163051961500833,1,0.22980306552659727,45.5261062719831,-1.5970067186384256,77.87952787953901,78.88584233613939,-1.0063144566003785,12.908134596470983,8.569944973963562,5.49612025197259,-1.8980873119898543,-29.896907216487296,0.22980306552659727,0.03671658742069677,10.415524971681739,-1.4674803975204664,0.5096446184207662,0.018875613099565553,-7.130901649008217e-05,1.3386652505527863,-0.13276662545607354,37.723890329999286,-1.409644219827662,-7.190740805772714,0.009644618420766249,-1.4674803975204664,-0.17557029061842977,0.45702847077586356,28.125,5.740157423805847e-05,0.00023678149373251856,0.00017220472271439746,0.0001291535420357981,2.1525590339299683e-05,2.1525590339299683e-05,1.0
1781015400,USDCAD,bearish_exhaustion,-0.010797264883802624,-1.4774257448360286,-3.635798994966962,-0.5524300161618736,-1.7084248849633819,-1.1559948688015085,-1.466628479952226,-2.1583732501309334,1.009184357739169,1,0.0015384307694130395,32.69730572871802,-4.306176616729225,71.83609141056884,64.23624829532177,7.599843115247069,0.40431926730361445,0.4043183116381462,0.40431920062927945,-61.232518075419506,-71.84466019418062,0.0015384307694130395,0.03584756198430395,13.26903756109342,-0.19853791586510816,0.27785274350682815,0.019957344312641723,0.00023544938836081095,1.650537757740241,-1.2506914227825312,44.912893809124974,-0.06525059438892811,-14.125641687444864,0.22214725649317185,-0.19853791586510816,-0.05186383225045166,0.7074283008137389,92.45283018867924,-7.901106873253738e-05,-0.00011492519088351916,-6.464541987194483e-05,-6.464541987194483e-05,-4.309694658133356e-05,0.00012210801531375992,0.0
1781025000,USDCAD,bullish_exhaustion,-1.1827739654078033,-0.16632758888542962,2.136796160421674,-0.5793605356714634,0.3269434808295959,0.9063040165010593,1.0164463765223737,2.3031237493071037,-2.4515982588368463,0,-0.15605803271578944,53.009038695533434,-2.332514234210066,15.03003342397767,16.71293928402959,-1.682905860051921,99.21317052462206,-0.7867761053745568,-0.7868254403115458,-8.228544938278182,-67.48768472906943,-0.15605803271578944,-0.09247924950029092,18.14168943168207,-1.051060830116846,0.46797989734418466,0.03492700808941309,-0.0010831681360137443,1.2504344833828456,-0.045727724178440746,33.48249472375669,-2.3234873422318856,1.2820200977573712,0.03202010265581534,-1.051060830116846,-0.012536767846524244,0.501852737973197,47.16981132075472,0.0003442562988145159,0.0004303203735180894,0.000717200622530223,0.0009682208404155901,0.0011044889586964146,0.0009753928466409434,0.0
1781025300,USDCAD,bullish_exhaustion,-0.17598918147206294,0.6776594918750868,3.0152813092233814,0.3386623858658586,1.1972704652106942,0.8586080793448356,0.8536486733471498,2.3376218173482943,-1.2266511853201836,0,-0.15035355897475808,59.337081298425325,6.328042602891891,28.13055626110803,19.205843202713613,8.924713058394417,96.59720021634088,-2.6159703082811774,-1.8291942029066064,20.404342942743423,-44.72361809045658,-0.15035355897475808,0.003381731775328656,17.33025265627016,-0.8114367754119094,0.638623036871195,0.035442508828207174,0.0005155007387940835,1.1749884669900497,0.8377440860360109,32.15893978321697,-1.3235549405397151,6.0853989041195184,0.13862303687119504,-0.8114367754119094,-0.07544601639279591,0.589086497412719,69.81132075471697,8.603445680011035e-05,0.0003728159794664787,0.0006237498117995788,0.0007599710350663091,0.0006309193498663657,0.0005807325833997456,0.0
1781025600,USDCAD,bullish_exhaustion,0.022297734011606344,0.7834612905000437,3.1983058839609266,0.49298105714596663,1.33611652344887,0.8431354663029034,0.7611635564884374,2.414844593460883,-0.785451459232464,0,-0.13433786106341733,60.75977448437105,1.4226931859457252,53.399373465414975,32.18665438350022,21.212719081914756,94.31250828814026,-2.2846919282006155,0.3312783800805619,46.4308564116672,-50.657894736839125,-0.13433786106341733,0.016328062870608964,16.447574971661194,-0.8826776846089679,0.668508489776237,0.035365985698536606,-7.65231296705679e-05,1.122660848057106,0.979615152603845,31.459930182480015,-0.6990096007369573,9.282229159666091,0.168508489776237,-0.8826776846089679,-0.052327618932943576,0.6219975061042401,78.30188679245283,0.0002867568516964347,0.0005376690969307596,0.0006738786014868214,0.0005448380182233592,0.0004946555691764942,0.00048748664788411666,0.0
1781029800,USDCAD,bullish_exhaustion,0.11716111967324656,1.235330402169057,3.8671391325158515,0.3427047773683622,1.5122465134924952,1.169541736124133,1.1181692824958105,2.6318087303467945,0.822028359545339,1,-0.015956848888887168,62.499981798581004,1.8936862630301263,39.859954565837484,62.46471516137996,-22.604760595542473,99.10460063177158,-0.8818254494674846,-0.8934178844022256,62.33371341692967,-35.78431372548444,-0.015956848888887168,-0.054680549335604366,20.421796367966124,-0.1376365926904981,0.710872468038208,0.03484525993337871,-0.000866375333065765,1.473803402602976,1.027322110569496,38.5255709028505,-0.8270408780590799,12.427328366342742,0.21087246803820803,-0.1376365926904981,0.04068307303925822,0.5103741915041523,50.0,0.00025784271594320174,1.4324595330128531e-05,-0.00015757054863207998,5.729838132073617e-05,-0.00011459676264158336,-0.0001790574416273838,0.0
1781030100,USDCAD,bullish_exhaustion,0.630770151242837,1.70563392921705,4.240504630474085,0.8757956356980071,1.9936221764749757,1.1178265407769687,1.0748637779742127,2.5348707012570357,1.2772604308655726,1,-0.012407148616858156,66.4122556483293,3.9122738497483027,37.32556085497425,46.14694300837137,-8.821382153397124,97.94034543035424,-1.1642552014173333,-0.28242975194986286,91.72349244550998,-20.441988950274208,-0.012407148616858156,0.0028475831629300075,20.362371405153176,-0.05942496281294751,0.8054230300482725,0.03643965861764402,0.001594398684265308,1.3793016229947375,1.5286175859675357,38.60984941825546,0.08427851540496079,18.891969718158006,0.30542303004827254,-0.05942496281294751,-0.09450177960823858,0.5793630554110603,66.98113207547169,-0.00024345534742509223,-0.0004153061809016867,-0.00020049263905597137,-0.00037234347253256583,-0.0004367875350862471,-0.00037234347253256583,1.0
1781030700,USDCAD,bullish_exhaustion,-0.6604714173003159,0.28181405049019786,2.750737556745389,-0.24676181215625,0.689722528464246,0.936484340620496,0.9422854677905138,2.4689235062551913,-1.8400230100746127,0,-0.1296442556952281,55.9603269428334,-4.080915059753373,37.91460509437649,38.696613050656886,-0.7820079562803954,97.50740449754028,-0.6567907748710695,-0.8806406169281757,25.946850805583615,-58.641975308644,-0.1296442556952281,-0.06763252238142126,17.98957393351418,-1.9277333690319232,0.557943962002897,0.036984619498527674,-8.343390421857583e-05,1.1981605630324668,0.27374248213902647,37.56664020345172,-1.1755086334629965,10.482718495305221,0.057943962002896976,-1.9277333690319232,-0.1216203757905292,0.46082409803082175,33.9622641509434,0.0002149027923035174,4.2980558460747886e-05,-2.1490279230373943e-05,4.2980558460747886e-05,1.4326852820101266e-05,-0.00019341251307325447,0.0
1780928400,USDCHF,bearish_exhaustion,-0.27931136222891706,-0.8782193793158903,-3.139030001665114,-0.46202980979101455,-1.3411134567400749,-0.8790836469490603,-0.5989080170869733,-2.2608106223492235,-0.8981068472700707,0,0.07452379969953814,39.12949498094355,-3.1401622076213584,69.37840897396215,56.980276134551424,12.398132839410728,0.010399755500956067,0.010399755500956067,0.010399755500956067,-42.753349292386126,-62.71186440678221,0.07452379969953814,0.004652706652588864,22.83435514400407,-1.4721559352641194,0.3202106542897791,0.04676576228416106,-0.0006876231138389366,1.2421701263701255,-0.9793162142732544,42.681088481682,-0.7360529051450015,-14.781408582220168,0.17978934571022093,-1.4721559352641194,-0.054190811884361256,0.507886467580751,38.125,-8.79187128699499e-05,-7.535889674570306e-05,-7.535889674570306e-05,-0.0003642346676043795,-0.00037679448372873736,-0.00032655521923152797,0.0
1780955700,USDCHF,bullish_exhaustion,1.7374895683867102,2.3420175690666847,3.070833144711821,1.7325597650340911,2.3316311007639503,0.5990713357298593,0.6045280006799744,0.7288155756451365,2.8324039192677786,1,0.13456621895929405,68.95705084290849,8.131556724667128,83.38052338051956,73.61361361361168,9.766909766907887,27.766811016198126,-6.1389686606337435,8.68645577731198,167.23940435282444,-10.666666666662126,0.13456621895929405,0.0948388235689123,12.79914322535924,1.0697602936838724,1.0426826018042359,0.02963705854531174,0.0016601044327428927,1.0848531847936085,2.1062505567186527,25.082432178853413,1.9214309551867181,21.755302495368493,0.5426826018042359,1.0697602936838724,0.001299740215475964,0.33759780303240267,11.25,-0.00018793459875965368,-0.00012528973250636177,-0.00025057946501283457,-0.00012528973250636177,-0.0003508112510181016,-0.00043851406377259927,1.0
1780989900,USDCHF,bearish_exhaustion,-1.2692721743771231,-2.2584822697905524,-3.197332578531428,-1.7639146380879283,-2.38607844804863,-0.6221638099607021,-0.9892100954134291,-0.9388503087408756,-0.24783099328930694,1,0.04440982936401322,41.81186686626302,-2.3270578566937914,52.71317829458413,68.38269396409486,-15.669515669510723,5.702583757068289,1.958842980616251,0.22170466878806216,-56.169780149987794,-64.28571428571429,0.04440982936401322,0.00034107809680906465,12.256088443774797,-0.28471067006027795,0.050178742356816686,0.024415606981958434,-0.001200288838431169,1.2608744442214093,-2.130376993296637,18.25333417954531,-0.33681028221760556,-4.734454350362309,0.4498212576431833,-0.28471067006027795,0.05616060320249194,0.2957473238649628,5.625,-0.0003639740950851511,-0.0004518299111401225,-0.0004518299111401225,-0.0005145840654651179,-0.0005271348963301614,-0.0005396857271952049,0.0
1780994100,USDCHF,bearish_exhaustion,0.433794123323927,-0.6897717366369605,-2.72391445006023,0.10263022438225361,-0.9338599595641139,-1.0364901839463676,-1.1235658599608875,-2.0341427134232695,2.290120326738039,1,0.035505286733084084,41.147367087408924,3.617136789686377,72.30046948357379,52.60437798257758,19.69609150099621,0.030496118220635957,0.016311300974613772,0.028420933441445275,-42.45202920698219,-43.39622641509335,0.035505286733084084,0.08449251587837435,19.725065220336404,-0.36297315507858485,0.3876621694124458,0.032131820348660814,0.000325969159235405,1.4672834798312853,-0.5127992936782949,34.0493336418577,-1.1648285476541744,-8.004829004507247,0.1123378305875542,-0.36297315507858485,-0.04101687648553343,0.711614784359228,88.75,0.0003139323161926999,0.0002762604382495759,0.00018835938971561994,-2.5114585295415992e-05,5.0229170590831984e-05,0.0003892760720789479,1.0
1781031900,USDCHF,bullish_exhaustion,-0.4012136847368527,0.5914443111210408,2.8984229983594796,-0.012097614301542615,0.9972264908583893,1.009324105159932,0.9926579958578935,2.306978687238439,0.6719956408638419,1,-0.04492465410973675,58.79476267958015,-1.9380695727962944,19.772045679509265,37.63117591731014,-17.859130237800873,99.7835863232614,-0.2042959524701473,-0.2101417498977014,47.68997695707644,-46.54377880184115,-0.04492465410973675,-0.07074652197789873,26.005382517130315,-1.6420585559337866,0.6236141850873024,0.05433480468268777,-0.0021493709714877837,1.1941267164494105,0.5799641902497481,39.184648192790874,-0.22672627705822634,14.435179577478955,0.12361418508730238,-1.6420585559337866,-0.006398163059420758,0.41829092443455285,26.41509433962264,0.00017540123031434263,-0.0003382738013205655,-0.0009647067667289955,-0.0007893055364145418,-0.0007517195584900715,-0.0007767768771064221,1.0
1781032200,USDCHF,bullish_exhaustion,-0.13840729710154479,0.824579066629573,3.1509946011304226,0.2674830237205489,1.2434963452101802,0.9760133214896312,0.9629863637311178,2.3264155345008497,0.7678534816146871,1,-0.07724127203544873,60.8857483825181,2.0909857029379495,19.087665647301183,26.119334997811222,-7.03166935051004,98.42842402795446,-1.3551622953069398,-1.1508663428367925,54.33373031622594,-40.84507042253763,-0.07724127203544873,-0.03153611256788374,25.671307651550112,-0.3340748655802024,0.671591998590899,0.05339756518650524,-0.0009372394961825251,1.20788628947663,0.8309915834792486,39.1867742564987,0.002126063707827086,15.480169875194159,0.17159199859089902,-0.3340748655802024,0.01375957302721953,0.5597115952155427,63.20754716981132,-0.000513584948202972,-0.001139908055767802,-0.0009645375856496274,-0.0009269581991957487,-0.0009520111234984086,-0.0009895905099521762,1.0
1781032500,USDCHF,bullish_exhaustion,-1.0865183488506418,-0.15655210617859228,2.0613472846370424,-0.5851842752459522,0.25978489872791344,0.8449691739738656,0.9299662426720496,2.2178993908156346,-2.9908462075891427,0,-0.1632923140885773,52.48572744084956,-8.400020941668544,14.964157706098844,17.94128967763643,-2.9771319715375864,96.59084118032793,-1.8375828476265355,-0.4824205523196099,9.282940229249498,-71.91011235954747,-0.1632923140885773,-0.08635685432993785,25.547809785836954,-0.12349786571315846,0.46713480622300346,0.053637363564402366,0.00023979837789712272,1.1947550532730287,-0.11789399531147363,38.132440769847214,-1.0543334866514869,9.978135014080152,0.03286519377699654,-0.12349786571315846,-0.013131236203601349,0.5160106813387583,51.886792452830186,-0.000626644942975374,-0.00045118435894220266,-0.00041358566236382455,-0.0004386514600828173,-0.00047625015666130643,-0.00040105276350432817,1.0
1781031900,USDJPY,bullish_exhaustion,-0.6064897071663616,0.6983088660191278,2.43707377947279,-0.10012901823822691,0.8765765697199122,0.9767055879581391,1.3047985731854894,1.7387649134536622,-2.1186062758697664,0,-0.0013951041403104975,57.363551722400196,2.8983815695651955,27.006799630476454,48.70742270490024,-21.700623074423785,98.49323018395238,-1.268779662771422,-1.4632445686121258,30.138090918204988,-38.461538461543135,-0.0013951041403104975,-0.08798262558597426,15.770527562869887,-0.2899887582323437,0.6143003058932509,0.02580879812252497,-0.00035723271402827647,1.440140073141069,0.4932609097217236,33.79942962557059,-1.340102918514674,7.064990554549436,0.11430030589325091,-0.2899887582323437,0.009389571124727158,0.33065616708788875,9.433962264150944,0.00018084874185397837,-8.730628917075212e-05,-0.0004115867918057514,-0.000305572012098021,-0.00029933584858599094,-0.0002681550310247305,1.0
1781032200,USDJPY,bullish_exhaustion,-0.02645984110963444,1.2628560529181219,3.0322977910626507,0.5059140074145426,1.45390442207296,0.9479904146584174,1.2893158940277565,1.7694417381445289,-1.3568221650157448,0,-0.020573461093355845,61.603966852655184,4.240415130254988,25.77711144426527,33.54984684985405,-7.772735405588779,96.34103196282564,-2.1521982211267385,-0.8834185583553165,60.014439258478156,-26.068376068381262,-0.020573461093355845,-0.01918462350804544,15.795551293796366,0.02502373092647936,0.707303034597504,0.02592056194516576,0.00011176382264078966,1.4421190560635495,1.0754207193432939,33.337783889554196,-0.46164573601639347,12.544480727943757,0.207303034597504,0.02502373092647936,0.0019789829224805544,0.4069011324493235,22.641509433962266,-0.00026810654429354486,-0.0005923284118116712,-0.0004863328012767454,-0.00048009776536306337,-0.00044892258579398714,-0.0005112729449321396,1.0
1781035200,USDJPY,bullish_exhaustion,1.1242603510755635,0.3077063283163951,2.1760565278650352,0.7434560330261364,1.073996895217321,0.33054086219118445,-0.8165540227591686,1.8683501995486402,-0.6994483276837843,0,-0.09138366345901432,58.355269835139005,1.952117209435194,94.70665802725894,84.01726916885701,10.689388858401927,2.483577772777074,-1.9149671252050817,1.4309905927481186,7.422334172896303,-41.99999999999053,-0.09138366345901432,0.07209998843424929,10.456421568632566,-0.03479975295173254,0.5688839247167808,0.02340632653162444,-2.745384850863855e-05,1.1268029836017055,0.8895103678630216,20.16370434676546,-0.13481730652141977,7.968917048003497,0.06888392471678084,-0.03479975295173254,-0.003060066247227544,0.5772795845496157,65.09433962264151,-6.235735754478444e-05,-6.859309329920737e-05,-0.00016836486537052942,-0.00016836486537052942,-6.235735754478444e-05,-7.482882905351929e-05,1.0
