timestamp,asset,side,t_close_sma10,t_close_sma20,t_close_sma50,t_close_ema12,t_close_ema26,t_ema_spread,t_sma_10_20,t_sma_20_50,t_close_psar,t_psar_bull,t_macd_cross,m_rsi,m_rsi_d,m_stoch_k,m_stoch_d,m_stoch_kd,m_stc,m_stc_delta,m_stc_gap,m_cci,m_williams,m_macd_hist,m_macd_hist_d,v_bb_width,v_bb_width_d,v_pctB,v_atr_pct,v_atr_pct_d,v_squeeze,v_close_kc,b_adx,b_adx_d,b_di_spread,b_pctB_ext,b_bbw_expand,b_squeeze_rel,p_decay,p_decay_pct,fwd_5m_ret,fwd_10m_ret,fwd_15m_ret,fwd_20m_ret,fwd_25m_ret,fwd_30m_ret,target_decay_realized
1780396200,AUDCAD,bullish_exhaustion,0.9968329549531606,2.251711320231137,6.410837755685331,1.3293694260025943,3.0930369547075056,1.7636675287049113,1.2548783652779762,4.159126435454194,1.060460590376379,1,-0.02676272390008471,74.36031477677042,3.648086278143964,71.53032153031292,77.60082107907346,-6.070499548760537,99.98248605822621,-0.01751382735872653,-0.017513934146123233,112.79590531025924,-6.603773584906649,-0.02676272390008471,0.0009512565986783721,16.770396658802227,-0.4306211286839279,0.88218911540886,0.02844661976095437,0.0006667667878978815,1.4673124537692703,2.3563826332525584,70.34196867998006,0.048848005494718905,24.86529790627614,0.38218911540886,-0.4306211286839279,-0.08998350008379252,,,-0.0002212211406966702,-0.0002614431662778527,-0.0004122757622073703,-0.00038210924302151117,-0.00038210924302151117,-0.0005429973453462411,1.0
1780396800,AUDCAD,bullish_exhaustion,-0.11181570593145747,0.975682208208085,5.161557264124825,0.2809769150217832,1.8919448807939965,1.6109679657722134,1.0874979141395424,4.185875055916741,-1.2985049721072093,0,-0.1542677075490267,65.16214217221268,-1.3471139920805086,39.351975937339496,53.22043208221393,-13.868456144874436,98.67277040378622,-1.3097156830437626,-1.3097157116475273,64.61597988004281,-33.64485981308615,-0.1542677075490267,-0.06170195175395193,14.67838317551448,-1.019661752547444,0.6854064033409735,0.027885368537077092,-0.0009059455671932733,1.3228664290594117,1.1881418926610752,69.76841150994257,-0.6660889676681734,20.533812239889613,0.18540640334097347,-1.019661752547444,-0.028793449110354752,,,-0.00015087204039343494,-0.00012069763231481456,-0.00012069763231481456,-0.0002816278087344193,-0.00016093017641960472,-0.00014081390436726515,1.0
1780415700,AUDCAD,bearish_exhaustion,0.2632576588271665,-1.307165503978629,-4.035401063327904,-0.35278096109404744,-1.6383269408225911,-1.2855459797285438,-1.5704231628057954,-2.7282355593492746,2.0688194346830873,1,0.043161858871790526,38.72142610446586,-5.176282752408589,77.19512195121898,62.8979433205177,14.297178630701282,0.8494804690345767,0.8494804690345767,0.8494804690345767,-51.158445440984856,-57.425742574259274,0.043161858871790526,0.056133697621632464,27.713311698396545,-0.27560576086087707,0.31772243857922755,0.03866433079694177,0.001225986329481163,1.6721905365908314,-1.1302286648099291,45.73840068142171,-1.4747211847135517,-11.84638327675437,0.18227756142077245,-0.27560576086087707,-0.07754855937270566,,,0.0002922591633325311,0.00032249286988417225,0.0006248299354008058,0.0004131939895390957,0.0005038951091940191,0.00043334979390685646,1.0
1780394400,AUDJPY,bullish_exhaustion,0.5552033133863288,1.605706424767779,6.068080003044458,0.9754705986566824,2.7234382893744904,1.7479676907178079,1.0505031113814502,4.4623735782766785,-0.544730425622766,0,-0.1332818681378882,71.45921424508427,4.001304638573487,43.59976536692211,52.05545898839343,-8.455693621471326,98.66664104173603,-1.333351934115882,-1.3333583688969526,78.39073790079435,-16.666666666670256,-0.1332818681378882,-0.007196305450641866,16.18350358031,-3.3565449292167706,0.7961433333711557,0.029833229696710525,-0.00015682751877580878,1.364739279591792,1.9785845711900985,54.7262545539712,-0.44262510580187353,21.054808030471925,0.2961433333711557,-3.3565449292167706,-0.27225030234736347,,,0.00021794089442939146,-2.615290733154474e-05,-8.717635777144572e-06,-1.7435271554289145e-05,7.845872199463422e-05,0.0002528114375381918,1.0
1780431300,CADCHF,bullish_exhaustion,1.6369187463981785,2.5711978422201156,5.267480984873576,1.8303466479006911,3.1146089420366203,1.2842622941359292,0.9342790958219375,2.6962831426534604,3.621378910816927,1,0.040423471006099,72.16399806539572,4.119379768098099,82.85714285713279,67.17813051146483,15.679012345667957,6.4402848611558055,-2.939873880281863,2.27873639228215,167.73713115521954,-4.83870967743264,0.040423471006099,0.07351571650366612,10.66751619911353,1.3691421942877362,1.0484456297827403,0.022740886169167848,0.0006769044088682438,1.2569835776703357,2.569531146866758,30.208892633188555,1.4169534323270874,22.848682364963327,0.5484456297827403,1.3691421942877362,0.0982094909102793,,,-0.00012291267932085237,-0.00022826640445283708,-0.0004038559463397373,-0.00035117908377368945,-0.0002107074502643025,-0.0005618865340379919,1.0
1780431300,EURCAD,bearish_exhaustion,-1.8182024399768326,-2.699223313401873,-5.395638592146551,-1.8824661673076526,-3.0941993997530273,-1.2117332324453747,-0.8810208734250404,-2.696415278744678,-3.5308764860033404,0,-0.05824290251054307,27.161776757825166,-3.760736168882886,2.361673414296286,17.148640832842982,-14.786967418546697,99.99366590647185,0.005663515641302297,-0.00499293775442311,-178.94783260565993,-99.23664122138595,-0.05824290251054307,-0.08016989826569927,8.077636438756985,1.2924581029869593,-0.09194771243399281,0.01772297161458723,0.00021866193067481,1.2284162270860455,-2.56076449453311,32.60388969547258,1.0446321864524961,-21.476132400331274,0.5919477124339928,1.2924581029869593,0.1672658494550321,,,0.0001679626749611085,0.00021150855365470456,0.0004354587869364046,0.0003981337480558622,0.00032348367029544356,0.0005972006220840154,1.0
1780384800,EURJPY,bullish_exhaustion,0.3904457863728025,1.5366830592211935,4.554828987879691,0.6877876352242005,2.1174131705534007,1.4296255353292,1.1462372728483912,3.0181459286584973,-1.2828932980809329,0,0.009377001000934729,67.89530254583926,2.6274296043261813,47.34693877549794,63.27399044723788,-15.927051671739939,99.83325025208153,-0.16670806621853274,-0.1667465387115783,89.45043019921324,-31.50684931505996,0.009377001000934729,-0.046685006581504734,5.465743023020427,-0.2870520622372492,0.7712060853424877,0.009644949610308151,0.00025081187255333696,1.4039826943655243,1.5438584672095563,52.80021286538033,0.042930270980676255,19.548114310886806,0.2712060853424877,-0.2870520622372492,-0.12938539411358452,,,5.379757050283374e-06,3.765829935131748e-05,6.993684165235159e-05,1.613927115040603e-05,-1.0759514100344703e-05,1.0759514100344703e-05,0.0
1780431900,EURUSD,bearish_exhaustion,0.09031185017913718,-1.0405495781568799,-4.700928131956875,-0.24016902002295604,-1.7706384785733307,-1.5304694585503746,-1.130861428336017,-3.660378553799995,2.630823461753123,1,0.07142488672375492,35.2797568590223,1.1356940800729092,54.71347192518218,32.377307267095354,22.33616465808683,1.5632788078006132,1.5632668658052375,1.5632779121509601,-65.62558096306186,-50.000000000008285,0.07142488672375492,0.08012776205479219,11.60876791321654,-0.5344846549982663,0.3035991442770615,0.021916225287799632,-0.0004948933270910311,1.3215150378585638,-1.1200882541810049,51.809096931249044,0.8096281226589284,-27.514610122740173,0.19640085572293853,-0.5344846549982663,-0.01704606778640949,,,0.0003098026729086989,0.00039585897093896705,0.0003786477113327802,0.0007228729034536308,0.0007142672736504263,0.0006798447544384967,1.0
1780386600,GBPJPY,bullish_exhaustion,-0.41333831446870706,0.5032776699319262,4.0300485660601035,-0.011451549637875199,1.2699976826939146,1.2814492323317899,0.9166159844006332,3.526770896128178,-1.8271084382135234,0,-0.17309089458761456,60.76203562123479,2.591825930367051,29.43095551789771,48.979791008771194,-19.548835490873483,97.03752559047152,-2.9624744095284825,-2.9624744095284825,17.91940322701662,-62.02531645569847,-0.17309089458761456,-0.060409190902978166,6.252331993089766,-0.9684301645159019,0.5978090208382104,0.012150292206055086,-0.00021986017644018765,1.277255567776728,0.7146486329996404,50.559943771642416,-2.0292323114474797,10.177442772009549,0.09780902083821041,-0.9684301645159019,-0.15948864040298627,,,-0.00011625419677652182,0.000139505036131915,0.00032086158310318247,0.0006649740055615361,0.0007300763557565038,0.0008742315597594086,0.0
1780390500,GBPJPY,bullish_exhaustion,0.20726687355285006,2.217300015421695,4.918830111251061,0.9442879117215806,2.452203341842423,1.5079154301208428,2.0100331418688446,2.701530095829366,1.5629227730951363,1,0.06407031568489718,65.79863701677601,5.777433132961974,28.56352588628212,32.6116917084266,-4.048165822144476,98.87014410006518,-0.4222323160030328,-0.9879642154499777,61.272841839963924,-22.18430034129567,0.06407031568489718,-0.04050513504643272,17.29055730852132,-0.030956587373726308,0.7616870811745096,0.020397190562431316,0.0007846019217633803,1.9416122629834294,1.8585752324127836,55.47832596823582,-1.5882114824844535,16.356085343152422,0.26168708117450956,-0.030956587373726308,-0.08862611116900343,,,2.322891163264451e-05,-0.00018583129306060098,-0.00028803850424385935,-0.0004831613619574737,-0.0005296191852227627,-0.00036701680379469526,1.0
1780429200,USDJPY,bullish_exhaustion,1.3109469899630886,1.7355798193210956,4.050256222032195,1.1606682715358922,2.243219784900451,1.082551513364559,0.42463282935800706,2.3146764027110995,3.0781234497080345,1,0.025632058515361978,67.64697392242229,0.5289368216214569,82.38213399501812,78.3735370039741,4.008596991044016,3.561187775514776,-0.18171357152830403,1.9289882234953564,117.76541230469125,-3.0769230769378764,0.025632058515361978,0.02516499740280599,5.123258689943866,-0.016943772440373372,0.8716522247334871,0.010968714831698303,-0.0005553414827084661,1.2282929148270734,1.7755715445458706,22.07183809299462,0.3035682097290575,11.617248011333064,0.37165222473348714,-0.016943772440373372,0.0778009739628156,,,-1.2503829297627611e-05,6.877106113734044e-05,5.626723183982385e-05,6.251914648869317e-05,0.00012503829297738633,0.00011878637832829497,0.0
1780515600,CHFJPY,bearish_exhaustion,-0.7509249881492818,-1.454014610467646,-5.413880347254969,-0.9340943472168163,-2.491085956286382,-1.556991609069566,-0.7030896223183641,-3.9598657367873225,-0.969319043581921,0,0.10164271167553539,32.72323054213172,-2.112505275454879,32.526803118903565,25.515480296180566,7.011322822722999,0.41346736889313856,0.41346736889313856,0.41346736889313856,-81.41388598758462,-89.47368421052632,0.10164271167553539,0.004040862726794894,14.04632104337546,-2.4874266448582603,0.21611823105890007,0.027434972672694177,6.467437149439842e-05,1.413605883052039,-1.8300936426237748,36.57678168982097,0.7408518462440199,-19.26697277419975,0.28388176894109995,-2.4874266448582603,-0.2759671326204871,,,-2.9713855570823178e-05,7.923694818900984e-05,0.00021294929825788067,0.00013371235006887083,-2.476154630903782e-05,-3.9618474094393896e-05,1.0
1780510800,EURCAD,bullish_exhaustion,0.3306695598005548,0.9565797979942747,4.0822660200841225,0.6490918943977363,1.7675402090838748,1.1184483146861384,0.6259102381937199,3.1256862220898483,1.2837340913897055,1,-0.12713067043729367,64.53842148169127,4.112375894316351,30.873956960918974,23.236207087146457,7.637749873772517,97.08854955924357,-1.9229991404900062,-1.2263709534111342,63.92124237384618,-27.18446601942082,-0.12713067043729367,0.008396158954630927,15.287332594517512,-4.579158383621245,0.6808515364084128,0.028894331941564336,0.00025317721068751284,1.3589939651709595,1.2939311635879085,35.58210679273275,-0.2593442645730235,13.260499737931404,0.18085153640841278,-4.579158383621245,-0.43634044343565637,,,-6.204205210291747e-05,-0.0002667808240425229,-0.00024816820841166987,-0.00026057661883216454,-0.0002543724136219172,-8.06546677337705e-05,1.0
1780516500,EURCHF,bullish_exhaustion,0.05460227679150474,1.3468561608512795,6.5826078131678365,0.5612911941772634,2.575375571566263,2.014084377388999,1.2922538840597746,5.235751652316557,-1.0920455358260535,0,-0.17088769192614847,70.38555242878415,0.0,39.113434485089215,60.82615388297133,-21.71271939788212,97.62723317452989,-2.372655480488362,-2.372756547471795,71.76287051487849,-30.00000000000925,-0.17088769192614847,-0.06125517834789048,11.037338734520734,-0.9131219291124744,0.718911492578978,0.0179352235622839,-0.0007100229808519459,1.6873729013124374,1.6963013755230993,54.38774129005268,-0.2903390108810129,23.295575888411854,0.21891149257897802,-0.9131219291124744,-0.049299592672351844,,,4.35246240562126e-05,0.00017409849622418427,6.528693608420788e-05,0.00013057387216819372,-6.528693608398584e-05,-4.352462405599056e-05,0.0
1780516800,EURCHF,bullish_exhaustion,0.16015714474301257,1.3767354557689828,6.661305243247229,0.6907053373970925,2.6492932269142337,1.958587889517141,1.2165783110259702,5.2845697874782465,-0.8352811087340991,0,-0.20789365949978347,71.42837039678571,1.0428179680015575,25.42819499339429,41.72688826650999,-16.2986932731157,91.12642579043174,-6.500807384098152,-4.128151903609776,77.32893652106844,-23.333333333336416,-0.20789365949978347,-0.03438725466028588,10.052591204211351,-0.9847475303093827,0.7419698563203752,0.01766376041489039,-0.00027146314739351016,1.5578865980747454,1.781196982869515,54.351925523986004,-0.03581576606667625,25.043037794107665,0.24196985632037515,-0.9847475303093827,-0.12948630323769206,,,0.00013056818923673497,2.1761364872752154e-05,8.704545949123066e-05,-0.00010880682436398281,-8.704545949123066e-05,-5.4403412181991406e-05,0.0
1780517100,EURCHF,bullish_exhaustion,0.8087353247521419,1.8445386445315695,7.18405810018151,1.2219198182616147,3.168628093931995,1.9467082756703804,1.0358033197794274,5.33951945564994,1.2442081919265848,1,-0.19302438392985508,74.3468189033408,2.9184485065550945,48.48484848483014,37.67549265443788,10.809355830392256,77.02237348424575,-14.104052306185991,-7.603244922087853,98.42354492599279,-3.3333333333364177,-0.19302438392985508,0.016933088151487436,8.62121663191726,-1.4313745722940912,0.8742791947759683,0.017487848129374785,-0.0001759122855156045,1.3435848660571823,2.3029848319256936,54.538090550762604,0.18616502677659952,26.595620635216825,0.37427919477596827,-1.4313745722940912,-0.21430173201756308,,,-0.00010879261950869079,-4.3517047803476316e-05,-0.00023934376291911974,-0.00021758523901738158,-0.00018494745316477434,-7.615483365608355e-05,1.0
1780517400,EURCHF,bullish_exhaustion,0.10183288131845168,1.078792086459067,6.4167444340245545,0.519244812942778,2.412287166928003,1.893042353985225,0.9769592051406153,5.337952347565487,0.6084514658727496,1,-0.23684169424660442,68.10383745008093,-6.242981453259873,57.575757575748405,43.829600351324274,13.746157224424131,58.33501736930901,-18.68735611493674,-4.583303808750735,82.64516974704185,-20.33898305084969,-0.23684169424660442,-0.03936440198471386,8.088203106862244,-0.5330135250550168,0.7280575424142933,0.017095375124057104,-0.00039247300531768115,1.2933720415229824,1.5558803460860031,54.71095807562659,0.17286752486398882,25.265647622857408,0.22805754241429332,-0.5330135250550168,-0.05021282453419995,,,6.528267397820642e-05,-0.00013056534795663488,-0.00010880445663052907,-7.616311964142586e-05,3.264133698910321e-05,0.0,1.0
1780517700,EURCHF,bullish_exhaustion,0.37375223518626216,1.3113548251827034,6.578039339285798,0.7720026837988289,2.619481554326793,1.8474788705279641,0.9376025899964413,5.266684514103094,0.9749004854647318,1,-0.24719407819962746,69.74539844845147,1.6415609983705366,69.69696969695593,58.585858585844825,11.111111111111107,39.07942399824757,-19.255593371061437,-0.5682372561246964,75.7124627817672,-10.526315789482911,-0.24719407819962746,-0.007395880468953136,7.818531329997691,-0.2696717768645529,0.7832394424415668,0.016883501798050007,-0.00021187332600709763,1.262288733003277,1.7750910145894625,54.28513960586736,-0.42581846975923554,21.452392485717226,0.28323944244156685,-0.2696717768645529,-0.03108330851970531,,,-0.0001958352372869454,-0.00017407576647732181,-0.0001414365602627754,-3.263920621443539e-05,-6.52784124289818e-05,-0.00010879735404834001,1.0
1780515000,GBPCHF,bullish_exhaustion,-0.15715747248474146,0.8623512592713936,4.308532553336031,0.26688132956757865,1.5599128836911902,1.2930315541236115,1.019508731756135,3.4461812940646372,0.844518381083049,1,-0.10519699516281046,61.69121060741574,-1.70029318094479,51.106025934385315,68.49733028222167,-17.391304347836353,99.71685265395958,-0.2831473460404226,-0.2831473460404226,64.34446057089501,-22.222222222231363,-0.10519699516281046,-0.049969903801188195,10.982502992311675,-2.1898350385739143,0.6833267149669036,0.02334293460183333,-0.0009261809693058703,1.2871149677264209,1.0034347006953415,34.36306211529765,-0.09630776780387151,11.505729718153258,0.18332671496690356,-2.1898350385739143,-0.17983149860728398,,,0.00011287743391985572,0.0001410967923995976,7.525162261323715e-05,8.465807543989179e-05,-5.643871695981684e-05,9.406452826654643e-06,0.0
1780515300,GBPCHF,bullish_exhaustion,0.3452666013597166,1.2022676297311419,4.7112449818750815,0.6476968331606557,1.9299687981476727,1.2822719649870171,0.8570010283714253,3.50897735214394,1.1625030352241017,1,-0.11514922838875677,64.1747866896725,2.4835760822567607,48.15546772068196,57.583590802500375,-9.428123081818413,97.11276979245483,-2.60408286150475,-2.3209355154643276,68.98221517874717,-7.594936708853643,-0.11514922838875677,-0.007847136179309407,10.423344868847387,-0.5591581234642877,0.7640068042076038,0.02288240030135707,-0.0004605343004762605,1.2473396608126883,1.3722998214266913,34.02582059113299,-0.3372415241646607,10.016905092852921,0.2640068042076038,-0.5591581234642877,-0.039775306913732544,,,2.82161735105646e-05,-3.762156468090083e-05,-2.8216173510675624e-05,-0.00016929704106405374,-0.00010345930287247729,-6.583773819157646e-05,1.0
1780515600,GBPCHF,bullish_exhaustion,0.4332738603967435,1.1801554673661585,4.659550887236456,0.6549455329344548,1.9086309737888738,1.253685440854419,0.7468816069694151,3.479395419870298,1.121092326594613,1,-0.11936781259118516,64.78936550230542,0.6145788126329137,57.87768994292088,52.37972786599605,5.4979620769248285,93.01892154154046,-4.0938482509143626,-1.4897653894095981,73.54345749759104,-8.33333333331483,-0.11936781259118516,-0.003767518767620683,10.117250978532294,-0.3060938903150934,0.7659407891766669,0.022792471427181514,-8.99288741755544e-05,1.2064366396580686,1.3584710115376102,33.979795763404844,-0.04602482772814653,11.10631233125581,0.26594078917666686,-0.3060938903150934,-0.040903021154619745,,,-6.583588055486533e-05,-5.64307547612497e-05,-0.00019750764166470702,-0.0001316717611098417,-9.405125793560121e-05,-0.0001786973900776978,1.0
1780515900,GBPCHF,bullish_exhaustion,0.038645181143373585,0.7965201224427472,4.3514473966712135,0.3223475042800035,1.5606746991818976,1.2383271949018941,0.7578749412993736,3.5549272742284663,0.672642825544117,1,-0.15236663277837992,62.1118929172793,-2.6774725850261163,67.29797979802417,57.777045820542334,9.520933977481839,88.64176430823589,-4.3771572333045725,-0.28330898239020996,64.45658026299655,-23.07692307690994,-0.15236663277837992,-0.02815368059831835,9.661692687606388,-0.4555582909259055,0.6806174376660517,0.021904854048660292,-0.0008876173785212216,1.213603152716906,1.0070341273009469,33.93705842337156,-0.042737340033284,10.731609158988846,0.18061743766605165,-0.4555582909259055,0.00716651305883742,,,9.405745029056334e-06,-0.0001316804304068997,-6.584021520350536e-05,-2.8217235087169e-05,-0.00011286894034889805,0.0,1.0
1780512600,USDCAD,bullish_exhaustion,0.3720709666962828,1.8408511134502907,5.345219516703794,0.8803232233178109,2.547394385848108,1.6670711625302972,1.4687801467540078,3.5043684032535034,-0.24004578496446255,0,-0.09448258257779514,70.68369308144256,1.90349614305552,55.74497574499038,58.43208593211288,-2.6871101871224994,94.21084875903117,-4.165938604545133,-2.542725968121431,72.5182449661272,-5.7142857142761985,-0.09448258257779514,-0.020112137347342338,16.360014399249586,-0.23740258354999355,0.7699516353823435,0.023980554433038967,-0.0005187188731084029,1.8696310648290626,1.8287897008716019,38.26681102830197,-0.324510144623531,12.863419663891161,0.26995163538234346,-0.23740258354999355,0.01626059259389967,,,-0.0002230617017449088,-0.00034538586076637845,-0.0005036877136176399,-0.00041014570966002584,-0.0003525813995323146,-0.00038855909336210637,1.0
1780512900,USDCAD,bullish_exhaustion,-0.5357023204521764,0.7054877553500847,4.129298870111243,-0.041154693111209194,1.4608743860228117,1.5020290791340207,1.241190075802261,3.423811114761158,-0.2341868067555115,1,-0.17322327792242245,61.71136156056245,-8.972331520880104,46.856086856084495,51.82855932857316,-4.972472472488661,87.48189881750022,-6.728949941530942,-2.563011336985795,50.950843200554786,-38.99999999999334,-0.17322327792242245,-0.08104680287570555,15.200960337440995,-1.1590540618085914,0.6141252008110207,0.0245859936276018,0.0006054391945628339,1.657554754723633,0.7931859225250731,37.21105413092591,-1.0557568973760638,8.725727946621559,0.11412520081102073,-1.1590540618085914,-0.2120763101054297,,,-0.00012235145094430244,-0.00028068862275454354,-0.00018712574850299202,-0.00012954859511749017,-0.00016553431598342883,0.0,1.0
1780514100,USDCHF,bullish_exhaustion,0.666849694782248,2.0005490843457947,4.223951357290408,1.1735635832951625,2.3495115918950407,1.1759480085998781,1.3336993895635467,2.2234022729446137,1.9093559636920636,1,-0.01924766659235994,66.28210577210137,3.4336865638089478,56.723734269822074,35.93495568911567,20.788778580706406,96.9949206755768,-1.212916417610515,0.37135453562780185,84.76827154658105,-2.2222222222244152,-0.01924766659235994,0.030226186259023884,30.396232928113694,-0.42448684880307397,0.7917327791955651,0.044286446916899286,-0.0003146548425621426,1.7530146065537688,1.8702580671646405,29.167784272609698,0.19818329171893723,13.239717738495104,0.29173277919556506,-0.42448684880307397,-0.011067488661147262,,,-6.31034265160535e-05,6.310342651594247e-05,-7.572411181921979e-05,-2.5241370606443603e-05,0.000126206853032107,0.0002145516501546041,0.0
1780677900,AUDCAD,bearish_exhaustion,0.9428108528010488,-0.44435085410297803,-5.469614683085019,0.298896606515862,-1.5448685905263488,-1.8437651970422109,-1.3871617069040267,-5.025263828982041,2.08303809982325,1,0.26494607692760025,37.9416356196299,7.995771266984541,82.08080808080543,71.14082988501524,10.93997819579019,0.41042946189191054,0.41041685748184376,0.4104285693518231,-35.513455022810355,-43.04347826087217,0.26494607692760025,0.11169780555853466,43.87220918452696,-4.934328265840982,0.4372897248124924,0.06193293936910846,-0.0005007096118649149,1.77683221585836,-0.7427216484176594,53.773186933330784,-1.2870619212532333,-17.333079165838875,0.0627102751875076,-4.934328265840982,-0.17937015948770618,,,0.00018278936572091453,0.0006499177447856219,0.00022340922476993264,4.061985904924015e-05,-0.000355423766679519,-0.0005382131324003225,1.0
1780678200,AUDCAD,bearish_exhaustion,1.1622317521506427,0.07222909194181558,-4.995298335867721,0.5032292403450376,-1.1584956995326587,-1.6617249398776963,-1.090002660208827,-5.067527427809536,2.2968588586172056,1,0.35954307533411367,40.47434081484456,2.5327051952146604,87.1530691530658,81.39847189846991,5.754597254595893,4.05771834813297,3.6472888862410593,3.2368720287592154,-3.686195058828538,-35.21739130434732,0.35954307533411367,0.0942901126463075,36.53102210762354,-7.341187076903417,0.512229516813364,0.061849980222205905,-8.295914690255313e-05,1.4812660355520717,-0.4054231675599235,51.603945306289475,-2.169241627041309,-11.306189050864756,0.012229516813364039,-7.341187076903417,-0.29556618030628834,,,0.0004670430085691457,4.0612435527664914e-05,-0.00014214352434716027,-0.0005381147707428369,-0.000720870730617662,-0.0005584209885067803,1.0
1780678500,AUDCAD,bearish_exhaustion,1.7337974324359084,0.9617668776159342,-4.0547960707628095,1.06092415676631,-0.37214868157834174,-1.4330728383446516,-0.7720305548199744,-5.016562948378744,2.8801204386757298,1,0.46473226615554014,46.48509646081569,6.01075564597113,93.91152325934853,87.71513349773993,6.1963897616086,13.876244782606136,9.818526434473167,6.1712375482321065,34.87911216805572,-0.510204081630341,0.46473226615554014,0.10648412921758132,30.831654473592675,-5.699367634030867,0.6936582414723329,0.0620445682134168,0.00019458799121089415,1.2433497087479919,0.3152549422049941,49.08977622058348,-2.514169085705994,-7.773639755978664,0.1936582414723329,-5.699367634030867,-0.23791632680407981,,,-0.0004262315045973075,-0.0006089021494246616,-0.0010046885465506694,-0.0011873591913779125,-0.0010249852848648322,-0.0010858754998072095,0.0
1780684500,AUDCAD,bearish_exhaustion,0.19520878942291708,-1.35524263001749,-4.150093987549678,-0.3076051503935696,-1.765313536591687,-1.4577083861981175,-1.550451419440407,-2.7948513575321874,-0.8824198325223334,0,0.08301203148556024,36.94170237994652,3.2646729116689244,60.087719298246185,48.14750792278957,11.940211375456613,28.84186393932057,3.5578085991212554,8.227780505345578,-68.32942377968803,-74.16267942583849,0.08301203148556024,0.06454386589356466,30.553149910927843,-2.8206930922575637,0.29903681258890163,0.04533380668093888,-0.001147890886728696,1.80319142115286,-1.1071472100944648,41.374398289107155,-0.8809597993310945,-13.62862637812166,0.20096318741109837,-2.8206930922575637,-0.10725386650030666,,,-7.120333638488408e-05,-1.0171905197808861e-05,0.00043739192350722433,0.0007832367002340579,0.0007120333638490628,0.000386532397518069,0.0
1780684800,AUDCAD,bearish_exhaustion,0.17955305461393095,-1.346647909602929,-4.209936166227821,-0.40861625401995566,-1.84985210178412,-1.4412358477641642,-1.52620096421686,-2.863288256624892,-0.7756122272773222,0,0.12797195174260217,36.152572098284736,-0.7891302816617838,59.235952199337106,56.15375422217233,3.0821979771647747,41.90116175684633,13.059297817525756,9.501489218404501,-64.86531565341717,-74.17582417582642,0.12797195174260217,0.04170131583988312,28.729720493859705,-1.8234294170681373,0.29563865319724003,0.04362456962688222,-0.0017092370540566573,1.7838970679454513,-1.188710467349094,40.556364189728285,-0.8180340993788704,-13.151926086619138,0.20436134680275997,-1.8234294170681373,-0.019294353207408577,,,6.103577713800767e-05,0.000508631476150434,0.0008545008799325515,0.0007832924732713575,0.0004577683285353906,0.0006408756599494136,1.0
1780631100,AUDCHF,bearish_exhaustion,0.8962551994691376,-1.2358887487414267,-4.430330964954399,-0.08631492550761981,-1.7337729665369115,-1.6474580410292916,-2.1321439482105644,-3.1944422162129724,2.6624251298085286,1,0.021970520335723952,36.675340084882876,-0.235455303954609,89.54084110334588,76.72081528014216,12.820025823203721,0.13787636083641894,0.13755546006241062,0.13784921122754007,-37.39594980744102,-60.52631578946984,0.021970520335723952,0.11751558441965078,33.52513785083958,-0.6316415033187184,0.36087616067720135,0.03775681538650178,-0.0012596394623355378,2.1692270294530553,-1.089446197998342,52.58138241200654,-1.2834575385865747,-18.607894007468918,0.13912383932279865,-0.6316415033187184,0.0635803848589287,,,0.0003740182022191618,0.0007302260138564165,0.0007302260138564165,0.0006767948421106951,0.000801467576183823,0.0007124156232745094,1.0
1780677900,AUDJPY,bearish_exhaustion,0.7447439262267477,-1.051168081919041,-6.038687513443017,0.005256981133334986,-2.0286232498884935,-2.0338802310218282,-1.7959120081457887,-4.987519431523976,2.215100253133172,1,0.20238323553730683,35.47460469153141,3.7462365215806557,88.44691181487265,72.50408502458667,15.942826790285977,0.1635233032372419,0.1635233032372419,0.1635233032372419,-46.66697809128016,-55.55555555555516,0.20238323553730683,0.11264986585826056,58.3893613686483,-2.640646000902329,0.3808977350006367,0.06620392030780671,-0.0017878591468311472,2.1720028397291724,-1.171664916042503,65.55746050234323,-1.068317005382994,-24.44509711194907,0.11910226499936333,-2.640646000902329,-0.01184136839550698,,,0.00045865086085239426,0.0008732006773919387,0.000679156082415977,0.0001587637595257263,-0.0003969093988145378,-0.0005821337849279962,1.0
1780678200,AUDJPY,bearish_exhaustion,1.379243391196,-0.14279380529087551,-5.0829330395775285,0.5834657556439633,-1.2218406524244667,-1.80530640806843,-1.5220371964868755,-4.940139234286653,2.74043238111543,1,0.3230025639150726,40.97119060699601,5.4965859154646,91.6531679243566,85.79055970253364,5.862608221822953,1.6348996543629812,1.4713763511257394,1.3078530478884973,-16.296296296294866,-28.301886792454095,0.3230025639150726,0.12308129405951436,53.33883548973301,-5.050525878915295,0.48206817907203725,0.06698847582017543,0.0007845555123687231,1.9537411160495353,-0.42800156128338784,63.1037770768481,-2.453683425495136,-15.65451817463574,0.01793182092796275,-5.050525878915295,-0.21826172367963714,,,0.0004143597700743129,0.00022040413301827044,-0.00029974962090484336,-0.0008551680361109648,-0.0010403075078463386,-0.001031491342525559,1.0
1780678500,AUDJPY,bearish_exhaustion,1.8459429706253794,0.6447615090256195,-4.284697340960206,1.0189936671990594,-0.5596425313370127,-1.578636198536072,-1.20118146159976,-4.929458849985826,3.123466135770908,1,0.4429191941875974,45.49090042624047,4.519709819244461,96.78137305256108,92.29381759726344,4.487555455297638,6.701115474697563,5.066215820334581,3.594839469208842,12.345679012344728,-4.513888888890756,0.4429191941875974,0.11931317981428892,48.02577080600349,-5.313064683729515,0.5897679929916653,0.06683586369515059,-0.000152612125024848,1.766746181035258,0.17272651139423853,60.35813577616078,-2.7456413006873177,-12.114796001387308,0.08976799299166527,-5.313064683729515,-0.18699493501427722,,,-0.00019387530293013544,-0.000713813615333625,-0.001269001982815543,-0.0014540647719761823,-0.0014452522582065752,-0.0016126900198281113,0.0
1780678800,AUDJPY,bearish_exhaustion,1.3651714136366337,0.5449946843032433,-4.459291480924627,0.6279186030894067,-0.8009911316986316,-1.4289097347880384,-0.8201767293333906,-5.00428616522787,2.566588254076699,1,0.5033338710854965,43.80032943668036,-1.6905709895601149,90.38054968287656,92.93836355326475,-2.5578138703881876,19.634981503074776,12.933866028377214,7.867650208042633,27.915499654977914,-12.152777777776732,0.5033338710854965,0.05241284150806215,41.533710349024375,-6.492060456979118,0.5861915642849331,0.06566255581385656,-0.0011733078812940223,1.5686016961205624,-0.10809218139386198,57.593296328981474,-2.7648394471793054,-10.302100561155385,0.08619156428493313,-6.492060456979118,-0.1981444849146956,,,-0.0005200391351484202,-0.0010753351608154826,-0.0012604338360377998,-0.0012516196134081392,-0.0014190898433712462,-0.0017540303032973492,0.0
1780679100,AUDJPY,bearish_exhaustion,0.497771903947822,-0.047630465202407414,-5.035948960316038,-0.13876036356988966,-1.4742678371418982,-1.3355074735720087,-0.5454023691502294,-4.988318495113631,1.4111606259794498,1,0.47664247313779684,39.55488625282813,-4.245443183852224,73.91399736726906,87.02530670090225,-13.111309333633187,42.185406753107884,22.550425250033108,9.616559221655898,10.215164638768115,-32.40418118466618,0.47664247313779684,-0.026448348325891408,34.889570281793375,-6.644140067231,0.49102717782271516,0.06572845960717458,6.590379331801455e-05,1.3176298234324106,-0.8139644338093276,55.50358070883147,-2.0897156201500025,-13.682562577234272,0.008972822177284845,-6.644140067231,-0.2509718726881518,,,-0.0005555849515848088,-0.0007407799354463007,-0.0007319611266909387,-0.0008995184930420397,-0.0012346332257439085,-0.0016843924722648174,0.0
1780679400,AUDJPY,bearish_exhaustion,-0.5984029439109865,-0.8038786535669562,-6.103421640928836,-1.0390395407508162,-2.3775945680551236,-1.3385550273043074,-0.20547570965596978,-5.29954298736188,0.2652524107152325,1,0.4871768527627661,39.768011805515265,0.2131255526871314,49.83992329319477,71.37815678111347,-21.538233487918703,62.27666137733919,20.091254624231304,-2.4591706258017965,5.893469139352239,-31.707317073169524,0.4871768527627661,-0.025073060814294345,30.279489270311835,-4.61008101148154,0.3376194459714433,0.06115847392768133,-0.004569985679493245,1.2667143994827665,-1.702625321427879,53.56313049012076,-1.9404502187107084,-13.654377772668205,0.16238055402855672,-4.61008101148154,-0.0509154239496441,,,-0.0001852979326044668,-0.00017647422152800019,-0.0003441247319797558,-0.000679425752883156,-0.001129435017779734,-0.0009706082184044451,0.0
1780684800,AUDJPY,bearish_exhaustion,-0.0953461991773388,-2.309808413404416,-6.722467901999319,-0.8544835100261067,-3.013347232444412,-2.1588637224183054,-2.214462214227077,-4.412659488594903,-1.0706726159233464,0,0.10107927509134926,26.544302166579612,-0.415615092798177,45.48317515099427,44.84223100318667,0.6409441478076019,2.772950487533036,1.7962649778654176,1.9276973185128266,-73.96904828098018,-86.76470588235271,0.10107927509134926,0.060437321636062,46.95426671543627,-4.194682031825671,0.2674569621925977,0.04732350527287379,-0.002072358285265849,2.713979600087435,-2.073587582297314,56.32048075701573,-0.14141721732914192,-24.32741696519878,0.23254303780740232,-4.194682031825671,-0.07854549419145052,,,0.00023887674844513818,0.0005485317927258482,0.0010882162984722221,0.0010174380026366503,0.0006370046625203685,0.0006723938104380434,1.0
1780685100,AUDJPY,bearish_exhaustion,0.5112524900768836,-1.508194845726497,-5.953251217783778,-0.29970586643475683,-2.3525642442245642,-2.0528583777898075,-2.0194473358033806,-4.445056372057281,-0.29058816062843695,0,0.18887178830416645,31.650583773049163,5.106281606469551,61.78018575851394,52.678373279597025,9.101812478916912,7.307682174878106,4.53473168734507,2.7384667094796526,-59.77052832431629,-72.84482758620578,0.18887178830416645,0.086495216746437,43.1688627416347,-3.7854039738015715,0.33691436978682787,0.04671267223281203,-0.0006108330400617576,2.5202527695964734,-1.4376200166232123,55.552872522666675,-0.7676082343490549,-20.30988352294539,0.16308563021317213,-3.7854039738015715,-0.19372683049096162,,,0.0003095810925559661,0.0008491367110106118,0.0007783753184262832,0.0003980328332862104,0.00043341352957826373,0.00036265213699393506,1.0
1780685400,AUDJPY,bearish_exhaustion,1.1187813884654076,-0.5603436596401514,-4.989726873938879,0.30919034507344906,-1.5749058661245423,-1.8840962111979913,-1.679125048105559,-4.429383214298727,1.8678121988007756,1,0.2978542726426879,37.69673547636501,6.04615170331585,75.19288417121045,60.818748360239546,14.374135810970905,19.09642638350775,11.788744208629645,7.254012521284576,-32.13939106687247,-57.575757575759624,0.2978542726426879,0.10774532750647808,37.7316165094452,-5.437246232189494,0.43111875527262045,0.04639432109375039,-0.00031835113906163864,2.2045561350120746,-0.7056789975477674,53.66450952976029,-1.8883629929063872,-13.673331125757542,0.06888124472737955,-5.437246232189494,-0.3156966345843988,,,0.000539388633931992,0.00046864914095734456,8.842436621847583e-05,0.00012379411270568852,5.3054619731041086e-05,0.0003979096479826971,1.0
1780695000,AUDJPY,bearish_exhaustion,0.03178465965143708,-1.456134720285484,-4.317548705412289,-0.519731725472413,-2.085727504636789,-1.5659957791643762,-1.487919379936921,-2.8614139851268052,0.9014924093658744,1,0.08879480850541845,31.664170308622474,-3.582339818704895,64.60611810869678,48.48569711241564,16.120420996281133,6.699047016669254,6.5122323617863485,6.671086020408833,-54.42043222005657,-72.83236994219853,0.08879480850541845,0.05016282088624323,33.17702854741454,-3.190452473143573,0.30424633774497806,0.044630111326573414,0.00012631752595110984,1.8890918241686419,-1.418057953365747,48.24375834186052,-0.7067768616848511,-15.605039044559874,0.19575366225502194,-3.190452473143573,-0.19334481485126886,,,0.0001063914674042099,0.00013298933425542891,0.0005053594701704966,0.0005762871151067106,0.00040783395838328573,0.00019505102357464388,1.0
1780695300,AUDJPY,bearish_exhaustion,0.32367396984621194,-0.9618033471057174,-4.0061823761441895,-0.2454959792998654,-1.7639114707879242,-1.5184154914880588,-1.2854773169519293,-3.0443790290384722,1.1096035342981156,1,0.15043571379335685,34.27994634456299,2.615776035940513,76.0112415938966,64.37259558479332,11.638646009103283,19.516864019298435,12.81781700262918,6.305584640842833,-51.469357317889404,-64.45783132530202,0.15043571379335685,0.05886835661492675,27.905710039744353,-5.271318507670184,0.3509125288158417,0.04327416160807633,-0.0013559497184970834,1.657492171157763,-1.1006495306149258,47.5874655417246,-0.6562928001359225,-14.942844635981944,0.14908747118415833,-5.271318507670184,-0.23159965301087881,,,2.6595037366128338e-05,0.00039892556049037076,0.0004698456601330836,0.0003014104234817516,8.865012455339105e-05,-0.00021276029892824955,1.0
1780678200,AUDUSD,bearish_exhaustion,0.8803992263367375,-0.7910700161327097,-6.232784481010684,0.10931421460783113,-1.9479512928177298,-2.057265507425561,-1.671469242469447,-5.4417144648779745,2.2790920557927272,1,0.2634408229382482,33.95899339848688,3.472043776128615,80.7489003767608,72.96725221977289,7.781648156987913,0.827335620026401,0.827335620026401,0.827335620026401,-36.143451629485575,-52.091254752850624,0.2634408229382482,0.109851209437656,61.24044833265886,-6.339095593005638,0.4009834314837578,0.0766998893361723,-0.0003785934745664521,1.9671225391864937,-1.060858249055795,64.84556483081303,-2.2251259486445747,-17.509025379654492,0.09901656851624219,-6.339095593005638,-0.1861411222865017,,,0.00032491841722337433,9.888821393766456e-05,-0.00043793351886645127,-0.0011160241287241357,-0.0011442779041349604,-0.001130151016429548,1.0
1780678500,AUDUSD,bearish_exhaustion,1.2934910269788285,-0.14247147543508198,-5.689110969095184,0.45897391348314803,-1.4365386406817984,-1.8955125541649465,-1.4359625024139104,-5.546639493660102,2.642290980421429,1,0.3732024335765884,37.99633175550675,4.03733835701987,91.66855003403163,82.73509822731485,8.933451806716775,3.7621424092460987,2.9348067892196976,2.1074711691932966,-19.284022286735155,-34.070796460178535,0.3732024335765884,0.1050722853120241,53.73128657620079,-7.50916175645807,0.4800269150997759,0.07533400837625374,-0.0013658809599185612,1.771001645986557,-0.5868088178165336,62.64030891933384,-2.205255911479192,-15.878275928828092,0.019973084900224092,-7.50916175645807,-0.19612089319993675,,,-0.00022595678576464717,-0.0007626041519559479,-0.0014404745092500004,-0.0014687191074705952,-0.0014545968083603533,-0.0015110860048014318,0.0
1780678800,AUDUSD,bearish_exhaustion,0.9192948661258815,-0.24469748524211343,-5.897305354135489,0.13776668614516227,-1.6460789796673405,-1.7838456658125028,-1.163992351367995,-5.652607868893376,2.2322816162534873,1,0.4310484345006324,36.332338193224096,-1.6639935622826556,85.40274725274406,85.94006588784549,-0.5373186351014283,11.11979374929654,7.357651340050442,4.422844550830745,-10.150317681723156,-41.15044247787478,0.4310484345006324,0.04897269813832771,47.5649040485983,-6.166382527602487,0.4621427643123464,0.07360108678559636,-0.0017329215906573825,1.6209729027141706,-0.8213719940093892,60.362068920052536,-2.278239999281304,-13.997987642972117,0.03785723568765359,-6.166382527602487,-0.15002874327238636,,,-0.0005367686527107951,-0.0012147922140294254,-0.0012430431957510812,-0.0012289177048903088,-0.0012854196683333985,-0.0017798118484617653,0.0
1780679100,AUDUSD,bearish_exhaustion,0.17055042801773307,-0.7539104147593996,-6.4367281992269385,-0.5054466215650169,-2.2210532033614427,-1.7156065817964261,-0.9244608427771326,-5.682817784467539,1.2955689985118801,1,0.41685845485367634,32.672661035831695,-3.6596771573924016,68.19572970888396,81.75567566521988,-13.559945956335923,24.161296069899418,13.041502320602877,5.683850980552435,-32.40563544570437,-54.761904761904255,0.41685845485367634,-0.018429743183563316,41.300787015184774,-6.264117033413527,0.3669578357321286,0.07292334561500513,-0.0006777411705912312,1.4263260498201489,-1.416783595927271,58.69838707797014,-1.663681842082397,-17.41742759085588,0.1330421642678714,-6.264117033413527,-0.19464685289402173,,,-0.0006783876985696491,-0.0007066538526767641,-0.0006925207756232066,-0.0007490530838373255,-0.0012437107807111714,-0.0017949007857990251,0.0
1780679400,AUDUSD,bearish_exhaustion,-0.973250712519815,-1.618263765035937,-7.657628304247671,-1.4570359825749881,-3.210228167587022,-1.7531921850120336,-0.6450130525161222,-6.039364539211734,0.17298523665838964,1,0.43191203073588835,32.57965801924641,-0.09300301658528554,36.32144727490596,63.30664141217799,-26.985194137272032,46.381347632575284,22.220051562675867,9.17854924207299,-42.051661122744335,-51.041666666664796,0.43191203073588835,-0.016344187342071045,36.98845865939603,-4.312328355788743,0.20342809871127795,0.0678164442193469,-0.005106901395658225,1.4160770869792731,-2.376759392931439,57.153539653179344,-1.5448474247907953,-17.39149990071671,0.296571901288722,-4.312328355788743,-0.01024896284087573,,,-2.8285342535516733e-05,-1.4142671267869389e-05,-7.071335633879183e-05,-0.0005657068507100016,-0.0011172710301522448,-0.0009051309611360914,0.0
1780684200,AUDUSD,bearish_exhaustion,-0.8442630290525334,-2.923382040253107,-7.423692152013488,-1.2860580831528543,-3.509562348427535,-2.223504265274681,-2.0791190112005737,-4.500310111760381,-1.607553533529364,0,0.011760089544085377,21.08122101314528,-1.0203398918800133,27.913533834587117,19.376146763849885,8.537387070737232,2.2693345972875116,0.15089475519819961,1.8244756444701056,-97.79709572259739,-93.88646288209485,0.011760089544085377,0.04399622309656151,56.36416158749075,-0.8151197938804273,0.1973187170077482,0.05845808688164487,-0.0016492571513334123,2.5472614327477383,-2.550294543327945,56.600752494408326,-0.3894768881536095,-24.793693649604982,0.30268128299225183,-0.8151197938804273,0.05529371082560708,,,4.254655302005084e-05,-4.254655302005084e-05,0.0002978258711405779,0.0007091092170015134,0.0013331253279629252,0.0012054856689027726,0.0
1780684500,AUDUSD,bearish_exhaustion,-0.5386041757486677,-2.57277436508691,-7.161681942464057,-1.0600880775290042,-3.285949150256789,-2.2258610727277848,-2.0341701893382425,-4.588907577377147,-1.1826718110123453,0,0.065820904525686,21.97640124583552,0.8951802326902367,34.70779220779254,28.11735472601417,6.590437481778366,3.888166115872552,1.6188315185850404,1.4679367633868403,-89.80512820512025,-92.12962962962965,0.065820904525686,0.05367741906575616,53.08771578399978,-3.276445803490965,0.22605146284168998,0.056610030969992016,-0.0018480559116528517,2.5015884546230485,-2.314637687903091,56.23909538397997,-0.3616571104283537,-23.77328933254878,0.27394853715831,-3.276445803490965,-0.045672978124689845,,,-8.508948577579112e-05,0.0002552684573275954,0.0006665343052443262,0.0012905238676006459,0.0011628896389370702,0.0007090790481323328,1.0
1780684800,AUDUSD,bearish_exhaustion,-0.42523718689226336,-2.4477067343074097,-7.173025328165842,-1.0600662886205874,-3.293199578925465,-2.2331332903048775,-2.0224695474151466,-4.725318593858432,-1.0467034980939873,0,0.11107500240880736,21.452295906475342,-0.524105339360176,26.682340647860126,29.767888896746594,-3.085548248886468,7.994190993810069,4.106024877937516,2.487193359352476,-86.81506849313836,-92.51336898395583,0.11107500240880736,0.04294789050808583,49.38554927193368,-3.702166512066107,0.22925986474536444,0.054698348728041656,-0.0019116822419503604,2.433616230845194,-2.308329586140951,55.9879155570762,-0.2511798269037726,-23.959906457449414,0.2707401352546356,-3.702166512066107,-0.06797222377785461,,,0.0003403869064502185,0.0007516877517443898,0.0013757304135699755,0.0012480853236511713,0.0007942361150508059,0.0008084189028194633,1.0
1780685100,AUDUSD,bearish_exhaustion,0.33347770860207465,-1.5423344022858247,-6.212064440558042,-0.372188339199015,-2.48486916886892,-2.1126808296699053,-1.8758121108878993,-4.669730038272218,-0.14314347371867162,0,0.19417957903534727,28.769920291606198,7.317624385130856,40.188087774290636,33.85940687664777,6.328680897642869,15.541286488430346,7.547095494620278,3.44107061668276,-67.61142857140888,-75.48387096774512,0.19417957903534727,0.08257403162337686,45.828273165888554,-3.557276106045123,0.31700566348847614,0.05441980259975024,-0.00027854612829141673,2.256819236426964,-1.5327431372816027,54.95598069637399,-1.0319348607022079,-19.00508901984184,0.18299433651152386,-3.557276106045123,-0.17679699441822994,,,0.000411160891510276,0.0010349912096636604,0.000907389553677973,0.0004536947768389865,0.00046787273861514933,0.000411160891510276,1.0
1780685400,AUDUSD,bearish_exhaustion,1.0416515549423995,-0.5285608137707886,-5.059229408685066,0.3210153288594707,-1.584671767053748,-1.9056870959132186,-1.5702123687131881,-4.530668594914278,1.72749144012776,1,0.3018489203236295,36.47145008562264,7.701529794016444,59.662835249035425,42.177754557062066,17.48508069197336,34.36147644034712,18.820189951916774,11.273094457296494,-33.10026840328163,-56.774193548388766,0.3018489203236295,0.10967793471239748,40.67400992942072,-5.154263236467834,0.42859214510558147,0.05496600481503597,0.0005462022152857293,1.9581169808724288,-0.6959141470645479,52.620608436350224,-2.3353722600237674,-10.83500496558889,0.07140785489441853,-5.154263236467834,-0.2987022555545351,,,0.0006235739289408571,0.0004960247162031362,4.2516404246129014e-05,5.668853899476467e-05,0.0,0.00028344269497337926,1.0
1780686300,AUDUSD,bearish_exhaustion,0.5467999954486197,0.00125412843010303,-4.059864553361557,0.017017038507152523,-1.284393713112982,-1.3014107516201345,-0.5455458670185166,-4.06111868179166,1.4401206925997188,1,0.48882823034992184,39.67339298152561,-4.863340913382466,81.6861866203969,86.07069342232178,-4.384506801924886,83.01674700359287,11.130961295440116,-5.278669594473101,11.17589893097658,-40.1709401709375,0.48882823034992184,-0.016361553537078802,28.88129717924916,-4.719774849448683,0.5002453411663215,0.056499525438877575,-0.0005048539582604983,1.3181236646147343,-0.5950112559224235,43.21011420554363,-2.8797175857369552,-2.6083252570132167,0.00024534116632146663,-4.719774849448683,-0.19962083506588324,,,1.4171532225937256e-05,-4.251459667836688e-05,0.0002409160478431538,0.00015588685448664208,8.502919335628967e-05,0.0002409160478431538,0.0
1780587600,CADJPY,bullish_exhaustion,2.2191856229912417,3.0387909547997345,4.267504371723572,2.262896460079305,3.1901564684804367,0.9272600084011318,0.819605331808493,1.2287134169238374,3.264529711442607,1,0.18434893471359834,72.42959370243896,4.78899004480418,98.59259259260114,76.39552760308635,22.197064989514786,37.7268580688516,-0.5421160146028257,14.013768043281125,204.78967719885725,-1.599999999996271,0.18434893471359834,0.11013596885761867,12.448634479818885,0.9601930200265087,1.110769090008313,0.02500160336965949,0.0004742441626870396,1.2153871867833845,2.8341219091022865,32.00407469316319,1.751872454325568,24.691240098474466,0.6107690900083129,0.9601930200265087,0.06550438931134228,,,-0.0002344360510549981,-0.00013024225058611005,-6.077971694018469e-05,-0.0003473126682296268,-0.00024311886776073877,-3.473126682296268e-05,1.0
1780653900,CHFJPY,bullish_exhaustion,-0.1543885621217558,1.1058313274876763,4.276749181092787,0.5194849226211399,1.8477074251589365,1.3282225025377965,1.2602198896094323,3.1709178536051104,-1.3684335485513253,0,-0.12008451528693238,67.85699068688288,3.5368204788923663,29.786535303767618,24.55046986310083,5.236065440666788,98.1936653932863,-1.3151923728191122,-0.8244924482547162,58.39193838096873,-35.80246913579872,-0.12008451528693238,-0.023343661078020515,14.711508560513872,-1.4039749884974722,0.6990828303587823,0.02647737633556466,0.0003081605233021048,1.318368018244127,1.2942259208424223,45.597222848351194,-0.5931264845873443,17.561778913495566,0.19908283035878227,-1.4039749884974722,-0.14112356913403645,,,-4.925065133998263e-05,0.0002610284521011863,0.0002413281915654153,0.0003792300153169226,0.0,-3.447545593793233e-05,0.0
1780677300,CHFJPY,bearish_exhaustion,-0.07835289599932198,-1.2209319825073068,-5.741732529314041,-0.44273972229371783,-2.1735799239645575,-1.7308402016708397,-1.142579086507985,-4.5208005468067345,-1.6208691809199975,0,0.11081202907997173,31.375838120272704,-0.15378322268939826,52.043544690606375,30.492375968291444,21.55116872231493,0.5322944241789824,0.5322944241014743,0.5322944241756132,-84.11855678321594,-77.1230502599644,0.11081202907997173,0.06568525532122148,33.264274273392104,0.18726596029840437,0.2748889990628773,0.061377420131360605,-0.0011733416440486977,1.3607876312830183,-1.4337199008380637,63.83133900508346,-0.9153695383136338,-21.38361375228403,0.22511100093712272,0.18726596029840437,0.04357784237231699,,,-0.00029747001750113355,4.957833624974484e-06,0.00015369284237554126,0.0005701508668771726,0.00043628935900175136,7.932533800047992e-05,1.0
1780677600,CHFJPY,bearish_exhaustion,-0.3807460082553236,-1.6517045106479564,-6.17958269678484,-0.8093768362072359,-2.5386672781344295,-1.7292904419271935,-1.2709585023926329,-4.527878186136884,-1.8390978690762139,0,0.13618222180546272,29.084311374026157,-2.2915267462465465,62.878787878788565,48.20204709546848,14.676740783320085,2.100307526292652,1.5680131021136696,1.0357186780121954,-83.83503109381674,-87.52166377816239,0.13618222180546272,0.021888402034537315,34.399978211372606,1.1357039379805016,0.21447153882943706,0.059525355611813,-0.0018520645195476068,1.4695288949312413,-1.7902105112671194,62.9813530052208,-0.8499859998626604,-20.480108725625687,0.28552846117056296,1.1357039379805016,0.10874126364822301,,,0.0003025178411137919,0.00045129710723523786,0.0008678790523752866,0.0007339777128658742,0.00037690747417440384,0.0003521109298207925,1.0
1780677900,CHFJPY,bearish_exhaustion,0.22520912108323263,-1.0346871883731883,-5.549492681786799,-0.259936732928133,-1.9177394180220684,-1.6578026850939354,-1.259896309456421,-4.514805493413611,-1.0590206280897987,0,0.1960563513418751,34.33511807313258,5.25080669910642,63.82575757575504,59.58269671504999,4.24306086070505,3.8270343314252653,1.7267268051326132,0.1587137030189436,-69.72067883735622,-70.44444444444339,0.1960563513418751,0.05714384143746701,33.94833056054065,-0.45164765083195846,0.3223037445118382,0.058337752512540544,-0.0011876030992724537,1.4893630954094803,-1.1831536647023686,62.27909226225825,-0.7022607429625438,-20.3697687252754,0.17769625548816181,-0.45164765083195846,0.019834200478239028,,,0.00014873427135086992,0.0005651902311329948,0.00043132938691736733,7.436713567554598e-05,4.957809045014194e-05,-7.932494472040474e-05,1.0
1780678200,CHFJPY,bearish_exhaustion,0.5298787796707903,-0.6358545356049977,-5.181693272936922,-0.004309707194769746,-1.5736897462406216,-1.5693800390458519,-1.165733315275788,-4.545838737331924,-0.5533296854412338,0,0.2604055081083064,36.813038089326525,2.4779200161939485,65.132063882064,63.94553644553587,1.1865274365281309,8.24470420509676,4.417669873671494,2.690943068538881,-38.64757744883869,-56.064690026952334,0.2604055081083064,0.060010219545995884,31.662832527115647,-2.285498033425,0.3854410657987586,0.05706614208267023,-0.0012716104298703124,1.4300099115275855,-0.8583856212643738,60.505030266675455,-1.774061995582798,-15.176261119037388,0.11455893420124141,-2.285498033425,-0.05935318388189481,,,0.0004163940277199796,0.00028255309023839104,-7.435607637851227e-05,-9.914143517142371e-05,-0.0002280253008941635,4.957071758626697e-06,1.0
1780678500,CHFJPY,bearish_exhaustion,1.1767992237747584,0.221841385335984,-4.223998627663122,0.6122918889822486,-0.7796240100040326,-1.3919158989862812,-0.9549578384387745,-4.445840012999106,2.140422741328016,1,0.34678074951982313,43.26841691699065,6.455378827664127,82.49258498090569,70.48346881290824,12.009116167997448,18.712068296578153,10.467364091481393,6.049694217809897,-4.355990851522395,-27.352941176467173,0.34678074951982313,0.08700053141723883,28.449563099841832,-3.213269427273815,0.5445927096474069,0.057179690789798614,0.00011354870712838167,1.2764598564259697,-0.11617812915087493,57.974036656282195,-2.53099361039326,-10.34454146465842,0.044592709647406914,-3.213269427273815,-0.1535500551016158,,,-0.00013378523011065013,-0.0004905458437387544,-0.0005153208863519776,-0.0006441511079399165,-0.0004112657073770398,-0.0006788361675982291,0.0
1780678800,CHFJPY,bearish_exhaustion,0.8649534461233145,0.09749733777391592,-4.374320923393663,0.3304232728309754,-0.9687358349125788,-1.2991591077435543,-0.7674561083493985,-4.471818261167578,1.9209658954442275,1,0.3964182010280152,41.790529688179156,-1.4778872288114968,84.0944683000789,77.23970572101621,6.854762579062694,41.650892245303965,22.938823948725812,12.471459857244415,6.605128205119868,-32.72171253822627,0.3964182010280152,0.03847127523259629,26.191144301284247,-2.258418798557585,0.520625191821367,0.05540337898697641,-0.0017763118028222002,1.226817907202623,-0.32700463631234467,55.62382830377417,-2.3502083525080266,-9.914942896740406,0.020625191821367017,-2.258418798557585,-0.04964194922334664,,,-0.00035680834931528516,-0.00038158670690668917,-0.0005104341663816347,-0.0002775176050230366,-0.000545123867009556,-0.0008176858005143339,0.0
1780684200,CHFJPY,bearish_exhaustion,-0.25310980402709166,-1.8906713733400005,-4.6120138058488145,-0.7448315766006616,-2.2651310089397083,-1.5202994323390469,-1.6375615693129089,-2.721342432508814,-1.9913674406929736,0,0.06415420067969944,30.874507202046303,-1.1233873447022518,41.48407952840903,42.53748013493873,-1.0534006065296992,33.12865113226288,7.806620771208415,9.658778250624621,-81.3352591878949,-89.76190476190364,0.06415420067969944,0.029748007527039832,30.27666149281201,-0.07080853183400393,0.23681573249382287,0.04217917296073211,-0.0013685913903658878,1.9400267049872506,-1.5854930952094066,49.40862936064953,-0.438962048142443,-17.681966964766396,0.2631842675061771,-0.07080853183400393,0.07345806908334551,,,0.00014400135063330488,9.931127629880798e-05,0.000248278190747131,0.0003227616479712925,0.0006355921683127708,0.00037738284993560356,1.0
1780684500,CHFJPY,bearish_exhaustion,0.12901388094474828,-1.3582970861724357,-4.103371681288807,-0.35291902060841346,-1.8415341266478882,-1.4886151060394748,-1.487310967117184,-2.7450745951163706,-1.4476101958123648,0,0.11958547436056195,34.46719569342166,3.5926884913753554,49.55312810327953,45.72385450283002,3.829273600449511,51.798143541999266,18.669492409736385,10.86287163852797,-65.24815547352723,-80.16528925619757,0.11958547436056195,0.053259266885435516,28.165806831715685,-2.110854661096326,0.3033891570232578,0.04079204317913376,-0.0013871297815983494,1.8827284164432858,-1.1637129941314404,48.66760734147618,-0.7410220191733501,-15.67080184524991,0.1966108429767422,-2.110854661096326,-0.05729828854396479,,,-4.468363982990109e-05,0.00010426182627010228,0.00017873455932004845,0.0004915200381299112,0.0002333478968901126,-9.929697740052035e-06,1.0
1780684800,CHFJPY,bearish_exhaustion,0.083839780505876,-1.2893542001950744,-4.158961232941762,-0.40841181078589534,-1.8854961780662955,-1.4770843672804002,-1.3731939807009506,-2.869607032746687,-1.3826488895418247,0,0.16111547479304797,33.878708037623795,-0.5884876557978629,48.42767295597619,46.488293529221586,1.9393794267546056,68.51598075893355,16.717837216934285,-1.951655192802093,-57.669495391916804,-77.97202797202227,0.16111547479304797,0.036304132676873435,25.94458838062661,-2.221218451089076,0.30585514441328127,0.039085821317243356,-0.001706221861890407,1.8348006558318062,-1.2023327167435536,47.842473637724524,-0.8251337037516535,-14.64294132292578,0.19414485558671873,-2.221218451089076,-0.04792776061147963,,,0.00014895212182297612,0.0002234281827344642,0.0005362276385625364,0.0002780439607361629,3.475549509190934e-05,4.965070727425136e-05,1.0
1780689900,CHFJPY,bearish_exhaustion,-0.9144792788359544,-1.9143858924384578,-4.190007371891827,-1.0215941406413742,-2.325362009411054,-1.3037678687696799,-0.9999066136025035,-2.275621479453369,-2.4509163292271428,0,-0.036291710874278967,32.037172238989825,3.3468052718959314,22.014553409176198,19.61425950565931,2.4002939035168893,99.99880221125453,0.0010851317170903485,-0.0009724746887087576,-140.615878575635,-90.09900990098963,-0.036291710874278967,0.009357499263793484,15.135880040714191,0.9136388539385489,0.11399547487846184,0.03053686149637129,-0.0012056278793858635,1.3330273370593926,-1.7438194851040243,34.46815147438698,0.284188980658314,-13.823038043789609,0.38600452512153816,0.9136388539385489,0.14323311384719117,,,-0.00013416082404571483,-0.00013416082404571483,-0.0004074513915458544,-0.0004223581497732054,-0.00034285543922774053,-0.0008645919771828048,0.0
1780690200,CHFJPY,bearish_exhaustion,-1.1095326050890069,-2.2537381040877347,-4.514741004993996,-1.2543345518541078,-2.5975140536018344,-1.3431795017477266,-1.1442054989987276,-2.2610029009062615,-2.5151993323777617,0,-0.045667622182583655,30.082282863511736,-1.9548893754780892,12.27046757679075,17.004691525442873,-4.734223948652122,99.99937294137017,0.000570730115640572,-0.0005144016014497765,-122.37370743596625,-98.77551020408741,-0.045667622182583655,-0.008842797776039881,16.343548774420768,1.2076687337065763,0.08522553961155507,0.03009881697904592,-0.0004380445173253686,1.4601767479332342,-2.004255697448769,34.12400801532779,-0.34414345905918964,-10.78346490517568,0.4147744603884449,1.2076687337065763,0.12714941087384157,,,0.0,-0.0002733272373075524,-0.00028823599570626524,-0.00020872261758042576,-0.0007305291615313791,-0.0007156204031326663,0.0
1780690500,CHFJPY,bearish_exhaustion,-0.8706231345729749,-2.136984057589038,-4.43630480796875,-1.0825091662356385,-2.453030875571456,-1.3705217093358175,-1.2663609230160628,-2.299320750379713,-2.1991010483686795,0,-0.037723996123933644,30.082282863511736,0.0,22.187944735650348,18.824321907205768,3.36362282844458,99.99967238855655,0.000299447186378643,-0.000271282929261929,-126.49259428923529,-85.18518518518606,-0.037723996123933644,0.008853620670199402,17.151909298669832,0.8083605242490641,0.1325522642854158,0.029510771408015484,-0.0005880455710304371,1.5666495196947436,-1.849508353392247,34.32369564079822,0.19968762547043184,-14.182151900660088,0.3674477357145842,0.8083605242490641,0.10647277176150949,,,-0.0002733272373075524,-0.00028823599570626524,-0.00020872261758042576,-0.0007305291615313791,-0.0007156204031326663,-0.0006013199220767929,0.0
1780690800,CHFJPY,bearish_exhaustion,-1.44192736412232,-2.7388564458200038,-4.969574466338902,-1.6260951833588149,-2.993464638160494,-1.3673694548016793,-1.2969290816976837,-2.2307180205188986,-2.5605808890538535,0,-0.07381396330299497,26.292089214693846,-3.7901936488178904,14.187536551563838,16.215316288001645,-2.0277797364378074,99.999829153214,0.0001567646574471837,-0.00014268252891724842,-126.0747019942793,-95.75289575288669,-0.07381396330299497,-0.03772300782327262,18.647263538132787,1.495354239462955,0.047200534564072305,0.030854505790612947,0.0013437343825974633,1.582823469890546,-2.4026362045399305,34.92306840623233,0.5993727654341114,-16.051399865800573,0.4527994654359277,1.495354239462955,0.016173950195802256,,,-1.491283448251668e-05,6.46222827571652e-05,-0.0004573269241285871,-0.0004424140896459594,-0.00032808235861392365,-0.0002982566896490013,1.0
1780691700,CHFJPY,bearish_exhaustion,-1.9965520917004984,-3.237179780340692,-5.655682036321769,-2.1326153536617936,-3.54612981172776,-1.4135144580659669,-1.2406276886401932,-2.4185022559810774,-2.449067738015425,0,-0.1277079350257678,22.618857979971466,-6.472171136511363,24.89551682789487,22.832219690134846,2.063297137760024,97.0334515204785,0.3874865815965478,2.191575316328425,-151.1342633701013,-90.828402366862,-0.1277079350257678,-0.07213087742556752,19.779548852854287,0.22196101263049428,-0.0351097315282334,0.03273047607952448,0.0029301180642424783,1.5220849427862126,-2.956471704011561,38.31104347246825,1.7135378006675666,-24.987707434078978,0.5351097315282334,0.22196101263049428,-0.20831250253272282,,,1.4919657643552853e-05,0.00012930369957775412,0.00015914301486508187,0.00035309856423171304,-5.470541135976781e-05,0.00010443760350509201,1.0
1780693200,CHFJPY,bearish_exhaustion,-0.9968016006015934,-2.1887601410801203,-4.859708044379787,-1.285257062829821,-2.666382408307697,-1.3811253454778758,-1.1919585404785271,-2.670947903299667,0.7491024076812802,1,-0.017508226819614347,28.887772286291806,-6.107490518589671,55.397849462368164,52.4639751872403,2.933874275127863,47.51070671295378,12.736159754160298,22.867208675975263,-100.29977601385193,-81.78694158075676,-0.017508226819614347,-0.01599545296320476,18.708610420410203,-0.17401536695569675,0.11268657895585898,0.033129944971065625,0.0007549018655170492,1.4102201057331145,-2.0800323572870987,42.613984142777326,0.005411112141622709,-17.37751921664812,0.387313421044141,-0.17401536695569675,-0.06040304098583649,,,0.0001591517213253013,0.00013925775615963865,0.00020391314294809781,0.00033322391652501615,0.000507296111724509,0.0004426407249360498,1.0
1780693500,CHFJPY,bearish_exhaustion,-0.3361345585410741,-1.5380468905727598,-4.276618401698301,-0.6995060929700057,-2.078938541147493,-1.3794324481774873,-1.2019123320316858,-2.7385715111255418,1.215974475031644,1,0.016919456871189627,33.747131850296185,4.859359564004379,55.39170506912611,57.31080389145233,-1.9190988223262195,62.0182404605843,14.507533747630525,1.7713739934702204,-96.02878096033426,-70.0704225352076,0.016919456871189627,0.03490229307954,17.6806129172457,-1.027997503164503,0.219590664360838,0.03225043500545569,-0.0008795099656099328,1.3839321603470793,-1.4865318778282497,42.68751742459218,0.07353328181485352,-17.234501443406565,0.28040933563916204,-1.027997503164503,-0.026287945386035183,,,-1.9890799510813295e-05,4.475429889905236e-05,0.00017404449571856162,0.0003480889914369012,0.0002834438930272576,0.0003182527921710143,1.0
1780693800,CHFJPY,bearish_exhaustion,-0.2914295360417813,-1.455555169083846,-4.2593302573666945,-0.6652176086642022,-2.0471069493642893,-1.3818893407000872,-1.1641256330420646,-2.803775088282848,1.1447728008356255,1,0.04823576009646828,33.439529530357404,-0.3076023199387805,40.98694316435874,50.59216589861767,-9.60522273425893,75.14056378234586,13.122323321761563,-1.3852104258689621,-78.3696355402345,-68.4824902723785,0.04823576009646828,0.0307609598038209,16.95079651184877,-0.7298164053969316,0.2319846768300307,0.031226147872371282,-0.0010242871330844103,1.3877561264740133,-1.4467363755086557,42.25735844322567,-0.4301589813665103,-14.594980168559356,0.2680153231699693,-0.7298164053969316,0.00382396612693392,,,6.464638427794434e-05,0.00019393915283405505,0.0003679871105055632,0.0003033407262276189,0.0003381503177619649,0.00041274229962096065,1.0
1780694100,CHFJPY,bearish_exhaustion,0.009937055526478302,-1.0905918440461742,-4.012251786464381,-0.4031995437891301,-1.7718912325905076,-1.3686916888013776,-1.1005288995726525,-2.9216599424182066,1.3575187904523642,1,0.09488512107468575,35.49730801783858,2.0577784874811726,44.76766513056231,47.048771121349056,-2.281105990786749,84.63600366719979,9.495439884853923,-3.626883436907633,-70.82424103213096,-63.42412451362169,0.09488512107468575,0.04472101037681856,15.310123452411343,-1.6406730594374253,0.28619999152070336,0.03002384755492841,-0.0012023003174428705,1.323216270376103,-1.1664829005057025,41.871804482241906,-0.3855539609837635,-14.212575743638608,0.21380000847929664,-1.6406730594374253,-0.06453985609791024,,,0.00012928441078630115,0.00030332111761399716,0.00023867891222084658,0.0002734862535864746,0.000348073413655392,0.0005022202111313323,1.0
1780614000,EURAUD,bearish_exhaustion,-6.189093428646397,-6.345414326918714,-6.790701235198324,-5.803606952575126,-6.350930943023179,-0.5473239904480527,-0.15632089827231754,-0.44528690827960965,-7.406271685089711,0,-0.3680179877626438,17.426061865298976,-32.04656499918466,41.108354011597214,68.44342037892129,-27.335066367324075,99.99895471337629,0.0008925688668881548,-0.0007398511101115446,-567.7575757573798,-100.0,-0.3680179877626438,-0.4551222917218766,12.045399654840542,9.546418366100793,-0.5664156427200503,0.020269636640973566,0.009104912343437327,1.2839425434225267,-6.175225210010197,24.847440497419594,3.958314090752726,-48.07654449558395,1.0664156427200502,9.546418366100793,0.6999363432375612,,,-0.0002891702659135742,-0.0003076279424611972,-0.00016611908892905092,0.0011935964167497648,0.001390478299925002,0.0015258345946078666,0.0
1780703700,EURCAD,bearish_exhaustion,-2.5844359615258873e-12,-1.29486821270628,-4.190135339983744,-0.48432552839906656,-1.8949292743903265,-1.41060374599126,-1.2948682127036957,-2.895267127277464,-3.1183987513998486,0,0.06899763874525416,34.46638915100327,-1.4210854715202004e-14,50.0,50.0,0.0,2.84122202758634,2.2333320219879873,1.7311371850596693,-53.07797537625279,-77.14285714286349,0.06899763874525416,0.04628574528433093,8.184908868729176,-0.27055840180098834,0.3307296988239472,0.010701119641375613,-0.0008231630493365852,2.6860937378893084,-1.3221981148127278,26.293921420751445,0.5339835345996065,-12.727768815765824,0.1692703011760528,-0.27055840180098834,0.18864393517214895,,,0.0,0.0,0.0,0.0,0.0,0.0,0.0
1780704000,EURCAD,bearish_exhaustion,-2.7832387277971095e-12,-1.1845190288061238,-4.4610616121807265,-0.4413380554642382,-1.8895306154895997,-1.4481925600253613,-1.1845190288033405,-3.276542583374603,-3.096612997816708,0,0.11617945267578461,34.46638915100327,0.0,50.0,50.0,0.0,9.083037384499104,6.241815356912763,4.008483334924776,-49.46967856861497,-75.00000000000867,0.11617945267578461,0.04187430325781859,7.850036611380375,-0.3348722573488008,0.35007854748097905,0.009936753952705926,-0.0007643656886696867,2.8623809276554257,-1.2882955990479013,26.78976327430822,0.4958418535567759,-12.727768815765824,0.14992145251902095,-0.3348722573488008,0.17628718976611735,,,0.0,0.0,0.0,0.0,0.0,0.0,0.0
1780704300,EURCAD,bearish_exhaustion,-2.997334014550733e-12,-1.052905803385576,-4.677331549631205,-0.40216603870705725,-1.8841473373827913,-1.4819812986757341,-1.0529058033825787,-3.624425746245629,-3.069930954504471,0,0.16218161815578455,34.46638915100327,0.0,50.0,50.0,0.0,24.409808040915905,15.326770656416802,9.084955299504038,-46.38075788522423,-50.0,0.16218161815578455,0.03706528450493959,7.428078556447859,-0.42195805493251637,0.36922320371851214,0.009226985813226932,-0.0007097681394789938,3.0094061314815486,-1.2552623785592794,27.250187852610942,0.460424578302721,-12.72776881576582,0.13077679628148786,-0.42195805493251637,0.14702520382612283,,,0.0,0.0,0.0,0.0,0.0,0.0,0.0
1780704600,EURCAD,bearish_exhaustion,-3.227898169516174e-12,-0.7450295009186139,-4.954264466554134,-0.36647082817055543,-1.8787793962500487,-1.5123085680794934,-0.7450295009153859,-4.20923496563552,-3.0379363473304855,0,0.20666273542202124,34.46638915100327,0.0,50.0,50.0,0.0,47.13904869479113,22.729240653875223,7.402469997458425,-44.06130268213913,-50.0,0.20666273542202124,0.0320056081773302,5.314375132754545,-2.1137034236933134,0.37989289186583375,0.008567915397996437,-0.0006590704152304953,2.3922113282962716,-1.2230761637249639,27.677724961034897,0.4275371084239552,-12.727768815765822,0.12010710813416625,-2.1137034236933134,-0.617194803185277,,,0.0,0.0,0.0,0.0,0.0,0.0,0.0
1780704900,EURCAD,bearish_exhaustion,-3.4761980287097255e-12,-0.5518529961775386,-5.246125929575635,-0.3339438315869689,-1.8734267483978706,-1.5394829168109019,-0.5518529961740624,-4.694272933398096,-3.0001803932401487,0,0.24937355879873727,34.46638915100327,0.0,50.0,50.0,0.0,66.03659668456214,18.897547989771013,-3.83169266410421,-41.666666666832405,-50.0,0.24937355879873727,0.02681368988271442,4.355591637479992,-0.9587834952745533,0.39920298564196693,0.007955921440996694,-0.0006119939569997433,2.1784285838141995,-1.1917152364497163,28.074723704571426,0.3969987435365283,-12.72776881576582,0.10079701435803307,-0.9587834952745533,-0.21378274448207213,,,0.0,0.0,0.0,0.0,0.0,0.0,0.0
1780705200,EURCAD,bearish_exhaustion,-3.743597877072012e-12,-0.3329784035884417,-5.535028349174501,-0.3043038465350151,-1.8680893502535938,-1.5637855037185788,-0.33297840358469816,-5.20204994558606,-2.9561792935682716,0,0.29014025293497997,34.46638915100327,0.0,50.0,50.0,0.0,79.25183451086437,13.215237826302229,-5.682310163468799,-39.2156862748623,-50.0,0.29014025293497997,0.021584112690185984,3.0268237358939944,-1.3287679015859974,0.41873116101737684,0.0073876413380683575,-0.000568280102928336,1.682024855041697,-1.161158435514841,28.443365394998203,0.3686416904267773,-12.727768815765817,0.08126883898262316,-1.3287679015859974,-0.4964037287725025,,,0.0,0.0,0.0,0.0,0.0,,0.0
1780705500,EURCAD,bearish_exhaustion,-4.03156694453909e-12,-0.21787876067601072,-5.797390690148503,-0.277294629387402,-1.8627671583717083,-1.5854725289843064,-0.21787876067197914,-5.579511929472492,-2.9054115344528633,0,0.32885032100639033,34.46638915100327,0.0,50.0,50.0,0.0,87.74268533972383,8.490850828859465,-4.72438699744275,-37.037037037602985,-50.0,0.32885032100639033,0.01639158707641185,2.605951426111779,-0.42087230978221557,0.44264606653070904,0.006859952671063474,-0.0005276886670048837,1.609032783783157,-1.131385142296032,28.785675536108783,0.34231014111058045,-12.727768815765815,0.05735393346929096,-0.42087230978221557,-0.0729920712585399,,,0.0,0.0,0.0,0.0,,,0.0
1780665300,EURGBP,bearish_exhaustion,0.4625772888761244,-0.7216205706479593,-4.2606452154189185,-0.10737383802495629,-1.4331557317363242,-1.325781893711368,-1.1841978595240839,-3.5390246447709592,1.896366811133651,1,0.20214609266410077,38.64708526595611,-2.085983322833556,63.41189674522508,63.13318368873598,0.27871305648909583,2.0881438895716284,2.0881437782707692,2.0881438833293164,-23.041870862364494,-51.94805194805738,0.20214609266410077,0.04459341936847503,13.090968738661322,-0.9828023896798044,0.396560416779492,0.018767587780551574,-0.00019577496378743106,1.7277490303332927,-0.858539938692175,48.03044121570883,-1.1102573503636393,-14.980913458710484,0.103439583220508,-0.9828023896798044,-0.10040809494594538,,,3.472583949726271e-05,4.6301119329683615e-05,-9.260223865903416e-05,0.0,5.7876399161882475e-05,4.6301119329683615e-05,1.0
1780665600,EURGBP,bearish_exhaustion,0.48389503100035436,-0.3550658344335399,-4.0081591009293875,0.06695264978968812,-1.1775291229629845,-1.2444817727526727,-0.8389608654338943,-3.653093266495848,1.9558126389762578,1,0.2498759668710713,40.29350280652365,1.6464175405675405,73.72935706269432,67.98741382074651,5.7419432419478085,7.218489248848178,5.13034535927655,3.0422015810057808,-29.240623930327985,-40.29850746268187,0.2498759668710713,0.04390654717201009,11.869677220205242,-1.2212915184560806,0.4449068561760598,0.01841857303859171,-0.00034901474195986326,1.6094473621240337,-0.620890648646826,47.32826522083841,-0.7021759948704158,-17.31612910536886,0.055093143823940205,-1.2212915184560806,-0.11830166820925903,,,1.1574877885056623e-05,-0.00012732365673551183,-3.472463365516987e-05,2.31497557698912e-05,1.1574877885056623e-05,0.00027779706924091485,0.0
1780666200,EURGBP,bearish_exhaustion,-0.3128115008792713,-0.6990379458419687,-4.44830722066094,-0.5538090175693363,-1.680126063293084,-1.1263170457237477,-0.38622644496269737,-3.7492692748189715,0.9789950257143495,1,0.25609203066645275,36.37772585332517,-4.485450700032658,52.38095238095428,63.45331623109477,-11.07236385014049,41.99933023611402,23.195377687787953,11.609914388310063,-33.43674594962962,-42.00000000000399,0.25609203066645275,-0.030305471252636787,9.503790873710551,-0.9851356693865565,0.3666374419656372,0.018133643999731566,0.00012143711916659874,1.3163868752441348,-1.1571610092027989,45.96526070091517,-0.5048384456851025,-17.05639355092422,0.1333625580343628,-0.9851356693865565,-0.15121189849065986,,,9.261081462774712e-05,0.0001504925737703111,0.00013891622194184272,0.00040517231399683773,0.0005903939432527761,0.0006251229987381812,1.0
1780610100,EURJPY,bearish_exhaustion,-0.09805152983892915,-1.2679845563152121,-4.222455425850885,-0.45380989193757554,-1.7674633265427229,-1.3136534346051474,-1.1699330264762828,-2.954470869535673,-0.9146231605226282,0,0.025353412755905646,36.74509814284306,-0.8899388546141509,42.60840108403897,25.781283606515373,16.827117477523593,0.30844822629627355,0.308063411400886,0.3083969176435552,-61.739943872831,-76.34408602148862,0.025353412755905646,0.05254782349082217,6.597846755822928,-0.24692710621949754,0.26797231975122204,0.012075206010575995,0.00018914895606989175,1.4073258224660603,-1.2161335492155108,46.621968635609335,-1.2875224062350057,-12.522315183518886,0.23202768024877796,-0.24692710621949754,-0.09263026172020061,,,0.0,-6.996318859930906e-05,-0.0001183992422449931,-9.149032355293407e-05,-0.00010763567476812508,-0.0001183992422449931,0.0
1780610700,EURJPY,bearish_exhaustion,-0.49209980271859916,-1.5290243870216265,-4.371779497376585,-0.8036264375709357,-2.0227249835427603,-1.2190985459718244,-1.0369245843030273,-2.8427551103549584,-1.4059994363413524,0,0.06711359440331016,33.73804907723206,-3.0070490656109996,43.08943089435629,47.89747064140988,-4.808039747053591,2.28667630407073,1.3892248775921314,0.8002216774098063,-83.62472714945889,-89.99999999998421,0.06711359440331016,-0.0010742976570001757,6.456521845498917,0.15277529920080202,0.20996132559840489,0.012249587366549977,-0.00015478461391703162,1.3431235114973286,-1.4982049869242846,44.98610155821306,-0.7479828370564121,-13.603394951961869,0.29003867440159514,0.15277529920080202,0.05315158916667384,,,-4.843944262356015e-05,-2.1528641166113083e-05,-3.767512204055912e-05,-4.843944262356015e-05,-3.767512204055912e-05,-6.996808378945119e-05,0.0
1780611000,EURJPY,bearish_exhaustion,-0.7770876837405717,-1.7891088532661927,-4.702284076969217,-1.043273143299382,-2.302332826570003,-1.2590596832706211,-1.0120211695256212,-2.9131752237030244,-1.6716421103749521,0,0.050809100685176675,31.79794934185736,-1.9400997353747016,25.203252032550196,42.095754290913625,-16.89250225836343,2.6036174827585006,0.3169411786877707,-1.0722836989043607,-96.77778520054892,-100.0,0.050809100685176675,-0.01820167510016434,6.447619685809273,-0.008902159689643696,0.1694928332177559,0.01191340994845565,-0.0003361774180943265,1.3932261293342452,-1.7617272404128694,44.448107804144115,-0.5379937540689426,-14.279643473800146,0.3305071667822441,-0.008902159689643696,0.05010261783691661,,,2.691210506489128e-05,1.076484202600092e-05,0.0,1.076484202600092e-05,-2.152968405189082e-05,9.150115722045271e-05,1.0
1780656600,EURJPY,bullish_exhaustion,0.032128741994578214,1.4896053106857154,6.018589614116474,0.6948508637483255,2.5152769077296884,1.820426043981363,1.4574765686911373,4.528984303430758,-0.7325353174891674,0,-0.1510138121872811,70.6891805313401,1.440538542927996,47.50134750138064,45.82093405625153,1.680413445129112,99.80104179920791,-0.1989493632192847,-0.19895759206866614,67.51635485956115,-22.4137931034356,-0.1510138121872811,-0.037132178889781264,12.976366501129773,-1.3303369084685013,0.7112102748273991,0.018394073614620348,-0.00025887049597769426,1.7586916062386866,1.7491668020307756,58.76474132046618,0.05763266877751505,20.460290444587123,0.21121027482739907,-1.3303369084685013,-0.14130161469337077,,,-5.372531321856666e-05,3.760771925298556e-05,0.00020415619023039788,0.0002525089721272522,1.0745062643646719e-05,0.00024713644080542885,0.0
1780656900,EURJPY,bullish_exhaustion,-0.2781549995013021,0.958587928387164,5.666585613484791,0.34898827297499446,2.1079347484150968,1.7589464754401023,1.236742927888466,4.707997685097627,-1.022246541389554,0,-0.20785724262476388,67.58939845498398,-3.099782076356121,42.4904542552029,46.33155025315224,-3.8410959979493384,99.63170255909334,-0.16933924011456725,0.029610123104717445,60.07326007329916,-32.727272727252526,-0.20785724262476388,-0.05321805594856104,11.160527777472893,-1.8158387236568796,0.6543193487797889,0.01796380647043886,-0.00043026714418148773,1.564272596839549,1.3499658232124045,58.818257370045295,0.05351604957911604,19.45494453212109,0.15431934877978892,-1.8158387236568796,-0.1944190093991376,,,9.133793963100878e-05,0.00025789535895803795,0.0003062507387627811,6.447383973928744e-05,0.0003008779187843036,0.00011282921954403058,0.0
1780657200,EURJPY,bullish_exhaustion,0.239682178287441,1.1641705802584983,5.701011812148366,0.6921615267325757,2.3111667502090496,1.6190052234764742,0.9244884019710573,4.536841231889867,-0.4649500986424705,0,-0.2058747990750669,69.99798493995458,2.4085864849705985,54.33416609890954,48.108655951831025,6.225510147078516,97.91489308859813,-1.7168094704952068,-1.5474702303806396,58.06433628820839,-17.592592592575294,-0.2058747990750669,-0.00757708993318542,9.793024681417627,-1.367503096055266,0.7238727022877387,0.018828085709598142,0.0008642792391592817,1.2844051637279752,1.604098350319644,57.340305705924756,-1.477951664120539,12.750616408519075,0.2238727022877387,-1.367503096055266,-0.2798674331115738,,,0.00016654220770484507,0.00021489317123224438,-2.686164640419708e-05,0.00020952084195147158,2.148931712309121e-05,-0.0001665422077050671,0.0
1780678800,EURJPY,bearish_exhaustion,0.37398252427981216,-0.8606243804080383,-5.365836217929462,-0.20394483104139127,-1.8401735880980032,-1.6362287570566119,-1.2346069046878505,-4.505211837521424,1.2399495121779394,1,0.25661393462451165,35.547995039585985,-3.142020599213488,70.54929911709166,61.28367585445318,9.265623262638485,3.445302529610791,3.445302529610791,3.445302529610791,-34.551963549582666,-63.57615894039535,0.25661393462451165,0.045979525020828686,29.556187638550384,-3.9831576483651006,0.3646843436202751,0.04648967881260237,-0.000655733927089841,1.6063559653232675,-1.1115997592063425,62.80252465431691,-1.631829025772788,-17.61858003420982,0.13531565637972492,-3.9831576483651006,-0.18120750728556145,,,-0.000340167275908132,-0.000680334551816153,-0.0008639168911950268,-0.0007181309158059701,-0.0008693163717650165,-0.001139290400263615,0.0
1780679100,EURJPY,bearish_exhaustion,-0.29343669005892753,-1.3635490637254648,-5.880378114272867,-0.793745151413003,-2.387509643514729,-1.593764492101726,-1.0701123736665372,-4.516829050547402,0.43281446011145086,1,0.24316729179467567,32.08200952847099,-3.4659855111149938,64.27836566725453,68.21749483574509,-3.9391291684905525,10.374061786474666,6.928759256863875,3.483456727253084,-61.358237077099204,-83.39222614841184,0.24316729179467567,-0.014108351724237836,27.162723801794794,-2.39346383675559,0.2672933918477339,0.04638588705330908,-0.00010379175929328688,1.4799779825794448,-1.672052361916645,61.755887270729446,-1.0466373835874663,-21.392716378383607,0.23270660815226613,-2.39346383675559,-0.12637798274382273,,,-0.00034028302905897423,-0.0005239278383925017,-0.0003780922545100207,-0.0005293291563140956,-0.0007993950523927928,-0.0012477044398833126,0.0
1780679400,EURJPY,bearish_exhaustion,-0.9384626544354785,-1.8388953384607716,-6.408693598270184,-1.2987122069049928,-2.9041087192254658,-1.605396512320473,-0.900432684025293,-4.569798259809413,-2.1530814016975772,0,0.19244907191941762,29.033448214856833,-3.048561313614158,33.97003079838937,56.26589852757852,-22.295867729189155,19.710556418629327,9.336494632154661,2.4077353752907875,-101.27564409757788,-93.99293286219198,0.19244907191941762,-0.05191306260648102,24.651589567020707,-2.5111342347740866,0.15584950372620954,0.04617478928756439,-0.00021109776574469025,1.3509416881917964,-2.187229891940016,61.247756525422794,-0.5081307453066515,-25.896620559581635,0.34415049627379046,-2.5111342347740866,-0.1290362943876484,,,-0.00018370732181738347,-3.782209566827177e-05,-0.00018911047834146988,-0.0004592683045435697,-0.0009077302960389666,-0.0008645050438466084,0.0
1780679700,EURJPY,bearish_exhaustion,-1.2676040839791296,-1.9983683786616784,-6.633164057360096,-1.450660716078906,-3.089543857646435,-1.6388831415675293,-0.7307642946825487,-4.634795678698418,-2.5302418086744516,0,0.142304988046834,27.513919591375284,-1.5195286234815484,16.17689203750709,38.14176283438366,-21.96487079687657,30.857372164506728,11.1468157458774,1.8103211137227397,-133.65904270339632,-87.90322580645069,0.142304988046834,-0.05216923223263927,22.85281845790734,-1.7987711091133676,0.100719764027143,0.04570234609587654,-0.0004724431916878491,1.2694971345374548,-2.3634957694663115,61.0414259260384,-0.20633059938439402,-28.26961687486244,0.399280235972857,-1.7987711091133676,-0.08144455365434156,,,0.00014591203125746688,-5.404149305832107e-06,-0.0002756116145977705,-0.0007241560069822794,-0.0006809228125355116,-0.001102446458390749,0.0
1780680000,EURJPY,bearish_exhaustion,-0.8337609195948337,-1.4858810674213465,-6.121949106476429,-0.964313278697848,-2.5837722702449546,-1.6194589915471067,-0.652120147826513,-4.636068039055083,-2.1108539597051266,0,0.13977162258667802,30.619325087336264,3.10540549596098,14.51278553469053,21.553236123529,-7.040450588838471,38.71120452705177,7.853832362545042,-3.2929833833323627,-113.56128917064663,-77.01612903226204,0.13977162258667802,-0.003570811062698342,21.433111286051776,-1.4197071718555634,0.185712821258443,0.04536495456238677,-0.0003373915334897726,1.201114707989045,-1.8630249664112295,60.36206096366282,-0.6793649623755798,-24.399867955521458,0.314287178741557,-1.4197071718555634,-0.06838242654840987,,,-0.00015129410493319728,-0.0004214621494569304,-0.0008699411033663562,-0.0008267142162424745,-0.001248176365699405,-0.0012157562003566325,0.0
1780684200,EURJPY,bearish_exhaustion,-0.46870566764600785,-2.532592127481615,-7.057902216184521,-1.0640675273210618,-3.2321058981185176,-2.168038370797456,-2.063886459835607,-4.525310088702906,-1.18023858971552,0,0.07660328163732086,24.45315032913186,-1.0800906051297972,40.23297491038514,33.49916737012432,6.73380754026082,1.3320205849699958,1.1317839445283329,1.299605231490114,-83.97506417308658,-90.7608695652195,0.07660328163732086,0.0459508282911465,35.583573416646196,-0.34527100544266887,0.2323011517122693,0.03764824201608592,-0.0009763062056839522,2.5060248162746777,-2.2959778552081227,64.96594255631301,-0.4333271604440654,-27.956446569932133,0.2676988482877307,-0.34527100544266887,0.05684432694958774,,,2.165146553356756e-05,8.660586213427024e-05,0.00017321172426854048,0.00023275325448590678,0.00048174510812204474,0.0003680749140706485,1.0
1780684500,EURJPY,bearish_exhaustion,-0.2943599029417723,-2.2061974358239564,-6.928571307305548,-0.8896679643916504,-3.070468765966232,-2.180800801574582,-1.9118375328821842,-4.722373871481592,-0.8589501148976535,0,0.13111810115010603,25.10304620293438,0.6498958738025209,45.51971326163703,40.26042171202351,5.259291549613522,4.093429293019401,2.761408708049405,1.6296247635210723,-77.71431367033459,-89.11174785100755,0.13111810115010603,0.05110016428219782,32.35412702250863,-3.229446394137568,0.25443592669649273,0.03604087481099936,-0.0016073672050865642,2.41687136644371,-2.115559103368395,64.56356733590067,-0.4023752204123383,-27.116726478205514,0.24556407330350727,-3.229446394137568,-0.08915344983096762,,,6.495299027320378e-05,0.00015155697730429019,0.00021109721838818984,0.00046008368110261877,0.0003464159481241236,0.00014614422811498606,1.0
1780684800,EURJPY,bearish_exhaustion,0.01251946349764228,-1.7652443531715645,-6.691653239505588,-0.6255223300517415,-2.7885893737300202,-2.1630670436782786,-1.7777638166692067,-4.926408886334023,-0.4390971514950172,0,0.19678607009289198,27.128358099788684,2.025311896854305,42.07629288273637,42.60966035158618,-0.5333674688498107,10.066774771628777,5.973345478609376,3.211936770559971,-66.12539467749026,-82.57839721254814,0.19678607009289198,0.06015929963852238,29.08645920441439,-3.267667818094239,0.2902302429041086,0.03458549251115333,-0.001455382299846028,2.294428012404692,-1.8245864743141254,63.77417413327384,-0.7893932026268331,-24.560984121171977,0.2097697570958914,-3.267667818094239,-0.12244335403901818,,,8.659836220847872e-05,0.00014613473622682172,0.00039510502757611476,0.0002814446771775003,8.118596457062921e-05,0.0002056711102451647,1.0
1780685100,EURJPY,bearish_exhaustion,0.34244578978440177,-1.2704415738958232,-6.334277924825557,-0.32763848686568975,-2.4258410504718952,-2.0982025636062054,-1.612887363680225,-5.0638363509297335,1.0661048172546777,1,0.2700940323884589,29.852099406789748,2.723741307001063,52.50896057346447,46.70165557261262,5.807305000851848,22.726852559134507,12.66007778750573,6.686732308896353,-52.13879199558896,-69.58525345623097,0.2700940323884589,0.06697314196512372,26.20692590591553,-2.8795332984988598,0.33765088816481303,0.03350395819365727,-0.0010815343174960593,2.1499758873216885,-1.470123033150903,62.4429850827712,-1.331189050502637,-21.002460740722597,0.16234911183518697,-2.8795332984988598,-0.1444521250830033,,,5.9531218712383094e-05,0.0003084799515091774,0.00019482944305848626,-5.411928973741986e-06,0.00011906243742476619,7.576700563394212e-05,1.0
1780685400,EURJPY,bearish_exhaustion,0.5247054343281745,-0.8975668522910819,-6.106154044759653,-0.13252798850666095,-2.1742128981880615,-2.0416849096814005,-1.4222722866192565,-5.208587192468571,1.2714405636962647,1,0.3455585981922451,31.741065629136372,1.8889662223466246,69.51951951951234,54.70159099190439,14.817928527607954,45.2101588662273,22.483306307092796,9.823228519587069,-42.22769006446933,-62.621359223299834,0.3455585981922451,0.06345138439657505,23.94002493305484,-2.2669009728606895,0.37977680799396446,0.03207532472769679,-0.001428633465960484,2.0795123038862355,-1.2213595403313209,61.1792705019481,-1.2637145808230983,-20.249192078444086,0.12022319200603554,-2.2669009728606895,-0.070463583435453,,,0.00024893391345748306,0.00013529017035729396,-6.493928177153663e-05,5.9527674957315924e-05,1.6234820442884157e-05,9.740892265730494e-05,1.0
1780685700,EURJPY,bearish_exhaustion,1.1430266431227556,0.05511626988364153,-5.053398799965981,0.54737142706754,-1.3012548697962685,-1.8486262968638085,-1.0879103732391142,-5.108515069849623,2.002935422877347,1,0.44077521241354045,39.12364288220304,7.382577253066671,85.66558039034987,69.23135349444223,16.434226895907642,64.52844572644368,19.318286860216375,-3.1650194468764283,-12.725924190947143,-28.488372093027582,0.44077521241354045,0.09342866412884082,21.744714757916615,-2.195310175138225,0.5080864037219283,0.031902276936973215,-0.00017304779072357251,1.882340197410309,-0.40494587428364004,58.87065216289732,-2.3086183390507813,-13.691318299270286,0.00808640372192826,-2.195310175138225,-0.19717210647592665,,,-0.00011361546035915104,-0.0003137950809916079,-0.00018935910059836303,-0.00023264118073518247,-0.00015148728047864601,-0.0002380514407522849,0.0
1780686000,EURJPY,bearish_exhaustion,0.6970164769344064,-0.08210049848495354,-5.0500184170223426,0.15987154503908474,-1.516192753725446,-1.676064298764531,-0.77911697541936,-4.967917918537388,1.5052751750880193,1,0.4686761488247929,37.14833845815054,-1.9753044240525028,84.1774851522553,79.78752835403918,4.389956798216119,78.22590600988684,13.697460283443164,-5.6208265767732115,-3.7853270458303765,-31.081081081095874,0.4686761488247929,0.03319393673537668,18.216465917647962,-3.5282488402686525,0.4854458139207088,0.032293697227464786,0.00039142029049157173,1.5319738082821077,-0.6803288433615493,56.31590195469625,-2.554750208201071,-10.526139474521898,0.01455418607929121,-3.5282488402686525,-0.35036638912820117,,,-0.00020020236671647318,-7.575224686562354e-05,-0.00011903924507472574,-3.787612343275626e-05,-0.00012445011985084964,-0.0002056132414927081,0.0
1780686300,EURJPY,bearish_exhaustion,0.02051586761884376,-0.4889615115885979,-5.4931235550234065,-0.3972218362098961,-2.0181987277483273,-1.620976891538431,-0.5094773792074416,-5.004162043434809,0.7244173864566634,1,0.4539665607279261,33.900680528465614,-3.2476579296849266,60.07606414361876,76.63970989540799,-16.56364575178923,87.09379457827592,8.867888568389077,-4.829571715054101,-24.523981682308506,-54.54545454545635,0.4539665607279261,-0.024257894000179216,14.493951237454539,-3.7225146801934237,0.39322576706403256,0.03165525356342408,-0.0006384436640407068,1.2459078364389324,-1.2004034605051896,54.138465906820386,-2.177436047875865,-11.5609403014797,0.10677423293596744,-3.7225146801934237,-0.2860659718431753,,,0.0001244750400484218,8.11793739445843e-05,0.00016235874788939064,7.576741568149359e-05,-5.411958262979688e-06,3.247174957787813e-05,1.0
1780691100,EURJPY,bearish_exhaustion,-1.2723892701751272,-2.2840097664777947,-4.880942061602195,-1.379320883789156,-2.6936194325012064,-1.3142985487120507,-1.0116204963026674,-2.5969322951244,-2.3082111951432234,0,-0.006862780491807156,28.156836456387268,-0.25003970702110223,14.618736383451923,12.85401979695497,1.7647165864969523,99.99931010833362,0.0006282718413643806,-0.0005666520163174482,-163.8926269565219,-89.42307692306734,-0.006862780491807156,-0.03358036551138996,12.509840601460805,1.2544917105602522,0.013010343476247932,0.02668936348069373,-0.00026109432878101274,1.2174214369687417,-2.0805790907912933,42.24095464365264,0.6574024009796986,-20.089836586917457,0.4869896565237521,1.2544917105602522,0.13335935841391922,,,5.416149875481224e-06,-0.00043870813993174274,-0.00036288204167189697,-0.0004224596903045219,-0.0004116273905532264,-0.0004278758401803362,0.0
1780691400,EURJPY,bearish_exhaustion,-1.066796551720605,-2.1680395674396635,-4.782004268825885,-1.1830030204564592,-2.5464575202691164,-1.3634544998126572,-1.1012430157190585,-2.6139647013862217,-1.9002709098997532,0,-0.014747932819241886,28.383125899256356,0.22628944286908848,16.470588235297345,13.659792943883993,2.8107952914133527,99.99963964921055,0.0003295408769332653,-0.0002987309644169045,-148.6594959062356,-86.44859813084274,-0.014747932819241886,-0.0076878734380546885,13.366904507237532,0.8570639057767266,0.0794479343685561,0.025943443406144878,-0.0007459200745488503,1.350455357147861,-1.917652988066622,42.932706190640424,0.6917515469877813,-20.085817687233007,0.42055206563144387,0.8570639057767266,0.1330339201791193,,,-0.0004441218843765915,-0.00036829619680012193,-0.0004278735227529751,-0.00041704128167074916,-0.00043328964329425457,-0.0006661828265649428,0.0
1780691700,EURJPY,bearish_exhaustion,-2.17697782958118,-3.190238414936725,-5.569496863665654,-2.1794493221020423,-3.5081852195199756,-1.3287358974179335,-1.0132605853555445,-2.3792584487289288,-2.8126013222413415,0,-0.10298447929761673,22.206431042871685,-6.176694856384671,22.18954248366116,17.759622367470143,4.429920116191017,99.99981212212714,0.0001724729165886174,-0.00015706796034464787,-189.74057758196045,-85.03401360544717,-0.10298447929761673,-0.08986257572339854,15.122288826830538,1.7553843195930057,-0.11483202505724983,0.029171237254096413,0.003227793847951535,1.2874839865762187,-2.921805681491147,44.56087835699777,1.628172166357345,-29.464492232518438,0.6148320250572499,1.7553843195930057,-0.06297137057164237,,,7.58593783867223e-05,1.6255581082980086e-05,2.7092635138004084e-05,1.0837054055246043e-05,-0.00022215960813209978,-0.00020048550002171872,1.0
1780694100,EURJPY,bearish_exhaustion,-0.8557658831094893,-2.4313943825310402,-5.15880306805551,-1.2409095076438845,-2.930275834312857,-1.6893663266689722,-1.5756284994215508,-2.7274086855244706,-1.7429509027111194,0,-0.05586771401338246,22.9946371139704,-1.2697199692272392,20.875420875417493,22.757845438250556,-1.8824245628330623,69.55197112115181,2.284081409780356,11.214343080570515,-96.05366445440833,-94.27312775330175,-0.05586771401338246,0.022769084767268608,17.92462862248576,-0.5701519073869576,0.15400243281213308,0.025523323803752718,-0.0008772165824375601,1.8336036961326958,-2.2130814049866543,50.70362088301421,-0.061563862835086525,-22.809684849849763,0.3459975671878669,-0.5701519073869576,0.02661552727048555,,,8.129772854137407e-05,0.00032519091416594037,0.00026015273133261907,0.00036854970272126586,0.00043900773412386407,0.0005853436454985594,1.0
1780694400,EURJPY,bearish_exhaustion,-0.3088234580720143,-1.9405502400854782,-4.749310542440649,-0.8050139173432986,-2.494304780820566,-1.6892908634772674,-1.631726782013464,-2.8087603023551715,-1.4275530369381644,0,-0.003556494383972544,27.102683923030924,4.108046809060525,29.360269360264482,23.96288196974899,5.39738739051549,77.73499869330894,8.18302757215713,5.898946162376788,-84.67841345803366,-87.15596330275552,-0.003556494383972544,0.05406733927158543,17.493707316410255,-0.43092130607550416,0.2256561481516181,0.024743474167915155,-0.0007798496358375623,1.8642852138057338,-1.7680049905856465,50.69688495921917,-0.006735923795041288,-22.47197921612081,0.2743438518483819,-0.43092130607550416,0.03068151767303795,,,0.00024387335927422704,0.00017884046346794413,0.00028722862314523034,0.0003576809269354442,0.0005040049425002469,0.0007099424458871795,1.0
1780610100,EURUSD,bearish_exhaustion,0.22293380596467055,-0.9769746202555254,-4.7996337048735045,-0.27304139827866525,-1.7939163519968047,-1.5208749537181394,-1.199908426220196,-3.822659084617979,1.180237796280895,1,0.1535659836169293,34.82090942009715,-2.1546529501859197,63.656633221856026,43.600300665528756,20.05633255632727,4.156938968618017,4.156555711940073,4.156899529393041,-49.08174874031881,-69.4915254237218,0.1535659836169293,0.05547792166022748,7.692099465720762,-1.0794042185997856,0.3332109987386944,0.01313362885815455,-0.00014843702384345278,1.528613109592738,-1.1273752988008052,43.74055467407306,-0.5710146281110156,-14.866774985115985,0.16678900126130558,-1.0794042185997856,-0.193470220518698,,,1.7223116867359778e-05,-0.0001291733765059755,-0.00018945428554195676,-0.00017223116867459698,-0.00024973519457804905,-0.00027556986987919974,0.0
1780610400,EURUSD,bearish_exhaustion,0.31217317932208805,-0.6406053783999031,-4.444565640595232,-0.11909702004722236,-1.527102066775751,-1.4080050467285286,-0.952778557721991,-3.803960262195329,1.2330840583203704,1,0.20226604751475705,36.156407554079415,1.335498133982263,82.05128205126016,64.62112766460778,17.430154386652376,14.056524345186379,9.89958537656836,5.743029664628288,-45.83946980849454,-63.63636363637097,0.20226604751475705,0.04994764981837404,6.732890858281589,-0.959208607439173,0.3740285603554266,0.013240973698687555,0.00010734484053300485,1.3164280689767869,-0.8940352532895375,43.42398074413584,-0.31657392993722056,-15.550884043175904,0.1259714396445734,-0.959208607439173,-0.21218504061595111,,,-0.0001463939720128815,-0.00020667384284156487,-0.00018945102260481406,-0.00026695371367047027,-0.000292787944025652,-0.00026695371367047027,0.0
1780610700,EURUSD,bearish_exhaustion,-0.6779690466155655,-1.5350242564890642,-5.23827027526934,-1.0191365481650236,-2.3973409886706887,-1.378204440505665,-0.8570552098734987,-3.7032460187802756,0.061503305208861964,1,0.16432565034205326,30.445980779674045,-5.71042677440537,52.5641025640752,66.09067261239713,-13.526570048321929,33.07050981608546,19.013985470899083,9.114400094330719,-74.97058329123591,-94.54545454545968,0.16432565034205326,-0.034591687703355446,6.5768269990852986,-0.15606385919629062,0.18577342029992455,0.013465852555922406,0.00022487885723485035,1.2509171439901106,-1.7792527253076162,43.435745027094676,0.011764282958836247,-16.94215146516803,0.31422657970007545,-0.15606385919629062,-0.06551092498667632,,,-6.028869673047055e-05,-4.3063354807526544e-05,-0.00012057739346105212,-0.00014641540634563466,-0.00012057739346105212,-9.47393805765806e-05,0.0
1780611000,EURUSD,bearish_exhaustion,-1.0044354730360487,-1.84146503390331,-5.6103957860048785,-1.2739788777509682,-2.7039193551544884,-1.4299404774035203,-0.8370295608672612,-3.7689307521015682,-1.969481319683129,0,0.12267899482857793,28.453248513835632,-1.9927322658384128,29.487179487156496,54.70085470083061,-25.213675213674115,54.374172414303295,21.303662598217834,2.289677127318754,-110.8726752502526,-100.0,0.12267899482857793,-0.045988723522006204,6.578324305334338,0.0014973062490390987,0.13282194894446456,0.013119987714711078,-0.00034586484121132757,1.2958619630957624,-2.0681161170490925,43.774636868325,0.33889184123032123,-19.430161978299815,0.36717805105553547,0.0014973062490390987,0.044944819105651845,,,1.7226380478962966e-05,-6.029233167670345e-05,-8.613190239536994e-05,-6.029233167670345e-05,-3.4452760958147977e-05,1.7226380478962966e-05,0.0
1780656600,EURUSD,bullish_exhaustion,-0.3272734248117325,0.8121968530398022,4.997704665242287,0.26628197791681285,1.8445961671255386,1.5783141892087258,1.1394702778515347,4.185507812202485,0.9629012174179288,1,-0.1891463862787623,65.68665941420872,-0.7919079734267314,31.43369175626023,39.80713432324629,-8.373442566986057,99.3842653269685,-0.6157206500630679,-0.6157336819505019,55.594270228404795,-32.92682926829004,-0.1891463862787623,-0.05186619172426233,12.27043053683568,-1.6603277218262065,0.6425384611621684,0.02153052465627864,-0.00039989795609781525,1.41047527851976,1.1645469484596964,51.683890844945175,-0.17458675635509024,16.28474580371864,0.1425384611621684,-1.6603277218262065,-0.14764038105523447,,,-6.874505894893801e-05,-4.296566184314177e-05,0.00023201457395249925,0.00041247035369318397,0.0003007596329012152,0.00043824975079909123,1.0
1780656900,EURUSD,bullish_exhaustion,-0.6409926642706413,0.3040606227945799,4.64144431769289,-0.04617765713360175,1.4540003681836573,1.500178025317259,0.9450532870652212,4.33738369489831,0.5365607881688474,1,-0.25555561026832724,62.48052020458809,-3.2061392096206305,20.55066797001413,32.832472187298066,-12.281804217283938,97.13993783301157,-2.2443274939569307,-1.6286068438938628,32.949732809984965,-42.6829268292749,-0.25555561026832724,-0.06082706454784429,10.207387729096352,-2.0630428077393272,0.5623054569444319,0.020914760578200842,-0.000615764078077799,1.223192605000955,0.7873249948693022,51.13836782690767,-0.5455230180375068,14.393843309660607,0.0623054569444319,-2.0630428077393272,-0.18728267351880512,,,2.578116943374731e-05,0.0003007803100616435,0.00048124849609831877,0.00036953009521845104,0.0005070296655322881,0.0002492179711937048,0.0
1780678800,EURUSD,bearish_exhaustion,-0.1617771788232122,-1.7302454458894414,-7.090154490557333,-0.7858800091830258,-2.8322757397007874,-2.046395730517762,-1.568468267066229,-5.359909044667892,0.7735475953210595,1,0.18772700082642527,30.043305740618067,-2.2985251616341884,56.775745695134816,50.896913263982846,5.87883243115197,1.0463181172106293,1.0463181134254698,1.0463181169976068,-64.22764227642371,-81.87702265371814,0.18772700082642527,0.03676303457257898,40.03722447177819,-2.6596120377881505,0.25749526975899445,0.05616921225272307,-0.00044148264919741803,1.7603383904075283,-1.9489082015974877,59.9103529575,-0.44206307877195883,-21.991349064328933,0.24250473024100555,-2.6596120377881505,-0.09290257765108545,,,-0.00035482168047007434,-0.0007442601102544133,-0.0008134936088826095,-0.0006663724242974567,-0.0007615684849113791,-0.0011163901653815644,0.0
1780679100,EURUSD,bearish_exhaustion,-0.6766969354950344,-2.1381743447942436,-7.570860251473056,-1.2194944706426318,-3.2608720756724945,-2.0413776050298624,-1.4614774092992093,-5.432685906678813,0.05003196386888867,1,0.184000804332109,27.694510443255083,-2.348795297362983,48.197702204130344,54.93342924203569,-6.735727037905349,2.6661371546161456,1.6198190374055164,0.5735009239800464,-82.97244306552022,-95.14563106795816,0.184000804332109,-0.006856702418912143,38.86630806783299,-1.1709164039451991,0.1963125330650092,0.05526751696525142,-0.0009016952874716447,1.7505747719599003,-2.3737726050364016,59.81120192240287,-0.09915103509712964,-24.78902605146667,0.3036874669349908,-1.1709164039451991,-0.009763618447627964,,,-0.0003895766600294781,-0.00045883473292351873,-0.00031166132802351587,-0.00040689117825298826,-0.000761838801835335,-0.0013678469396588566,0.0
1780679400,EURUSD,bearish_exhaustion,-1.2493287111722187,-2.580411461259016,-8.097935986572633,-1.650187518571921,-3.7213002706161005,-2.0711127520441797,-1.3310827500867977,-5.5175245253136165,-2.1589416101582346,0,0.14731272371151524,25.351795169756116,-2.3427152734989676,20.08234338454178,41.68526376126898,-21.602920376727198,3.558728945540618,0.8925917909244725,-0.7272272464810432,-107.11272262889551,-98.0519480519497,0.14731272371151524,-0.03915825356451636,37.83946539084025,-1.026842676992736,0.12848131717043748,0.05455664456176038,-0.0007108724034910405,1.737031917060856,-2.8228532467151286,60.0750684947072,0.2638665723043303,-28.770108308942373,0.3715186828295625,-1.026842676992736,-0.013542854899044388,,,-6.928506473813378e-05,7.79456978305948e-05,-1.7321266184477935e-05,-0.00037240722296794093,-0.0009786515394274442,-0.0008487420430433046,1.0
1780680600,EURUSD,bearish_exhaustion,-1.340098928209608,-2.2376343214853938,-7.9413269819804,-1.4833387007249035,-3.50880436655088,-2.025465665825976,-0.8975353932757856,-5.7036926604950065,-2.5135519050490203,0,0.1397769065445886,24.568192216604956,-2.3602280905101765,17.425988800430527,15.866834826533116,1.559153973897411,2.2230116182840396,0.7972619568395927,1.3740247158965726,-134.37814369670176,-95.5665024630579,0.1397769065445886,-0.023937822898623153,28.34044834343968,-2.2805996529826302,0.08701587364421745,0.05236722535156673,0.00045541185460233613,1.3728296577732326,-2.614481355332906,58.892022777182966,-0.21468071366363972,-25.486900759955727,0.4129841263557825,-2.2805996529826302,-0.13132899359225547,,,-0.0006064701703314412,-0.00047651227668910057,-0.0007624196427024055,-0.0007710835022786133,-0.0008317305193118463,-0.001126301744901359,0.0
1780684200,EURUSD,bearish_exhaustion,-0.817532531646793,-2.659516498732455,-8.059694164350537,-1.2967877119725841,-3.6717977980329017,-2.3750100860603176,-1.841983967085662,-5.400177665618082,-1.2374561893415097,0,0.1299964284082494,21.00675633094673,-1.331704765795493,29.24667924669083,24.619197227902536,4.627482018788296,4.231503886014984,4.2223073448619255,4.23002914305838,-96.13560929347499,-93.58490566037733,0.1299964284082494,0.025465132745254863,36.8251496419559,-0.23931763436621623,0.19143273926140697,0.04277454982100461,-0.0006792366907020092,2.280800126769193,-2.620336367532152,62.802686144712354,-0.6382167565494328,-27.192913229303556,0.30856726073859303,-0.23931763436621623,0.025623071547030474,,,0.0,4.338658313285393e-05,0.00020825559903858704,0.00039047924819723967,0.0006421214303689027,0.00047725241446316957,1.0
1780684500,EURUSD,bearish_exhaustion,-0.6609861726313899,-2.4119639664762014,-7.947511307719812,-1.1459244944368931,-3.5505267156039206,-2.4046022211670275,-1.7509777938448117,-5.5355473412436105,-1.2923127093109974,0,0.16916112671840514,21.00675633094673,0.0,30.114330114337594,28.853374215703923,1.2609558986336715,14.019095480336166,9.787591594321182,5.565284249459255,-93.87409262209908,-93.30708661417304,0.16916112671840514,0.033401947489268946,33.89671178384154,-2.928437858114364,0.20883975520940212,0.040958841494733625,-0.0018157083262709817,2.226119343185308,-2.475877390452762,62.21005629934502,-0.592629845367334,-26.36992148763104,0.2911602447905979,-2.928437858114364,-0.05468078358388517,,,4.338658313285393e-05,0.00020825559903858704,0.00039047924819723967,0.0006421214303689027,0.00047725241446316957,0.00029502876530451694,1.0
1780684800,EURUSD,bearish_exhaustion,-0.384407411454213,-2.0349703080905486,-7.558709349281539,-0.9021156522399247,-3.269607924400746,-2.367492272160821,-1.6505628966363355,-5.52373904119099,-0.8774044871596172,0,0.2167683646689593,22.28606017803797,1.2793038470912421,25.373288023888957,28.244765794972462,-2.871477771083505,33.26497239434384,19.245876914007678,9.458285319686496,-88.62982630822549,-87.26415094339731,0.2167683646689593,0.04335551510455832,31.084789846642877,-2.8119219371986617,0.23866034877011,0.03995288236480644,-0.0010059591299271878,2.1030232079185596,-2.198134270223473,61.73461422935649,-0.47544206998853156,-26.187696293843352,0.26133965122989,-2.8119219371986617,-0.12309613526674834,,,0.00016486186311270856,0.0003470776065528369,0.0005987088713037547,0.00043384700819104616,0.0002516312647509178,0.00036443148688047877,1.0
1780685100,EURUSD,bearish_exhaustion,0.15884430123677806,-1.3799598669972648,-6.889871566159087,-0.4207270548141183,-2.6872133910598563,-2.2664863362457384,-1.538804168234043,-5.509911699161822,1.0148385912373659,1,0.2869446873270054,27.11644348955211,4.83038331151414,36.58222634126358,30.689948159830042,5.892278181433536,54.7601985242598,21.495226129915956,2.249349215908289,-65.07340597622307,-69.33333333332602,0.2869446873270054,0.06674507130510449,28.494005620951107,-2.5907842256917704,0.30965862121038973,0.03932383523727452,-0.0006290471275319162,1.9579607943622919,-1.6410176306140956,60.32279683249347,-1.4118173968630217,-20.447307396847975,0.19034137878961027,-2.5907842256917704,-0.1450624135562677,,,0.0001821857079649103,0.0004337754951546646,0.0002689408069957988,8.675509903088852e-05,0.00019953672777117681,9.543060893379973e-05,1.0
1780685400,EURUSD,bearish_exhaustion,0.6414032523021395,-0.7333526695911782,-6.182140577963174,0.03661566835698747,-2.093249045182888,-2.129864713539875,-1.3747559218933176,-5.448787908371996,1.5025880386109134,1,0.37264726764419664,32.13715328449345,5.0207097949413395,60.33578759482,40.76376731999085,19.57202027482915,71.44395542567383,16.683756901414036,-4.81146922850192,-44.502268481473244,-54.42176870748906,0.37264726764419664,0.08095550095015643,26.50716216695607,-1.9868434539950357,0.39302624327414,0.03867682097494642,-0.0006470142623280981,1.852013266663111,-1.0831858675688557,58.540297743867804,-1.7824990886256629,-17.05822526771489,0.10697375672586001,-1.9868434539950357,-0.10594752769918081,,,0.00025154395947546426,8.673929637081912e-05,-9.541322600781221e-05,1.7347859274208233e-05,-8.673929637081912e-05,0.0,1.0
1780685700,EURUSD,bearish_exhaustion,1.1768867911736767,0.07313985707847051,-5.141953588555071,0.5744794995997927,-1.3203225221682318,-1.8948020217680246,-1.103746934095206,-5.215093445633541,2.0638737851995494,1,0.46268180191160646,38.44343445147794,6.3062811669844905,78.58332319175442,58.500445709279326,20.08287748247509,82.75390579460888,11.309950368935048,-5.373806532478994,-8.686027315013224,-26.717557251910982,0.46268180191160646,0.09440616940442212,24.189517181523303,-2.317644985432768,0.5118305744405793,0.03912609426641088,0.00044927329146445677,1.647123573012828,-0.3869978770880578,55.728156280893636,-2.812141462974168,-9.638127061663134,0.011830574440579333,-2.317644985432768,-0.2048896936502831,,,-0.00016476321791247805,-0.0003468699324470359,-0.00023413720440179642,-0.0003381981841360515,-0.0002514807010242093,-0.00039022867400306804,0.0
1780686000,EURUSD,bearish_exhaustion,0.6972160582139306,-0.15080848908088243,-5.200051553924198,0.12797636441905652,-1.5900800697009563,-1.7180564341200129,-0.8480245472948131,-5.049243064843316,1.4795143318320576,1,0.4853933757761456,36.07793314457069,-2.365501306907248,83.4427609427517,74.12062390977538,9.322137032976329,89.89291693819042,7.139011143581541,-4.170939225353507,-8.22022129643588,-36.88524590164442,0.4853933757761456,0.029126491526367898,20.56130544044059,-3.628211741082712,0.4708961366474664,0.039682728707198495,0.000556634440787615,1.362431361281855,-0.7210066098898472,53.15577500958121,-2.5723812713124232,-9.137838069015146,0.02910386335253362,-3.628211741082712,-0.2846922117309729,,,-0.00018213672396727443,-6.938541865419978e-05,-0.00017346354663561048,-8.673177331786075e-05,-0.00022550261062626031,-0.00042498568925730673,0.0
1780674900,GBPCAD,bearish_exhaustion,-0.286054964424386,-1.3645989374327712,-4.324684033582829,-0.6836965971180862,-1.9752026642992278,-1.2915060671811416,-1.0785439730083852,-2.9600850961500584,-1.2745986510064709,0,0.11888954366233792,36.014074774754285,-5.4040425489465065,75.11327517414331,66.70329348688415,8.409981687259162,1.5512832629869944,1.2112848630695046,0.8714314081609601,-41.65635976847017,-64.82213438735151,0.11888954366233792,0.003985355025033189,49.056403066451736,-4.485892980400294,0.3466335410900755,0.055175710214233564,0.0007421961371267827,2.1436897637341437,-1.4516737747732114,37.03023655387843,-0.1796583405338481,-17.080731510978698,0.1533664589099245,-4.485892980400294,-0.22943549496591453,,,3.7579251958241855e-05,2.684232282734733e-05,-0.00023621244087979054,-0.0001717908660944234,-2.1473858261789047e-05,-8.052696848181995e-05,1.0
1780664100,GBPCHF,bullish_exhaustion,0.3174250161895241,1.467623898379704,4.7314999471957,0.7207954028062991,1.9841728074584548,1.2633774046521558,1.15019888219018,3.2638760488159964,1.7175911747616794,1,-0.06035916187852182,67.05982473456473,3.7819794800080757,47.883597883594206,45.6870290203608,2.1965688632334093,99.27428641313199,-0.7257135115137032,-0.7257135827158407,78.0841745146043,-28.57142857142555,-0.06035916187852182,-0.01259032452550856,12.671527175260108,0.17302832631290066,0.7923524546938011,0.0252324878063193,-0.0002781678078172152,1.2756457188914911,1.4515150969860595,52.09601842112895,-1.1346700480931986,17.69336692614842,0.2923524546938011,0.17302832631290066,0.034965121645650354,,,4.711425206105346e-05,-8.480565371016269e-05,-0.00023557126030626652,-0.0002544169611307101,-0.00016961130742054742,-0.00029210836277981933,1.0
1780659300,GBPJPY,bullish_exhaustion,0.29913669265137205,1.1698381373336586,4.786187082424989,0.5547884740853573,1.9524502816770672,1.39766180759171,0.8707014446822866,3.61634894509133,1.1154145653823277,1,-0.08703844491539746,62.687762646072905,1.428867411266289,33.82335453005955,39.984031531835534,-6.160677001775987,98.82898243495336,-1.1710175019818507,-1.1710175615957468,78.25314736454608,-52.86343612334912,-0.08703844491539746,-0.03356577965337228,13.214057989094583,-1.055748980856448,0.7310309395716706,0.0260884341747534,-0.0007584051162455203,1.2161336214075316,1.3560161261844024,63.413843709047114,-1.0971959550766854,19.2505589190986,0.23103093957167065,-1.055748980856448,-0.04104212528321183,,,4.645242806833316e-05,0.00020439068350097678,0.0002926502968310096,0.00035768369612676487,0.0004459433094567977,0.0005342029227868306,0.0
1780660800,GBPJPY,bullish_exhaustion,1.3325824941811688,2.17354213888775,6.087095528645068,1.4305670040347827,2.9580134026453404,1.5274463986105575,0.8409596447065814,3.913553389757318,2.451687048170974,1,-0.013068461629740714,69.99206863188775,1.4198898028298146,88.9560780025558,81.99077735535883,6.965300647196969,37.875345870527404,-8.995091524745952,2.4149635041314212,131.1408980879989,-10.71428571428526,-0.013068461629740714,0.026729134838580908,11.35630193901686,0.7508795677035138,0.9530487966118724,0.02365867740217306,-0.0005719510671575133,1.2082497573778765,2.309569581035026,61.17343897713855,0.07697280281306718,25.084104873713006,0.45304879661187236,0.7508795677035138,0.1172751531510583,,,8.82202720899894e-05,0.00016715419974921986,0.0004132423271578922,0.000589682871337649,0.0007893392765936369,0.0008914890653295426,0.0
1780661100,GBPJPY,bullish_exhaustion,1.4682374721721556,2.4338625316705462,6.426128156211856,1.579022151286653,3.19132949182788,1.6123073405412267,0.9656250594983904,3.9922656245413104,2.801746591107041,1,0.014612833053717106,71.38435505735114,1.3922864254633964,92.03015207663462,88.16103476591644,3.869117310718181,36.562635403536945,-1.3127104669904597,7.682381057755492,143.74789349510655,-2.2321428571406483,0.014612833053717106,0.028135368988153005,12.107493755278062,0.751191816261203,0.9598349623768847,0.022862223889062127,-0.0007964535131109347,1.3512253963223944,2.511312625348877,61.41541088045942,0.2419719033208665,26.712669422379452,0.4598349623768847,0.751191816261203,0.1429756389445178,,,7.892696470102045e-05,0.0003249933840632213,0.0005014183639833192,0.0007010571570507107,0.0008031979348992468,0.0006546295307559014,0.0
1780664100,GBPJPY,bullish_exhaustion,-0.5679292495518463,1.188115877969619,5.019469138227695,0.09932592257771344,1.8201000710314557,1.7207741484537422,1.7560451275214655,3.831353260258076,-2.6818881228845908,0,-0.12745734420178254,63.91130494163669,-0.8496186238670376,16.266195045262535,27.522823360613035,-11.2566283153505,95.89392242362479,-2.832363566037259,-3.4220735639391933,49.77959893212818,-45.7912457912448,-0.12745734420178254,-0.09568441098186498,18.326882152596237,-0.935407296022646,0.6526199025589616,0.02353528718686978,-0.00027471995886589606,1.9555150256271214,1.0781789814845582,59.87131770648678,-2.134500396601908,16.3983948902769,0.15261990255896163,-0.935407296022646,-0.0664550874844072,,,-0.0002831073115944216,-0.00023669627690692252,-0.0005105213815637111,-0.0003341594497507927,-0.00029703062200081565,-0.0002691840011882496,1.0
1780684500,GBPJPY,bearish_exhaustion,-0.25315025501718924,-2.4335285332054863,-6.108953798234694,-0.9006751493283867,-2.9553489836617963,-2.05467383433341,-2.180378278188297,-3.675425265029207,-0.5963635815307188,0,0.002936336915622079,27.486648957724753,-0.7432258308547119,67.940237226274,49.79919070135454,18.141046524919453,0.17121980406108203,0.03406065611941686,0.15083737757743473,-78.19296965767859,-84.38735177866022,0.002936336915622079,0.07193471640444844,38.03655858160667,-2.2670347453704807,0.2545152471686335,0.038405639785647656,-0.0006501999151607915,2.5958223502633215,-2.102500569688152,61.393185592448226,-0.19737890459154528,-28.02573105490724,0.2454847528313665,-2.2670347453704807,-0.09994609459648984,,,-0.00017762072366411807,4.6742295701118763e-05,0.00030382492205727196,0.0005702560075535601,0.0005702560075535601,0.00042068066131006887,1.0
1780684800,GBPJPY,bearish_exhaustion,-0.48274135732052326,-2.583721094965986,-6.370944936280678,-1.1761058715481811,-3.22683836895475,-2.0507324974065693,-2.1009797376454626,-3.787223841314692,-0.918325461226881,0,0.03784293250445347,25.752525674035866,-1.7341232836888878,55.98958333333298,57.889170496528855,-1.899587163195875,0.4333981526339342,0.26217834857285216,0.22811769245343533,-80.30336400808625,-90.80717488789305,0.03784293250445347,0.0348489051994191,35.953110185872085,-2.0834483957345853,0.22953633382781136,0.03767231242868763,-0.0007333273569600229,2.512368142334434,-2.3662971495235166,61.28316451245333,-0.11002107999489397,-27.68752502765066,0.27046366617218864,-2.0834483957345853,-0.08345420792888758,,,0.00022440287796698932,0.0004815311756372065,0.0007480095932230757,0.0007480095932230757,0.0005984076745784161,0.000645158274154678,1.0
1780685400,GBPJPY,bearish_exhaustion,0.9729520796608593,-0.7803886472280485,-4.695253903176429,0.16533328374085313,-1.657691187367273,-1.823024471108126,-1.7533407268889079,-3.91486525594838,1.8242851493640213,1,0.22386136361396466,37.69747541916459,6.076499886026866,64.98953340750884,58.08603408269667,6.903499324812174,2.286989076670382,1.8963958750517185,1.939200826066989,-38.926723977519735,-56.36363636364122,0.22386136361396466,0.10671055112982337,31.043418386121346,-2.242497506254999,0.4073032961522268,0.03688483783434607,-0.00025882354240160804,2.212278640114844,-0.8492405362483176,59.30867418640633,-1.5295071733398373,-18.40547997875109,0.09269670384777318,-2.242497506254999,-0.1491953840952731,,,0.00026635016167930736,0.00026635016167930736,0.00011682024635062405,0.00016354834489074044,9.345619708045483e-05,0.00018691239416090966,1.0
1780694100,GBPJPY,bearish_exhaustion,-1.09288509289101,-2.6827436994720513,-5.914365343923908,-1.5050073568228317,-3.3051372014812865,-1.8001298446584546,-1.589858606581041,-3.231621644451857,-1.1781240416404084,0,-0.053315875038723,20.911537171022644,-2.784786837182196,27.63739397618659,32.4074527657589,-4.770058789572307,1.4471450423317225,0.9548033870337742,1.3650721692421097,-100.43134690735441,-97.08737864078117,-0.053315875038723,0.004102243637434507,22.122104021226257,-1.5250006909532274,0.12719876430931829,0.030766840959585783,-0.00012611495648845103,1.8444961550901426,-2.5572526580418926,54.596368527627135,0.20014974594219126,-26.887031828221858,0.3728012356906817,-1.5250006909532274,-0.12028252109972026,,,4.683094963797707e-05,0.0003652814071763988,0.00018264070358831042,0.00032781664746606154,0.0003512321222851611,0.0005900699654388664,1.0
1780694700,GBPJPY,bearish_exhaustion,0.43014689470363154,-1.0714136807421244,-4.413433653452327,-0.09637618418545747,-1.8127217109092402,-1.7163455267237828,-1.501560575445756,-3.342019972710203,1.4074659422291118,1,0.0834520610626818,34.90515707028631,12.002314160346415,43.22811447811761,31.14191397889058,12.08620049922703,1.8318185956448447,0.5077589671376093,0.6308443809620963,-59.875819547555544,-71.38263665594964,0.0834520610626818,0.10663177902779003,20.37496745180877,-0.9852070593477755,0.34438587718149144,0.029602368856051022,0.00019826945765502937,1.7827386645004266,-1.0724983304710993,53.37218909672072,-1.4476402705948956,-17.268501391068774,0.15561412281850856,-0.9852070593477755,-0.11373420846234938,,,-0.00018257401269583529,-3.7451079527239806e-05,-1.4044154822645538e-05,0.00022470647716410497,0.00036982941033270045,0.0001638484729322709,0.0
1780695000,GBPJPY,bearish_exhaustion,-0.09930841549825205,-1.4800157406433658,-4.846250676286657,-0.6111742901860537,-2.2784285460909137,-1.6672542559048602,-1.3807073251451139,-3.3662349356432912,0.8008743185299145,1,0.12454109347527388,31.843298979467605,-3.0618580908187027,60.23148148148812,42.00660981399109,18.224871667497027,15.0926064129203,13.260787817275457,12.753028850137847,-59.930160492102466,-78.26086956521148,0.12454109347527388,0.04001641210275547,19.26169970101517,-1.1132677507936002,0.2754861365498121,0.02923205107153836,-0.00037031778451266165,1.71058504106636,-1.5480161884653432,52.02795170259689,-1.3442373941238301,-16.241137444287066,0.22451386345018792,-1.1132677507936002,-0.07215362343406673,,,0.000145149433683045,0.0001685606326642386,0.0004073548622718359,0.0005525042959548809,0.0003464857449209102,0.00032307454593971663,1.0
1780695300,GBPJPY,bearish_exhaustion,0.4036828815065349,-0.7714102027171349,-4.1927451992583755,-0.09897033155274469,-1.6834696499171096,-1.5844993183643648,-1.1750930842236698,-3.421334996541241,1.294400170661089,1,0.1950067412071158,36.60367557338502,4.760376593917414,81.4814814814885,61.647025813698086,19.834455667790415,39.63465176400909,24.54204535108879,11.281257533813339,-46.658135643248755,-61.97183098590629,0.1950067412071158,0.06793128095440125,16.845170865890417,-2.4165288351247547,0.36885212995156536,0.028644895282030684,-0.0005871557895076769,1.5345266657180956,-0.9706930209161307,50.779731265196176,-1.248220437400711,-15.387950306316048,0.13114787004843464,-2.4165288351247547,-0.1760583753482643,,,2.3407801351904567e-05,0.000262167375142619,0.0004072957435252711,0.00020130709162735627,0.0001778992902754517,7.49049643264943e-05,1.0
1780657500,GBPUSD,bullish_exhaustion,1.0257425063214451,2.220563447751392,5.627493915177398,1.469138161841136,2.9169786855227455,1.4478405236816094,1.1948209414299464,3.406930467426007,1.803503307818799,1,-0.04756982738466105,71.0844011074624,7.635136860695248,49.87002376708667,43.37278008847574,6.497243678610928,98.79994825806318,-1.2000474248701636,-1.200051456022436,90.60155905283679,-2.5806451612930026,-0.04756982738466105,0.04565019143064822,15.330207227202603,-0.09628826234356858,0.882134735458503,0.02636616775027627,0.0017335130530448974,1.4166494445321456,2.3166590193742125,61.754250242998424,0.3747614768008418,22.07530037978111,0.38213473545850296,-0.09628826234356858,-0.15048804094074786,,,0.0004235052863861277,0.00012630859418538698,0.00027490694028564633,0.00030462660950592024,0.00013373851149034444,0.00020060776723562768,0.0
1780661100,GBPUSD,bullish_exhaustion,0.8628784636700998,1.7545195427960398,5.3763080809704915,1.0863871777895893,2.46055981863878,1.3741726408491906,0.89164107912594,3.621788538174452,2.2252979694516988,1,-0.06626563014080065,70.53290710854273,1.5957407005364956,80.9259176764095,78.27081940081744,2.655098275592053,28.07454824440824,-15.506216300024533,2.9378843556408327,107.51722072478456,-18.787878787868102,-0.06626563014080065,0.017246563460797656,12.256157181329362,0.4132411789775592,0.869768961112826,0.025818427632988313,-0.0005602960621809115,1.213611861388268,1.8635350078895545,65.83208879376586,0.37645151637576646,24.92722700610234,0.369768961112826,0.4132411789775592,0.07442406579264205,,,0.00020050348653288808,0.00045298935846305177,0.0006609189000525983,0.0009505350472667207,0.0010619258731183745,0.0008094400011879888,0.0
1780661400,GBPUSD,bullish_exhaustion,1.4661925962535198,2.3157218358470955,5.899844011823262,1.57561273539242,2.9959295586661936,1.4203168232737733,0.8495292395935757,3.5841221759761663,2.875836469275811,1,-0.015546635494852678,73.79484165190676,3.2619345433640348,85.92717269648328,82.97416708976554,2.9530056067177384,17.179357108300046,-10.895191136108195,4.6110251639163415,136.42096306089726,-4.2168674698804045,-0.015546635494852678,0.050687336978879526,12.769418957281244,0.5132617759518823,0.9686248468894041,0.02582558987401393,7.1622410256176605e-06,1.260731731873296,2.3875439217509364,66.45543509888034,0.623346305114481,28.064031182790977,0.4686248468894041,0.5132617759518823,0.04711987048502797,,,0.0002524352577808475,0.0004603231171298461,0.0007498812069375305,0.0008612497030171529,0.0006088144452363053,0.0005122950819671512,0.0
1780661700,GBPUSD,bullish_exhaustion,2.148663193883265,3.029332384535307,6.497444410765121,2.1244510126917593,3.6180243556265004,1.4935733429347413,0.8806691906520417,3.468112026229815,3.6078042602972134,1,0.06522654428946183,77.21527804869076,3.420436396783998,91.3579737794691,86.07035471745395,5.287619062015153,15.046104942398959,-2.1332521659010872,8.761938970207106,170.89168054987326,-0.735294117635534,0.06522654428946183,0.08051523596662151,14.532523224760903,1.7631042674796582,1.04771946854478,0.026254679814922983,0.0004290899409090526,1.3983075156184492,2.994015266718002,67.29097103777536,0.8355359388950205,31.28146582120079,0.5477194685447799,1.7631042674796582,0.13757578374515322,,,0.00020783539436752818,0.0004973204079512517,0.000608660797790872,0.00035628924748731805,0.0002597942429594102,0.00023010347233554107,0.0
1780664100,GBPUSD,bullish_exhaustion,-0.18294921704054676,1.4286181507147442,4.777126908491747,0.4340959875322113,1.985020752501125,1.5509247649689135,1.611567367755291,3.3485087577770027,-2.226599588571463,0,-0.08059823413834859,65.6067232968412,1.749478223159997,21.165770207674374,27.509874723976083,-6.344104516301709,93.83525764054934,-1.900775160178938,-4.081092191576758,60.28171107892128,-39.1705069124431,-0.08059823413834859,-0.05972555847769331,19.265704123369982,-0.35571047793868615,0.7046309780361115,0.027584741714892533,-0.0004690487307085871,1.7404883365153532,1.323006255702177,63.54463462560776,-2.106935513435282,17.371313783042467,0.20463097803611152,-0.35571047793868615,0.010615275965595972,,,-0.00023748738348261522,-0.00020780146054744097,-0.0005417680935699831,-0.0003710740366917875,-0.00028943774861955873,-0.00021522294128117903,1.0
1780678800,GBPUSD,bearish_exhaustion,-0.22932662601651863,-1.3036436893728895,-5.894997280819462,-0.6682120545114743,-2.2639370851891147,-1.5957250306776405,-1.074317063356371,-4.591353591446572,-0.7668330296042316,0,0.17290928757956409,32.590628892601174,-1.7654093134542563,36.74581818299264,33.99598440768002,2.7498337753126236,1.0762683238224233,1.0762683237775925,1.0762683238205284,-70.26159587015066,-88.17891373802004,0.17290928757956409,0.016394544099859572,27.87951385961814,-1.286579456256213,0.23204793514395486,0.0573466368656719,-0.0010648617208576933,1.2211860857645125,-1.5583542928862286,49.93335664693963,-0.10713689518618708,-18.8424942088729,0.26795206485604517,-1.286579456256213,-0.023133794436882793,,,-0.00022416666043978406,-0.0006650277593048814,-0.000582833317143483,-0.0006276666492314176,-0.0005678888731140974,-0.0009938055279499203,0.0
1780679100,GBPUSD,bearish_exhaustion,-0.5442287300783777,-1.5517155742956887,-6.156156108185106,-0.9129480762257776,-2.5042029986667327,-1.5912549224409553,-1.007486844217311,-4.604440533889418,-1.061909717225355,0,0.16839377606863268,30.8259459449838,-1.7646829476173735,37.00007701849023,37.78091295071208,-0.7808359322218479,2.9304556931137506,1.8541873692913273,0.7779190455137348,-89.3271774933745,-95.98662207357465,0.16839377606863268,-0.007752763437511465,27.542506827117325,-0.3370070325008143,0.1830586517812974,0.056305332116645054,-0.0010413047490268473,1.2377843942817186,-1.7966276451805203,50.13051656423721,0.19715991729758287,-21.047832119433444,0.31694134821870257,-0.3370070325008143,0.016598308517206117,,,-0.00044095994738380107,-0.0003587470758377176,-0.000403590460317349,-0.00034379928101102575,-0.000769811433568357,-0.0011659279964723046,0.0
1780679400,GBPUSD,bearish_exhaustion,-1.2228809593119072,-2.1646476076910024,-6.777753674157836,-1.4577455939096402,-3.09174015000894,-1.6339945560992997,-0.9417666483790953,-4.613106066466834,-1.8740954062222386,0,0.12267005265041739,27.654513852442747,-3.1714320925410533,16.439329354933722,30.061741518805533,-13.622412163871811,4.668264148412433,1.7378084552986826,-0.11637891399264433,-120.67687747035733,-100.0,0.12267005265041739,-0.048372954600121906,28.268442289441364,0.7259354623240384,0.075843554132332,0.05545769121022443,-0.0008476409064206228,1.297246574995677,-2.3708129244910885,50.67602065325087,0.5455040890136615,-24.378230539562708,0.424156445867668,0.7259354623240384,0.05946218071395837,,,8.224914012266993e-05,3.7385972783132715e-05,9.720352923592301e-05,-0.00032899656049045767,-0.0007252878719903322,-0.0008673545685657924,1.0
1780680600,GBPUSD,bearish_exhaustion,-1.2713533732600024,-2.0922844085652867,-6.8252060977740925,-1.3937465161734333,-3.067922865147182,-1.6741763489737487,-0.8209310353052846,-4.732921689208806,-1.2931480025160318,0,0.10080674092146952,26.575221766551977,-3.3829809816644882,19.508936149577085,18.402536736606773,1.1063994129703119,3.896177406812598,2.1115057750652095,3.0954183313487085,-138.1776975105419,-98.64253393665277,0.10080674092146952,-0.033176313504699594,24.110775628159672,-3.3084460637339,0.053763200008350415,0.05147820077367304,0.00020457675781065943,1.2170601840449322,-2.323683571380613,53.509055380862755,0.8938555735304732,-26.66982031444317,0.44623679999164956,-3.3084460637339,-0.18059716101142942,,,-0.0003964217328864539,-0.000538535184298583,-0.0008377213977980302,-0.0007928434657730188,-0.0008676400191477418,-0.0013014600287217792,0.0
1780684200,GBPUSD,bearish_exhaustion,-0.6464592625219713,-2.6935802605069155,-7.12775626144814,-1.1404656490041547,-3.40852069874635,-2.268055049742195,-2.047120997984944,-4.434176000941225,0.8018099380115231,1,0.0014479698840871825,24.28987533355881,-0.9602149629700278,37.03923290880096,23.273241222433423,13.765991686367538,0.44501598223952704,0.42697963707002484,0.44208254318587575,-90.40731821253907,-86.40226628895094,0.0014479698840871825,0.0649622727007335,41.71198405492597,-0.2560005055217047,0.2106900665970672,0.04485580778452463,-0.0005051535663027906,2.4284203926957013,-2.4480265230784477,64.87041766561218,-0.68166758376519,-26.080742797145625,0.28930993340293276,-0.2560005055217047,0.014589067063802474,,,-6.743593586089336e-05,-0.00025475797991902915,3.746440881147173e-05,0.0004046156151655822,0.0007417952944703821,0.0006368949497976839,0.0
1780684500,GBPUSD,bearish_exhaustion,-0.5914723148442675,-2.577374999858121,-7.081849332498915,-1.1242315198551893,-3.391821098251547,-2.267589578396358,-1.9859026850138535,-4.504474332640794,0.6365204969631637,1,0.05474429235929552,23.774416865597956,-0.5154584679608547,48.13350900307924,36.693220896123414,11.440288106955826,1.3716522402414257,0.9266362580018987,0.4996566209318738,-91.37719962245042,-88.95184135977028,0.05474429235929552,0.053253883887456485,39.774243056768086,-1.937740998157885,0.21790828852484895,0.04358150149813999,-0.001274306286384641,2.4048579440306184,-2.419805131529745,64.34625792596661,-0.5241597396455688,-26.524215940737733,0.28209171147515105,-1.937740998157885,-0.023562448665082947,,,-0.0001873346771474882,0.00010490741920232693,0.0004720833864113594,0.0008092858052768381,0.0007043783860742892,0.0005395238701844107,1.0
1780684800,GBPUSD,bearish_exhaustion,-0.7477523851974764,-2.6910391071927364,-7.1770317306647575,-1.3299528383238606,-3.578844419323613,-2.2488915809997523,-1.9432867219952599,-4.485992623472021,-1.4781151800410293,0,0.07989208236572996,22.355260313201228,-1.4191565523967284,36.39169472503042,40.52147887897021,-4.129784153939788,3.117146729634502,1.7454944893930764,0.8188582313911779,-93.99961036429944,-92.7215189873434,0.07989208236572996,0.024524925986294972,38.07807496841829,-1.6961680883497934,0.19576316417661604,0.04309929657828868,-0.0004822049198513062,2.3282601229165727,-2.607593206684908,64.03962244600292,-0.30663547996368834,-27.642507479624445,0.30423683582338396,-1.6961680883497934,-0.07659782111404567,,,0.0002922968536867021,0.0006595416185750658,0.0009968072189827648,0.0008918801433004386,0.0007269947386565612,0.0007419843208971155,1.0
1780685100,GBPUSD,bearish_exhaustion,0.1313199809291663,-1.7342992148087684,-6.220364856667081,-0.5552856398258295,-2.7042810739904546,-2.148995434164625,-1.8656191957379347,-4.486065641858313,-0.7676090618600435,0,0.15665892805495166,29.432063732273335,7.076803419072107,39.36588103254528,41.297028253551645,-1.9311472210063627,5.1043510722318715,1.9872043425973693,0.24170985320429317,-73.65960258168309,-74.59016393443264,0.15665892805495166,0.0762167284826232,35.66178925056671,-2.4162857178515793,0.2920486370064846,0.04279204697235362,-0.00030724960593506156,2.1907420577034586,-1.7576669743351527,63.277356303738294,-0.7622661422646289,-23.96878675335923,0.2079513629935154,-2.4162857178515793,-0.13751806521311405,,,0.00036713745176641943,0.0007043044993071401,0.0005994080845166394,0.00043457086127451916,0.00044955606338747955,0.00033716704754049864,1.0
1780685400,GBPUSD,bearish_exhaustion,0.9898067043010054,-0.6693718986331888,-5.0164025642079215,0.25266621952560514,-1.6865932170551263,-1.9392594365807314,-1.6591786029341942,-4.347030665574733,1.9174265999556928,1,0.2683369356077031,37.1792558600771,7.747192127803764,57.3270048760167,44.36152687786413,12.965477998152572,11.42875647933559,6.324405407103718,4.337201064506349,-39.13509163962453,-52.36051502146045,0.2683369356077031,0.11378253610332194,33.65864133123246,-2.0031479193342534,0.4137970177933716,0.04335881691333997,0.0005667699409863461,2.016881969816236,-0.8030876774787788,61.01848623330953,-2.258870070428763,-15.17147866362443,0.08620298220662842,-2.0031479193342534,-0.17386008788722274,,,0.0003370433063198952,0.0002321853887981007,6.740866126397904e-05,8.238836376706082e-05,-2.9959405006274586e-05,5.991881001254917e-05,1.0
1780686300,GBPUSD,bearish_exhaustion,0.6721333776967855,0.02344651317526747,-4.245034629886061,0.13005820030519596,-1.333569842300376,-1.4636280426055719,-0.648686864521518,-4.2684811430613285,1.7704077923332873,1,0.4913673141291279,39.76365979564157,-2.1440650959765435,84.71628045157338,86.57460851904938,-1.8583280674759948,95.65374241357586,3.3226326406983304,-2.299007694972474,7.758620689654745,-36.50793650794173,0.4913673141291279,0.007490704361647612,22.997531345378466,-4.517059303079115,0.5043964370436521,0.0431220521820692,-0.0006021899080878163,1.3764790211426026,-0.5706453157583031,53.86479552819485,-2.856337466354084,-7.264627927657568,0.004396437043652113,-4.517059303079115,-0.24221918826245048,,,1.4978692809641814e-05,-9.736150326156157e-05,-7.489346404598862e-06,-0.00018723366011841325,-0.0004418714378795485,-0.00033702058821316605,0.0
1780685400,USDCAD,bullish_exhaustion,-0.21634574747762136,1.0270206173368974,5.559339690359024,0.22482994055104158,2.0190861235628454,1.7942561830118038,1.2433663648145188,4.532319073022126,-1.218499037518615,0,-0.18793949693371034,66.65815739641852,-0.723132550057727,39.16579938546247,65.43400370897392,-26.268204323511448,96.54931895530336,-3.450681044696026,-3.4506810446966085,57.93381812598525,-33.79310344827882,-0.18793949693371034,-0.07366384464290814,18.554270684205438,-1.3857103867483218,0.6597350144744442,0.028849358184665583,-0.0008940986102201377,1.7476222396854246,1.22197972993371,51.71993807258518,-1.0699296201585682,15.215217477977669,0.15973501447444416,-1.3857103867483218,-0.05989074764216906,,,-0.0001936997367117943,-0.00015065535077585235,-4.3044385935941953e-05,6.456657890385742e-05,0.0001076109648399104,-8.608877187188391e-05,1.0
1780685700,USDCAD,bullish_exhaustion,-0.8753382713675784,0.15947943848189017,4.432329296276088,-0.3644267294603574,1.2034088340654086,1.5678355635257661,1.0348177098494686,4.272849857794198,-1.766024939821519,0,-0.27502368205603944,60.37781691958463,-6.280340476833885,18.46544477554124,41.49355312189224,-23.028108346351,87.64664704799823,-8.902671907305134,-5.451990862609108,24.952741020757124,-52.41379310344849,-0.27502368205603944,-0.09377619156772697,16.155400506788514,-2.3988701774169243,0.5295375205649235,0.029920327614501467,0.0010709694298358836,1.4289797419503638,0.4803904849664193,49.32229746795843,-2.3976406046267513,7.6298747345524625,0.029537520564923536,-2.3988701774169243,-0.3186424977350608,,,4.305272523752457e-05,0.00015068453833122497,0.00025831635142492537,0.000301369076662672,0.00010763181309392245,-7.175454206254095e-06,0.0
1780678200,USDCHF,bullish_exhaustion,0.012207502900165963,1.279171911042318,6.054921438500517,0.5097626294734083,2.252832994850999,1.7430703653775907,1.266964408142152,4.775749527458199,-0.8022073334418839,0,-0.18434625486751402,67.27908545049284,1.0331606623721257,56.818181818180285,59.122746396842764,-2.304564578662479,98.40436943152588,-1.5956305684459835,-1.5956305684729415,60.130139012130364,-20.909090909091827,-0.18434625486751402,-0.04145596142136962,41.11818298050533,-3.28160349471689,0.7247703894019636,0.07218432545123792,-0.0016913659196601677,1.439293576073765,1.4854879443463758,55.533097142170355,-1.5333647388405893,14.572122441104746,0.2247703894019636,-3.28160349471689,-0.06541855862440871,,,-0.00033988771117099414,-0.00021400337370025557,0.00021400337370014455,0.00025176867494147714,0.00027694554243562486,0.0,1.0
1780678500,USDCHF,bullish_exhaustion,-0.5110497529411678,0.6300009885391433,5.411488211488981,0.033262543486731216,1.6672992315080535,1.6340366880213224,1.1410507414803113,4.781487222949838,-1.2568299441296882,0,-0.2508944994026948,62.96818569843458,-4.310899752058262,33.4873459873445,49.494565006612504,-16.007219019268007,94.89061796483978,-3.5137514666861023,-1.918120898240133,44.68613693930445,-36.50000000000039,-0.2508944994026948,-0.06461257849040564,36.61390821767728,-4.504274762828054,0.623011255600219,0.07145854189644524,-0.0007257835547926778,1.299410243600337,0.9276350729327573,53.89204735058321,-1.6410497915871431,12.792216711663238,0.12301125560021897,-4.504274762828054,-0.1398833324734281,,,0.0001259271385576355,0.0005540794096534629,0.0005918575512209312,0.0006170429789322807,0.0003400032741056602,0.0005414866957977882,0.0
1780678800,USDCHF,bullish_exhaustion,-0.3679887669237681,0.6984463412007157,5.561939671215744,0.1841530400741358,1.77336523919736,1.5892121991232242,1.0664351081244838,4.863493330015029,-1.0572298965821079,0,-0.29523271004519797,63.891020529395384,0.9228348309608023,32.75890775890413,41.021478521476304,-8.262570762572174,86.08115921867682,-8.80945874616296,-5.295707279476872,41.02859436489935,-31.500000000000945,-0.29523271004519797,-0.03457867070186732,34.769410847603446,-1.8444973700738316,0.6382198838233458,0.06877429459732944,-0.0026842472991158023,1.3013642564750234,1.0375792504866386,52.3682154012523,-1.523831949330912,12.340547964482704,0.13821988382334582,-1.8444973700738316,0.0019540128746864394,,,0.0004280983618942802,0.0004658717467671547,0.0004910540033491451,0.00021404918094702907,0.000415507233603174,0.0008184233389154638,0.0
1780679100,USDCHF,bullish_exhaustion,0.251493897972876,1.2001436748846575,5.989623055397218,0.6893967320394507,2.2406961686673785,1.5512994366279276,0.9486497769117813,4.789479380512561,-0.3757117640596927,0,-0.2816924421308618,66.91031340457873,3.0192928751833463,41.749415243386515,35.998556329878376,5.750858913508139,67.30211139790494,-18.77904782077188,-9.969589074608933,62.863901018926775,-14.50000000000061,-0.2816924421308618,0.016512277410216727,34.555166356911805,-0.21424449069164098,0.7365730994006507,0.06805973036470718,-0.0007145642326222557,1.308325329504558,1.5170676310447766,51.46512626795369,-0.9030891332986073,15.801223203504247,0.23657309940065074,-0.21424449069164098,0.006961073029534637,,,3.775722106857948e-05,6.292870178081778e-05,-0.00021395758605502468,-1.2585740356119146e-05,0.0003901579510414699,0.0008180731231515193,0.0
1780679400,USDCHF,bullish_exhaustion,0.3360772030112223,1.088890137756582,6.017894419179442,0.6545520955718961,2.20797050390991,1.5534184083380136,0.7528129347453597,4.92900428142286,1.2482867540420788,1,-0.2801358277673921,67.17115249997325,0.2608390953945161,61.90497984339464,45.47110094856176,16.43387889483288,45.78182159323573,-21.520289804669204,-2.741241983897318,77.2699426551237,-16.455696202533783,-0.2801358277673921,0.012405788551203388,30.185918890519357,-4.369247466392448,0.7365653019620251,0.06553319848191308,-0.0025265318827941002,1.2037279453586904,1.4775753465016797,50.81780856075353,-0.6473177072001661,17.020934062918286,0.23656530196202508,-4.369247466392448,-0.10459738414586761,,,2.5170530343121555e-05,-0.00025170530343066044,-5.0341060686021066e-05,0.00035238742480303564,0.000780286440635436,0.0007928717058067747,1.0
1780682700,USDCHF,bullish_exhaustion,1.56205621506183,2.512771976907472,6.574118136067817,1.594971734546804,3.274216603838055,1.6792448692912512,0.950715761845642,4.061346159160345,2.1846427343757324,1,-0.022978690318445072,76.6667889894646,2.24976644829232,88.88676682794319,88.89976108135602,-0.012994253412827561,0.8563049165593288,-0.41059313481882653,-0.035118646921675545,147.03793323463546,-1.058201058202084,-0.022978690318445072,0.03380220509925862,27.3115595916537,2.9908934243453054,0.9979851785142865,0.05405297051610509,-0.0011798021446385448,1.3700712217312832,2.519635910902136,45.86966435592837,0.5489308550601422,21.397751490509595,0.4979851785142865,2.9908934243453054,0.1789015165036223,,,-0.00016333915490829298,-5.0258201510278155e-05,3.7693651132597594e-05,-0.00012564550377558437,0.00013821005415337595,-1.2564550377458517e-05,1.0
1780683300,USDCHF,bullish_exhaustion,0.883780310321723,2.164409630512486,6.0389219882138825,1.1548829097361935,2.871690586028907,1.7168076762927136,1.2806293201907626,3.874512357701397,1.3495212677992434,1,-0.04545992977715337,74.07446976896398,0.8738959653543361,81.18912337662387,84.7456091022268,-3.5564857256029256,2.347926514158721,-0.21407622913983193,-1.9197740558790564,118.49124886905066,-8.808290155440652,-0.04545992977715337,-0.008391553576732862,29.436438389349853,1.2516055645517596,0.8799012090449765,0.05160967006772794,-0.0014629400473845783,1.557388618001539,2.099474357454875,46.85300219113878,0.5695825552072193,21.08842016336431,0.3799012090449765,1.2516055645517596,0.11567043341767769,,,8.795627316704469e-05,-7.5391091285959e-05,0.00018847772821528608,3.7695545643146033e-05,5.0260727524120696e-05,-0.000150782182571918,1.0
1780683600,USDCHF,bullish_exhaustion,0.8161064588672657,2.2474124348927655,5.97829177850314,1.1495498296906743,2.8874432523339877,1.7378934226433131,1.4313059760254998,3.7308793436103747,1.1965495791492227,1,-0.05486948153906921,74.76375533155363,0.6892855625896459,71.49936868686751,78.94980972186823,-7.450441035000722,1.7074258283340829,-0.6405006858246383,-0.4264244566848059,112.09646052119214,-9.405940594060468,-0.05486948153906921,-0.00826902985807772,31.120462145237358,1.6840237558875053,0.863965231170199,0.05034212223448658,-0.0012675478332413587,1.6942537120354213,2.105244088465531,47.517702694147715,0.6647005030089375,21.67779352205784,0.36396523117019897,1.6840237558875053,0.13686509403388225,,,-0.00016333299829118797,0.00010051261433319247,-5.0256307166485215e-05,-3.769223037486391e-05,-0.00023871745904102681,-0.0004146145341239471,0.0
1780683900,USDCHF,bullish_exhaustion,0.34201474562266787,1.71874801514039,5.244721773092519,0.6933054615969839,2.356628189051044,1.66332272745406,1.3767332695177221,3.5259737579521295,-0.7930776710092166,0,-0.09356983920981976,70.98896879068334,-3.7747865408702808,63.103938979961264,71.93081034781754,-8.826871367856278,1.1204441997944026,-0.5869816285396803,0.053519057284958205,79.24213305377552,-15.841584158415026,-0.09356983920981976,-0.039082256849604695,30.878545665816095,-0.24191647942126338,0.7824683455229506,0.05070324772286864,0.0003611254883820608,1.647437019741116,1.5999841142067661,46.52158746870602,-0.9961152254416987,13.97038339395162,0.28246834552295064,-0.24191647942126338,-0.046816692294305406,,,0.00026388871435933936,0.000113095163296828,0.00012566129255198177,-7.539677553114466e-05,-0.00025132258510407457,-0.0006534387212706605,0.0
1780684200,USDCHF,bullish_exhaustion,0.6803497938299502,2.08025169302981,5.498946177489225,1.0480870313886792,2.7185869796814237,1.6704999482927443,1.39990189919986,3.4186944844594147,-0.27820995286704564,0,-0.09793117602019878,73.33137663668651,2.3424078460031694,65.9471766848829,66.85016145057057,-0.9029847656876626,0.6935877427108819,-0.4268564570835207,0.16012517145615968,94.62048636700254,-5.789473684207513,-0.09793117602019878,-0.0024428859350384053,31.22525399559946,0.34670832978336463,0.8312575945884557,0.049671463349781265,-0.0010317843730873744,1.7038659192248835,1.957829198946337,45.86332998770307,-0.6582574810029485,15.586997986588505,0.3312575945884557,0.34670832978336463,0.056428899483767614,,,-0.000150753768844214,-0.0001381909547739646,-0.0003391959798995092,-0.000515075376884444,-0.0009170854271356443,-0.0005778894472362461,1.0
1780684500,USDCHF,bullish_exhaustion,0.28731327055537703,1.603730437464773,4.98671360131418,0.650649039912889,2.3093604642773538,1.6587114243644647,1.3164171669093958,3.382983163849407,-0.5688802756997683,0,-0.13406767775295922,69.86020690556347,-3.471169731123041,63.934426229514564,64.32851396478624,-0.3940877352716754,0.4134766927622812,-0.28011104994860064,0.14674540713492013,85.9996091861861,-13.52941176470281,-0.13406767775295922,-0.03293209226531838,29.55104916073997,-1.6742048348594878,0.7612660932717534,0.04810491017521912,-0.0015665531745621478,1.6792065253968664,1.5457483824405018,45.25209089820032,-0.611239089502746,14.947233505206885,0.26126609327175343,-1.6742048348594878,-0.024659393828017073,,,1.256470824739786e-05,-0.00018847062371207812,-0.0003643765391767584,-0.0007664472030959324,-0.0004272000804141918,-0.0001633412072172824,1.0
1780684800,USDCHF,bullish_exhaustion,0.20782142413687016,1.4574489484945152,4.899187650568553,0.5917333051945193,2.2345442554823736,1.6428109502878545,1.2496275243576451,3.441738702074038,-0.5285789479053477,0,-0.16776883160813916,69.98770060398253,0.1274936984190589,69.39890710383091,66.4268366727428,2.972070431088113,0.24007975708456075,-0.17339693567772047,0.1067141142708802,82.0787110406703,-16.666666666666664,-0.16776883160813916,-0.029233458864684717,27.630586401950183,-1.920462758789789,0.7457227530145552,0.04655296647538322,-0.0015519436998358976,1.6356364097195768,1.469558591992794,44.70685585062563,-0.5452350475746925,14.534883597789298,0.24572275301455515,-1.920462758789789,-0.043570115677289634,,,-0.0002010328060410016,-0.0003769365113268641,-0.0007790021234089783,-0.0004397592632147118,-0.00017590370528597354,-0.00017590370528597354,1.0
1780685100,USDCHF,bullish_exhaustion,-0.2851192468004167,0.8800315213744656,4.278433620737839,0.13743017871170937,1.6954895668069192,1.5580593880952098,1.1651507681748823,3.3984020993633735,-0.9595359267321306,0,-0.22485256690344033,65.23302759790275,-4.754673006079784,55.29489353684391,62.87607562339647,-7.581182086552559,0.13671058389399043,-0.10336917319057032,0.07002776248715016,56.67482131721597,-36.538461538457845,-0.22485256690344033,-0.05443871839819886,26.30333823041731,-1.3272481715328723,0.6534276602618653,0.045839626716995444,-0.0007133397583877765,1.5787540525616879,0.9536936231022445,43.24667655235664,-1.46017929826899,9.792990943605973,0.15342766026186527,-1.3272481715328723,-0.05688235715788892,,,-0.00017593907481183724,-0.000578085531524497,-0.00023877445867315217,2.5134153544437154e-05,2.5134153544437154e-05,0.00025134153544548177,1.0
1780705500,USDJPY,bullish_exhaustion,-3.121102794388773e-12,0.37336774295694214,8.4908217309261,0.468268341714602,2.6544351409414406,2.1861667992268385,0.37336774296006325,8.117453987969158,0.0,1,-0.34118742708437083,70.34675433098026,0.0,50.0,50.0,0.0,99.91280209277681,-0.08716593987931276,-0.08719527760021606,37.037037037248986,-50.0,-0.34118742708437083,-0.041918256010703946,3.6978855816220046,-2.2791581079616132,0.5573539334681409,0.005680292140207657,-0.00043694554924674205,2.8337375536516136,1.7295056928274697,38.82223359121938,0.41329710085329907,20.280071545705447,0.05735393346814088,-2.2791581079616132,-1.288404036081464,,,0.0,0.0,0.0,0.0,,,0.0
1780927200,AUDUSD,bullish_exhaustion,0.4937633379439977,1.962121454830376,4.325366840389629,1.1205481396471768,2.366412621026665,1.2458644813794886,1.4683581168863784,2.3632453855592526,-0.7372223335076947,0,0.013335491400367366,65.42891534366802,5.189882823740206,48.41854870991826,32.074943726363024,16.343604983555238,99.9804325583419,-0.019416167639974447,-0.01955123372758294,70.61568927122302,-17.28971962616711,0.013335491400367366,0.011089142858141282,40.11510299859305,-3.0543464856625633,0.7944066137875182,0.060119724452724406,0.0009903913412574183,1.6746211113001854,1.8740062717663077,36.57383712319827,0.3104917398594935,20.00881394747252,0.2944066137875182,-3.0543464856625633,-0.17420665561680626,,,9.894971940682673e-05,-0.0004099345518284725,-0.0003675275292255309,-0.00028271348401953666,-0.00035339185502447634,-0.0005088842712352992,1.0
1781046300,EURAUD,bearish_exhaustion,-5.068516589530669,-5.365787374206397,-6.1693132878301205,-4.78784896491758,-5.401110671327899,-0.6132617064103194,-0.29727078467572704,-0.8035259136237237,-6.300633877395325,0,-0.2998853704577175,18.13094256024877,-29.292177440067277,32.42145899892113,45.215221782703615,-12.793762783782483,3.4393820056795086,1.2295987799307997,0.4097495438290264,-472.5369035361463,-96.48562300319324,-0.2998853704577175,-0.3634577973008999,15.944904683928941,10.120369505729096,-0.5304570339844898,0.03067132320224388,0.011560356788051163,1.2296425756962819,-5.196246596730299,16.963998605729994,3.956514257942514,-43.56356479528306,1.0304570339844898,10.120369505729096,0.31915097964533656,,,0.0008355339793983951,0.000378124866589058,0.001195362481474893,0.001951612214653009,0.0017320558405045094,0.001213658845987231,1.0
1781009700,EURCHF,bullish_exhaustion,-0.13548815138308098,0.9422585073519083,4.444011365394183,0.20823748667860098,1.6436597989353496,1.4354223122567487,1.0777466587349893,3.501752858042275,-1.7859801773342412,0,-0.07289189675330383,64.4695009238865,-2.6068710569002036,36.26394403478819,63.059731806184125,-26.795787771395936,99.74080903024452,-0.2591909697554797,-0.2591909697554797,66.59273792261472,-46.77419354839258,-0.07289189675330383,-0.07540844851187527,9.651420593289386,-0.5659101485911204,0.6721803002794718,0.017633254314226715,-0.0004367357784323053,1.4321371403110428,1.0485051595829007,48.958325188431566,-0.13208826447863942,18.72980973563987,0.17218030027947184,-0.5659101485911204,-0.036465266457021306,,,-0.00016289297931260105,-0.00022805017103755265,-4.3438127816597394e-05,-3.25785958624758e-05,-0.00014117391540424684,-0.00020633110712919844,1.0
1781010000,EURJPY,bullish_exhaustion,0.7539448724884708,2.078403585271549,6.868697769363947,1.1873989052766873,3.029189530904984,1.8417906256282968,1.324458712783078,4.790294184092398,-0.23109421378998166,0,-0.13680196082787552,71.83368106672212,4.897097814442958,55.59386973179531,58.37027914613801,-2.7764094143427016,97.37398380836309,-2.626016191636907,-2.626016191636907,83.94796835189987,-7.339449541292777,-0.13680196082787552,0.007756037784662071,12.713195583097464,-0.30461371145685057,0.805573867391631,0.01868410818719952,0.0003855674546187904,1.736502947719768,2.244694389908054,54.081842582673396,-0.21020831769698844,20.640144038123736,0.30557386739163095,-0.30461371145685057,-0.10241267842711554,,,-8.635578583759962e-05,5.397236614967937e-06,0.00012953367875656596,0.00021049222797930867,0.0002698618307426237,0.0002644645941278778,0.0
1781010300,EURJPY,bullish_exhaustion,0.24015083307878413,1.3662239467198491,6.277894216910355,0.6221348981960064,2.4097581645162864,1.7876232663202802,1.126073113641065,4.911670270190506,0.9957473566667284,1,-0.17468885788020322,67.52541063717254,-4.30827042954958,54.0229885057567,52.1583652618144,1.8646232439422974,94.91221543048233,-2.461768377880759,0.16424781375614828,85.04480016106393,-23.999999999995453,-0.17468885788020322,-0.035993002655327254,11.199747866382763,-1.5134477167147011,0.7248856459585639,0.0184305679401203,-0.0002535402470792217,1.5569482615619452,1.6350704055139809,53.98011811495184,-0.10172446772155297,20.4771342693302,0.22488564595856386,-1.5134477167147011,-0.17955468615782277,,,9.176094654117506e-05,0.00021590810950855577,0.0002968736505741809,0.0003562483806891503,0.0003508506779514864,0.0002806805423611891,0.0
1781010600,EURJPY,bullish_exhaustion,0.5854865354524577,1.641776676730684,6.740941884460107,0.9765975221693817,2.7743458404453345,1.7977483182759526,1.0562901412782264,5.099165207729423,1.5041571611820883,1,-0.17952006509820548,69.61089242947898,2.085481792306439,77.58620689655088,62.401021711367626,15.18518518518325,90.08140107810439,-4.830814352377942,-2.3690459744971832,89.80927981778392,-7.2164948453653555,-0.17952006509820548,0.0004955348883864693,9.825541513525074,-1.3742063528576889,0.7989090400751243,0.017883558180415537,-0.000547009759704762,1.4228289426015746,1.9886516435066481,53.885659680638966,-0.0944584343128767,19.59428549176595,0.2989090400751243,-1.3742063528576889,-0.13411931896037066,,,0.0001241357721515346,0.00020509388442402354,0.0002644631667576558,0.0002590659592727196,0.00018890226196965898,-2.1588829939522824e-05,0.0
1781010900,EURJPY,bullish_exhaustion,1.0624206906606661,2.0328440589435366,7.065394358442278,1.3901260647731226,3.1580112335806656,1.7678851688075428,0.9704233682828707,5.032550299498741,2.127904001858449,1,-0.14113421862181202,72.21104344401877,2.60015101453979,82.18390804598012,71.2643678160959,10.91954022988422,83.32615911159391,-6.755241966510482,-1.92442761413254,112.3137407173837,0.0,-0.14113421862181202,0.035392849564079336,9.121955749820629,-0.7035857637044458,0.9053950003825105,0.01818451458218931,0.00030095640177377203,1.2847580770396398,2.386813654415391,54.173084670944895,0.2874249903059294,22.130855791027585,0.40539500038251053,-0.7035857637044458,-0.1380708655619347,,,8.094806372227481e-05,0.00014030997711866888,0.0001349134395371987,6.475845097786426e-05,-0.0001457065147002501,2.6982687907350922e-05,0.0
1781011200,EURJPY,bullish_exhaustion,1.366572701372595,2.249402853586955,7.378887909225373,1.5820898786366981,3.398916948441295,1.8168270698045967,0.8828301522143596,5.129485055638418,2.5346619648853994,1,-0.10243640247350834,73.786319712493,1.5752762684742265,92.94670846394452,84.23894113549183,8.70776732845269,76.28014737738701,-7.0460117342069,-0.2907697676964176,158.99820089422803,-7.547169811330368,-0.10243640247350834,0.041348449949786294,8.54261885326087,-0.5793368965597594,0.9701499008252065,0.017847843360365743,-0.00033667122182356665,1.2327661755280963,2.6103728205323984,54.80313803484352,0.6300533638986252,25.90302966682686,0.47014990082520647,-0.5793368965597594,-0.05199190151154354,,,5.935710855342613e-05,5.396100777588231e-05,-1.6188302332631466e-05,-0.0002266362326582838,-5.3961007775771286e-05,0.00024822063576879216,0.0
1781010000,EURUSD,bullish_exhaustion,0.9344318582456617,2.0568669389668695,6.149380651196265,1.2765767036162396,2.8482599929135346,1.5716832892972947,1.122435080721208,4.092513712229396,1.5900415223253377,1,-0.05060255320013161,71.34688524812222,5.175593048012658,51.33333333331107,53.96401249366505,-2.630679160353985,99.2643255276453,-0.7356744723547024,-0.7356744723547024,100.38482682794215,-8.510638297879376,-0.05060255320013161,0.016894694070053097,12.135087116431084,0.3032483571564786,0.893745897073914,0.02321909453497198,0.0004020701719165132,1.3197774568738698,2.1991919695407085,59.64794466109205,0.37906115911636107,23.685874225167485,0.39374589707391405,0.3032483571564786,-0.002446277888708437,,,-3.4576353232007584e-05,-4.322044154014826e-05,0.00012101723631219308,0.00017288176616014894,0.0003284753557042386,0.00019881403108401585,1.0
1781030100,USDCAD,bullish_exhaustion,0.630770151242837,1.70563392921705,4.240504630474085,0.8757956356980071,1.9936221764749757,1.1178265407769687,1.0748637779742127,2.5348707012570357,1.2772604308655726,1,-0.012407148616858156,66.4122556483293,3.9122738497483027,37.32556085497425,46.14694300837137,-8.821382153397124,97.94034543035424,-1.1642552014173333,-0.28242975194986286,91.72349244550998,-20.441988950274208,-0.012407148616858156,0.0028475831629300075,20.362371405153176,-0.05942496281294751,0.8054230300482725,0.03643965861764402,0.001594398684265308,1.3793016229947375,1.5286175859675357,38.60984941825546,0.08427851540496079,18.891969718158006,0.30542303004827254,-0.05942496281294751,-0.09450177960823858,,,-0.00024345534742509223,-0.0004153061809016867,-0.00020049263905597137,-0.00037234347253256583,-0.0004367875350862471,-0.00037234347253256583,1.0
