db_source,timestamp_utc,asset,leaf_id,direction,wr_reported,n_reported,open,high,low,close,rsi_5,stoch_k_v2,stoch_d_v2,bb_upper,bb_middle,bb_lower,bb_width_bps,ma6,ma14,ma_trend_bps,close_to_lower,close_to_upper,schaff_value,stc_zone,bb_position,stc_stoch_diff,stoch_kd_diff,exit_2m,pnl_2m,win_2m
trading_data.db,2026-04-25T12:14:00.000Z,AEDCNY_otc,L65,PUT,0.637800,323,2.026300,2.026990,2.025790,2.026910,72.750000,66.156417,35.975238,2.030684,2.027207,2.023730,34.304766,2.025297,2.027081,-8.804589,15.687313,18.617453,15.651213,oversold,0.457293,-50.505204,30.181179,2.027570,-500,0
trading_data.db,2026-04-25T12:15:00.000Z,AEDCNY_otc,L65,PUT,0.637800,323,2.027080,2.027900,2.026950,2.027370,75.505618,93.031210,64.532509,2.030690,2.027213,2.023735,34.311242,2.025677,2.027108,-7.060258,17.932550,16.378692,12.047445,oversold,0.522644,-80.983765,28.498700,2.026580,460,1
trading_data.db,2026-04-25T12:23:00.000Z,AEDCNY_otc,L65,PUT,0.637800,323,2.025950,2.026750,2.025540,2.026610,57.232704,65.939007,40.092903,2.030066,2.026444,2.022821,35.747748,2.025402,2.025759,-1.761833,18.695511,17.052238,2.501839,oversold,0.522984,-63.437168,25.846104,2.026730,-500,0
trading_data.db,2026-04-25T14:29:00.000Z,AEDCNY_otc,L16,CALL,0.686000,86,2.009230,2.009350,2.007590,2.008280,0,12.357598,11.200271,2.016280,2.012439,2.008599,38.170892,2.010072,2.011791,-8.548411,-1.583498,39.754390,4.076749,oversold,-0.041484,-8.280849,1.157327,2.007170,-500,0
trading_data.db,2026-04-25T14:49:00.000Z,AEDCNY_otc,L65,PUT,0.637800,323,2.004580,2.004800,2.003340,2.004210,52.241379,74.147415,43.234323,2.009087,2.005613,2.002140,34.634520,2.003533,2.005189,-8.254775,10.319401,24.315119,2.844145,oversold,0.297951,-71.303269,30.913091,2.005890,-500,0
trading_data.db,2026-04-25T15:50:00.000Z,AEDCNY_otc,L65,PUT,0.637800,323,2.003710,2.005000,2.003710,2.004230,63.797468,78.616352,45.283019,2.008073,2.004246,2.000420,38.182607,2.002370,2.003252,-4.403554,19.008978,19.173629,0.129514,oversold,0.497844,-78.486838,33.333333,2.007410,-500,0
trading_data.db,2026-04-25T15:51:00.000Z,AEDCNY_otc,L65,PUT,0.637800,323,2.004180,2.005540,2.004180,2.005540,93.548387,100,74.633124,2.007571,2.004118,2.000665,34.460689,2.002857,2.003192,-1.674708,24.325735,10.134954,3.602400,oversold,0.705898,-96.397600,25.366876,2.008730,-500,0
trading_data.db,2026-04-25T04:58:00.000Z,AUDCAD_otc,L41,PUT,0.760000,50,0.877670,0.877680,0.876560,0.876590,0,6.446500,24.100840,0.880065,0.876992,0.873919,70.076802,0.878305,0.877576,8.302085,30.454551,39.622251,99.557094,overbought,0.434588,93.110593,-17.654340,0.877580,-500,0
trading_data.db,2026-04-25T05:14:00.000Z,AUDCAD_otc,L41,PUT,0.760000,50,0.878400,0.878520,0.877920,0.877990,12.213740,10.980392,33.582766,0.880239,0.878482,0.876725,40.005840,0.879198,0.878852,3.939121,14.402350,25.603490,94.829912,overbought,0.360006,83.849520,-22.602374,0.876950,460,1
trading_data.db,2026-04-25T06:58:00.000Z,AUDCAD_otc,L41,PUT,0.760000,50,0.875610,0.875730,0.874630,0.875450,10.619469,10.920855,28.295841,0.877718,0.875303,0.872888,55.176818,0.876420,0.875806,7.013950,29.267828,25.908991,99.985262,overbought,0.530437,89.064407,-17.374986,0.875420,460,1
trading_data.db,2026-04-25T08:37:00.000Z,AUDCAD_otc,L41,PUT,0.760000,50,0.888210,0.888210,0.887140,0.887440,14.181818,18.041095,35.266090,0.889811,0.887324,0.884837,56.063831,0.888517,0.887932,6.582978,29.339217,26.724614,48.729222,neutral,0.523318,30.688128,-17.224995,0.888980,-500,0
trading_data.db,2026-04-25T08:47:00.000Z,AUDCAD_otc,L41,PUT,0.760000,50,0.888680,0.888990,0.888410,0.888550,0,20.940171,41.007740,0.890709,0.888886,0.887062,41.039682,0.889805,0.889087,8.074092,16.745451,24.294230,46.894584,neutral,0.408031,25.954413,-20.067569,0.888310,460,1
trading_data.db,2026-04-25T11:10:00.000Z,AUDCAD_otc,L16,CALL,0.686000,86,0.890480,0.890710,0.889990,0.890180,0,4.417037,5.245830,0.897852,0.894121,0.890390,83.453133,0.891853,0.893210,-15.188664,-2.350242,85.803375,,,-0.028162,,-0.828793,0.889150,-500,0
trading_data.db,2026-04-25T11:11:00.000Z,AUDCAD_otc,L16,CALL,0.686000,86,0.890160,0.890500,0.888780,0.889390,0,8.772565,5.861735,0.897841,0.893760,0.889680,91.300885,0.891175,0.892813,-18.344910,-3.249682,94.550568,,,-0.035593,,2.910830,0.888770,-500,0
trading_data.db,2026-04-25T15:32:00.000Z,AUDCAD_otc,L41,PUT,0.760000,50,0.878470,0.879420,0.878470,0.878610,3.846154,43.614065,63.819527,0.880887,0.879028,0.877169,42.297104,0.879032,0.878648,4.368184,16.393300,25.903804,93.933414,overbought,0.387575,50.319349,-20.205462,0.879610,-500,0
trading_data.db,2026-04-25T04:39:00.000Z,AUDCHF_otc,L16,CALL,0.686000,86,0.530380,0.530610,0.529770,0.529900,0,6.022832,6.946063,0.536035,0.533265,0.530496,103.886853,0.531653,0.533136,-27.804946,-11.167726,115.054578,0,oversold,-0.107499,-6.022832,-0.923231,0.529070,-500,0
trading_data.db,2026-04-25T04:40:00.000Z,AUDCHF_otc,L16,CALL,0.686000,86,0.529900,0.529990,0.529260,0.529510,0,3.393277,4.793149,0.536313,0.533096,0.529878,120.711669,0.530948,0.532808,-34.900458,-6.902283,127.613953,0,oversold,-0.057180,-3.393277,-1.399872,0.529860,460,1
trading_data.db,2026-04-25T04:41:00.000Z,AUDCHF_otc,L16,CALL,0.686000,86,0.529460,0.529540,0.528330,0.529070,0,10.512549,6.642886,0.536561,0.532896,0.529231,137.559666,0.530263,0.532419,-40.480145,-3.016540,140.576206,0,oversold,-0.021929,-10.512549,3.869663,0.529250,460,1
trading_data.db,2026-04-25T06:16:00.000Z,AUDCHF_otc,L65,PUT,0.637800,323,0.537640,0.538540,0.537530,0.538540,69.811321,67.164179,33.830846,0.540080,0.537971,0.535862,78.414483,0.536773,0.537614,-15.642300,49.784020,28.630463,2.553447,oversold,0.634883,-64.610732,33.333333,0.537370,460,1
trading_data.db,2026-04-25T06:17:00.000Z,AUDCHF_otc,L65,PUT,0.637800,323,0.538540,0.538640,0.537700,0.538230,79.922780,94.489247,65.161424,0.540056,0.537957,0.535859,78.034080,0.537012,0.537566,-10.306603,44.082496,33.951584,1.569666,oversold,0.564913,-92.919581,29.327823,0.536960,460,1
trading_data.db,2026-04-25T07:19:00.000Z,AUDCHF_otc,L41,PUT,0.760000,50,0.536410,0.536650,0.535740,0.536550,10.937500,30.385697,47.632928,0.537737,0.535922,0.534107,67.738662,0.536940,0.535944,18.578690,45.587454,22.151208,88.326895,overbought,0.672990,57.941198,-17.247232,0.536640,-500,0
trading_data.db,2026-04-25T07:44:00.000Z,AUDCHF_otc,L65,PUT,0.637800,323,0.536380,0.537290,0.536160,0.537000,80.751174,76.377727,49.300290,0.539139,0.536746,0.534354,89.144450,0.535920,0.536689,-14.333912,49.295125,39.849325,43.135440,neutral,0.552980,-33.242287,27.077437,0.537170,-500,0
trading_data.db,2026-04-25T12:46:00.000Z,AUDCHF_otc,L41,PUT,0.760000,50,0.541060,0.541060,0.540130,0.540310,8.294931,23.809524,49.611618,0.543748,0.541084,0.538420,98.454846,0.542390,0.541634,13.952482,34.922805,63.532041,94.515578,overbought,0.354709,70.706054,-25.802094,0.539390,460,1
trading_data.db,2026-04-25T14:00:00.000Z,AUDCHF_otc,L41,PUT,0.760000,50,0.543770,0.544010,0.543230,0.543740,16.560510,36.515719,54.474395,0.545804,0.543165,0.540527,97.159804,0.544413,0.543879,9.819231,59.156789,38.003015,97.278330,overbought,0.608861,60.762611,-17.958676,0.544020,-500,0
trading_data.db,2026-04-25T14:13:00.000Z,AUDCHF_otc,L16,CALL,0.686000,86,0.540570,0.540880,0.539920,0.540110,0,5.155316,5.502976,0.545970,0.543205,0.540440,101.819664,0.541350,0.542679,-24.494867,-6.066816,107.886480,0.914437,oversold,-0.059584,-4.240879,-0.347659,0.540170,460,1
trading_data.db,2026-04-25T14:14:00.000Z,AUDCHF_otc,L16,CALL,0.686000,86,0.540110,0.540160,0.539240,0.539600,0,9.102685,6.227375,0.546152,0.542992,0.539833,116.377315,0.540875,0.542384,-27.813738,-4.289185,120.666500,0.557931,oversold,-0.036856,-8.544754,2.875309,0.538850,-500,0
trading_data.db,2026-04-25T14:30:00.000Z,AUDCHF_otc,L65,PUT,0.637800,323,0.536180,0.537210,0.535970,0.536840,45.959596,79.026554,48.843099,0.541766,0.537644,0.533521,153.362549,0.535330,0.536604,-23.733935,61.736427,91.626122,0.000170,oversold,0.402552,-79.026384,30.183454,0.535180,460,1
trading_data.db,2026-04-25T08:20:00.000Z,AUDNZD_otc,L65,PUT,0.637800,323,1.227900,1.228890,1.227740,1.228840,62.523191,69.263390,42.868658,1.232147,1.228698,1.225249,56.148427,1.227007,1.228238,-10.024039,29.229908,26.918519,0.050689,oversold,0.520583,-69.212701,26.394733,1.229940,-500,0
trading_data.db,2026-04-25T08:30:00.000Z,AUDNZD_otc,L41,PUT,0.760000,50,1.231800,1.231850,1.230220,1.230580,4.477612,24.055081,51.542511,1.234489,1.229653,1.224817,78.654702,1.232687,1.230343,19.050052,46.866063,31.788639,92.690884,overbought,0.595846,68.635803,-27.487431,1.233840,-500,0
trading_data.db,2026-04-25T11:07:00.000Z,AUDNZD_otc,L65,PUT,0.637800,323,1.227490,1.229410,1.227410,1.229130,83.359014,82.777896,54.270560,1.233368,1.228006,1.222644,87.331315,1.225752,1.226566,-6.642624,52.818707,34.512608,16.181192,oversold,0.604808,-66.596704,28.507335,1.229060,460,1
trading_data.db,2026-04-25T14:00:00.000Z,AUDNZD_otc,L65,PUT,0.637800,323,1.234250,1.235570,1.234250,1.235410,72.549020,73.778746,48.593372,1.239227,1.235574,1.231922,59.129613,1.233575,1.235098,-12.329850,28.233442,30.896171,1.659086,oversold,0.477484,-72.119659,25.185374,1.232840,460,1
trading_data.db,2026-04-25T14:30:00.000Z,AUDNZD_otc,L65,PUT,0.637800,323,1.225200,1.226980,1.225160,1.225730,100,87.449393,57.219973,1.228168,1.224887,1.221607,53.558415,1.223223,1.224203,-8.001319,33.657390,19.901025,0.667223,oversold,0.628424,-86.782170,30.229420,1.226410,-500,0
trading_data.db,2026-04-25T15:14:00.000Z,AUDNZD_otc,L65,PUT,0.637800,323,1.221770,1.222390,1.221420,1.222110,79.846154,87.834550,59.290787,1.225596,1.220887,1.216179,77.132523,1.219027,1.219709,-5.590719,48.579469,28.553054,16.815902,oversold,0.629818,-71.018648,28.543763,1.222870,-500,0
trading_data.db,2026-04-25T06:34:00.000Z,AUDUSD_otc,L41,PUT,0.760000,50,0.725940,0.726420,0.725900,0.725900,1.063830,21.527778,51.377451,0.727221,0.726155,0.725089,29.366633,0.726553,0.726386,2.307576,11.171670,18.194963,79.298840,overbought,0.380421,57.771063,-29.849673,0.725880,460,1
trading_data.db,2026-04-25T06:35:00.000Z,AUDUSD_otc,L41,PUT,0.760000,50,0.725920,0.726210,0.725860,0.726210,0,0,24.129630,0.727219,0.726165,0.725110,29.035806,0.726397,0.726420,-0.321210,15.144483,13.891323,59.985745,neutral,0.521580,59.985745,-24.129630,0.725620,460,1
trading_data.db,2026-04-25T08:58:00.000Z,AUDUSD_otc,L41,PUT,0.760000,50,0.720620,0.720720,0.720300,0.720360,7.692308,1.428571,21.283644,0.721737,0.720601,0.719465,31.533879,0.720933,0.720927,0.085868,12.422509,19.111370,99.797112,overbought,0.393942,98.368541,-19.855072,0.720340,460,1
trading_data.db,2026-04-25T11:37:00.000Z,AUDUSD_otc,L41,PUT,0.760000,50,0.723820,0.724040,0.723720,0.723750,0,32.278135,50.338635,0.724659,0.723256,0.721853,38.803544,0.723895,0.723669,3.119025,26.231995,12.571549,98.402918,overbought,0.676021,66.124783,-18.060501,0.724720,-500,0
trading_data.db,2026-04-25T12:21:00.000Z,AUDUSD_otc,L65,PUT,0.637800,323,0.722210,0.722490,0.722150,0.722410,69.655172,62.878788,30.808081,0.723161,0.722134,0.721107,28.440333,0.721562,0.722079,-7.158567,18.042172,10.398161,0.398338,oversold,0.634387,-62.480450,32.070707,0.722430,-500,0
trading_data.db,2026-04-25T12:22:00.000Z,AUDUSD_otc,L65,PUT,0.637800,323,0.722410,0.722640,0.722330,0.722550,83.448276,96.212121,62.878788,0.723104,0.722114,0.721125,27.411066,0.721690,0.722076,-5.351630,19.736433,7.674634,2.279340,oversold,0.720017,-93.932781,33.333333,0.722390,460,1
trading_data.db,2026-04-25T06:51:00.000Z,BHDCNY_otc,L65,PUT,0.637800,323,18.270280,18.270990,18.269380,18.270370,61.052632,69.689602,37.677590,18.274898,18.271107,18.267317,4.149570,18.268652,18.270286,-0.894374,1.671142,2.478428,2.761420,oversold,0.402727,-66.928183,32.012012,18.271600,-500,0
trading_data.db,2026-04-25T09:07:00.000Z,BHDCNY_otc,L65,PUT,0.637800,323,18.271000,18.271760,18.270550,18.271590,40.533981,45.531915,19.713313,18.274717,18.271836,18.268956,3.153291,18.270633,18.272013,-0.754993,1.441739,1.711553,11.828597,oversold,0.457217,-33.703318,25.818602,18.274090,-500,0
trading_data.db,2026-04-25T09:08:00.000Z,BHDCNY_otc,L65,PUT,0.637800,323,18.271630,18.272290,18.271350,18.271810,64.425770,78.865248,45.766822,18.274700,18.271819,18.268938,3.153899,18.270608,18.272105,-0.819099,1.572024,1.581875,7.516400,oversold,0.498438,-71.348848,33.098426,18.273490,-500,0
trading_data.db,2026-04-25T13:00:00.000Z,BHDCNY_otc,L65,PUT,0.637800,323,18.263290,18.264540,18.263160,18.263970,57.438795,64.110311,38.436630,18.271732,18.265846,18.259961,6.443722,18.262460,18.264363,-1.041842,2.194534,4.249188,4.925818,oversold,0.340569,-59.184493,25.673681,18.264860,-500,0
trading_data.db,2026-04-25T13:54:00.000Z,BHDCNY_otc,L65,PUT,0.637800,323,18.253170,18.254050,18.252630,18.253840,70.361446,74.905344,45.728045,18.255835,18.252771,18.249707,3.357538,18.251452,18.252013,-0.307468,2.264434,1.093105,6.686791,oversold,0.674433,-68.218553,29.177299,18.252350,460,1
trading_data.db,2026-04-25T14:38:00.000Z,BHDCNY_otc,L65,PUT,0.637800,323,18.248820,18.249760,18.247960,18.249730,74.686192,89.315781,63.173283,18.251242,18.249151,18.247061,2.290767,18.248332,18.248901,-0.312217,1.462384,0.828382,17.063597,oversold,0.638382,-72.252184,26.142498,18.247680,460,1
trading_data.db,2026-04-25T14:45:00.000Z,BHDCNY_otc,L65,PUT,0.637800,323,18.247930,18.249500,18.247550,18.249310,65.886940,74.737617,48.759137,18.250877,18.248510,18.246144,2.593909,18.247577,18.248002,-0.233163,1.735072,0.858836,33.034103,neutral,0.668903,-41.703514,25.978480,18.248600,460,1
trading_data.db,2026-04-25T06:13:00.000Z,CADJPY_otc,L16,CALL,0.686000,86,120.253000,120.253000,120.119000,120.139000,2.066116,15.976545,14.985875,120.555170,120.370300,120.185430,30.716845,120.260833,120.370643,-9.122617,-3.857281,34.574126,0.121160,oversold,-0.125575,-15.855384,0.990670,120.037000,-500,0
trading_data.db,2026-04-25T07:14:00.000Z,CADJPY_otc,L41,PUT,0.760000,50,119.651000,119.673000,119.594000,119.594000,14.814815,3.317834,24.522025,119.829009,119.634800,119.440591,32.466933,119.711833,119.677357,2.880761,12.823088,19.643846,99.768259,overbought,0.394958,96.450425,-21.204191,119.589000,460,1
trading_data.db,2026-04-25T07:19:00.000Z,CADJPY_otc,L65,PUT,0.637800,323,119.727000,119.762000,119.700000,119.708000,82.125604,65.528299,38.345615,119.825589,119.664050,119.502511,26.998825,119.640667,119.689857,-4.109828,17.172195,9.826630,99.981312,overbought,0.636035,34.453014,27.182684,119.704000,460,1
trading_data.db,2026-04-25T08:05:00.000Z,CADJPY_otc,L65,PUT,0.637800,323,120.212000,120.332000,120.206000,120.329000,62.562814,55.229132,28.278057,120.566729,120.328650,120.090571,39.571492,120.180667,120.302571,-10.133180,19.814833,19.756659,6.294584,oversold,0.500735,-48.934548,26.951075,120.435000,-500,0
trading_data.db,2026-04-25T08:06:00.000Z,CADJPY_otc,L65,PUT,0.637800,323,120.332000,120.441000,120.332000,120.419000,90.641711,80.098436,52.660884,120.575619,120.335100,120.094581,39.974791,120.212333,120.300000,-7.287337,26.959592,13.015199,4.703723,oversold,0.674415,-75.394713,27.437552,120.533000,-500,0
trading_data.db,2026-04-25T08:25:00.000Z,CADJPY_otc,L41,PUT,0.760000,50,120.819000,120.887000,120.791000,120.805000,0,42.337732,64.050043,121.004605,120.649450,120.294295,58.873850,120.889000,120.724357,13.637915,42.329649,16.544202,99.901249,overbought,0.718989,57.563517,-21.712312,120.645000,460,1
trading_data.db,2026-04-25T08:26:00.000Z,CADJPY_otc,L41,PUT,0.760000,50,120.808000,120.864000,120.739000,120.747000,0,17.610063,42.860608,121.013904,120.668900,120.323896,57.181973,120.864833,120.743143,10.078459,35.063242,22.118731,99.831004,overbought,0.613187,82.220941,-25.250545,120.655000,460,1
trading_data.db,2026-04-25T08:27:00.000Z,CADJPY_otc,L41,PUT,0.760000,50,120.750000,120.750000,120.641000,120.645000,0,0.548697,20.165497,121.007667,120.679400,120.351133,54.403189,120.817667,120.752857,5.367121,24.351066,30.052122,94.352210,overbought,0.447604,93.803513,-19.616800,120.657000,-500,0
trading_data.db,2026-04-25T09:42:00.000Z,CADJPY_otc,L65,PUT,0.637800,323,120.206000,120.377000,120.198000,120.373000,76.262626,77.814596,52.671879,120.507439,120.277900,120.048361,38.168184,120.187833,120.230786,-3.572494,26.990782,11.177403,10.419694,oversold,0.707154,-67.394902,25.142717,120.405000,-500,0
trading_data.db,2026-04-25T10:37:00.000Z,CADJPY_otc,L65,PUT,0.637800,323,120.246000,120.317000,120.238000,120.268000,63.660477,75.586515,50.101288,120.556933,120.292550,120.028167,43.956740,120.160667,120.262643,-8.479457,19.937512,24.019228,9.284076,oversold,0.453571,-66.302440,25.485227,120.199000,460,1
trading_data.db,2026-04-25T14:45:00.000Z,CADJPY_otc,L16,CALL,0.686000,86,119.865000,119.865000,119.787000,119.834000,0,8.725427,8.613629,120.225245,120.045150,119.865055,30.004498,119.946167,120.035500,-7.442243,-2.586966,32.591465,,,-0.086219,,0.111798,119.803000,-500,0
trading_data.db,2026-04-25T14:46:00.000Z,CADJPY_otc,L16,CALL,0.686000,86,119.834000,119.852000,119.764000,119.773000,0,7.761066,7.984326,120.247885,120.032150,119.816415,35.946249,119.889167,120.010071,-10.074551,-3.616924,39.563173,,,-0.100620,,-0.223260,119.897000,460,1
trading_data.db,2026-04-25T15:22:00.000Z,CADJPY_otc,L16,CALL,0.686000,86,119.907000,119.925000,119.835000,119.868000,0,10.029706,11.315690,120.496542,120.193650,119.890758,50.400706,120.005000,120.143929,-11.563512,-1.893424,52.294130,4.399722,oversold,-0.037567,-5.629984,-1.285984,120.090000,460,1
trading_data.db,2026-04-25T15:25:00.000Z,CADJPY_otc,L65,PUT,0.637800,323,120.087000,120.106000,120.024000,120.059000,57.031250,68.838764,38.635585,120.471034,120.148600,119.826166,53.672555,119.969500,120.072643,-8.590038,19.378846,34.293709,1.028827,oversold,0.361057,-67.809936,30.203179,120.082000,-500,0
trading_data.db,2026-04-25T15:26:00.000Z,CADJPY_otc,L65,PUT,0.637800,323,120.059000,120.086000,119.949000,119.967000,75.517241,93.957115,67.275650,120.448505,120.135050,119.821595,52.183706,119.973833,120.049857,-6.332686,12.103429,40.080277,0.628078,oversold,0.231939,-93.329037,26.681465,120.102000,-500,0
trading_data.db,2026-04-25T06:40:00.000Z,CHFNOK_otc,L41,PUT,0.760000,50,12.099000,12.117000,12.089000,12.093000,0,25.694838,49.860297,12.188295,12.072400,11.956505,192.000713,12.134833,12.102429,26.775421,113.064072,78.936641,99.201576,overbought,0.588873,73.506737,-24.165459,12.135000,-500,0
trading_data.db,2026-04-25T07:37:00.000Z,CHFNOK_otc,L65,PUT,0.637800,323,11.933000,11.940000,11.892000,11.923000,50.485437,62.252426,36.691675,12.020105,11.951200,11.882295,115.309880,11.912167,11.946357,-28.620002,34.058983,81.250897,24.015350,oversold,0.295369,-38.237076,25.560751,11.900000,460,1
trading_data.db,2026-04-25T07:50:00.000Z,CHFNOK_otc,L16,CALL,0.686000,86,11.761000,11.785000,11.747000,11.762000,0.787402,5.184387,6.199777,11.991947,11.882400,11.772853,184.385423,11.818333,11.866929,-40.950140,-9.133620,193.519043,2.864024,oversold,-0.049535,-2.320363,-1.015390,11.769000,460,1
trading_data.db,2026-04-25T07:55:00.000Z,CHFNOK_otc,L65,PUT,0.637800,323,11.818000,11.849000,11.797000,11.806000,100,81.481481,54.303517,11.976476,11.849500,11.722524,214.315162,11.780000,11.825000,-38.054968,70.447171,143.867991,0.708989,oversold,0.328708,-80.772493,27.177964,11.731000,460,1
trading_data.db,2026-04-25T12:11:00.000Z,CHFNOK_otc,L65,PUT,0.637800,323,12.463000,12.488000,12.455000,12.464000,71.052632,80.141844,52.385063,12.726344,12.532250,12.338156,309.750704,12.428333,12.488286,-48.006894,100.415857,209.334846,0.116331,oversold,0.324183,-80.025513,27.756781,12.450000,460,1
trading_data.db,2026-04-25T05:28:00.000Z,EURCHF_otc,L65,PUT,0.637800,323,0.914870,0.915720,0.914790,0.915430,61.581921,79.586872,54.222853,0.919524,0.916185,0.912845,72.906696,0.914360,0.915338,-10.683019,28.218107,44.688589,0.180643,oversold,0.387044,-79.406228,25.364019,0.915810,-500,0
trading_data.db,2026-04-25T05:51:00.000Z,EURCHF_otc,L65,PUT,0.637800,323,0.911820,0.912260,0.911420,0.912260,82.113821,80.484389,53.301178,0.916904,0.912876,0.908847,88.256000,0.910673,0.911850,-12.904169,37.385569,50.870431,0.967491,oversold,0.423604,-79.516898,27.183210,0.911850,460,1
trading_data.db,2026-04-25T08:48:00.000Z,EURCHF_otc,L41,PUT,0.760000,50,0.923070,0.923230,0.922460,0.922500,9.322034,47.554503,66.801831,0.924101,0.922534,0.920967,33.977506,0.923210,0.922891,3.459626,16.620203,17.357303,45.000459,neutral,0.489153,-2.554044,-19.247329,0.922530,-500,0
trading_data.db,2026-04-25T09:11:00.000Z,EURCHF_otc,L41,PUT,0.760000,50,0.926340,0.926470,0.925620,0.925640,6.081081,31.692739,61.052260,0.929243,0.925011,0.920780,91.499488,0.927302,0.926068,13.323101,52.544254,38.955234,97.304053,overbought,0.574257,65.611314,-29.359520,0.925830,-500,0
trading_data.db,2026-04-25T09:12:00.000Z,EURCHF_otc,L41,PUT,0.760000,50,0.925640,0.926630,0.925610,0.926580,0,3.869048,32.340932,0.929100,0.925231,0.921362,83.622985,0.926968,0.926247,7.786156,56.391635,27.231350,91.970732,overbought,0.674356,88.101685,-28.471885,0.925740,460,1
trading_data.db,2026-04-25T11:32:00.000Z,EURCHF_otc,L65,PUT,0.637800,323,0.915000,0.915170,0.914360,0.914840,57.142857,52.201122,25.784381,0.916251,0.914563,0.912874,36.918819,0.914030,0.914766,-8.050455,21.493647,15.425172,28.958395,neutral,0.582187,-23.242726,26.416740,0.912580,460,1
trading_data.db,2026-04-25T11:54:00.000Z,EURCHF_otc,L65,PUT,0.637800,323,0.913230,0.914010,0.912730,0.912790,75.000000,75.881733,45.572916,0.914427,0.912655,0.910883,38.828025,0.912280,0.912884,-6.611702,20.893213,17.934812,26.179734,neutral,0.538096,-49.701999,30.308816,0.912900,-500,0
trading_data.db,2026-04-25T13:48:00.000Z,EURCHF_otc,L65,PUT,0.637800,323,0.896650,0.898910,0.896640,0.898820,63.272727,52.975793,28.120507,0.903700,0.899433,0.895166,94.879692,0.896763,0.898416,-18.400100,40.624441,54.255251,3.053786,oversold,0.428168,-49.922007,24.855287,0.900870,-500,0
trading_data.db,2026-04-25T13:49:00.000Z,EURCHF_otc,L65,PUT,0.637800,323,0.898850,0.900720,0.898440,0.900410,96.940727,75.085031,49.792263,0.903431,0.899340,0.895248,90.991408,0.897272,0.898418,-12.757877,57.398884,33.592524,13.167123,oversold,0.630817,-61.917908,25.292768,0.900870,-500,0
trading_data.db,2026-04-25T13:55:00.000Z,EURCHF_otc,L41,PUT,0.760000,50,0.899220,0.899390,0.898920,0.899220,0,24.776501,56.588019,0.902405,0.898986,0.895568,76.049280,0.900313,0.898622,18.819818,40.622009,35.427270,91.501184,overbought,0.534154,66.724684,-31.811519,0.899670,-500,0
trading_data.db,2026-04-25T13:56:00.000Z,EURCHF_otc,L41,PUT,0.760000,50,0.899360,0.899360,0.898130,0.898800,7.821229,2.898551,28.040666,0.902372,0.898967,0.895562,75.756813,0.900062,0.898731,14.809246,36.020719,39.736094,94.676764,overbought,0.475478,91.778213,-25.142115,0.899560,-500,0
trading_data.db,2026-04-25T08:09:00.000Z,EURGBP_otc,L65,PUT,0.637800,323,0.873830,0.873830,0.873150,0.873450,57.142857,82.772425,55.892094,0.874307,0.873653,0.873000,14.957165,0.873565,0.873724,-1.814892,5.149284,9.807881,71.613347,neutral,0.344269,-11.159078,26.880331,0.873500,-500,0
trading_data.db,2026-04-25T10:30:00.000Z,EURGBP_otc,L16,CALL,0.686000,86,0.867730,0.868040,0.867640,0.867680,0,11.606054,11.023044,0.870921,0.869402,0.867883,34.945853,0.868478,0.869196,-8.253388,-2.333791,37.279644,0,oversold,-0.066783,-11.606054,0.583009,0.867470,-500,0
trading_data.db,2026-04-25T12:23:00.000Z,EURGBP_otc,L65,PUT,0.637800,323,0.863350,0.863780,0.863050,0.863240,79.768786,85.606061,54.581530,0.864215,0.863239,0.862262,22.617210,0.862715,0.863157,-5.122391,11.325982,11.291229,10.338181,oversold,0.500768,-75.267879,31.024531,0.863750,-500,0
trading_data.db,2026-04-25T14:34:00.000Z,EURGBP_otc,L65,PUT,0.637800,323,0.865640,0.865930,0.865210,0.865230,83.132530,69.178082,36.442120,0.867088,0.865582,0.864075,34.810724,0.864737,0.865335,-6.914471,13.344508,21.466216,1.644362,oversold,0.383345,-67.533720,32.735962,0.865690,-500,0
trading_data.db,2026-04-25T14:35:00.000Z,EURGBP_otc,L65,PUT,0.637800,323,0.865230,0.865610,0.865200,0.865250,66.995074,90.441176,65.154669,0.867031,0.865539,0.864046,34.494436,0.864855,0.865229,-4.325856,13.914033,20.580403,3.610115,oversold,0.403370,-86.831062,25.286507,0.866050,-500,0
trading_data.db,2026-04-25T15:37:00.000Z,EURGBP_otc,L65,PUT,0.637800,323,0.864860,0.865060,0.864650,0.865020,60.220994,82.240927,54.255172,0.865644,0.864806,0.863968,19.374162,0.864473,0.864793,-3.694802,12.161625,7.212538,67.487755,neutral,0.627724,-14.753172,27.985755,0.864670,460,1
trading_data.db,2026-04-25T04:40:00.000Z,EURHUF_otc,L65,PUT,0.637800,323,364.596000,365.466000,364.406000,365.327000,88.070175,79.709239,53.331485,366.727893,364.639500,362.551107,114.545628,363.872000,364.253214,-10.465640,76.127052,38.418576,0.218103,oversold,0.664600,-79.491136,26.377754,366.533000,-500,0
trading_data.db,2026-04-25T05:37:00.000Z,EURHUF_otc,L41,PUT,0.760000,50,372.168000,372.482000,371.314000,371.352000,16.213592,22.873208,40.199743,373.223605,371.092200,368.960795,114.871973,372.198667,371.440929,20.399962,64.436942,50.435031,97.665387,overbought,0.560946,74.792180,-17.326535,370.912000,460,1
trading_data.db,2026-04-25T05:45:00.000Z,EURHUF_otc,L65,PUT,0.637800,323,371.405000,371.918000,370.677000,370.746000,86.633389,80.571310,55.721028,373.125281,371.266700,369.408119,100.121053,370.496833,371.286929,-21.279910,36.035568,64.085485,5.563454,oversold,0.359920,-75.007856,24.850282,369.631000,460,1
trading_data.db,2026-04-25T06:29:00.000Z,EURHUF_otc,L65,PUT,0.637800,323,374.452000,374.625000,373.907000,374.450000,57.710280,59.474079,29.622286,375.934767,374.228700,372.522633,91.177766,373.418333,373.931643,-13.727363,51.502379,39.675387,0.781906,oversold,0.564857,-58.692173,29.851793,373.067000,460,1
trading_data.db,2026-04-25T06:30:00.000Z,EURHUF_otc,L65,PUT,0.637800,323,374.493000,374.825000,373.735000,373.965000,92.187500,89.555380,58.390069,375.952935,374.243050,372.533165,91.378340,373.502167,373.946786,-11.889902,38.259506,53.118834,0.477113,oversold,0.418693,-89.078267,31.165312,372.901000,460,1
trading_data.db,2026-04-25T08:44:00.000Z,EURHUF_otc,L16,CALL,0.686000,86,360.509000,360.610000,359.727000,359.932000,0,4.362503,5.990601,364.941517,362.694550,360.447583,123.904104,361.328833,362.264286,-25.822374,-14.215346,138.119449,,,-0.114729,,-1.628098,359.601000,-500,0
trading_data.db,2026-04-25T08:45:00.000Z,EURHUF_otc,L16,CALL,0.686000,86,359.991000,360.084000,359.461000,359.724000,0,5.167364,4.602850,364.866416,362.450100,360.033784,133.332324,360.856500,362.008000,-31.808689,-8.546950,141.879274,,,-0.064103,,0.564514,360.219000,460,1
trading_data.db,2026-04-25T08:46:00.000Z,EURHUF_otc,L16,CALL,0.686000,86,359.724000,360.075000,359.409000,359.601000,0,7.330988,5.620285,364.782963,362.216850,359.650737,141.689311,360.442167,361.791571,-37.297850,-1.373133,143.062445,1.998371,oversold,-0.009691,-5.332616,1.710703,359.249000,-500,0
trading_data.db,2026-04-25T08:52:00.000Z,EURHUF_otc,L65,PUT,0.637800,323,359.552000,360.654000,359.398000,360.606000,55.323246,68.020529,43.160122,364.113682,361.183750,358.253818,162.240514,359.765500,360.420786,-18.181130,65.124244,97.116270,3.539887,oversold,0.401406,-64.480642,24.860407,359.780000,460,1
trading_data.db,2026-04-25T09:19:00.000Z,EURHUF_otc,L65,PUT,0.637800,323,359.133000,359.460000,358.533000,359.460000,77.398801,73.428515,45.965511,360.874500,359.160050,357.445600,95.469969,358.308000,358.793286,-13.525496,56.086414,39.383554,87.435780,overbought,0.587477,14.007266,27.463004,359.579000,-500,0
trading_data.db,2026-04-25T09:20:00.000Z,EURHUF_otc,L65,PUT,0.637800,323,359.460000,359.836000,359.007000,359.804000,91.146425,99.554628,73.376693,360.902730,359.173000,357.443270,96.317356,358.609000,358.774214,-4.604965,65.726814,30.590542,91.062813,overbought,0.682398,-8.491815,26.177935,359.580000,460,1
trading_data.db,2026-04-25T09:36:00.000Z,EURHUF_otc,L65,PUT,0.637800,323,359.015000,359.470000,358.544000,358.863000,54.310115,65.225225,32.852853,360.452085,358.974100,357.496115,82.344921,358.313667,358.872571,-15.573906,38.077530,44.267391,90.866561,overbought,0.462415,25.641336,32.372372,359.204000,-500,0
trading_data.db,2026-04-25T09:37:00.000Z,EURHUF_otc,L65,PUT,0.637800,323,358.863000,359.829000,358.510000,359.490000,65.655245,94.465839,64.341466,360.432677,359.064400,357.696123,76.213447,358.446667,358.832643,-10.756440,49.959751,26.253697,93.221579,overbought,0.655524,-1.244260,30.124373,360.131000,-500,0
trading_data.db,2026-04-25T12:10:00.000Z,EURHUF_otc,L16,CALL,0.686000,86,354.711000,354.891000,353.812000,354.019000,0,9.227264,10.304994,358.176859,356.383850,354.590841,100.622374,355.719500,356.145857,-11.971419,-16.045636,116.668010,55.132633,neutral,-0.159464,45.905369,-1.077730,354.629000,460,1
trading_data.db,2026-04-25T12:27:00.000Z,EURHUF_otc,L41,PUT,0.760000,50,358.390000,358.467000,356.970000,357.202000,14.804917,23.116788,52.874454,360.955571,356.955400,352.955229,224.127200,359.239500,357.847714,38.893240,118.972026,105.155174,99.374613,overbought,0.530824,76.257826,-29.757666,356.763000,460,1
trading_data.db,2026-04-25T12:28:00.000Z,EURHUF_otc,L41,PUT,0.760000,50,357.233000,357.407000,356.052000,356.070000,4.445919,3.591031,26.582559,360.952397,356.978850,353.005303,222.620844,358.611833,357.863500,20.911139,85.850930,136.769913,98.368800,overbought,0.385637,94.777769,-22.991528,356.361000,-500,0
trading_data.db,2026-04-25T12:34:00.000Z,EURHUF_otc,L65,PUT,0.637800,323,357.834000,358.529000,357.539000,357.936000,73.131749,72.377158,45.652450,360.615697,357.578450,354.541203,169.878660,356.913333,358.002429,-30.421448,94.938535,74.940126,55.627245,neutral,0.558861,-16.749913,26.724708,356.396000,460,1
trading_data.db,2026-04-25T13:47:00.000Z,EURHUF_otc,L65,PUT,0.637800,323,353.022000,353.955000,352.790000,353.955000,56.938961,57.392230,28.601895,355.010091,353.585200,352.160309,80.596769,352.868000,353.284000,-11.775229,50.756967,29.839802,89.817349,overbought,0.629764,32.425118,28.790336,353.670000,460,1
trading_data.db,2026-04-25T13:58:00.000Z,EURHUF_otc,L16,CALL,0.686000,86,350.496000,350.688000,349.526000,349.762000,1.881720,4.162302,5.598357,354.939905,352.582600,350.225295,133.716469,351.194500,352.350143,-32.798138,-13.140041,146.856510,34.615316,neutral,-0.098268,30.453014,-1.436055,349.418000,-500,0
trading_data.db,2026-04-25T15:59:00.000Z,EURHUF_otc,L65,PUT,0.637800,323,364.372000,365.167000,364.033000,364.932000,69.934436,73.932601,43.920981,366.233500,364.452950,362.672400,97.710821,363.666500,364.042786,-10.336305,61.999769,35.711053,0.209800,oversold,0.634523,-73.722801,30.011620,365.132000,-500,0
trading_data.db,2026-04-25T04:40:00.000Z,EURJPY_otc,L16,CALL,0.686000,86,187.552000,187.560000,187.422000,187.434000,0,16.664935,18.093724,187.820574,187.652150,187.483726,17.950618,187.559667,187.611500,-2.762801,-2.649924,20.600542,0,oversold,-0.147623,-16.664935,-1.428789,187.384000,-500,0
trading_data.db,2026-04-25T10:52:00.000Z,EURJPY_otc,L16,CALL,0.686000,86,188.282000,188.326000,188.273000,188.273000,2.484472,10.291368,11.485946,188.576223,188.435000,188.293777,14.989065,188.352667,188.410714,-3.080909,-1.102596,16.091662,0,oversold,-0.073560,-10.291368,-1.194578,188.249000,-500,0
trading_data.db,2026-04-25T12:21:00.000Z,EURJPY_otc,L41,PUT,0.760000,50,188.109000,188.177000,188.079000,188.147000,12.994350,6.944444,26.321306,188.288465,188.123800,187.959135,17.506050,188.195000,188.139714,2.938546,9.986256,7.519795,99.557320,overbought,0.570446,92.612875,-19.376861,188.140000,460,1
trading_data.db,2026-04-25T15:54:00.000Z,EURJPY_otc,L41,PUT,0.760000,50,187.803000,187.864000,187.788000,187.795000,0,20.472441,50.319460,187.968771,187.667000,187.365229,32.160239,187.849500,187.732000,6.258922,22.900711,9.259527,99.999942,overbought,0.712082,79.527501,-29.847019,187.847000,-500,0
trading_data.db,2026-04-25T15:55:00.000Z,EURJPY_otc,L41,PUT,0.760000,50,187.798000,187.855000,187.782000,187.853000,0,0,23.519539,187.977917,187.682350,187.386783,31.496562,187.836500,187.752500,4.473975,24.840772,6.655790,99.999965,overbought,0.788682,99.999965,-23.519539,187.814000,460,1
trading_data.db,2026-04-25T05:21:00.000Z,EURNZD_otc,L41,PUT,0.760000,50,2.005940,2.006750,2.005720,2.006390,15.730337,5.992086,26.932185,2.008654,2.006290,2.003925,23.571800,2.006898,2.006173,3.616220,12.286825,11.284975,0.070901,oversold,0.521251,-5.921185,-20.940099,2.011020,-500,0
trading_data.db,2026-04-25T11:57:00.000Z,EURNZD_otc,L65,PUT,0.637800,323,2.001140,2.002200,2.000890,2.001710,40.388350,48.561402,21.308416,2.012932,2.005375,1.997818,75.371971,2.000242,2.003811,-17.814859,19.410102,55.961869,3.770324,oversold,0.257524,-44.791078,27.252986,1.999940,460,1
trading_data.db,2026-04-25T11:58:00.000Z,EURNZD_otc,L65,PUT,0.637800,323,2.001660,2.002550,2.001090,2.001120,83.067093,81.758958,48.516143,2.012557,2.005014,1.997471,75.241507,2.000163,2.003305,-15.682418,18.199443,57.042064,2.328984,oversold,0.241880,-79.429973,33.242815,2.001130,-500,0
trading_data.db,2026-04-25T14:38:00.000Z,EURNZD_otc,L41,PUT,0.760000,50,2.001330,2.001690,1.999960,2.000460,0,48.838845,69.513968,2.004214,1.999874,1.995534,43.406624,2.002888,2.000509,11.895785,24.633497,18.773127,99.615992,overbought,0.567505,50.777147,-20.675124,2.000060,460,1
trading_data.db,2026-04-25T14:39:00.000Z,EURNZD_otc,L41,PUT,0.760000,50,2.000500,2.000690,1.999430,2.000160,0,23.176362,49.326990,2.004207,2.000040,1.995872,41.672932,2.002327,2.000712,8.069746,21.438954,20.233978,98.572287,overbought,0.514458,75.395925,-26.150628,1.998350,460,1
trading_data.db,2026-04-25T14:40:00.000Z,EURNZD_otc,L41,PUT,0.760000,50,2.000120,2.000490,1.999570,2.000060,0,4.275742,25.430316,2.004175,2.000164,1.996152,40.116256,2.001750,2.000826,4.619521,19.540670,20.575586,94.194916,overbought,0.487101,89.919174,-21.154574,1.997540,460,1
trading_data.db,2026-04-25T06:08:00.000Z,EURRUB_otc,L41,PUT,0.760000,50,85.400380,85.400500,85.399350,85.399350,8.608059,2.253202,28.103036,85.404575,85.400275,85.395975,1.006986,85.402073,85.401327,0.087375,0.395180,0.611806,98.816874,overbought,0.392438,96.563672,-25.849834,85.400990,-500,0
trading_data.db,2026-04-25T06:21:00.000Z,EURRUB_otc,L65,PUT,0.637800,323,85.401820,85.402750,85.401210,85.401350,69.467213,78.258869,46.267817,85.403892,85.400719,85.397546,0.743093,85.399680,85.399961,-0.032954,0.445434,0.297660,6.389116,oversold,0.599432,-71.869753,31.991051,85.402080,-500,0
trading_data.db,2026-04-25T07:37:00.000Z,EURRUB_otc,L65,PUT,0.637800,323,85.399890,85.399930,85.398610,85.399840,75.000000,97.353794,70.267544,85.404238,85.399807,85.395376,1.037691,85.398213,85.398763,-0.064348,0.522710,0.514982,0.544917,oversold,0.503724,-96.808877,27.086250,85.399550,460,1
trading_data.db,2026-04-25T07:58:00.000Z,EURRUB_otc,L41,PUT,0.760000,50,85.406060,85.406220,85.404730,85.404730,14.285714,22.831050,47.529970,85.410279,85.405011,85.399742,1.233804,85.407675,85.406424,0.146526,0.584059,0.649746,99.972086,overbought,0.473380,77.141036,-24.698919,85.404650,460,1
trading_data.db,2026-04-25T11:07:00.000Z,EURRUB_otc,L65,PUT,0.637800,323,85.378890,85.379210,85.378150,85.378880,66.569767,89.223058,57.548099,85.380146,85.378501,85.376857,0.385271,85.377708,85.378214,-0.059176,0.236967,0.148303,53.536730,neutral,0.615067,-35.686327,31.674959,85.376570,460,1
trading_data.db,2026-04-25T14:13:00.000Z,EURRUB_otc,L41,PUT,0.760000,50,85.388050,85.389640,85.387940,85.389150,7.142857,7.755776,27.669963,85.391094,85.386944,85.382794,0.971945,85.389110,85.387824,0.150657,0.744326,0.227619,99.184554,overbought,0.765811,91.428778,-19.914188,85.387540,460,1
trading_data.db,2026-04-25T15:29:00.000Z,EURRUB_otc,L41,PUT,0.760000,50,85.394510,85.395200,85.393950,85.394010,6.532663,30.797415,53.384724,85.396798,85.392128,85.387458,1.093874,85.395023,85.393112,0.223811,0.767332,0.326542,100,overbought,0.701481,69.202585,-22.587309,85.395520,-500,0
trading_data.db,2026-04-25T15:47:00.000Z,EURRUB_otc,L65,PUT,0.637800,323,85.397430,85.398460,85.397260,85.397390,78.684807,68.395861,36.840093,85.399219,85.396107,85.392994,0.728996,85.395117,85.396493,-0.161153,0.514798,0.214199,15.174468,oversold,0.706173,-53.221393,31.555769,85.399480,-500,0
trading_data.db,2026-04-25T06:51:00.000Z,EURTRY_otc,L41,PUT,0.760000,50,52.864620,52.864670,52.864550,52.864590,0,41.852522,66.436797,52.865084,52.864115,52.863145,0.366658,52.864717,52.864349,0.069630,0.273277,0.093382,99.995134,overbought,0.745317,58.142611,-24.584274,52.864550,460,1
trading_data.db,2026-04-25T06:52:00.000Z,EURTRY_otc,L41,PUT,0.760000,50,52.864570,52.864610,52.864330,52.864330,0,15.484363,42.439199,52.865087,52.864179,52.863271,0.343599,52.864678,52.864415,0.049813,0.200363,0.143236,99.997073,overbought,0.583131,84.512710,-26.954836,52.864540,-500,0
trading_data.db,2026-04-25T06:53:00.000Z,EURTRY_otc,L41,PUT,0.760000,50,52.864330,52.864550,52.864260,52.864550,0,1.449275,19.595387,52.865074,52.864221,52.863368,0.322666,52.864600,52.864454,0.027699,0.223568,0.099098,99.502955,overbought,0.692877,98.053680,-18.146112,52.864620,-500,0
trading_data.db,2026-04-25T11:06:00.000Z,EURTRY_otc,L65,PUT,0.637800,323,52.868780,52.868780,52.868500,52.868560,88.524590,71.851852,46.820988,52.869161,52.868651,52.868142,0.192720,52.868457,52.868550,-0.017654,0.079053,0.113667,2.755998,oversold,0.410196,-69.095854,25.030864,52.868720,-500,0
trading_data.db,2026-04-25T13:46:00.000Z,EURTRY_otc,L41,PUT,0.760000,50,52.873550,52.873650,52.873450,52.873460,9.259259,19.685686,37.186568,52.873945,52.873343,52.872741,0.227827,52.873682,52.873463,0.041384,0.136042,0.091785,48.577023,neutral,0.597128,28.891337,-17.500882,52.873580,-500,0
trading_data.db,2026-04-25T14:02:00.000Z,EURTRY_otc,L65,PUT,0.637800,323,52.873510,52.873590,52.873360,52.873440,60.377358,77.108722,46.597969,52.873864,52.873561,52.873258,0.114480,52.873410,52.873542,-0.024992,0.034355,0.080125,0.028148,oversold,0.300098,-77.080574,30.510753,52.873390,460,1
trading_data.db,2026-04-25T15:54:00.000Z,EURTRY_otc,L65,PUT,0.637800,323,52.870050,52.870090,52.869940,52.869940,62.264151,55.336617,27.870180,52.870711,52.870152,52.869592,0.211614,52.869840,52.870039,-0.037558,0.065803,0.145811,0.591726,oversold,0.310959,-54.744892,27.466438,52.870120,-500,0
trading_data.db,2026-04-25T15:55:00.000Z,EURTRY_otc,L65,PUT,0.637800,323,52.869950,52.870010,52.869830,52.869990,84.615385,77.847440,51.900054,52.870577,52.870109,52.869642,0.177036,52.869852,52.870029,-0.033460,0.065915,0.111120,1.664477,oversold,0.372328,-76.182963,25.947386,52.870330,-500,0
trading_data.db,2026-04-25T08:45:00.000Z,EURUSD_otc,L16,CALL,0.686000,86,1.188880,1.188880,1.188450,1.188500,0,6.286901,6.617253,1.191647,1.190162,1.188676,24.962211,1.189143,1.189990,-7.114906,-1.479185,26.441396,8.710023,oversold,-0.059257,2.423122,-0.330352,1.188430,-500,0
trading_data.db,2026-04-25T08:46:00.000Z,EURUSD_otc,L16,CALL,0.686000,86,1.188500,1.188500,1.188070,1.188180,0,7.748412,7.401923,1.191762,1.190050,1.188338,28.766088,1.188898,1.189808,-7.644292,-1.330581,30.096670,5.454827,oversold,-0.046255,-2.293585,0.346489,1.187930,-500,0
trading_data.db,2026-04-25T09:11:00.000Z,EURUSD_otc,L65,PUT,0.637800,323,1.186490,1.186490,1.186300,1.186360,81.372549,77.934272,51.060500,1.187655,1.186524,1.185393,19.058537,1.185937,1.186277,-2.870123,8.147080,10.911457,2.943562,oversold,0.427477,-74.990710,26.873772,1.186450,-500,0
trading_data.db,2026-04-25T10:06:00.000Z,EURUSD_otc,L41,PUT,0.760000,50,1.185690,1.185780,1.185350,1.185430,15.942029,16.239316,48.911274,1.186299,1.185481,1.184663,13.805584,1.185995,1.185626,3.114690,6.472587,7.332997,99.985669,overbought,0.468838,83.746353,-32.671958,1.185730,-500,0
trading_data.db,2026-04-25T10:07:00.000Z,EURUSD_otc,L41,PUT,0.760000,50,1.185400,1.185690,1.185270,1.185470,11.224490,0,21.937322,1.186279,1.185507,1.184735,13.024182,1.185868,1.185639,1.937875,6.199988,6.824194,99.991369,overbought,0.476037,99.991369,-21.937322,1.185370,460,1
trading_data.db,2026-04-25T07:01:00.000Z,GBPAUD_otc,L65,PUT,0.637800,323,1.842580,1.843290,1.842020,1.843290,52.884615,46.720696,20.964500,1.846603,1.843680,1.840757,31.710681,1.841842,1.843213,-7.439133,13.740006,17.970675,0.002572,oversold,0.433293,-46.718124,25.756196,1.844390,-500,0
trading_data.db,2026-04-25T07:02:00.000Z,GBPAUD_otc,L65,PUT,0.637800,323,1.843250,1.844430,1.842850,1.843950,65.079365,80.054029,47.326754,1.846208,1.843530,1.840852,29.051978,1.841993,1.843111,-6.066346,16.804227,12.247751,0.001546,oversold,0.578419,-80.052483,32.727275,1.843460,460,1
trading_data.db,2026-04-25T10:13:00.000Z,GBPAUD_otc,L65,PUT,0.637800,323,1.829530,1.830520,1.829470,1.830520,68.975069,79.880851,51.998254,1.833873,1.830861,1.827850,32.898603,1.829160,1.830328,-6.380590,14.584059,18.314543,6.634742,oversold,0.443303,-73.246110,27.882597,1.831390,-500,0
trading_data.db,2026-04-25T10:22:00.000Z,GBPAUD_otc,L16,CALL,0.686000,86,1.827790,1.828250,1.826460,1.826620,0,5.679706,6.660090,1.832568,1.829751,1.826934,30.786548,1.828848,1.829505,-3.589313,-1.718344,32.504892,84.938400,overbought,-0.055815,79.258694,-0.980384,1.828230,460,1
trading_data.db,2026-04-25T10:26:00.000Z,GBPAUD_otc,L65,PUT,0.637800,323,1.828360,1.829000,1.828090,1.828940,61.052632,77.186312,48.702165,1.831988,1.829125,1.826262,31.303308,1.827618,1.829224,-8.779418,14.640241,16.663067,40.388674,neutral,0.467690,-36.797638,28.484147,1.828260,460,1
trading_data.db,2026-04-25T13:36:00.000Z,GBPAUD_otc,L65,PUT,0.637800,323,1.834850,1.836110,1.834640,1.835610,61.123596,52.215800,23.699422,1.838093,1.835281,1.832469,30.642127,1.833457,1.834981,-8.309413,17.113704,13.528422,21.609617,oversold,0.558502,-30.606183,28.516378,1.836090,-500,0
trading_data.db,2026-04-25T13:37:00.000Z,GBPAUD_otc,L65,PUT,0.637800,323,1.835580,1.836310,1.835030,1.836270,67.647059,85.549133,52.215800,1.838126,1.835320,1.832513,30.578604,1.833743,1.834852,-6.043046,20.468237,10.110367,16.493713,oversold,0.669365,-69.055420,33.333333,1.835680,460,1
trading_data.db,2026-04-25T15:50:00.000Z,GBPAUD_otc,L41,PUT,0.760000,50,1.856640,1.857080,1.855560,1.856150,10.723861,14.800030,35.044605,1.859036,1.856007,1.852978,32.634703,1.857523,1.856296,6.613273,17.087823,15.546880,92.066517,overbought,0.523609,77.266488,-20.244575,1.855190,460,1
trading_data.db,2026-04-25T15:56:00.000Z,GBPAUD_otc,L65,PUT,0.637800,323,1.856490,1.857430,1.855720,1.856970,56.768559,59.692160,31.792597,1.858983,1.856170,1.853356,30.318024,1.855875,1.856799,-4.973999,19.471657,10.846367,15.533826,oversold,0.642247,-44.158333,27.899563,1.857900,-500,0
trading_data.db,2026-04-25T15:57:00.000Z,GBPAUD_otc,L65,PUT,0.637800,323,1.856970,1.857010,1.855930,1.856570,58.474576,82.850483,56.300490,1.858928,1.856300,1.853672,28.311306,1.855940,1.856744,-4.327854,15.610159,12.701147,9.914333,oversold,0.551375,-72.936150,26.549993,1.858090,-500,0
trading_data.db,2026-04-25T06:03:00.000Z,GBPJPY_otc,L41,PUT,0.760000,50,217.641000,217.679000,217.435000,217.435000,16.189112,12.423857,34.258717,217.952298,217.400250,216.848202,50.786339,217.680833,217.448214,10.697676,26.991604,23.794735,90.852588,overbought,0.531474,78.428731,-21.834860,217.512000,-500,0
trading_data.db,2026-04-25T06:23:00.000Z,GBPJPY_otc,L65,PUT,0.637800,323,217.284000,217.419000,217.244000,217.419000,76.098418,79.294343,53.800116,217.756465,217.374150,216.991835,35.175726,217.180667,217.294500,-5.238666,19.651126,15.524600,3.757132,oversold,0.558656,-75.537211,25.494227,216.994000,460,1
trading_data.db,2026-04-25T06:31:00.000Z,GBPJPY_otc,L65,PUT,0.637800,323,217.225000,217.314000,217.161000,217.193000,66.396104,67.374214,42.658933,217.566323,217.148950,216.731577,38.441168,216.958500,217.061143,-4.728753,21.249145,17.192022,2.581987,oversold,0.552771,-64.792227,24.715281,217.381000,-500,0
trading_data.db,2026-04-25T08:28:00.000Z,GBPJPY_otc,L16,CALL,0.686000,86,217.264000,217.299000,217.142000,217.205000,2.521008,16.121166,12.881119,217.916925,217.577250,217.237575,31.223399,217.388667,217.511786,-5.660339,-1.497166,32.720565,0,oversold,-0.047950,-16.121166,3.240047,217.078000,-500,0
trading_data.db,2026-04-25T08:29:00.000Z,GBPJPY_otc,L16,CALL,0.686000,86,217.205000,217.205000,216.979000,217.036000,2.547771,16.183045,15.809089,217.934401,217.538400,217.142399,36.407430,217.285167,217.478929,-8.909456,-4.891058,41.298488,0,oversold,-0.134342,-16.183045,0.373956,217.064000,460,1
trading_data.db,2026-04-25T10:01:00.000Z,GBPJPY_otc,L41,PUT,0.760000,50,215.954000,216.021000,215.865000,215.960000,9.907121,23.913043,45.350242,216.364166,215.946800,215.529434,38.654550,216.092167,216.062643,1.366447,19.938536,18.716013,99.595048,overbought,0.515813,75.682004,-21.437198,215.891000,460,1
trading_data.db,2026-04-25T11:08:00.000Z,GBPJPY_otc,L65,PUT,0.637800,323,215.078000,215.198000,215.067000,215.085000,84.352518,66.666667,37.170906,215.340722,214.943000,214.545278,37.007208,214.806167,214.862929,-2.641773,25.110007,11.897201,18.290229,oversold,0.678517,-48.376438,29.495761,215.091000,-500,0
trading_data.db,2026-04-25T15:14:00.000Z,GBPJPY_otc,L65,PUT,0.637800,323,213.082000,213.152000,212.979000,213.137000,52.235294,77.137334,47.060706,213.465764,213.097750,212.729736,34.539460,212.901667,213.025571,-5.816427,19.111608,15.427852,57.880990,neutral,0.553327,-19.256345,30.076628,212.974000,460,1
trading_data.db,2026-04-25T15:58:00.000Z,GBPJPY_otc,L65,PUT,0.637800,323,212.452000,212.525000,212.370000,212.492000,75.483871,81.135752,53.991826,212.611218,212.404450,212.197682,19.469268,212.334333,212.406857,-3.414382,13.856488,5.612781,22.757541,oversold,0.711711,-58.378211,27.143927,212.550000,-500,0
trading_data.db,2026-04-25T07:09:00.000Z,GBPUSD_otc,L16,CALL,0.686000,86,1.352950,1.353240,1.352780,1.352920,0.806452,10.781592,12.146418,1.357941,1.355523,1.353106,35.666022,1.354097,1.354974,-6.477016,-1.373591,37.039613,0.240153,oversold,-0.038513,-10.541439,-1.364826,1.353350,460,1
trading_data.db,2026-04-25T08:14:00.000Z,GBPUSD_otc,L16,CALL,0.686000,86,1.353950,1.354100,1.353410,1.353530,0,19.167577,19.629143,1.356001,1.354916,1.353830,16.019255,1.354438,1.354718,-2.063336,-2.216102,18.235357,0.617816,oversold,-0.138340,-18.549760,-0.461567,1.353280,-500,0
trading_data.db,2026-04-25T08:40:00.000Z,GBPUSD_otc,L16,CALL,0.686000,86,1.349620,1.349700,1.349350,1.349470,0,4.982763,6.395891,1.352623,1.351201,1.349778,21.050734,1.350353,1.351014,-4.892268,-2.281763,23.332497,0,oversold,-0.108394,-4.982763,-1.413128,1.350490,460,1
trading_data.db,2026-04-25T08:43:00.000Z,GBPUSD_otc,L65,PUT,0.637800,323,1.350490,1.350620,1.350180,1.350240,53.403141,66.468320,41.340744,1.352426,1.350962,1.349497,21.685356,1.349985,1.350687,-5.198412,5.502037,16.183319,0.343249,oversold,0.253721,-66.125071,25.127576,1.349710,460,1
trading_data.db,2026-04-25T09:03:00.000Z,GBPUSD_otc,L65,PUT,0.637800,323,1.349490,1.349950,1.349410,1.349720,64.925373,68.880923,42.137412,1.350595,1.349568,1.348541,15.213443,1.349098,1.349317,-1.621632,8.733008,6.480435,91.352355,overbought,0.574032,22.471432,26.743511,1.350520,-500,0
trading_data.db,2026-04-25T10:17:00.000Z,GBPUSD_otc,L41,PUT,0.760000,50,1.349770,1.349880,1.348900,1.348900,10.526316,22.672673,54.119636,1.351451,1.349213,1.346975,33.171451,1.350385,1.349662,5.355838,14.265855,18.905596,98.156818,overbought,0.430064,75.484145,-31.446963,1.349080,-500,0
trading_data.db,2026-04-25T10:18:00.000Z,GBPUSD_otc,L41,PUT,0.760000,50,1.348910,1.349280,1.348710,1.348730,5.179283,2.526601,26.899222,1.351418,1.349258,1.347098,32.010817,1.350032,1.349711,2.372641,12.092147,19.918670,94.353086,overbought,0.377752,91.826485,-24.372621,1.349030,-500,0
trading_data.db,2026-04-25T10:28:00.000Z,GBPUSD_otc,L65,PUT,0.637800,323,1.348500,1.349010,1.348370,1.348980,74.166667,71.505376,38.172043,1.351470,1.349197,1.346923,33.703525,1.348013,1.348646,-4.689007,15.247104,18.456421,2.757232,oversold,0.452389,-68.748145,33.333333,1.349490,-500,0
trading_data.db,2026-04-25T10:29:00.000Z,GBPUSD_otc,L65,PUT,0.637800,323,1.348980,1.349230,1.348570,1.349120,85.795455,97.736626,69.138015,1.351460,1.349187,1.346913,33.696341,1.348213,1.348532,-2.364123,16.355281,17.341060,3.502133,oversold,0.485373,-94.234493,28.598611,1.349720,-500,0
trading_data.db,2026-04-25T13:12:00.000Z,GBPUSD_otc,L65,PUT,0.637800,323,1.351790,1.352000,1.351490,1.351670,64.356436,74.586349,49.813861,1.353261,1.351618,1.349975,24.314012,1.351037,1.351186,-1.108373,12.541730,11.772282,4.603588,oversold,0.515823,-69.982761,24.772488,1.352260,-500,0
trading_data.db,2026-04-25T13:19:00.000Z,GBPUSD_otc,L41,PUT,0.760000,50,1.351260,1.351420,1.350860,1.351170,10.218978,12.229326,30.062252,1.352492,1.351341,1.350191,17.030873,1.351777,1.351383,2.914123,7.246327,9.784546,85.153870,overbought,0.425482,72.924544,-17.832927,1.351330,-500,0
trading_data.db,2026-04-25T13:29:00.000Z,GBPUSD_otc,L65,PUT,0.637800,323,1.350110,1.350290,1.349750,1.350080,42.192691,48.927875,21.807773,1.352946,1.350951,1.348955,29.544977,1.349653,1.350615,-7.120213,8.328877,21.216100,4.677761,oversold,0.281905,-44.250114,27.120103,1.349970,460,1
trading_data.db,2026-04-25T13:30:00.000Z,GBPUSD_otc,L65,PUT,0.637800,323,1.350080,1.350340,1.349770,1.349980,70.949721,81.454757,48.809208,1.352952,1.350926,1.348900,29.988029,1.349570,1.350475,-6.701346,7.991410,21.996619,2.902766,oversold,0.266487,-78.551991,32.645549,1.349540,460,1
trading_data.db,2026-04-25T14:14:00.000Z,GBPUSD_otc,L65,PUT,0.637800,323,1.348350,1.349100,1.348230,1.349100,68.707483,63.265306,37.229288,1.350709,1.349184,1.347660,22.591439,1.348433,1.348844,-3.041406,10.669415,11.922024,18.597432,oversold,0.472277,-44.667874,26.036018,1.348870,460,1
trading_data.db,2026-04-25T06:03:00.000Z,JODCNY_otc,L41,PUT,0.760000,50,9.753118,9.753178,9.753060,9.753085,1.732673,3.713660,28.955406,9.753575,9.753102,9.752628,0.971165,9.753345,9.753205,0.143274,0.468357,0.502808,95.159743,overbought,0.482263,91.446082,-25.241745,9.753033,460,1
trading_data.db,2026-04-25T08:04:00.000Z,JODCNY_otc,L65,PUT,0.637800,323,9.751258,9.751321,9.751172,9.751238,56.978654,79.210966,54.242672,9.751501,9.751240,9.750979,0.534783,9.751128,9.751186,-0.058699,0.265187,0.269596,96.027429,overbought,0.495877,16.816463,24.968294,9.751262,-500,0
trading_data.db,2026-04-25T08:18:00.000Z,JODCNY_otc,L41,PUT,0.760000,50,9.751478,9.751478,9.751351,9.751357,12.977099,21.673482,44.199656,9.751738,9.751339,9.750941,0.817445,9.751570,9.751430,0.143959,0.426822,0.390622,99.993956,overbought,0.522142,78.320474,-22.526175,9.751209,460,1
trading_data.db,2026-04-25T08:19:00.000Z,JODCNY_otc,L41,PUT,0.760000,50,9.751353,9.751378,9.751291,9.751307,6.117021,2.860697,21.608341,9.751739,9.751349,9.750960,0.798419,9.751517,9.751428,0.091342,0.355780,0.442639,99.996349,overbought,0.445605,97.135652,-18.747645,9.751157,460,1
trading_data.db,2026-04-25T09:12:00.000Z,JODCNY_otc,L65,PUT,0.637800,323,9.750523,9.750762,9.750515,9.750737,88.421053,56.063778,30.246809,9.750988,9.750660,9.750332,0.673490,9.750504,9.750620,-0.118894,0.415611,0.257878,11.095378,oversold,0.617101,-44.968400,25.816968,9.750640,460,1
trading_data.db,2026-04-25T09:13:00.000Z,JODCNY_otc,L65,PUT,0.637800,323,9.750732,9.750851,9.750732,9.750744,87.945205,79.115842,54.048765,9.750928,9.750645,9.750363,0.578835,9.750554,9.750620,-0.066980,0.390590,0.188245,21.587541,oversold,0.674787,-57.528300,25.067077,9.750714,460,1
trading_data.db,2026-04-25T09:23:00.000Z,JODCNY_otc,L41,PUT,0.760000,50,9.750717,9.750776,9.750614,9.750746,0,16.536756,37.771943,9.751071,9.750704,9.750336,0.753311,9.750860,9.750760,0.102581,0.420088,0.333223,98.890346,overbought,0.557656,82.353590,-21.235187,9.750569,460,1
trading_data.db,2026-04-25T11:45:00.000Z,JODCNY_otc,L65,PUT,0.637800,323,9.748377,9.748405,9.748314,9.748343,76.130653,59.399706,34.446193,9.749049,9.748486,9.747923,1.154599,9.748177,9.748329,-0.155802,0.430456,0.724143,2.461977,oversold,0.372819,-56.937729,24.953513,9.748397,-500,0
trading_data.db,2026-04-25T13:44:00.000Z,JODCNY_otc,L41,PUT,0.760000,50,9.747982,9.748019,9.747877,9.747904,14.432990,32.632752,52.405404,9.748232,9.747737,9.747242,1.015891,9.748060,9.747815,0.251338,0.679472,0.336418,99.968115,overbought,0.668844,67.335363,-19.772652,9.747868,460,1
trading_data.db,2026-04-25T13:50:00.000Z,JODCNY_otc,L65,PUT,0.637800,323,9.748027,9.748030,9.747847,9.747853,83.606557,76.543210,43.820377,9.748295,9.747849,9.747403,0.914825,9.747928,9.747984,-0.057179,0.461311,0.453514,99.998465,overbought,0.504261,23.455256,32.722833,9.747855,-500,0
trading_data.db,2026-04-25T09:28:00.000Z,LBPUSD_otc,L65,PUT,0.637800,323,0.000009,0.000009,0.000009,0.000009,54.368932,63.959142,31.807842,0.000009,0.000009,0.000009,398.417550,0.000009,0.000009,-103.374025,122.496912,275.920639,3.038825,oversold,0.307459,-60.920317,32.151300,0.000009,-500,0
trading_data.db,2026-04-25T09:29:00.000Z,LBPUSD_otc,L65,PUT,0.637800,323,0.000009,0.000009,0.000009,0.000009,70.000000,91.734137,62.106362,0.000009,0.000009,0.000009,395.689167,0.000009,0.000009,-90.453728,132.687862,263.001305,1.884839,oversold,0.335334,-89.849298,29.627774,0.000009,460,1
trading_data.db,2026-04-25T11:52:00.000Z,LBPUSD_otc,L16,CALL,0.686000,86,0.000009,0.000009,0.000009,0.000009,0.709220,5.031447,5.509971,0.000010,0.000009,0.000009,270.006659,0.000009,0.000009,-66.644907,-27.227611,297.234270,0.000760,oversold,-0.100841,-5.030687,-0.478524,0.000009,-500,0
trading_data.db,2026-04-25T14:05:00.000Z,LBPUSD_otc,L41,PUT,0.760000,50,0.000009,0.000009,0.000009,0.000009,0,19.076854,38.745575,0.000010,0.000009,0.000009,375.852190,0.000009,0.000009,45.053630,161.125066,214.727124,87.948272,overbought,0.428693,68.871418,-19.668721,0.000009,460,1
trading_data.db,2026-04-25T14:10:00.000Z,LBPUSD_otc,L65,PUT,0.637800,323,0.000009,0.000009,0.000009,0.000009,65.497076,72.499394,47.674887,0.000009,0.000009,0.000009,290.405272,0.000009,0.000009,-53.691752,147.073443,143.331829,13.636938,oversold,0.506442,-58.862456,24.824507,0.000009,460,1
trading_data.db,2026-04-25T14:36:00.000Z,LBPUSD_otc,L16,CALL,0.686000,86,0.000009,0.000009,0.000009,0.000009,0,4.437162,5.821521,0.000009,0.000009,0.000009,527.195828,0.000009,0.000009,-126.115746,-27.941825,555.137653,,,-0.053001,,-1.384359,0.000009,460,1
trading_data.db,2026-04-25T14:57:00.000Z,LBPUSD_otc,L16,CALL,0.686000,86,0.000009,0.000009,0.000009,0.000009,0,11.836254,12.449439,0.000009,0.000009,0.000009,273.269319,0.000009,0.000009,-79.337610,-2.187743,275.457063,14.832936,oversold,-0.008006,2.996682,-0.613185,0.000009,460,1
trading_data.db,2026-04-25T05:56:00.000Z,MADUSD_otc,L41,PUT,0.760000,50,0.176810,0.177060,0.176420,0.176470,15.568862,28.191692,47.693347,0.177828,0.176576,0.175324,141.763023,0.177220,0.176811,23.148242,64.878431,76.884592,84.023531,overbought,0.457654,55.831839,-19.501655,0.176210,460,1
trading_data.db,2026-04-25T06:45:00.000Z,MADUSD_otc,L16,CALL,0.686000,86,0.172630,0.172770,0.171890,0.171970,0,5.040525,5.176958,0.176287,0.174407,0.172528,215.552746,0.173458,0.174087,-36.120389,-31.982525,247.535271,,,-0.148374,,-0.136433,0.172240,460,1
trading_data.db,2026-04-25T06:46:00.000Z,MADUSD_otc,L16,CALL,0.686000,86,0.171940,0.172150,0.171660,0.171850,0,7.151636,5.557901,0.176447,0.174267,0.172088,250.160467,0.172957,0.173815,-49.382006,-13.643281,263.803748,,,-0.054538,,1.593735,0.172600,460,1
trading_data.db,2026-04-25T07:23:00.000Z,MADUSD_otc,L16,CALL,0.686000,86,0.170330,0.170350,0.169740,0.170090,0,5.744229,4.982237,0.175608,0.173013,0.170419,299.904106,0.171943,0.173196,-72.351101,-19.023201,318.927306,34.255976,neutral,-0.063431,28.511746,0.761993,0.169900,-500,0
trading_data.db,2026-04-25T07:24:00.000Z,MADUSD_otc,L16,CALL,0.686000,86,0.170090,0.170360,0.169660,0.169780,0,3.846305,4.202969,0.175818,0.172924,0.170030,334.670751,0.171237,0.172910,-96.774815,-14.478601,349.149352,22.557054,oversold,-0.043262,18.710749,-0.356664,0.169340,-500,0
trading_data.db,2026-04-25T07:28:00.000Z,MADUSD_otc,L65,PUT,0.637800,323,0.170210,0.170940,0.170210,0.170920,66.147860,61.348039,33.087981,0.176154,0.172433,0.168711,431.670116,0.170040,0.171698,-96.556659,128.119575,303.550541,3.595558,oversold,0.296800,-57.752481,28.260058,0.171640,-500,0
trading_data.db,2026-04-25T07:29:00.000Z,MADUSD_otc,L65,PUT,0.637800,323,0.170890,0.171780,0.170890,0.171780,82.051282,94.681373,62.880942,0.176015,0.172334,0.168653,427.200878,0.170322,0.171526,-70.196333,181.453561,245.747316,2.678838,oversold,0.424750,-92.002535,31.800431,0.171720,460,1
trading_data.db,2026-04-25T09:11:00.000Z,MADUSD_otc,L41,PUT,0.760000,50,0.171500,0.171870,0.171280,0.171410,0,31.579104,53.381166,0.172785,0.170677,0.168569,246.997949,0.171948,0.170859,63.739446,166.445593,80.552356,91.169828,overbought,0.673874,59.590725,-21.802063,0.170340,460,1
trading_data.db,2026-04-25T09:12:00.000Z,MADUSD_otc,L41,PUT,0.760000,50,0.171410,0.171450,0.170080,0.170170,0,12.438674,32.001947,0.172702,0.170614,0.168525,244.822888,0.171555,0.170849,41.306247,96.417018,148.405870,92.430109,overbought,0.393824,79.991435,-19.563273,0.170620,-500,0
trading_data.db,2026-04-25T09:37:00.000Z,MADUSD_otc,L41,PUT,0.760000,50,0.175570,0.175570,0.174760,0.175030,0,16.075228,39.289154,0.177621,0.174192,0.170763,393.703215,0.176107,0.175119,56.383336,244.959443,148.743772,99.997929,overbought,0.622193,83.922700,-23.213926,0.175880,-500,0
trading_data.db,2026-04-25T14:40:00.000Z,MADUSD_otc,L41,PUT,0.760000,50,0.176820,0.176820,0.176150,0.176450,7.812500,15.461778,34.946872,0.178032,0.176508,0.174984,172.630148,0.177365,0.176757,34.389396,83.029104,89.601044,100,overbought,0.480965,84.538222,-19.485094,0.175970,460,1
trading_data.db,2026-04-25T15:00:00.000Z,MADUSD_otc,L41,PUT,0.760000,50,0.176740,0.176910,0.176400,0.176630,5.392157,23.253118,46.446878,0.178433,0.176669,0.174905,199.690983,0.177612,0.176978,35.812928,97.637974,102.053010,99.746891,overbought,0.488945,76.493774,-23.193760,0.176600,460,1
trading_data.db,2026-04-25T15:01:00.000Z,MADUSD_otc,L41,PUT,0.760000,50,0.176630,0.176830,0.176310,0.176530,6.395349,6.451951,25.174105,0.178431,0.176667,0.174903,199.753819,0.177292,0.176964,18.540270,92.122207,107.631612,99.729658,overbought,0.461179,93.277707,-18.722154,0.175840,460,1
trading_data.db,2026-04-25T07:21:00.000Z,NGNUSD_otc,L41,PUT,0.760000,50,0.000777,0.000777,0.000776,0.000777,11.656442,6.666667,37.680098,0.000778,0.000777,0.000775,43.636282,0.000777,0.000777,3.468163,28.899382,14.736900,97.521714,overbought,0.662279,90.855048,-31.013431,0.000778,-500,0
trading_data.db,2026-04-25T08:21:00.000Z,NGNUSD_otc,L65,PUT,0.637800,323,0.000771,0.000771,0.000770,0.000771,69.565217,71.122586,43.233418,0.000774,0.000771,0.000769,54.077902,0.000770,0.000771,-6.451653,19.663411,34.414490,0.575411,oversold,0.363613,-70.547175,27.889167,0.000770,460,1
trading_data.db,2026-04-25T08:22:00.000Z,NGNUSD_otc,L65,PUT,0.637800,323,0.000771,0.000771,0.000770,0.000770,67.187500,96.825397,68.579078,0.000773,0.000771,0.000769,52.712767,0.000771,0.000771,-3.706648,9.412878,43.299889,2.541435,oversold,0.178569,-94.283962,28.246319,0.000771,-500,0
trading_data.db,2026-04-25T10:29:00.000Z,NGNUSD_otc,L65,PUT,0.637800,323,0.000760,0.000760,0.000760,0.000760,46.788991,57.140369,30.116647,0.000763,0.000761,0.000758,62.430431,0.000759,0.000760,-14.692827,21.061597,41.368834,23.435191,oversold,0.337361,-33.705178,27.023722,0.000761,-500,0
trading_data.db,2026-04-25T10:30:00.000Z,NGNUSD_otc,L65,PUT,0.637800,323,0.000760,0.000761,0.000760,0.000760,100,83.908046,55.424630,0.000763,0.000761,0.000758,61.771380,0.000759,0.000760,-12.168251,27.822814,33.948566,21.262876,oversold,0.450416,-62.645170,28.483416,0.000760,460,1
trading_data.db,2026-04-25T14:54:00.000Z,NGNUSD_otc,L65,PUT,0.637800,323,0.000757,0.000758,0.000757,0.000758,98.895028,79.111111,51.906516,0.000759,0.000757,0.000755,48.675078,0.000756,0.000757,-4.948992,30.828829,17.846249,60.039083,neutral,0.633360,-19.072028,27.204595,0.000758,-500,0
trading_data.db,2026-04-25T15:56:00.000Z,NGNUSD_otc,L65,PUT,0.637800,323,0.000762,0.000762,0.000761,0.000762,76.966292,66.666667,34.842250,0.000763,0.000762,0.000761,26.564372,0.000761,0.000762,-4.595075,10.827174,15.737198,0.075677,oversold,0.407583,-66.590989,31.824417,0.000761,460,1
trading_data.db,2026-04-25T05:40:00.000Z,NZDJPY_otc,L41,PUT,0.760000,50,91.541000,91.551000,91.489000,91.504000,0,0,18.838210,91.832692,91.478750,91.124808,77.382284,91.635833,91.574000,6.752280,41.451346,35.930938,91.822188,overbought,0.535670,91.822188,-18.838210,91.566000,-500,0
trading_data.db,2026-04-25T05:44:00.000Z,NZDJPY_otc,L65,PUT,0.637800,323,91.639000,91.645000,91.535000,91.580000,66.527197,66.666667,33.333333,91.801310,91.540350,91.279390,57.015289,91.550167,91.607500,-6.258585,32.839068,24.176221,26.216833,neutral,0.575970,-40.449833,33.333333,91.533000,460,1
trading_data.db,2026-04-25T05:45:00.000Z,NZDJPY_otc,L65,PUT,0.637800,323,91.576000,91.643000,91.572000,91.634000,70.666667,98.159509,66.053170,91.791523,91.558350,91.325177,50.934324,91.562500,91.613714,-5.590242,33.729653,17.204671,17.063621,oversold,0.662219,-81.095889,32.106339,91.565000,460,1
trading_data.db,2026-04-25T07:31:00.000Z,NZDJPY_otc,L65,PUT,0.637800,323,91.966000,92.057000,91.910000,92.049000,70.297030,80.724382,55.804421,92.178380,91.991800,91.805220,40.564569,91.927667,91.969571,-4.556372,26.500230,14.064339,2.525598,oversold,0.653285,-78.198784,24.919961,91.976000,460,1
trading_data.db,2026-04-25T07:42:00.000Z,NZDJPY_otc,L16,CALL,0.686000,86,91.725000,91.764000,91.664000,91.709000,0,7.665612,8.797852,92.053166,91.887650,91.722134,36.025841,91.802500,91.883786,-8.846579,-1.429300,37.455142,0.023318,oversold,-0.039674,-7.642293,-1.132240,91.698000,-500,0
trading_data.db,2026-04-25T09:16:00.000Z,NZDJPY_otc,L65,PUT,0.637800,323,92.568000,92.602000,92.548000,92.598000,57.345972,79.533044,54.229432,93.001518,92.717300,92.433082,61.308427,92.543333,92.662500,-12.860290,17.787144,43.521284,2.224696,oversold,0.290126,-77.308349,25.303612,92.673000,-500,0
trading_data.db,2026-04-25T05:27:00.000Z,NZDUSD_otc,L16,CALL,0.686000,86,0.530490,0.530690,0.530100,0.530200,0,8.585463,9.951925,0.532515,0.531454,0.530393,39.946902,0.530787,0.531311,-9.876729,-3.622194,43.569096,,,-0.090675,,-1.366461,0.529730,-500,0
trading_data.db,2026-04-25T05:28:00.000Z,NZDUSD_otc,L16,CALL,0.686000,86,0.530200,0.530330,0.529970,0.530080,0,6.966416,8.200102,0.532605,0.531386,0.530167,45.877781,0.530543,0.531211,-12.563394,-1.638347,47.516128,,,-0.035711,,-1.233686,0.530200,460,1
trading_data.db,2026-04-25T05:29:00.000Z,NZDUSD_otc,L16,CALL,0.686000,86,0.530070,0.530170,0.529600,0.529730,0,9.007321,8.186400,0.532657,0.531274,0.529890,52.069050,0.530333,0.531072,-13.911660,-3.018307,55.087358,,,-0.057967,,0.820921,0.530310,460,1
trading_data.db,2026-04-25T06:01:00.000Z,NZDUSD_otc,L41,PUT,0.760000,50,0.532090,0.532210,0.531790,0.531800,15.972222,14.250153,34.848365,0.533007,0.531872,0.530737,42.665508,0.532385,0.532121,4.966650,19.979045,22.686463,98.956803,overbought,0.468272,84.706650,-20.598211,0.532460,-500,0
trading_data.db,2026-04-25T07:52:00.000Z,NZDUSD_otc,L65,PUT,0.637800,323,0.533960,0.534120,0.533760,0.533840,81.927711,86.158192,59.314378,0.534312,0.533496,0.532680,30.575965,0.533215,0.533457,-4.539125,21.736016,8.839949,0.208141,oversold,0.710886,-85.950051,26.843814,0.533510,460,1
trading_data.db,2026-04-25T08:50:00.000Z,NZDUSD_otc,L65,PUT,0.637800,323,0.534850,0.535000,0.534600,0.534990,64.285714,71.370574,40.883970,0.535788,0.534952,0.534116,31.263368,0.534487,0.534857,-6.926638,16.342028,14.921340,0.000357,oversold,0.522721,-71.370217,30.486604,0.534570,460,1
trading_data.db,2026-04-25T09:02:00.000Z,NZDUSD_otc,L41,PUT,0.760000,50,0.534460,0.534720,0.534280,0.534540,2.702703,2.699086,27.499318,0.535825,0.534825,0.533825,37.389800,0.535153,0.534986,3.119794,13.366054,24.023746,48.944464,neutral,0.357479,46.245379,-24.800232,0.534250,460,1
trading_data.db,2026-04-25T11:52:00.000Z,NZDUSD_otc,L65,PUT,0.637800,323,0.534600,0.535190,0.534470,0.535170,67.826087,70.074793,43.603156,0.535831,0.534849,0.533867,36.721254,0.534280,0.534629,-6.519880,24.362321,12.358933,17.583969,oversold,0.663439,-52.490824,26.471637,0.535490,-500,0
trading_data.db,2026-04-25T12:37:00.000Z,NZDUSD_otc,L65,PUT,0.637800,323,0.533030,0.533910,0.532980,0.533840,54.368932,53.191489,26.003477,0.536457,0.534050,0.531642,90.164559,0.532707,0.533482,-14.536123,41.159422,49.005137,0.008788,oversold,0.456492,-53.182701,27.188012,0.533200,460,1
trading_data.db,2026-04-25T14:35:00.000Z,NZDUSD_otc,L16,CALL,0.686000,86,0.532070,0.532190,0.531650,0.531840,0,3.307992,4.708510,0.534590,0.533340,0.532090,46.861512,0.532900,0.533402,-9.413964,-4.693892,51.555405,34.586530,neutral,-0.100165,31.278538,-1.400518,0.531480,-500,0
trading_data.db,2026-04-25T14:52:00.000Z,NZDUSD_otc,L65,PUT,0.637800,323,0.531560,0.531600,0.531230,0.531440,67.500000,96.296296,67.075351,0.532338,0.531360,0.530381,36.823069,0.531077,0.531187,-2.079798,19.926516,16.896552,0.963094,oversold,0.541142,-95.333202,29.220945,0.531740,-500,0
trading_data.db,2026-04-25T15:48:00.000Z,NZDUSD_otc,L65,PUT,0.637800,323,0.530210,0.530870,0.530210,0.530870,93.000000,69.590643,44.812818,0.534328,0.531212,0.528096,117.324650,0.529643,0.530386,-14.010450,52.224217,65.100432,1.312159,oversold,0.445126,-68.278484,24.777825,0.530460,460,1
trading_data.db,2026-04-25T04:43:00.000Z,OMRCNY_otc,L41,PUT,0.760000,50,17.939020,17.939140,17.938760,17.938780,5.660377,27.608745,46.024867,17.939327,17.938863,17.938399,0.517779,17.939067,17.938908,0.088528,0.212621,0.305158,100,overbought,0.410641,72.391255,-18.416123,17.938600,460,1
trading_data.db,2026-04-25T05:55:00.000Z,OMRCNY_otc,L65,PUT,0.637800,323,17.939800,17.939970,17.939720,17.939900,73.648649,79.844961,48.540613,17.941103,17.939895,17.938687,1.346846,17.939237,17.939632,-0.220448,0.676210,0.670636,0.005219,oversold,0.502069,-79.839742,31.304348,17.939580,460,1
trading_data.db,2026-04-25T07:09:00.000Z,OMRCNY_otc,L65,PUT,0.637800,323,17.938880,17.938980,17.938790,17.938860,94.366197,76.666667,44.224892,17.940168,17.939142,17.938117,1.142997,17.938467,17.939044,-0.321592,0.414022,0.728975,6.628718,oversold,0.362225,-70.037949,32.441774,17.938600,460,1
trading_data.db,2026-04-25T08:51:00.000Z,OMRCNY_otc,L65,PUT,0.637800,323,17.942980,17.942990,17.942750,17.942970,64.285714,69.369118,42.425398,17.943416,17.942703,17.941990,0.795217,17.942797,17.942868,-0.039676,0.546416,0.248801,15.741638,oversold,0.687128,-53.627480,26.943720,17.942820,460,1
trading_data.db,2026-04-25T08:52:00.000Z,OMRCNY_otc,L65,PUT,0.637800,323,17.942970,17.942980,17.942510,17.942830,56.338028,96.790790,68.761179,17.943440,17.942731,17.942022,0.790477,17.942835,17.942919,-0.046576,0.450414,0.340063,10.134490,oversold,0.569800,-86.656300,28.029611,17.943230,-500,0
trading_data.db,2026-04-25T14:54:00.000Z,OMRCNY_otc,L65,PUT,0.637800,323,17.945540,17.945810,17.945520,17.945770,67.307692,67.447123,39.850393,17.946076,17.945545,17.945013,0.592313,17.945380,17.945567,-0.104284,0.421814,0.170498,53.066798,neutral,0.712148,-14.380326,27.596731,17.945530,460,1
trading_data.db,2026-04-25T15:58:00.000Z,OMRCNY_otc,L41,PUT,0.760000,50,17.944580,17.944850,17.944530,17.944540,0,0,20.870076,17.946069,17.944546,17.943023,1.697425,17.945232,17.944949,0.157360,0.845369,0.852056,99.476479,overbought,0.498030,99.476479,-20.870076,17.944630,-500,0
trading_data.db,2026-04-25T09:15:00.000Z,QARCNY_otc,L41,PUT,0.760000,50,1.896742,1.896748,1.896711,1.896712,16.058394,21.938290,45.033048,1.896876,1.896699,1.896523,1.858113,1.896781,1.896746,0.183397,0.994960,0.863152,100,overbought,0.535468,78.061710,-23.094759,1.896683,460,1
trading_data.db,2026-04-25T09:16:00.000Z,QARCNY_otc,L41,PUT,0.760000,50,1.896712,1.896712,1.896673,1.896701,15.714286,9.399189,26.359275,1.896875,1.896704,1.896533,1.804666,1.896763,1.896749,0.074689,0.885725,0.918941,100,overbought,0.490797,90.600811,-16.960086,1.896640,460,1
trading_data.db,2026-04-25T10:50:00.000Z,QARCNY_otc,L65,PUT,0.637800,323,1.896553,1.896613,1.896553,1.896595,74.193548,70.624354,43.435103,1.896653,1.896551,1.896449,1.077997,1.896497,1.896540,-0.225724,0.771790,0.306208,42.200648,neutral,0.715948,-28.423706,27.189251,1.896533,460,1
trading_data.db,2026-04-25T12:16:00.000Z,QARCNY_otc,L65,PUT,0.637800,323,1.896903,1.896941,1.896878,1.896927,65.271967,73.566199,48.878484,1.897202,1.896990,1.896778,2.236080,1.896856,1.896943,-0.456750,0.784881,1.451199,0.238102,oversold,0.351007,-73.328097,24.687715,1.896911,460,1
trading_data.db,2026-04-25T12:25:00.000Z,QARCNY_otc,L65,PUT,0.637800,323,1.896933,1.896974,1.896932,1.896966,65.753425,43.217631,18.251607,1.897052,1.896904,1.896757,1.557569,1.896869,1.896874,-0.029999,1.104315,0.453254,0.002510,oversold,0.708999,-43.215120,24.966024,1.896980,-500,0
trading_data.db,2026-04-25T05:00:00.000Z,SARCNY_otc,L65,PUT,0.637800,323,1.842554,1.842647,1.842554,1.842631,75.925926,72.216472,42.404554,1.842704,1.842580,1.842456,1.348178,1.842524,1.842561,-0.202100,0.950875,0.397303,8.903579,oversold,0.705304,-63.312893,29.811918,1.842606,460,1
trading_data.db,2026-04-25T10:45:00.000Z,SARCNY_otc,L41,PUT,0.760000,50,1.843336,1.843361,1.843302,1.843316,2.898551,44.191605,67.729617,1.843403,1.843267,1.843131,1.472294,1.843357,1.843295,0.338808,1.001708,0.470586,99.738520,overbought,0.680372,55.546915,-23.538012,1.843367,-500,0
trading_data.db,2026-04-25T10:46:00.000Z,SARCNY_otc,L41,PUT,0.760000,50,1.843317,1.843337,1.843311,1.843325,15.277778,27.759949,47.386473,1.843405,1.843275,1.843145,1.409496,1.843348,1.843300,0.257561,0.976547,0.432949,99.422036,overbought,0.692834,71.662087,-19.626524,1.843366,-500,0
trading_data.db,2026-04-25T11:05:00.000Z,SARCNY_otc,L65,PUT,0.637800,323,1.843412,1.843415,1.843324,1.843324,78.195489,84.976526,55.860039,1.843464,1.843371,1.843277,1.013532,1.843351,1.843376,-0.134458,0.253697,0.759835,3.572664,oversold,0.250310,-81.403862,29.116486,1.843374,-500,0
trading_data.db,2026-04-25T14:55:00.000Z,SARCNY_otc,L65,PUT,0.637800,323,1.842902,1.842927,1.842888,1.842914,85.925926,46.413502,20.856865,1.843088,1.842919,1.842749,1.840419,1.842818,1.842875,-0.305423,0.895792,0.944627,2.304397,oversold,0.486732,-44.109105,25.556637,1.842956,-500,0
trading_data.db,2026-04-25T14:56:00.000Z,SARCNY_otc,L65,PUT,0.637800,323,1.842912,1.842953,1.842909,1.842942,86.805556,79.746835,46.413502,1.843076,1.842913,1.842750,1.769676,1.842836,1.842873,-0.199740,1.041655,0.728021,7.808077,oversold,0.588613,-71.938758,33.333333,1.842926,460,1
trading_data.db,2026-04-25T05:40:00.000Z,TNDUSD_otc,L16,CALL,0.686000,86,0.389910,0.389940,0.389330,0.389500,0,7.420277,8.612065,0.392835,0.391252,0.389670,80.902591,0.390523,0.391346,-21.014181,-4.340750,85.243342,33.727584,neutral,-0.053654,26.307307,-1.191788,0.389230,-500,0
trading_data.db,2026-04-25T05:41:00.000Z,TNDUSD_otc,L16,CALL,0.686000,86,0.389550,0.389640,0.388660,0.388910,0,7.829797,7.755313,0.393028,0.391143,0.389259,96.333406,0.390083,0.391184,-28.144085,-8.935102,105.268509,22.205870,oversold,-0.092752,14.376072,0.074484,0.389320,460,1
trading_data.db,2026-04-25T06:01:00.000Z,TNDUSD_otc,L65,PUT,0.637800,323,0.388110,0.388250,0.387900,0.388050,67.039106,59.863946,34.643666,0.389389,0.388106,0.386822,66.139536,0.387452,0.387801,-9.000696,31.639744,34.499791,0.921102,oversold,0.478379,-58.942844,25.220280,0.388600,-500,0
trading_data.db,2026-04-25T07:30:00.000Z,TNDUSD_otc,L65,PUT,0.637800,323,0.381890,0.382130,0.381720,0.382060,58.441558,63.783908,37.930400,0.384555,0.382804,0.381054,91.454348,0.381633,0.382582,-24.800152,26.278604,65.175744,30.718756,neutral,0.287341,-33.065152,25.853508,0.382700,-500,0
trading_data.db,2026-04-25T08:11:00.000Z,TNDUSD_otc,L41,PUT,0.760000,50,0.383960,0.384090,0.383670,0.383940,6.024096,12.401895,29.518961,0.384862,0.383742,0.382621,58.390565,0.384335,0.383889,11.610490,34.368035,24.022529,94.121043,overbought,0.588589,81.719148,-17.117066,0.384110,-500,0
trading_data.db,2026-04-25T08:27:00.000Z,TNDUSD_otc,L41,PUT,0.760000,50,0.387650,0.387650,0.387120,0.387120,0,13.572179,36.896686,0.389405,0.386019,0.382633,175.444938,0.388058,0.386821,31.976118,116.244381,59.200557,99.972381,overbought,0.662569,86.400202,-23.324507,0.386910,460,1
trading_data.db,2026-04-25T08:35:00.000Z,TNDUSD_otc,L65,PUT,0.637800,323,0.387370,0.387940,0.387360,0.387840,63.243243,66.666667,37.158470,0.388884,0.387065,0.385246,93.977152,0.386800,0.387381,-14.990790,67.011053,26.966099,24.527047,oversold,0.713057,-42.139620,29.508197,0.387440,460,1
trading_data.db,2026-04-25T08:36:00.000Z,TNDUSD_otc,L65,PUT,0.637800,323,0.387840,0.387870,0.387040,0.387610,87.234043,100,68.579235,0.388786,0.387207,0.385628,81.579425,0.386960,0.387317,-9.220941,51.197582,30.381843,22.312079,oversold,0.627580,-77.687921,31.420765,0.387400,460,1
trading_data.db,2026-04-25T10:50:00.000Z,TNDUSD_otc,L65,PUT,0.637800,323,0.393780,0.393780,0.393160,0.393480,60.824742,58.552632,27.923977,0.394692,0.393190,0.391688,76.423680,0.392417,0.393039,-15.822996,45.587409,30.836271,2.444660,oversold,0.596509,-56.107971,30.628655,0.392830,460,1
trading_data.db,2026-04-25T10:51:00.000Z,TNDUSD_otc,L65,PUT,0.637800,323,0.393480,0.393480,0.392750,0.393040,75.159236,87.648677,57.140202,0.394719,0.393214,0.391708,76.556619,0.392507,0.393021,-13.097553,33.865948,42.690671,3.300448,oversold,0.442365,-84.348229,30.508475,0.392360,460,1
trading_data.db,2026-04-25T12:16:00.000Z,TNDUSD_otc,L65,PUT,0.637800,323,0.390480,0.391010,0.390480,0.390900,88.590604,80.416634,52.241272,0.391636,0.390407,0.389178,62.969169,0.390068,0.390211,-3.648822,44.112432,18.856737,25.508743,neutral,0.700540,-54.907891,28.175362,0.390020,460,1
trading_data.db,2026-04-25T12:42:00.000Z,TNDUSD_otc,L16,CALL,0.686000,86,0.387860,0.387860,0.387140,0.387240,0,15.714751,15.790349,0.391311,0.389361,0.387411,100.185397,0.388067,0.388975,-23.351972,-4.381170,104.566567,7.619561,oversold,-0.043731,-8.095191,-0.075598,0.388100,460,1
trading_data.db,2026-04-25T12:45:00.000Z,TNDUSD_otc,L65,PUT,0.637800,323,0.388160,0.388790,0.388070,0.388790,56.626506,88.193966,60.992927,0.390938,0.389030,0.387122,98.087104,0.387917,0.388605,-17.712930,42.874362,55.212742,1.820455,oversold,0.437105,-86.373511,27.201038,0.388840,-500,0
trading_data.db,2026-04-25T13:44:00.000Z,TNDUSD_otc,L41,PUT,0.760000,50,0.393820,0.393960,0.393460,0.393630,10.400000,31.198074,48.643436,0.394535,0.393686,0.392837,43.106130,0.394095,0.393838,6.529155,20.130612,22.975518,7.305678,oversold,0.467001,-23.892396,-17.445362,0.394210,-500,0
trading_data.db,2026-04-25T14:03:00.000Z,TNDUSD_otc,L41,PUT,0.760000,50,0.394900,0.395270,0.394760,0.394930,8.080808,25.434343,47.050087,0.396179,0.394964,0.393748,61.541049,0.395535,0.395233,7.644680,29.922345,31.618704,72.840467,neutral,0.486218,47.406124,-21.615743,0.395060,-500,0
trading_data.db,2026-04-25T15:18:00.000Z,TNDUSD_otc,L16,CALL,0.686000,86,0.387570,0.387600,0.385970,0.386010,0,4.164979,4.774993,0.390406,0.388606,0.386807,92.611974,0.388055,0.388700,-16.593774,-20.509673,113.121648,,,-0.221458,,-0.610014,0.385530,-500,0
trading_data.db,2026-04-25T15:20:00.000Z,TNDUSD_otc,L16,CALL,0.686000,86,0.385890,0.385920,0.385350,0.385530,0,5.310332,4.421942,0.390863,0.388354,0.385845,129.219551,0.386810,0.388295,-38.244119,-8.107385,137.326935,,,-0.062741,,0.888390,0.384780,-500,0
trading_data.db,2026-04-25T15:22:00.000Z,TNDUSD_otc,L16,CALL,0.686000,86,0.385480,0.385570,0.384780,0.384780,0,3.600465,5.132556,0.391212,0.388042,0.384873,163.344286,0.385868,0.387696,-47.134412,-2.403699,165.747985,,,-0.014716,,-1.532091,0.384100,-500,0
trading_data.db,2026-04-25T15:58:00.000Z,TNDUSD_otc,L65,PUT,0.637800,323,0.379670,0.379940,0.379610,0.379750,76.521739,68.027109,42.333934,0.382434,0.380348,0.378261,109.719398,0.379185,0.379800,-16.192733,39.150381,70.569018,35.745206,neutral,0.356823,-32.281903,25.693175,0.380370,-500,0
trading_data.db,2026-04-25T04:46:00.000Z,UAHUSD_otc,L16,CALL,0.686000,86,0.027660,0.027660,0.027563,0.027611,0.636943,20.054570,16.182475,0.027906,0.027768,0.027630,99.672937,0.027681,0.027749,-24.616805,-6.685529,106.358466,0,oversold,-0.067075,-20.054570,3.872095,0.027686,460,1
trading_data.db,2026-04-25T07:07:00.000Z,UAHUSD_otc,L16,CALL,0.686000,86,0.028329,0.028329,0.028278,0.028314,0,7.835656,6.913587,0.028582,0.028458,0.028335,86.889592,0.028389,0.028445,-20.013258,-7.330895,94.220487,18.685950,oversold,-0.084370,10.850294,0.922069,0.028298,-500,0
trading_data.db,2026-04-25T07:14:00.000Z,UAHUSD_otc,L65,PUT,0.637800,323,0.028362,0.028386,0.028326,0.028348,53.669725,77.509693,49.499734,0.028562,0.028397,0.028232,116.009296,0.028313,0.028364,-17.804573,40.731727,75.277569,0.676842,oversold,0.351107,-76.832851,28.009959,0.028297,460,1
trading_data.db,2026-04-25T09:16:00.000Z,UAHUSD_otc,L65,PUT,0.637800,323,0.027873,0.027947,0.027849,0.027942,70.149254,64.085213,37.176186,0.028218,0.027976,0.027734,173.000242,0.027834,0.027924,-32.162538,74.204043,98.796199,0.000083,oversold,0.428925,-64.085130,26.909027,0.027983,-500,0
trading_data.db,2026-04-25T10:00:00.000Z,UAHUSD_otc,L65,PUT,0.637800,323,0.027461,0.027485,0.027431,0.027471,48.416290,73.078120,47.462308,0.027602,0.027490,0.027377,82.111417,0.027444,0.027461,-6.034626,34.325866,47.785551,35.808077,neutral,0.418040,-37.270043,25.615812,0.027413,460,1
trading_data.db,2026-04-25T10:50:00.000Z,UAHUSD_otc,L41,PUT,0.760000,50,0.027116,0.027132,0.027052,0.027054,15.714286,39.901121,61.666565,0.027217,0.027088,0.026960,94.944155,0.027139,0.027073,24.475660,34.846654,60.097501,100,overbought,0.367023,60.098879,-21.765444,0.027015,460,1
trading_data.db,2026-04-25T11:20:00.000Z,UAHUSD_otc,L65,PUT,0.637800,323,0.026575,0.026654,0.026575,0.026631,52.517986,50.150651,24.570433,0.026950,0.026710,0.026470,179.905669,0.026558,0.026669,-41.389679,60.375897,119.529772,0.001856,oversold,0.335598,-50.148795,25.580217,0.026621,460,1
trading_data.db,2026-04-25T11:21:00.000Z,UAHUSD_otc,L65,PUT,0.637800,323,0.026626,0.026627,0.026582,0.026611,69.194313,73.429339,48.250860,0.026917,0.026694,0.026472,166.926262,0.026557,0.026657,-37.415249,52.220623,114.705639,0.001118,oversold,0.312836,-73.428221,25.178479,0.026583,460,1
trading_data.db,2026-04-25T11:37:00.000Z,UAHUSD_otc,L16,CALL,0.686000,86,0.026358,0.026358,0.026280,0.026284,0,5.349499,4.924302,0.026692,0.026509,0.026327,138.015882,0.026398,0.026478,-30.052389,-16.055904,154.071786,,,-0.116334,,0.425197,0.026384,460,1
trading_data.db,2026-04-25T12:14:00.000Z,UAHUSD_otc,L41,PUT,0.760000,50,0.026360,0.026398,0.026339,0.026370,6.493506,19.604712,39.596642,0.026497,0.026387,0.026277,83.466574,0.026420,0.026376,16.672895,35.233911,48.232663,100,overbought,0.422132,80.395288,-19.991931,0.026385,-500,0
trading_data.db,2026-04-25T12:32:00.000Z,UAHUSD_otc,L16,CALL,0.686000,86,0.026133,0.026154,0.026098,0.026132,2.247191,6.915473,6.363262,0.026547,0.026342,0.026137,155.448251,0.026218,0.026328,-42.006016,-2.052962,157.501213,34.563016,neutral,-0.013207,27.647543,0.552211,0.026053,-500,0
trading_data.db,2026-04-25T06:49:00.000Z,USDBDT_otc,L41,PUT,0.760000,50,121.920520,121.920590,121.919500,121.920200,13.256484,20.051488,39.375546,121.922814,121.920432,121.918051,0.390626,121.921672,121.920831,0.068975,0.176243,0.214383,36.927346,neutral,0.451181,16.875857,-19.324057,121.919690,460,1
trading_data.db,2026-04-25T07:53:00.000Z,USDBDT_otc,L41,PUT,0.760000,50,121.930390,121.930640,121.928010,121.928640,14.859438,51.659639,72.892879,121.933257,121.929638,121.926020,0.593481,121.931862,121.930308,0.127434,0.214849,0.378632,97.277265,overbought,0.362015,45.617626,-21.233240,121.930990,-500,0
trading_data.db,2026-04-25T07:54:00.000Z,USDBDT_otc,L41,PUT,0.760000,50,121.928750,121.930750,121.928550,121.930390,9.319899,24.235105,51.985349,121.933103,121.929750,121.926398,0.549954,121.931297,121.930280,0.083381,0.327425,0.222529,91.962672,overbought,0.595368,67.727567,-27.750244,121.931390,-500,0
trading_data.db,2026-04-25T15:56:00.000Z,USDBDT_otc,L41,PUT,0.760000,50,121.981910,121.982680,121.980780,121.981160,7.300885,19.230769,45.605287,121.987933,121.981777,121.975621,1.009325,121.984952,121.983221,0.141901,0.454081,0.555244,97.248805,overbought,0.449886,78.018036,-26.374518,121.980030,460,1
trading_data.db,2026-04-25T15:57:00.000Z,USDBDT_otc,L41,PUT,0.760000,50,121.981160,121.981360,121.980580,121.980690,5.903399,0.709220,21.679343,121.987916,121.981851,121.975787,0.994377,121.984105,121.983375,0.059844,0.401969,0.592408,93.038517,overbought,0.404242,92.329298,-20.970123,121.979270,460,1
trading_data.db,2026-04-25T05:08:00.000Z,USDBRL_otc,L16,CALL,0.686000,86,3.904800,3.907000,3.898100,3.902700,0,7.356229,8.017493,3.960763,3.933890,3.907017,136.623176,3.918217,3.931486,-33.750721,-10.973801,147.596977,1.426638,oversold,-0.080322,-5.929591,-0.661264,3.915700,460,1
trading_data.db,2026-04-25T05:09:00.000Z,USDBRL_otc,L16,CALL,0.686000,86,3.902700,3.905600,3.896000,3.899800,0,7.436754,7.308837,3.963153,3.932535,3.901917,155.716947,3.912433,3.928914,-41.947854,-5.382998,161.099945,0.889560,oversold,-0.034569,-6.547194,0.127918,3.923000,460,1
trading_data.db,2026-04-25T05:11:00.000Z,USDBRL_otc,L65,PUT,0.637800,323,3.916000,3.924800,3.915100,3.923000,59.183673,59.771015,33.063345,3.959525,3.929740,3.899955,151.588950,3.910300,3.926200,-40.497173,58.643213,92.945737,0.338709,oversold,0.386857,-59.432306,26.707671,3.938700,-500,0
trading_data.db,2026-04-25T05:12:00.000Z,USDBRL_otc,L65,PUT,0.637800,323,3.923500,3.927800,3.916500,3.925300,83.606557,87.219199,59.657493,3.958490,3.929015,3.899540,150.036351,3.911883,3.925200,-33.926084,65.562879,84.473471,0.207423,oversold,0.436980,-87.011776,27.561706,3.937800,-500,0
trading_data.db,2026-04-25T05:27:00.000Z,USDBRL_otc,L65,PUT,0.637800,323,3.965400,3.975500,3.963900,3.968700,60.687961,66.682466,41.065964,3.996518,3.948430,3.900342,243.578709,3.955983,3.961671,-14.357817,173.126215,70.452494,51.604092,neutral,0.710761,-15.078374,25.616502,3.979100,-500,0
trading_data.db,2026-04-25T05:37:00.000Z,USDBRL_otc,L16,CALL,0.686000,86,3.928100,3.930300,3.920400,3.922600,1.598174,5.277964,5.463736,3.989845,3.957610,3.925375,162.900122,3.941750,3.955550,-34.887689,-7.012420,169.912542,22.611870,oversold,-0.043047,17.333906,-0.185772,3.915400,-500,0
trading_data.db,2026-04-25T05:38:00.000Z,USDBRL_otc,L16,CALL,0.686000,86,3.922600,3.927600,3.909300,3.909600,2.341137,3.869513,5.204575,3.990016,3.955130,3.920244,176.409693,3.933767,3.954021,-51.225726,-26.911471,203.321164,14.632700,oversold,-0.152551,10.763186,-1.335061,3.912200,460,1
trading_data.db,2026-04-25T07:47:00.000Z,USDBRL_otc,L65,PUT,0.637800,323,3.873600,3.880500,3.869500,3.876900,61.904762,51.650165,26.623852,3.925226,3.885955,3.846684,202.116739,3.862483,3.877671,-39.168082,77.756504,124.360235,6.892010,oversold,0.384711,-44.758155,25.026313,3.870100,460,1
trading_data.db,2026-04-25T07:48:00.000Z,USDBRL_otc,L65,PUT,0.637800,323,3.876900,3.879500,3.871100,3.873300,86.692015,84.983498,53.102819,3.922997,3.884550,3.846103,197.947358,3.864283,3.876871,-32.469726,70.012795,127.934562,7.000627,oversold,0.353694,-77.982871,31.880679,3.870400,460,1
trading_data.db,2026-04-25T09:27:00.000Z,USDBRL_otc,L41,PUT,0.760000,50,3.934200,3.934900,3.909400,3.916900,2.791878,16.974854,34.891971,3.957949,3.913680,3.869411,226.229174,3.937333,3.925357,30.509811,121.342137,104.887036,99.609789,overbought,0.536368,82.634935,-17.917117,3.926800,-500,0
trading_data.db,2026-04-25T10:27:00.000Z,USDBRL_otc,L41,PUT,0.760000,50,3.910400,3.914100,3.898700,3.898800,9.219858,11.618728,31.662083,3.930027,3.900450,3.870873,151.661077,3.913950,3.907200,17.275799,71.600257,80.060820,99.374249,overbought,0.472107,87.755521,-20.043356,3.885500,460,1
trading_data.db,2026-04-25T10:46:00.000Z,USDBRL_otc,L16,CALL,0.686000,86,3.851900,3.856000,3.839500,3.845000,0,8.978388,5.476097,3.921474,3.886380,3.851286,180.600643,3.862983,3.880986,-46.386105,-16.174084,196.774727,,,-0.089557,,3.502291,3.851300,460,1
trading_data.db,2026-04-25T10:47:00.000Z,USDBRL_otc,L16,CALL,0.686000,86,3.844600,3.852400,3.840400,3.842700,0,11.586375,8.605621,3.922956,3.883575,3.844194,202.808002,3.857267,3.876657,-50.018548,-3.846960,206.654962,,,-0.018968,,2.980754,3.854000,460,1
trading_data.db,2026-04-25T13:08:00.000Z,USDBRL_otc,L65,PUT,0.637800,323,3.769600,3.784600,3.767000,3.784600,76.666667,85.339906,55.609626,3.808701,3.781425,3.754149,144.261071,3.767550,3.776714,-24.265234,80.526841,63.734230,7.377651,oversold,0.558202,-77.962255,29.730281,3.770900,460,1
trading_data.db,2026-04-25T13:31:00.000Z,USDBRL_otc,L16,CALL,0.686000,86,3.738400,3.738400,3.720200,3.724200,0,4.410313,4.146879,3.780000,3.755990,3.731980,127.851722,3.746233,3.756050,-26.135612,-20.712277,148.563999,70.621674,neutral,-0.162002,66.211361,0.263434,3.743800,460,1
trading_data.db,2026-04-25T13:34:00.000Z,USDBRL_otc,L65,PUT,0.637800,323,3.743800,3.753000,3.742700,3.748900,51.704545,74.002996,49.134874,3.778327,3.755395,3.732463,122.129840,3.741733,3.754000,-32.676256,43.769802,78.360038,29.455432,neutral,0.358387,-44.547564,24.868122,3.752200,-500,0
trading_data.db,2026-04-25T13:56:00.000Z,USDBRL_otc,L65,PUT,0.637800,323,3.790800,3.809400,3.790800,3.806600,55.263158,61.113318,31.328071,3.828417,3.790750,3.753083,198.733581,3.783733,3.797993,-37.544894,141.179097,57.554484,84.259210,overbought,0.710394,23.145892,29.785247,3.794900,460,1
trading_data.db,2026-04-25T13:57:00.000Z,USDBRL_otc,L65,PUT,0.637800,323,3.806000,3.806000,3.790700,3.794400,81.250000,89.355742,59.416348,3.827972,3.793220,3.758468,183.232256,3.786733,3.797807,-29.158430,94.726941,88.505314,86.188618,overbought,0.516977,-3.167124,29.939394,3.798200,-500,0
trading_data.db,2026-04-25T15:12:00.000Z,USDBRL_otc,L16,CALL,0.686000,86,3.786200,3.787800,3.776200,3.780400,0,4.970942,4.162432,3.878036,3.831315,3.784594,243.891117,3.803167,3.821814,-48.792583,-10.946151,254.837268,0,oversold,-0.044881,-4.970942,0.808510,3.769800,-500,0
trading_data.db,2026-04-25T15:13:00.000Z,USDBRL_otc,L16,CALL,0.686000,86,3.780400,3.783100,3.768400,3.774100,0,8.385421,5.785295,3.880793,3.828050,3.775307,275.562742,3.794817,3.815793,-54.972037,-3.152002,278.714744,0,oversold,-0.011438,-8.385421,2.600125,3.751600,-500,0
trading_data.db,2026-04-25T15:15:00.000Z,USDBRL_otc,L16,CALL,0.686000,86,3.769300,3.769700,3.746800,3.751600,0,8.758244,8.497946,3.881356,3.818550,3.755744,328.953772,3.776433,3.804143,-72.840387,-10.851445,339.805218,0,oversold,-0.032988,-8.758244,0.260298,3.733300,-500,0
trading_data.db,2026-04-25T15:16:00.000Z,USDBRL_otc,L16,CALL,0.686000,86,3.752200,3.752200,3.739100,3.741000,1.704545,9.430288,8.846235,3.880041,3.813380,3.746719,349.614521,3.769050,3.798650,-77.922420,-14.998109,364.612630,0,oversold,-0.042899,-9.430288,0.584053,3.735500,-500,0
trading_data.db,2026-04-25T15:17:00.000Z,USDBRL_otc,L16,CALL,0.686000,86,3.741000,3.744600,3.731600,3.733300,1.477833,7.609560,8.599364,3.877854,3.807510,3.737166,369.499433,3.761517,3.792586,-81.920489,-10.154565,379.653998,0,oversold,-0.027482,-7.609560,-0.989804,3.697300,-500,0
trading_data.db,2026-04-25T08:27:00.000Z,USDCAD_otc,L41,PUT,0.760000,50,1.349600,1.349820,1.349360,1.349490,16.521739,19.831267,46.215343,1.350523,1.349609,1.348695,13.546609,1.350017,1.349816,1.488739,5.891568,7.655041,85.054789,overbought,0.434911,65.223522,-26.384075,1.349210,460,1
trading_data.db,2026-04-25T08:35:00.000Z,USDCAD_otc,L65,PUT,0.637800,323,1.349450,1.349600,1.349300,1.349540,57.738095,59.652359,31.170355,1.350616,1.349468,1.348319,17.021418,1.348865,1.349394,-3.922395,9.047958,7.973460,4.293612,oversold,0.531563,-55.358747,28.482003,1.349480,460,1
trading_data.db,2026-04-25T08:36:00.000Z,USDCAD_otc,L65,PUT,0.637800,323,1.349540,1.349690,1.349170,1.349440,96.363636,85.446009,57.139131,1.350598,1.349457,1.348315,16.914473,1.348923,1.349343,-3.109097,8.334965,8.579508,4.133847,oversold,0.492771,-81.312163,28.306878,1.349980,-500,0
trading_data.db,2026-04-25T11:20:00.000Z,USDCAD_otc,L65,PUT,0.637800,323,1.348270,1.348570,1.348180,1.348530,60,52.275132,26.518799,1.351523,1.349293,1.347063,33.049907,1.348035,1.348679,-4.771867,10.870140,22.179767,0.303454,oversold,0.328901,-51.971678,25.756333,1.348920,-500,0
trading_data.db,2026-04-25T11:21:00.000Z,USDCAD_otc,L65,PUT,0.637800,323,1.348510,1.348610,1.348210,1.348520,68.518519,81.904762,51.040564,1.351267,1.349166,1.347065,31.138304,1.348103,1.348574,-3.492224,10.781009,20.357295,0.183985,oversold,0.346230,-81.720777,30.864198,1.348480,460,1
trading_data.db,2026-04-25T12:09:00.000Z,USDCAD_otc,L65,PUT,0.637800,323,1.347950,1.348220,1.347910,1.348080,67.213115,79.627056,51.596252,1.348933,1.347565,1.346198,20.288927,1.347435,1.347297,1.023213,13.962460,6.326467,25.632825,neutral,0.688181,-53.994232,28.030805,1.348170,-500,0
trading_data.db,2026-04-25T12:57:00.000Z,USDCAD_otc,L65,PUT,0.637800,323,1.348960,1.349390,1.348950,1.349310,59.393939,74.305978,48.929657,1.350744,1.349579,1.348414,17.262932,1.348923,1.349344,-3.114389,6.638252,10.624680,3.917455,oversold,0.384538,-70.388523,25.376321,1.349050,460,1
trading_data.db,2026-04-25T13:06:00.000Z,USDCAD_otc,L65,PUT,0.637800,323,1.349210,1.349430,1.348740,1.348760,62.727273,100,71.198830,1.349843,1.349119,1.348395,10.726581,1.348983,1.348974,0.067070,2.702295,8.024286,0.045377,oversold,0.251925,-99.954623,28.801170,1.349240,-500,0
trading_data.db,2026-04-25T13:54:00.000Z,USDCAD_otc,L65,PUT,0.637800,323,1.347350,1.347450,1.347030,1.347030,63.551402,64.327940,33.068680,1.349158,1.347799,1.346441,20.156036,1.346970,1.347492,-3.874923,4.368712,15.787324,1.521846,oversold,0.216745,-62.806094,31.259259,1.347300,-500,0
trading_data.db,2026-04-25T13:55:00.000Z,USDCAD_otc,L65,PUT,0.637800,323,1.347010,1.347550,1.346960,1.347510,100,92.262626,62.528391,1.349046,1.347742,1.346438,19.351158,1.347045,1.347454,-3.037474,7.954181,11.396977,1.531834,oversold,0.411044,-90.730792,29.734236,1.346760,460,1
trading_data.db,2026-04-25T14:42:00.000Z,USDCAD_otc,L65,PUT,0.637800,323,1.345600,1.346010,1.345600,1.345980,58.503401,56.505503,31.057352,1.349206,1.346833,1.344460,35.240459,1.345500,1.346189,-5.114970,11.286853,23.953606,0.169605,oversold,0.320281,-56.335899,25.448151,1.346490,-500,0
trading_data.db,2026-04-25T14:43:00.000Z,USDCAD_otc,L65,PUT,0.637800,323,1.345960,1.346440,1.345870,1.346440,88.000000,82.920597,55.260203,1.349043,1.346747,1.344450,34.108871,1.345618,1.346107,-3.631282,14.778581,19.330291,0.191961,oversold,0.433277,-82.728637,27.660394,1.346350,460,1
trading_data.db,2026-04-25T15:42:00.000Z,USDCAD_otc,L41,PUT,0.760000,50,1.349950,1.350080,1.349820,1.349950,11.000000,20.311263,38.520389,1.351458,1.348753,1.346047,40.117854,1.350340,1.349431,6.738291,28.937502,11.180352,100,overbought,0.721312,79.688737,-18.209125,1.349810,460,1
trading_data.db,2026-04-25T06:22:00.000Z,USDCHF_otc,L16,CALL,0.686000,86,0.794330,0.794610,0.793660,0.793770,0,13.173627,13.801063,0.796839,0.795360,0.793881,37.201917,0.794500,0.795114,-7.725754,-1.389989,38.591906,0.005601,oversold,-0.037363,-13.168026,-0.627436,0.794100,460,1
trading_data.db,2026-04-25T06:26:00.000Z,USDCHF_otc,L65,PUT,0.637800,323,0.794650,0.795190,0.794200,0.794900,58.018868,51.515152,25.614424,0.796354,0.794897,0.793439,36.663367,0.794010,0.794653,-8.089786,18.375715,18.287653,0.000739,oversold,0.501201,-51.514412,25.900728,0.794290,460,1
trading_data.db,2026-04-25T06:27:00.000Z,USDCHF_otc,L65,PUT,0.637800,323,0.794900,0.795520,0.794900,0.795410,80.874317,84.848485,52.375871,0.796316,0.794874,0.793432,36.289912,0.794108,0.794584,-5.989955,24.888163,11.401749,0.311609,oversold,0.685815,-84.536876,32.472613,0.794330,460,1
trading_data.db,2026-04-25T07:43:00.000Z,USDCHF_otc,L65,PUT,0.637800,323,0.787500,0.787850,0.787290,0.787710,67.333333,54.421769,27.509249,0.789189,0.787926,0.786663,32.049270,0.787147,0.787851,-8.936307,13.283261,18.766009,88.994360,overbought,0.414464,34.572591,26.912519,0.787790,-500,0
trading_data.db,2026-04-25T07:44:00.000Z,USDCHF_otc,L65,PUT,0.637800,323,0.787710,0.788280,0.787710,0.787900,62.595420,87.755102,54.421769,0.789166,0.787904,0.786642,32.023617,0.787268,0.787813,-6.911842,15.961041,16.062576,91.632029,overbought,0.498415,3.876927,33.333333,0.787520,460,1
trading_data.db,2026-04-25T09:18:00.000Z,USDCHF_otc,L65,PUT,0.637800,323,0.787990,0.788180,0.787570,0.788160,71.751412,63.708858,34.336158,0.788820,0.787753,0.786686,27.092029,0.787530,0.787562,-0.408131,18.712609,8.379421,2.009298,oversold,0.690705,-61.699560,29.372700,0.788800,-500,0
trading_data.db,2026-04-25T09:32:00.000Z,USDCHF_otc,L41,PUT,0.760000,50,0.788790,0.789240,0.788720,0.788910,0,20.907298,45.238863,0.789966,0.788351,0.786737,40.969891,0.789190,0.788704,6.167445,27.569349,13.400542,94.690342,overbought,0.672917,73.783044,-24.331566,0.789520,-500,0
trading_data.db,2026-04-25T10:13:00.000Z,USDCHF_otc,L41,PUT,0.760000,50,0.792960,0.793060,0.792740,0.793050,3.305785,38.551018,65.393327,0.794896,0.792710,0.790524,55.144521,0.793820,0.793354,5.870193,31.861345,23.283176,96.919642,overbought,0.577779,58.368625,-26.842309,0.793460,-500,0
trading_data.db,2026-04-25T10:14:00.000Z,USDCHF_otc,L41,PUT,0.760000,50,0.793060,0.793150,0.792700,0.793000,7.874016,13.785400,40.348722,0.794901,0.792791,0.790681,53.234305,0.793648,0.793382,3.355136,29.253408,23.980896,90.505199,overbought,0.549522,76.719799,-26.563322,0.793800,-500,0
trading_data.db,2026-04-25T13:23:00.000Z,USDCHF_otc,L65,PUT,0.637800,323,0.793900,0.794320,0.793450,0.793490,75.838926,78.828829,47.165373,0.795462,0.794112,0.792761,34.008014,0.793393,0.794111,-9.033765,9.177650,24.830364,52.560925,neutral,0.269867,-26.267904,31.663455,0.792820,460,1
trading_data.db,2026-04-25T06:31:00.000Z,USDCLP_otc,L65,PUT,0.637800,323,867.056200,867.056200,867.049900,867.055200,49.565217,65.465305,40.783844,867.081585,867.062920,867.044255,0.430532,867.051483,867.059407,-0.091387,0.126230,0.304302,1.008314,oversold,0.293195,-64.456992,24.681461,867.054200,460,1
trading_data.db,2026-04-25T06:39:00.000Z,USDCLP_otc,L65,PUT,0.637800,323,867.057900,867.063000,867.054400,867.062300,53.153153,67.228074,39.981225,867.070276,867.056055,867.041834,0.328037,867.052617,867.052629,-0.000137,0.236044,0.091993,5.206740,oversold,0.719565,-62.021334,27.246849,867.072600,-500,0
trading_data.db,2026-04-25T07:35:00.000Z,USDCLP_otc,L65,PUT,0.637800,323,867.075200,867.076700,867.072500,867.073900,100,81.144781,55.295108,867.086253,867.074065,867.061877,0.281127,867.068300,867.073343,-0.058160,0.138661,0.142467,14.906391,oversold,0.493231,-66.238390,25.849673,867.064800,460,1
trading_data.db,2026-04-25T08:31:00.000Z,USDCLP_otc,L41,PUT,0.760000,50,867.102200,867.102600,867.097400,867.099200,14.864865,42.034379,59.296070,867.116749,867.100390,867.084031,0.377337,867.109117,867.104600,0.052089,0.174945,0.202392,95.183651,overbought,0.463630,53.149273,-17.261691,867.099300,-500,0
trading_data.db,2026-04-25T12:46:00.000Z,USDCLP_otc,L65,PUT,0.637800,323,867.052200,867.058500,867.049200,867.058500,62.204724,72.232178,43.433312,867.065903,867.054235,867.042567,0.269136,867.048483,867.051986,-0.040394,0.183758,0.085379,17.003006,oversold,0.682768,-55.229172,28.798866,867.049000,460,1
trading_data.db,2026-04-25T14:44:00.000Z,USDCLP_otc,L65,PUT,0.637800,323,867.028700,867.033100,867.027000,867.029200,57.360406,66.703299,34.943220,867.045512,867.032110,867.018708,0.309145,867.024150,867.029114,-0.057256,0.121010,0.188135,3.246650,oversold,0.391434,-63.456648,31.760079,867.025200,460,1
trading_data.db,2026-04-25T04:36:00.000Z,USDCOP_otc,L16,CALL,0.686000,86,3616.920000,3617.260000,3616.310000,3616.420000,0,3.040282,4.148865,3628.320333,3622.966500,3617.612667,29.554970,3619.740000,3622.579286,-7.837746,-3.291962,32.846932,,,-0.111384,,-1.108583,3619.490000,460,1
trading_data.db,2026-04-25T08:55:00.000Z,USDCOP_otc,L16,CALL,0.686000,86,3608.260000,3608.950000,3606.390000,3606.810000,0,20.548371,21.364155,3613.231739,3610.224000,3607.216261,16.662342,3608.420000,3609.767143,-3.731938,-1.125306,17.787648,27.876756,neutral,-0.067536,7.328385,-0.815784,3607.190000,460,1
trading_data.db,2026-04-25T09:12:00.000Z,USDCOP_otc,L65,PUT,0.637800,323,3604.110000,3604.670000,3603.950000,3604.560000,73.432836,66.035130,35.261754,3609.343998,3605.002000,3600.660002,24.088739,3602.606667,3603.979286,-3.808621,10.818296,13.270444,0.221835,oversold,0.449102,-65.813295,30.773376,3604.700000,-500,0
trading_data.db,2026-04-25T09:13:00.000Z,USDCOP_otc,L65,PUT,0.637800,323,3604.610000,3605.620000,3604.390000,3604.980000,100,92.878788,63.871905,3608.890599,3604.818000,3600.745401,22.595311,3602.951667,3603.846429,-2.482797,11.747054,10.848257,1.714688,oversold,0.519889,-91.164100,29.006883,3603.100000,460,1
trading_data.db,2026-04-25T12:24:00.000Z,USDCOP_otc,L41,PUT,0.760000,50,3603.410000,3603.930000,3602.010000,3603.100000,4.449649,12.113387,32.016277,3607.251681,3603.421000,3599.590319,21.261356,3605.201667,3604.109286,3.030932,9.739858,11.521498,75.265591,overbought,0.458101,63.152205,-19.902890,3605.730000,-500,0
trading_data.db,2026-04-25T14:06:00.000Z,USDCOP_otc,L65,PUT,0.637800,323,3602.530000,3603.410000,3602.130000,3602.130000,60.358566,61.891315,33.383941,3604.791671,3602.218500,3599.645329,14.286592,3601.205000,3602.357143,-3.198303,6.897614,7.388978,45.549390,neutral,0.482803,-16.341925,28.507374,3601.970000,460,1
trading_data.db,2026-04-25T14:07:00.000Z,USDCOP_otc,L65,PUT,0.637800,323,3602.070000,3602.700000,3601.660000,3602.350000,57.864078,82.266446,57.571914,3604.720905,3602.180000,3599.639095,14.107598,3601.348333,3602.440000,-3.030354,7.525735,6.581863,50.223964,neutral,0.533453,-32.042481,24.694532,3602.740000,-500,0
trading_data.db,2026-04-25T05:02:00.000Z,USDDZD_otc,L16,CALL,0.686000,86,131.028000,131.028000,130.947000,130.947000,0,6.402938,6.981201,131.267457,131.126650,130.985843,21.476434,131.087833,131.119786,-2.436885,-2.962278,24.438712,,,-0.137932,,-0.578263,130.948000,460,1
trading_data.db,2026-04-25T05:12:00.000Z,USDDZD_otc,L65,PUT,0.637800,323,131.031000,131.088000,131.021000,131.078000,70.854271,73.320405,46.600552,131.261996,131.059850,130.857704,30.847855,130.990333,131.002071,-0.896024,16.808791,14.039064,1.556352,oversold,0.544893,-71.764053,26.719853,131.051000,460,1
trading_data.db,2026-04-25T06:43:00.000Z,USDDZD_otc,L65,PUT,0.637800,323,131.473000,131.539000,131.441000,131.529000,73.255814,63.039992,37.817609,131.634529,131.507250,131.379971,19.356959,131.450667,131.486929,-2.757833,11.332381,8.024578,0.444330,oversold,0.585442,-62.595662,25.222383,131.598000,-500,0
trading_data.db,2026-04-25T07:08:00.000Z,USDDZD_otc,L41,PUT,0.760000,50,131.861000,131.865000,131.794000,131.794000,2.542373,31.948511,50.483814,131.907126,131.747800,131.588474,24.186450,131.856833,131.765500,6.931506,15.599925,8.586525,99.180919,overbought,0.644986,67.232408,-18.535303,131.759000,460,1
trading_data.db,2026-04-25T07:36:00.000Z,USDDZD_otc,L16,CALL,0.686000,86,131.766000,131.766000,131.703000,131.720000,0,5.768121,4.192992,131.979172,131.861700,131.744228,17.817436,131.803333,131.851214,-3.631438,-1.837390,19.654825,,,-0.103123,,1.575130,131.626000,-500,0
trading_data.db,2026-04-25T07:37:00.000Z,USDDZD_otc,L16,CALL,0.686000,86,131.717000,131.723000,131.578000,131.591000,0,7.027632,5.089767,132.016285,131.850100,131.683915,25.208220,131.756000,131.827571,-5.429170,-7.046994,32.255214,,,-0.279551,,1.937865,131.575000,-500,0
trading_data.db,2026-04-25T08:11:00.000Z,USDDZD_otc,L65,PUT,0.637800,323,131.631000,131.669000,131.622000,131.658000,66.666667,60.249723,33.941975,131.745397,131.615950,131.486503,19.670450,131.568167,131.629714,-4.675815,13.030127,6.640323,14.283545,oversold,0.662421,-45.966178,26.307748,131.654000,460,1
trading_data.db,2026-04-25T09:48:00.000Z,USDDZD_otc,L41,PUT,0.760000,50,131.760000,131.804000,131.746000,131.752000,12.921348,18.279570,38.351254,131.929176,131.742900,131.556624,28.278720,131.816667,131.796500,1.530137,14.830100,13.448621,99.713814,overbought,0.524426,81.434245,-20.071685,131.838000,-500,0
trading_data.db,2026-04-25T10:45:00.000Z,USDDZD_otc,L16,CALL,0.686000,86,131.575000,131.607000,131.538000,131.576000,0,7.134102,7.606135,132.077504,131.834950,131.592396,36.796662,131.689667,131.777286,-6.649025,-1.243653,38.040315,0.790591,oversold,-0.033798,-6.343511,-0.472033,131.545000,-500,0
trading_data.db,2026-04-25T12:19:00.000Z,USDDZD_otc,L41,PUT,0.760000,50,131.690000,131.692000,131.624000,131.639000,0,24.499224,42.110092,131.763841,131.658150,131.552459,16.055312,131.706500,131.665214,3.135658,6.573132,9.482180,95.744734,overbought,0.409405,71.245510,-17.610868,131.687000,-500,0
trading_data.db,2026-04-25T12:29:00.000Z,USDDZD_otc,L65,PUT,0.637800,323,131.659000,131.686000,131.641000,131.660000,58.333333,79.224771,46.318788,131.791538,131.648750,131.505962,21.692235,131.567167,131.627286,-4.567370,11.700664,9.991571,14.005459,oversold,0.539394,-65.219312,32.905983,131.666000,-500,0
trading_data.db,2026-04-25T13:16:00.000Z,USDDZD_otc,L41,PUT,0.760000,50,131.672000,131.695000,131.637000,131.642000,0,11.944598,40.483448,131.791378,131.667900,131.544422,18.755941,131.721667,131.697071,1.867562,7.410901,11.345041,99.239484,overbought,0.395123,87.294886,-28.538850,131.639000,460,1
trading_data.db,2026-04-25T13:20:00.000Z,USDDZD_otc,L65,PUT,0.637800,323,131.710000,131.716000,131.674000,131.716000,67.187500,56.315562,30.586370,131.787618,131.685100,131.582582,15.570189,131.671667,131.705143,-2.541753,10.131602,5.438588,94.005740,overbought,0.650705,37.690178,25.729192,131.617000,460,1
trading_data.db,2026-04-25T14:31:00.000Z,USDDZD_otc,L16,CALL,0.686000,86,131.249000,131.267000,131.215000,131.259000,1.595745,10.833333,11.596199,131.601791,131.443150,131.284509,24.138317,131.346000,131.418286,-5.500430,-1.940701,26.079017,8.060824,oversold,-0.080399,-2.772509,-0.762866,131.353000,460,1
trading_data.db,2026-04-25T14:34:00.000Z,USDDZD_otc,L65,PUT,0.637800,323,131.357000,131.408000,131.355000,131.379000,57.446809,60.518519,31.657407,131.597620,131.417650,131.237680,27.389061,131.308000,131.378429,-5.360741,10.753525,16.635536,1.932930,oversold,0.392621,-58.585589,28.861111,131.261000,460,1
trading_data.db,2026-04-25T15:45:00.000Z,USDDZD_otc,L41,PUT,0.760000,50,131.839000,131.858000,131.792000,131.792000,0,5.962060,23.411967,131.991403,131.778550,131.565697,32.304718,131.886667,131.830429,4.265942,17.173011,15.131707,99.925356,overbought,0.531595,93.963297,-17.449908,131.786000,460,1
trading_data.db,2026-04-25T15:50:00.000Z,USDDZD_otc,L65,PUT,0.637800,323,131.888000,131.891000,131.816000,131.820000,65.217391,66.666667,33.893557,131.976061,131.822850,131.669639,23.245033,131.829333,131.864429,-2.661464,11.406317,11.838716,43.791601,neutral,0.490699,-22.875066,32.773109,131.884000,-500,0
trading_data.db,2026-04-25T06:03:00.000Z,USDEGP_otc,L41,PUT,0.760000,50,47.534370,47.535190,47.533910,47.534090,9.905660,2.061856,21.244872,47.536545,47.534293,47.532040,0.947853,47.535318,47.534777,0.113851,0.431325,0.516527,0.008413,oversold,0.455055,-2.053443,-19.183016,47.534480,-500,0
trading_data.db,2026-04-25T11:55:00.000Z,USDEGP_otc,L65,PUT,0.637800,323,47.520160,47.520240,47.519540,47.519670,64.238411,66.666667,37.726650,47.521425,47.519980,47.518534,0.608473,47.519233,47.519913,-0.142998,0.239106,0.369367,10.491288,oversold,0.392961,-56.175379,28.940017,47.519350,460,1
trading_data.db,2026-04-25T13:01:00.000Z,USDEGP_otc,L65,PUT,0.637800,323,47.522530,47.523210,47.522050,47.523210,64.285714,67.498566,37.816631,47.527511,47.524007,47.520503,1.474565,47.522217,47.523016,-0.168139,0.569578,0.904987,0.013127,oversold,0.386268,-67.485439,29.681934,47.522340,460,1
trading_data.db,2026-04-25T13:02:00.000Z,USDEGP_otc,L65,PUT,0.637800,323,47.523170,47.523630,47.522870,47.522870,92.028986,97.619048,67.980410,47.527062,47.523817,47.520573,1.365595,47.522370,47.522929,-0.117688,0.483424,0.882171,0.007902,oversold,0.354002,-97.611145,29.638637,47.522320,460,1
trading_data.db,2026-04-25T14:13:00.000Z,USDEGP_otc,L41,PUT,0.760000,50,47.513770,47.513950,47.512650,47.512920,0,26.696165,57.585796,47.516158,47.512891,47.509624,1.375352,47.514857,47.513361,0.314849,0.693779,0.681572,99.998733,overbought,0.504438,73.302567,-30.889630,47.513530,-500,0
trading_data.db,2026-04-25T14:14:00.000Z,USDEGP_otc,L41,PUT,0.760000,50,47.512920,47.513620,47.512620,47.512780,0,0,27.777778,47.516153,47.512976,47.509798,1.337455,47.514432,47.513502,0.195634,0.627581,0.709874,99.999236,overbought,0.469235,99.999236,-27.777778,47.513060,-500,0
trading_data.db,2026-04-25T15:47:00.000Z,USDEGP_otc,L41,PUT,0.760000,50,47.513560,47.513840,47.512740,47.512960,15.094340,38.600465,60.311708,47.515112,47.512249,47.509387,1.205049,47.514112,47.512729,0.291100,0.752065,0.452984,95.363067,overbought,0.624095,56.762602,-21.711243,47.513880,-500,0
trading_data.db,2026-04-25T15:48:00.000Z,USDEGP_otc,L41,PUT,0.760000,50,47.513000,47.513440,47.512790,47.513380,2.013423,17.638266,40.712967,47.515180,47.512304,47.509427,1.210862,47.513895,47.512855,0.218888,0.832004,0.378858,97.125222,overbought,0.687117,79.486956,-23.074701,47.514260,-500,0
trading_data.db,2026-04-25T06:44:00.000Z,USDIDR_otc,L65,PUT,0.637800,323,16772.700000,16774.100000,16767.700000,16768.900000,58.875740,69.354708,44.186017,16776.017005,16763.575000,16751.132995,14.844096,16761.683333,16763.907143,-1.326546,10.598578,4.245518,84.275061,overbought,0.713993,14.920352,25.168691,16780.600000,-500,0
trading_data.db,2026-04-25T07:06:00.000Z,USDIDR_otc,L16,CALL,0.686000,86,16749.700000,16754.200000,16744,16746.300000,0,6.061007,4.144235,16791.210017,16770.540000,16749.869983,24.650389,16757.283333,16767.414286,-6.042048,-2.128723,26.779112,8.539809,oversold,-0.086357,2.478802,1.916772,16743.200000,-500,0
trading_data.db,2026-04-25T07:07:00.000Z,USDIDR_otc,L16,CALL,0.686000,86,16744.500000,16744.700000,16734.800000,16736.300000,0,7.518546,5.854536,16792.484135,16768.095000,16743.705865,29.089929,16751.600000,16764.364286,-7.613940,-4.416641,33.506570,5.351123,oversold,-0.151827,-2.167423,1.664010,16737.900000,460,1
trading_data.db,2026-04-25T07:57:00.000Z,USDIDR_otc,L65,PUT,0.637800,323,16737.800000,16743.300000,16736.800000,16740.200000,41.567696,49.551687,23.038589,16757.044164,16740.415000,16723.785836,19.867087,16731.166667,16739.257143,-4.833235,9.805112,10.061975,22.924331,oversold,0.493535,-26.627356,26.513098,16733.700000,460,1
trading_data.db,2026-04-25T07:58:00.000Z,USDIDR_otc,L65,PUT,0.637800,323,16740.200000,16742.700000,16731.700000,16731.700000,64.610390,79.539295,48.436445,16755.562122,16739.820000,16724.077878,18.807994,16730.383333,16739.064286,-5.186044,4.553288,14.254706,18.019697,oversold,0.242093,-61.519599,31.102850,16737.900000,-500,0
trading_data.db,2026-04-25T09:07:00.000Z,USDIDR_otc,L16,CALL,0.686000,86,16737,16738.300000,16730.400000,16733.200000,0,7.806666,7.453728,16776.925533,16755.930000,16734.934467,25.060421,16744.266667,16755.742857,-6.849109,-1.035136,26.095557,12.733895,oversold,-0.041306,4.927229,0.352938,16745.100000,460,1
trading_data.db,2026-04-25T09:09:00.000Z,USDIDR_otc,L65,PUT,0.637800,323,16743.400000,16746.400000,16739.900000,16745.100000,54.545455,54.482516,29.286349,16776.268722,16754.320000,16732.371278,26.200672,16739.816667,16752.435714,-7.532664,7.597278,18.603394,5.079778,oversold,0.289965,-49.402738,25.196167,16737.100000,460,1
trading_data.db,2026-04-25T09:10:00.000Z,USDIDR_otc,L65,PUT,0.637800,323,16744.500000,16744.600000,16739.600000,16743.800000,60.106383,84.507026,54.853135,16776.250581,16753.890000,16731.529419,26.693003,16740.283333,16750.664286,-6.197338,7.324019,19.368983,3.160498,oversold,0.274380,-81.346528,29.653890,16732.300000,460,1
trading_data.db,2026-04-25T11:47:00.000Z,USDIDR_otc,L65,PUT,0.637800,323,16696.100000,16701.400000,16692.900000,16698.200000,65.405405,70.070523,44.479775,16706.577932,16695.940000,16685.302068,12.743137,16693.250000,16698.035714,-2.866034,7.725191,5.017946,98.014325,overbought,0.606224,27.943802,25.590747,16698,460,1
trading_data.db,2026-04-25T15:23:00.000Z,USDIDR_otc,L65,PUT,0.637800,323,16705.200000,16707.700000,16703.300000,16704.800000,61.212121,80.468373,50.633349,16732.425096,16709.550000,16686.674904,27.379667,16700.400000,16703.514286,-1.864449,10.847148,16.532519,3.415088,oversold,0.396175,-77.053284,29.835023,16702.300000,460,1
trading_data.db,2026-04-25T06:13:00.000Z,USDINR_otc,L65,PUT,0.637800,323,90.529200,90.529200,90.507900,90.509400,61.488673,93.494675,64.999724,90.600693,90.543125,90.485557,12.716244,90.519083,90.528814,-1.074901,2.633378,10.082867,0.413149,oversold,0.207088,-93.081527,28.494951,90.528500,-500,0
trading_data.db,2026-04-25T10:46:00.000Z,USDINR_otc,L41,PUT,0.760000,50,90.380500,90.380900,90.369700,90.376200,0,21.696880,43.022745,90.416250,90.376110,90.335970,8.882845,90.396900,90.383864,1.442261,4.451381,4.431464,20.026379,oversold,0.501121,-1.670500,-21.325866,90.377800,-500,0
trading_data.db,2026-04-25T10:47:00.000Z,USDINR_otc,L41,PUT,0.760000,50,90.375100,90.385800,90.371800,90.373800,0,3.298611,22.942136,90.415967,90.375865,90.335763,8.874423,90.391050,90.385864,0.573731,4.208721,4.665702,14.076144,oversold,0.474253,10.777533,-19.643525,90.383300,-500,0
trading_data.db,2026-04-25T12:46:00.000Z,USDINR_otc,L16,CALL,0.686000,86,90.243700,90.248600,90.222400,90.225400,0,6.746643,8.186152,90.294729,90.264685,90.234641,6.656952,90.253050,90.265064,-1.331001,-1.023724,7.680677,70.257547,neutral,-0.153783,63.510905,-1.439509,90.246400,460,1
trading_data.db,2026-04-25T13:11:00.000Z,USDINR_otc,L41,PUT,0.760000,50,90.320800,90.323400,90.289500,90.291200,14.133739,31.561148,53.906632,90.357695,90.277875,90.198055,17.683080,90.322250,90.296379,2.865168,10.317538,7.365541,99.835859,overbought,0.583470,68.274711,-22.345484,90.284700,460,1
trading_data.db,2026-04-25T13:12:00.000Z,USDINR_otc,L41,PUT,0.760000,50,90.291200,90.291200,90.274600,90.281400,15.551839,13.807268,34.555961,90.356519,90.280805,90.205091,16.773065,90.312750,90.298814,1.543289,8.452438,8.320627,99.477385,overbought,0.503929,85.670117,-20.748694,90.271400,460,1
trading_data.db,2026-04-25T13:18:00.000Z,USDINR_otc,L65,PUT,0.637800,323,90.288000,90.293000,90.281700,90.290100,54.925373,59.753484,34.570164,90.347602,90.292205,90.236808,12.270594,90.276783,90.299921,-2.562361,5.902165,6.368429,33.517100,neutral,0.481001,-26.236385,25.183320,90.281800,460,1
trading_data.db,2026-04-25T13:19:00.000Z,USDINR_otc,L65,PUT,0.637800,323,90.289100,90.297600,90.283100,90.283800,91.549296,85.935302,58.467729,90.343997,90.294850,90.245703,10.885952,90.277517,90.297479,-2.210682,4.219207,6.666744,26.142383,neutral,0.387583,-59.792919,27.467574,90.277600,460,1
trading_data.db,2026-04-25T04:34:00.000Z,USDJPY_otc,L16,CALL,0.686000,86,157.654000,157.654000,157.609000,157.620000,0,8.048394,6.985143,157.947616,157.797650,157.647684,19.007342,157.695167,157.772357,-4.892522,-1.754418,20.761760,,,-0.092302,,1.063251,157.651000,460,1
trading_data.db,2026-04-25T06:27:00.000Z,USDJPY_otc,L41,PUT,0.760000,50,158.207000,158.223000,158.197000,158.211000,0,45.067402,72.792033,158.294465,158.223850,158.153235,8.925990,158.244833,158.233429,0.720756,3.650854,5.275136,2.981215,oversold,0.409014,-42.086186,-27.724632,158.185000,460,1
trading_data.db,2026-04-25T07:54:00.000Z,USDJPY_otc,L41,PUT,0.760000,50,158.140000,158.179000,158.134000,158.169000,1.204819,0.584795,18.418708,158.238494,158.152950,158.067406,10.817893,158.187833,158.172929,0.942308,6.423787,4.394106,98.498843,overbought,0.593811,97.914048,-17.833913,158.184000,-500,0
trading_data.db,2026-04-25T10:04:00.000Z,USDJPY_otc,L65,PUT,0.637800,323,158.060000,158.083000,158.048000,158.077000,53.030303,64.892603,37.110229,158.362192,158.165000,157.967808,24.935010,158.047500,158.137571,-5.695764,6.903695,18.031315,2.054774,oversold,0.276868,-62.837830,27.782375,158.032000,460,1
trading_data.db,2026-04-25T10:16:00.000Z,USDJPY_otc,L16,CALL,0.686000,86,157.898000,157.899000,157.860000,157.875000,0,4.553446,5.174194,158.133943,158.015800,157.897657,14.953353,157.945833,158.000214,-3.441828,-1.433825,16.387178,0.005100,oversold,-0.095887,-4.548346,-0.620749,157.837000,-500,0
trading_data.db,2026-04-25T10:20:00.000Z,USDJPY_otc,L16,CALL,0.686000,86,157.804000,157.804000,157.756000,157.763000,0,8.994868,7.768429,158.148985,157.964050,157.779115,23.414834,157.836833,157.929857,-5.890198,-1.020163,24.434996,,,-0.043569,,1.226439,157.803000,460,1
trading_data.db,2026-04-25T10:57:00.000Z,USDJPY_otc,L65,PUT,0.637800,323,157.604000,157.651000,157.603000,157.650000,73.076923,81.594882,51.390295,157.803989,157.658300,157.512611,18.481596,157.582167,157.625786,-2.767253,8.714343,9.767253,18.258640,oversold,0.471515,-63.336242,30.204587,157.650000,-500,0
trading_data.db,2026-04-25T15:17:00.000Z,USDJPY_otc,L16,CALL,0.686000,86,156.604000,156.611000,156.556000,156.556000,0,16.025732,17.299801,156.734379,156.654500,156.574621,10.198067,156.618667,156.638286,-1.252507,-1.188689,11.386756,,,-0.116560,,-1.274069,156.543000,-500,0
trading_data.db,2026-04-25T15:56:00.000Z,USDJPY_otc,L41,PUT,0.760000,50,157.068000,157.077000,157.046000,157.066000,12.820513,23.504274,54.663694,157.199286,157.005850,156.812414,24.640553,157.113000,157.057143,3.556485,16.151344,8.489209,99.999993,overbought,0.655478,76.495720,-31.159420,157.101000,-500,0
trading_data.db,2026-04-25T15:57:00.000Z,USDJPY_otc,L41,PUT,0.760000,50,157.066000,157.119000,157.066000,157.111000,0,0,25.693670,157.199777,157.015850,156.831923,23.427884,157.103000,157.067071,2.287467,17.773840,5.654044,99.999996,overbought,0.758662,99.999996,-25.693670,157.120000,-500,0
trading_data.db,2026-04-25T04:44:00.000Z,USDMXN_otc,L16,CALL,0.686000,86,17.535400,17.537300,17.516500,17.518600,0,8.470960,6.662864,17.585794,17.553095,17.520396,37.256782,17.540783,17.553329,-7.146928,-1.023414,38.280196,65.252358,neutral,-0.027469,56.781398,1.808096,17.534500,460,1
trading_data.db,2026-04-25T06:10:00.000Z,USDMXN_otc,L16,CALL,0.686000,86,17.521600,17.521600,17.503000,17.511900,0,8.262539,5.566471,17.646580,17.580740,17.514900,74.900077,17.535133,17.567671,-18.521575,-1.706447,76.606525,,,-0.022783,,2.696068,17.481100,-500,0
trading_data.db,2026-04-25T06:11:00.000Z,USDMXN_otc,L16,CALL,0.686000,86,17.511100,17.512000,17.486400,17.487000,0,6.426389,6.427205,17.648744,17.574025,17.499306,85.033593,17.523267,17.560014,-20.926873,-7.002309,92.035902,,,-0.082348,,-0.000816,17.481400,-500,0
trading_data.db,2026-04-25T06:12:00.000Z,USDMXN_otc,L16,CALL,0.686000,86,17.486300,17.490200,17.476100,17.481100,0,7.865113,7.518014,17.649611,17.567285,17.484959,93.726318,17.512700,17.551879,-22.321583,-2.196784,95.923102,,,-0.023438,,0.347099,17.492700,460,1
trading_data.db,2026-04-25T06:44:00.000Z,USDMXN_otc,L16,CALL,0.686000,86,17.340400,17.342100,17.330600,17.338300,1.376147,5.931740,6.206564,17.420413,17.380670,17.340927,45.732043,17.357483,17.376893,-11.169732,-1.511635,47.243678,15.789527,oversold,-0.033054,9.857788,-0.274824,17.340700,460,1
trading_data.db,2026-04-25T08:47:00.000Z,USDMXN_otc,L65,PUT,0.637800,323,17.328900,17.328900,17.316000,17.325300,90.344828,82.733032,56.429864,17.376915,17.328130,17.279345,56.307053,17.303317,17.317743,-8.330295,26.520344,29.786709,3.773982,oversold,0.470995,-78.959050,26.303167,17.345400,-500,0
trading_data.db,2026-04-25T11:55:00.000Z,USDMXN_otc,L41,PUT,0.760000,50,17.442900,17.443200,17.422800,17.422800,14.673913,31.477220,52.682664,17.478198,17.426555,17.374912,59.269699,17.451267,17.439229,6.902883,27.480092,31.789607,99.331069,overbought,0.463645,67.853849,-21.205444,17.415700,460,1
trading_data.db,2026-04-25T11:56:00.000Z,USDMXN_otc,L41,PUT,0.760000,50,17.423200,17.426900,17.404000,17.414400,13.636364,9.006118,31.181297,17.476090,17.428150,17.380210,55.014378,17.443367,17.440286,1.766572,19.617654,35.396724,96.663241,overbought,0.356591,87.657123,-22.175179,17.428700,-500,0
trading_data.db,2026-04-25T12:07:00.000Z,USDMXN_otc,L65,PUT,0.637800,323,17.424900,17.428700,17.415700,17.416100,72.074468,66.666667,33.333333,17.471263,17.427815,17.384367,49.860477,17.408833,17.415643,-3.910004,18.208225,31.652252,4.643517,oversold,0.365184,-62.023150,33.333333,17.416200,-500,0
trading_data.db,2026-04-25T12:08:00.000Z,USDMXN_otc,L65,PUT,0.637800,323,17.416600,17.423800,17.412800,17.417300,71.315789,90.651907,63.550636,17.470332,17.426850,17.383368,49.902222,17.410333,17.413814,-1.998960,19.471062,30.431161,5.528118,oversold,0.390184,-85.123789,27.101271,17.403100,460,1
trading_data.db,2026-04-25T13:56:00.000Z,USDMXN_otc,L65,PUT,0.637800,323,17.397300,17.416200,17.391700,17.411900,70.454545,69.676207,43.783347,17.460777,17.414425,17.368073,53.234470,17.390633,17.413150,-12.930841,25.167287,28.067182,0.763868,oversold,0.472763,-68.912339,25.892860,17.423300,-500,0
trading_data.db,2026-04-25T14:15:00.000Z,USDMXN_otc,L65,PUT,0.637800,323,17.411100,17.422300,17.411100,17.422300,52.114804,68.245568,40.980449,17.436363,17.417385,17.398407,21.792281,17.408717,17.416407,-4.415650,13.718033,8.074247,3.660451,oversold,0.629490,-64.585117,27.265119,17.415600,460,1
trading_data.db,2026-04-25T15:42:00.000Z,USDMXN_otc,L65,PUT,0.637800,323,17.391400,17.408300,17.385400,17.408300,59.135560,55.024814,27.140199,17.459286,17.404495,17.349704,62.962150,17.373417,17.395036,-12.428286,33.667292,29.294858,2.061818,oversold,0.534723,-52.962996,27.884615,17.407100,460,1
trading_data.db,2026-04-25T15:43:00.000Z,USDMXN_otc,L65,PUT,0.637800,323,17.407900,17.409200,17.399900,17.406900,85.553471,82.053289,52.923195,17.457851,17.403695,17.349539,62.235628,17.377550,17.392407,-8.542315,32.959377,29.276251,3.792347,oversold,0.529590,-78.260943,29.130095,17.414200,-500,0
trading_data.db,2026-04-25T05:13:00.000Z,USDMYR_otc,L65,PUT,0.637800,323,3.903011,3.903106,3.903011,3.903106,79.496403,71.040305,45.279209,3.903322,3.903061,3.902800,1.336251,3.902965,3.902984,-0.049840,0.783163,0.553087,1.276114,oversold,0.586090,-69.764191,25.761096,3.903318,-500,0
trading_data.db,2026-04-25T06:41:00.000Z,USDMYR_otc,L65,PUT,0.637800,323,3.903377,3.903434,3.903359,3.903401,91.764706,59.613527,32.017155,3.903554,3.903401,3.903247,0.787311,3.903329,3.903404,-0.191835,0.394424,0.392887,6.755555,oversold,0.500976,-52.857972,27.596372,3.903550,-500,0
trading_data.db,2026-04-25T06:42:00.000Z,USDMYR_otc,L65,PUT,0.637800,323,3.903397,3.903506,3.903394,3.903464,97.633136,81.635003,56.768833,3.903559,3.903403,3.903247,0.799495,3.903355,3.903404,-0.126385,0.555637,0.243858,7.121775,oversold,0.694985,-74.513227,24.866169,3.903604,-500,0
trading_data.db,2026-04-25T08:16:00.000Z,USDMYR_otc,L65,PUT,0.637800,323,3.903415,3.903576,3.903392,3.903576,71.269488,78.754086,53.117398,3.903685,3.903497,3.903310,0.959171,3.903417,3.903452,-0.089176,0.681071,0.278099,9.526676,oversold,0.710063,-69.227410,25.636688,3.903569,460,1
trading_data.db,2026-04-25T08:25:00.000Z,USDMYR_otc,L65,PUT,0.637800,323,3.903413,3.903480,3.903373,3.903480,57.142857,56.342634,31.645165,3.903599,3.903444,3.903290,0.793899,3.903410,3.903447,-0.094300,0.487895,0.306004,39.198200,neutral,0.614555,-17.144434,24.697470,3.903650,-500,0
trading_data.db,2026-04-25T08:32:00.000Z,USDMYR_otc,L41,PUT,0.760000,50,3.903497,3.903502,3.903414,3.903481,14.418605,30.840212,57.964980,3.903704,3.903495,3.903285,1.073100,3.903589,3.903501,0.224097,0.501325,0.571775,92.937854,overbought,0.467175,62.097642,-27.124767,3.903630,-500,0
trading_data.db,2026-04-25T08:33:00.000Z,USDMYR_otc,L41,PUT,0.760000,50,3.903484,3.903614,3.903477,3.903612,15.270936,3.589272,30.652282,3.903692,3.903504,3.903316,0.963777,3.903561,3.903500,0.156148,0.757794,0.205983,94.568534,overbought,0.786276,90.979262,-27.063011,3.903606,460,1
trading_data.db,2026-04-25T11:30:00.000Z,USDMYR_otc,L41,PUT,0.760000,50,3.906352,3.906352,3.906240,3.906240,14.426230,15.084874,37.232144,3.906643,3.906139,3.905634,2.582202,3.906398,3.906263,0.344746,1.550820,1.031382,99.875467,overbought,0.600581,84.790592,-22.147269,3.906395,-500,0
trading_data.db,2026-04-25T11:37:00.000Z,USDMYR_otc,L41,PUT,0.760000,50,3.906232,3.906280,3.906193,3.906276,13.452915,22.095059,43.840421,3.906605,3.906307,3.906008,1.527363,3.906323,3.906370,-0.119768,0.685219,0.842144,80.073933,overbought,0.448629,57.978874,-21.745362,3.906178,460,1
trading_data.db,2026-04-25T11:43:00.000Z,USDMYR_otc,L65,PUT,0.637800,323,3.906284,3.906434,3.906281,3.906374,52.910053,59.550562,28.589263,3.906519,3.906329,3.906140,0.970823,3.906234,3.906285,-0.130803,0.600225,0.370598,7.458511,oversold,0.618264,-52.092051,30.961298,3.906319,460,1
trading_data.db,2026-04-25T13:52:00.000Z,USDMYR_otc,L65,PUT,0.637800,323,3.907496,3.907567,3.907493,3.907527,63.701068,100,69.856799,3.907691,3.907487,3.907283,1.045261,3.907425,3.907435,-0.023764,0.624486,0.420775,0.003253,oversold,0.597445,-99.996747,30.143201,3.907557,-500,0
trading_data.db,2026-04-25T15:18:00.000Z,USDMYR_otc,L65,PUT,0.637800,323,3.907455,3.907464,3.907355,3.907366,66.929134,71.637450,44.669379,3.907672,3.907496,3.907321,0.898071,3.907417,3.907511,-0.241233,0.116086,0.781985,0.001582,oversold,0.129261,-71.635868,26.968072,3.907365,460,1
trading_data.db,2026-04-25T04:59:00.000Z,USDPHP_otc,L41,PUT,0.760000,50,57.870300,57.870840,57.870160,57.870320,16.346154,4.433846,28.576978,57.873403,57.870957,57.868511,0.845270,57.871807,57.871496,0.053608,0.312563,0.532708,82.432084,overbought,0.369778,77.998238,-24.143132,57.871090,-500,0
trading_data.db,2026-04-25T05:48:00.000Z,USDPHP_otc,L65,PUT,0.637800,323,57.866410,57.867250,57.866310,57.867010,56.720430,70.919724,44.378426,57.870209,57.867479,57.864749,0.943536,57.865933,57.867056,-0.193959,0.390721,0.552815,0.405879,oversold,0.414103,-70.513844,26.541298,57.867220,-500,0
trading_data.db,2026-04-25T06:42:00.000Z,USDPHP_otc,L65,PUT,0.637800,323,57.864260,57.864860,57.863840,57.864720,54.450262,58.652350,32.610794,57.866632,57.864882,57.863132,0.604708,57.864272,57.864612,-0.058840,0.274358,0.330350,0.426567,oversold,0.453703,-58.225783,26.041556,57.866550,-500,0
trading_data.db,2026-04-25T07:10:00.000Z,USDPHP_otc,L65,PUT,0.637800,323,57.860420,57.861080,57.860160,57.861050,73.750000,62.302056,35.242204,57.861933,57.860602,57.859272,0.459889,57.860055,57.860544,-0.084563,0.307285,0.152603,11.323459,oversold,0.668173,-50.978597,27.059852,57.860930,460,1
trading_data.db,2026-04-25T07:35:00.000Z,USDPHP_otc,L65,PUT,0.637800,323,57.861970,57.862970,57.861750,57.862970,60.737527,57.850646,31.360677,57.864883,57.862093,57.859304,0.964233,57.861722,57.862611,-0.153771,0.633597,0.330635,97.103522,overbought,0.657100,39.252877,26.489969,57.861660,460,1
trading_data.db,2026-04-25T07:36:00.000Z,USDPHP_otc,L65,PUT,0.637800,323,57.863000,57.863580,57.863000,57.863270,69.662921,87.919771,58.364644,57.864797,57.862296,57.859794,0.864514,57.861937,57.862646,-0.122663,0.600674,0.263840,97.830422,overbought,0.694811,9.910651,29.555128,57.861310,460,1
trading_data.db,2026-04-25T08:02:00.000Z,USDPHP_otc,L65,PUT,0.637800,323,57.859910,57.860140,57.859500,57.859710,50.746269,70.454581,41.427398,57.864305,57.861071,57.857837,1.117884,57.859293,57.860312,-0.176081,0.323724,0.794161,1.754850,oversold,0.289586,-68.699732,29.027184,57.858870,460,1
trading_data.db,2026-04-25T08:53:00.000Z,USDPHP_otc,L65,PUT,0.637800,323,57.854400,57.855020,57.854080,57.854560,53.363229,68.541297,43.155225,57.856256,57.854386,57.852516,0.646432,57.853458,57.854046,-0.101528,0.353291,0.293140,56.605390,neutral,0.546525,-11.935906,25.386072,57.855250,-500,0
trading_data.db,2026-04-25T10:05:00.000Z,USDPHP_otc,L41,PUT,0.760000,50,57.864000,57.864180,57.863090,57.863330,13.471503,30.499744,53.749451,57.865742,57.863226,57.860711,0.869442,57.864328,57.863947,0.065877,0.452608,0.416834,83.698612,overbought,0.520573,53.198868,-23.249707,57.862370,460,1
trading_data.db,2026-04-25T10:06:00.000Z,USDPHP_otc,L41,PUT,0.760000,50,57.863330,57.863430,57.862770,57.862770,11.016949,8.101852,31.241460,57.865716,57.863275,57.860833,0.843720,57.864000,57.863959,0.007036,0.334672,0.509048,63.368424,neutral,0.396662,55.266572,-23.139609,57.863560,-500,0
trading_data.db,2026-04-25T10:10:00.000Z,USDPHP_otc,L65,PUT,0.637800,323,57.863820,57.864100,57.863620,57.863900,60.165975,75.396531,46.340377,57.865352,57.863655,57.861958,0.586410,57.863240,57.863867,-0.108382,0.335546,0.250864,12.624123,oversold,0.572204,-62.772408,29.056154,57.862530,460,1
trading_data.db,2026-04-25T11:39:00.000Z,USDPHP_otc,L41,PUT,0.760000,50,57.861540,57.862210,57.861030,57.861250,8.256881,11.627907,34.867442,57.864264,57.861719,57.859174,0.879842,57.862832,57.862405,0.073738,0.358866,0.520976,99.241868,overbought,0.407875,87.613961,-23.239535,57.861270,-500,0
trading_data.db,2026-04-25T14:12:00.000Z,USDPHP_otc,L65,PUT,0.637800,323,57.854590,57.854940,57.854190,57.854940,69.512195,76.666667,44.843823,57.857021,57.854467,57.851914,0.882577,57.853620,57.853763,-0.024693,0.522959,0.359618,29.215149,neutral,0.592536,-47.451518,31.822844,57.854800,460,1
trading_data.db,2026-04-25T14:28:00.000Z,USDPHP_otc,L65,PUT,0.637800,323,57.854920,57.855070,57.854600,57.854780,64.480874,69.646831,36.997259,57.856448,57.854644,57.852840,0.623574,57.854215,57.854871,-0.113461,0.335294,0.288280,93.751424,overbought,0.537697,24.104593,32.649573,57.855030,-500,0
trading_data.db,2026-04-25T05:05:00.000Z,USDPKR_otc,L65,PUT,0.637800,323,281.087000,281.194000,281.052000,281.164000,70.915033,71.275193,42.356958,281.531483,281.204800,280.878117,23.234531,281.035667,281.115786,-2.850037,10.166366,13.068166,2.025547,oversold,0.437554,-69.249646,28.918235,281.246000,-500,0
trading_data.db,2026-04-25T09:19:00.000Z,USDPKR_otc,L65,PUT,0.637800,323,281.642000,281.660000,281.584000,281.642000,66.563467,56.862027,30.398139,281.793109,281.553400,281.313691,17.027628,281.498333,281.495071,0.115878,11.660641,5.366986,1.716528,oversold,0.684807,-55.145499,26.463888,281.457000,460,1
trading_data.db,2026-04-25T11:12:00.000Z,USDPKR_otc,L41,PUT,0.760000,50,280.957000,280.974000,280.900000,280.913000,7.065217,3.834808,27.979141,281.296017,280.761550,280.227083,38.072665,281.033167,280.902929,4.636409,24.430589,13.642075,99.999999,overbought,0.641683,96.165191,-24.144333,280.977000,-500,0
trading_data.db,2026-04-25T12:03:00.000Z,USDPKR_otc,L16,CALL,0.686000,86,280.992000,280.994000,280.854000,280.955000,0,8.445894,6.838795,281.756052,281.400250,281.044448,25.287935,281.188000,281.355143,-5.940636,-3.178691,28.466626,,,-0.125700,,1.607100,280.917000,-500,0
trading_data.db,2026-04-25T12:04:00.000Z,USDPKR_otc,L16,CALL,0.686000,86,280.952000,280.955000,280.876000,280.876000,0,6.816488,6.888239,281.795279,281.372850,280.950421,30.026301,281.088333,281.308071,-7.811297,-2.644914,32.671215,,,-0.088087,,-0.071751,280.989000,460,1
trading_data.db,2026-04-25T14:43:00.000Z,USDPKR_otc,L41,PUT,0.760000,50,281.416000,281.424000,281.253000,281.254000,15.762274,22.252630,42.406084,281.587635,281.248400,280.909165,24.123491,281.443333,281.328571,4.079284,12.260858,11.862633,98.209604,overbought,0.508254,75.956973,-20.153453,281.078000,460,1
trading_data.db,2026-04-25T15:10:00.000Z,USDPKR_otc,L65,PUT,0.637800,323,280.921000,280.959000,280.880000,280.895000,56.790123,58.002429,32.733454,280.984560,280.873750,280.762940,7.890344,280.830500,280.868000,-1.335147,4.701740,3.188604,0.459370,oversold,0.595885,-57.543059,25.268975,281.021000,-500,0
trading_data.db,2026-04-25T05:51:00.000Z,USDRUB_otc,L65,PUT,0.637800,323,74.810900,74.812300,74.809700,74.811400,57.647059,69.016963,44.352469,74.814324,74.810880,74.807436,0.920615,74.809233,74.810721,-0.198915,0.529816,0.390799,3.683567,oversold,0.575502,-65.333396,24.664495,74.815700,-500,0
trading_data.db,2026-04-25T06:02:00.000Z,USDRUB_otc,L41,PUT,0.760000,50,74.815500,74.816000,74.812600,74.813100,0,21.825397,41.230159,74.822895,74.814070,74.805245,2.359057,74.818517,74.815857,0.355476,1.049874,1.309183,86.232086,overbought,0.445040,64.406689,-19.404762,74.807800,460,1
trading_data.db,2026-04-25T06:52:00.000Z,USDRUB_otc,L41,PUT,0.760000,50,74.826400,74.826400,74.823600,74.825900,6.382979,3.296703,30.114439,74.833849,74.826115,74.818381,2.067095,74.829983,74.827736,0.300372,1.004814,1.062281,92.095533,overbought,0.486100,88.798830,-26.817736,74.827300,-500,0
trading_data.db,2026-04-25T07:48:00.000Z,USDRUB_otc,L65,PUT,0.637800,323,74.841600,74.844300,74.841600,74.843300,75.000000,56.352983,28.290305,74.853934,74.843795,74.833656,2.709463,74.837350,74.842621,-0.704335,1.288594,1.420869,3.509395,oversold,0.475590,-52.843588,28.062678,74.841500,460,1
trading_data.db,2026-04-25T07:49:00.000Z,USDRUB_otc,L65,PUT,0.637800,323,74.843500,74.847300,74.843400,74.844500,80.800000,76.952892,52.108508,74.853851,74.843740,74.833629,2.702019,74.838633,74.842229,-0.480376,1.452554,1.249464,2.165913,oversold,0.537581,-74.786979,24.844384,74.838700,460,1
trading_data.db,2026-04-25T14:26:00.000Z,USDRUB_otc,L41,PUT,0.760000,50,74.872600,74.874100,74.871400,74.871600,12.162162,12.794114,38.713953,74.877597,74.871575,74.865553,1.608511,74.874967,74.872207,0.368565,0.807594,0.800916,99.952947,overbought,0.502076,87.158833,-25.919839,74.866600,460,1
trading_data.db,2026-04-25T10:37:00.000Z,USDSGD_otc,L16,CALL,0.686000,86,1.351940,1.352390,1.350720,1.352090,1.063830,15.140076,9.766836,1.360931,1.356656,1.352382,63.021734,1.353893,1.356134,-16.519303,-2.149091,65.170824,,,-0.034101,,5.373240,1.351420,-500,0
trading_data.db,2026-04-25T11:10:00.000Z,USDSGD_otc,L16,CALL,0.686000,86,1.336350,1.336460,1.334410,1.334490,0,12.845528,12.550370,1.348654,1.342189,1.335723,96.342699,1.338510,1.340423,-14.270550,-9.186466,105.529165,0,oversold,-0.095352,-12.845528,0.295159,1.336380,460,1
trading_data.db,2026-04-25T12:45:00.000Z,USDSGD_otc,L41,PUT,0.760000,50,1.340070,1.340880,1.339180,1.339230,8.943089,11.546185,29.342567,1.344608,1.339946,1.335284,69.591508,1.341730,1.340393,9.975753,29.452255,40.139253,82.699232,overbought,0.423216,71.153047,-17.796382,1.341550,-500,0
trading_data.db,2026-04-25T15:41:00.000Z,USDSGD_otc,L16,CALL,0.686000,86,1.335740,1.336180,1.334480,1.334870,0,6.735595,5.413490,1.343452,1.339262,1.335071,62.572352,1.336890,1.339235,-17.509996,-1.504283,64.076636,13.993352,oversold,-0.024041,7.257758,1.322105,1.331950,-500,0
trading_data.db,2026-04-25T15:42:00.000Z,USDSGD_otc,L16,CALL,0.686000,86,1.334810,1.335110,1.332800,1.332800,0,6.735595,6.575104,1.344006,1.338955,1.333904,75.441365,1.335855,1.338819,-22.135721,-8.248002,83.689367,8.940073,oversold,-0.109330,2.204479,0.160491,1.333650,460,1
trading_data.db,2026-04-25T15:43:00.000Z,USDSGD_otc,L16,CALL,0.686000,86,1.332760,1.333140,1.331510,1.331950,0,4.797602,6.089597,1.344372,1.338529,1.332686,87.301301,1.334850,1.338231,-25.267891,-5.500321,92.801621,5.636075,oversold,-0.063004,0.838473,-1.291995,1.334330,460,1
trading_data.db,2026-04-25T15:47:00.000Z,USDSGD_otc,L65,PUT,0.637800,323,1.335450,1.336340,1.335050,1.335870,80.459770,75.147514,46.816608,1.344400,1.337474,1.330548,103.571240,1.333365,1.335878,-18.810531,39.792863,63.778376,0.821702,oversold,0.384208,-74.325812,28.330905,1.332290,460,1
trading_data.db,2026-04-25T06:21:00.000Z,USDTHB_otc,L65,PUT,0.637800,323,31.064090,31.064790,31.064090,31.064700,57.894737,49.547451,23.352457,31.065247,31.064343,31.063439,0.581885,31.063897,31.064297,-0.128918,0.405865,0.176020,43.303185,neutral,0.697501,-6.244266,26.194994,31.064190,460,1
trading_data.db,2026-04-25T08:29:00.000Z,USDTHB_otc,L65,PUT,0.637800,323,31.065330,31.066430,31.065290,31.066390,52.142857,48.756219,21.393035,31.067353,31.065780,31.064207,1.012852,31.064930,31.065818,-0.285799,0.702783,0.310068,2.283470,oversold,0.693866,-46.472749,27.363184,31.065520,460,1
trading_data.db,2026-04-25T08:30:00.000Z,USDTHB_otc,L65,PUT,0.637800,323,31.066330,31.066330,31.065460,31.065460,91.534392,82.089552,48.756219,31.067404,31.065814,31.064225,1.023398,31.065107,31.065804,-0.224332,0.397587,0.625812,2.971256,oversold,0.388496,-79.118296,33.333333,31.065340,460,1
trading_data.db,2026-04-25T12:16:00.000Z,USDTHB_otc,L41,PUT,0.760000,50,31.072240,31.072460,31.071990,31.072150,9.243697,9.740091,37.281785,31.073654,31.072071,31.070487,1.019273,31.072775,31.072504,0.087353,0.535222,0.484051,96.523901,overbought,0.525102,86.783811,-27.541694,31.072730,-500,0
trading_data.db,2026-04-25T13:23:00.000Z,USDTHB_otc,L65,PUT,0.637800,323,31.064450,31.064940,31.064360,31.064680,61.176471,72.774648,46.071220,31.066158,31.064647,31.063137,0.972391,31.063873,31.064430,-0.179197,0.496658,0.475733,98.118184,overbought,0.510759,25.343536,26.703427,31.064830,-500,0
trading_data.db,2026-04-25T13:33:00.000Z,USDTHB_otc,L41,PUT,0.760000,50,31.065200,31.065200,31.064240,31.064530,15.827338,46.458655,70.105563,31.066018,31.064563,31.063109,0.936534,31.065357,31.064740,0.198510,0.457483,0.479051,99.980783,overbought,0.488485,53.522128,-23.646907,31.065240,-500,0
trading_data.db,2026-04-25T13:53:00.000Z,USDTHB_otc,L65,PUT,0.637800,323,31.062090,31.062430,31.061880,31.062250,49.006623,53.280058,28.169856,31.066017,31.063180,31.060342,1.827055,31.061322,31.062551,-0.395899,0.614299,1.212756,7.051835,oversold,0.336223,-46.228223,25.110202,31.063110,-500,0
trading_data.db,2026-04-25T13:54:00.000Z,USDTHB_otc,L65,PUT,0.637800,323,31.062290,31.063410,31.062290,31.063160,91.803279,82.990203,53.727055,31.065731,31.063032,31.060334,1.737623,31.061345,31.062478,-0.364703,0.909857,0.827766,5.675190,oversold,0.523622,-77.315013,29.263148,31.064020,-500,0
trading_data.db,2026-04-25T14:55:00.000Z,USDTHB_otc,L65,PUT,0.637800,323,31.059460,31.059950,31.059320,31.059630,64.419476,74.225838,47.606802,31.060801,31.059600,31.058400,0.773303,31.059028,31.059439,-0.132312,0.396149,0.377154,32.335349,neutral,0.512282,-41.890489,26.619036,31.060730,-500,0
trading_data.db,2026-04-25T15:03:00.000Z,USDTHB_otc,L41,PUT,0.760000,50,31.060600,31.060830,31.060140,31.060230,10.084034,12.052731,35.574743,31.061658,31.059952,31.058245,1.098788,31.060875,31.060023,0.274354,0.639059,0.459729,97.264977,overbought,0.581604,85.212246,-23.522013,31.060500,-500,0
trading_data.db,2026-04-25T15:49:00.000Z,USDTHB_otc,L65,PUT,0.637800,323,31.059880,31.060320,31.059780,31.060210,69.736842,83.116883,56.280859,31.061353,31.059908,31.058462,0.930721,31.059288,31.059561,-0.087926,0.562753,0.367968,0.707724,oversold,0.604642,-82.409159,26.836024,31.061090,-500,0
trading_data.db,2026-04-25T04:38:00.000Z,USDVND_otc,L65,PUT,0.637800,323,25950.500000,25953,25948.300000,25953,69.696970,67.875020,41.139785,25973.169427,25957.515000,25941.860573,12.061576,25947.550000,25954.664286,-2.741043,4.291408,7.770169,0.516124,oversold,0.355792,-67.358897,26.735235,25949.400000,460,1
trading_data.db,2026-04-25T07:16:00.000Z,USDVND_otc,L16,CALL,0.686000,86,25956.900000,25957,25949.300000,25954.400000,0,10.842463,8.529897,25985.001959,25971.220000,25957.438041,10.613255,25963.350000,25970.178571,-2.629389,-1.169772,11.783027,,,-0.110218,,2.312566,25954.100000,-500,0
trading_data.db,2026-04-25T07:49:00.000Z,USDVND_otc,L65,PUT,0.637800,323,25962.500000,25967.800000,25961.300000,25965.900000,51.470588,61.395071,35.915390,25992.963249,25973.710000,25954.456751,14.825182,25961.716667,25970.264286,-3.291310,4.405704,10.419478,10.055641,oversold,0.297177,-51.339430,25.479681,25969.200000,-500,0
trading_data.db,2026-04-25T08:05:00.000Z,USDVND_otc,L65,PUT,0.637800,323,25952.100000,25956.900000,25952.100000,25953.900000,70.491803,64.295666,35.205075,25974.361142,25955.440000,25936.518858,14.579712,25943.950000,25952.464286,-3.280723,6.696531,7.883180,0.412064,oversold,0.459305,-63.883602,29.090591,25957.600000,-500,0
trading_data.db,2026-04-25T09:28:00.000Z,USDVND_otc,L41,PUT,0.760000,50,25967,25967,25962.500000,25965.600000,11.627907,10.759105,29.554116,25978.421048,25967.415000,25956.408952,8.476815,25971,25967.207143,1.460633,3.539454,4.937360,53.079630,neutral,0.417545,42.320525,-18.795011,25963.100000,460,1
trading_data.db,2026-04-25T09:37:00.000Z,USDVND_otc,L65,PUT,0.637800,323,25963.400000,25964.200000,25959.500000,25964,50,74.338624,49.640653,25976.261295,25966.035000,25955.808705,7.876670,25961.833333,25965.142857,-1.274603,3.154619,4.722051,1.072472,oversold,0.400502,-73.266153,24.697971,25954.500000,460,1
trading_data.db,2026-04-25T09:45:00.000Z,USDVND_otc,L65,PUT,0.637800,323,25954.300000,25957.300000,25952.500000,25956.500000,69.444444,61.283644,35.026752,25970.903490,25959.315000,25947.726510,8.928194,25951.666667,25956.921429,-2.024416,3.379708,5.548486,0.019679,oversold,0.378543,-61.263965,26.256892,25950.800000,460,1
trading_data.db,2026-04-25T09:46:00.000Z,USDVND_otc,L65,PUT,0.637800,323,25956.900000,25957.100000,25950,25952.600000,100,82.539683,57.776398,25970.017193,25958.845000,25947.672807,8.607620,25952.566667,25956.414286,-1.482338,1.898079,6.709541,0.011858,oversold,0.220511,-82.527825,24.763285,25944.900000,460,1
trading_data.db,2026-04-25T10:37:00.000Z,USDVND_otc,L65,PUT,0.637800,323,25986.700000,25987.500000,25983.200000,25983.700000,65.283019,83.629638,50.606383,25996.695499,25977.245000,25957.794501,14.975028,25979.066667,25982.185714,-1.200456,9.972381,5.002647,99.634548,overbought,0.665934,16.004910,33.023256,25988.500000,-500,0
trading_data.db,2026-04-25T13:45:00.000Z,USDVND_otc,L41,PUT,0.760000,50,25911.100000,25914.500000,25910.300000,25912,7.627119,11.294353,34.360043,25926.115280,25907.260000,25888.404720,14.555982,25916.983333,25911.800000,2.000376,9.107594,5.448388,99.999854,overbought,0.625694,88.705501,-23.065690,25914.500000,-500,0
trading_data.db,2026-04-25T14:28:00.000Z,USDVND_otc,L65,PUT,0.637800,323,25940.800000,25940.800000,25935.900000,25938.400000,73.684211,66.666667,37.152778,25953.147519,25937.605000,25922.062481,11.984545,25929.650000,25934.864286,-2.010531,6.298777,5.685767,2.408184,oversold,0.525575,-64.258482,29.513889,25934.900000,460,1
trading_data.db,2026-04-25T05:04:00.000Z,YERUSD_otc,L41,PUT,0.760000,50,0.004184,0.004185,0.004177,0.004177,8.333333,34.345696,55.558015,0.004188,0.004178,0.004167,49.597671,0.004183,0.004180,8.681164,23.913174,25.684497,86.552216,overbought,0.482143,52.206521,-21.212320,0.004177,460,1
trading_data.db,2026-04-25T05:05:00.000Z,YERUSD_otc,L41,PUT,0.760000,50,0.004177,0.004180,0.004175,0.004176,7.547170,12.798615,34.461811,0.004187,0.004178,0.004169,44.564064,0.004182,0.004180,4.853133,17.961892,26.602173,67.842950,neutral,0.403058,55.044335,-21.663195,0.004178,-500,0
trading_data.db,2026-04-25T08:52:00.000Z,YERUSD_otc,L41,PUT,0.760000,50,0.004178,0.004178,0.004174,0.004176,9.230769,20.118988,41.586420,0.004187,0.004170,0.004154,79.304219,0.004180,0.004174,13.837649,53.703385,25.600834,100,overbought,0.677182,79.881012,-21.467433,0.004187,-500,0
trading_data.db,2026-04-25T09:43:00.000Z,YERUSD_otc,L65,PUT,0.637800,323,0.004178,0.004182,0.004178,0.004182,61.428571,70.555556,45.884354,0.004193,0.004183,0.004173,47.529808,0.004178,0.004183,-12.698098,20.191081,27.338728,10.216896,oversold,0.424809,-60.338659,24.671202,0.004186,-500,0
trading_data.db,2026-04-25T10:13:00.000Z,YERUSD_otc,L65,PUT,0.637800,323,0.004170,0.004173,0.004170,0.004171,96.363636,74.137931,42.121023,0.004187,0.004174,0.004161,62.978094,0.004167,0.004170,-8.461034,24.349407,38.628687,0.012343,oversold,0.386633,-74.125588,32.016908,0.004172,-500,0
trading_data.db,2026-04-25T10:14:00.000Z,YERUSD_otc,L65,PUT,0.637800,323,0.004170,0.004171,0.004169,0.004170,96.363636,95.555556,70.582695,0.004186,0.004173,0.004161,60.399348,0.004168,0.004170,-5.247393,23.310600,37.088748,0.007430,oversold,0.385941,-95.548126,24.972861,0.004168,460,1
trading_data.db,2026-04-25T12:51:00.000Z,YERUSD_otc,L41,PUT,0.760000,50,0.004202,0.004202,0.004198,0.004200,16.766467,24.423340,44.448938,0.004212,0.004198,0.004185,62.842275,0.004206,0.004201,11.317416,34.851048,27.991227,77.841519,overbought,0.554580,53.418179,-20.025598,0.004202,-500,0
trading_data.db,2026-04-25T13:42:00.000Z,YERUSD_otc,L41,PUT,0.760000,50,0.004189,0.004190,0.004188,0.004189,12.244898,17.727675,39.665186,0.004198,0.004190,0.004181,41.627135,0.004194,0.004191,7.772140,19.787224,21.839911,99.999606,overbought,0.475344,82.271932,-21.937511,0.004189,-500,0
trading_data.db,2026-04-25T14:59:00.000Z,YERUSD_otc,L65,PUT,0.637800,323,0.004170,0.004174,0.004170,0.004174,81.578947,79.889551,51.514125,0.004192,0.004175,0.004159,76.938020,0.004168,0.004171,-5.988109,35.223855,41.714165,3.516055,oversold,0.457821,-76.373496,28.375426,0.004173,460,1
trading_data.db,2026-04-25T15:30:00.000Z,YERUSD_otc,L16,CALL,0.686000,86,0.004171,0.004173,0.004170,0.004171,1.351351,5.485598,5.827989,0.004183,0.004177,0.004171,29.589885,0.004174,0.004177,-6.829293,-1.244126,30.834011,93.006125,overbought,-0.042046,87.520526,-0.342391,0.004172,460,1
trading_data.db,2026-04-25T15:51:00.000Z,YERUSD_otc,L65,PUT,0.637800,323,0.004167,0.004168,0.004166,0.004167,46.060606,63.708200,34.800478,0.004179,0.004169,0.004160,44.860590,0.004164,0.004169,-11.011354,17.429677,27.430912,11.461731,oversold,0.388530,-52.246469,28.907721,0.004164,460,1
trading_data.db,2026-04-25T15:52:00.000Z,YERUSD_otc,L65,PUT,0.637800,323,0.004167,0.004170,0.004166,0.004167,65.573770,90.960452,63.093602,0.004179,0.004169,0.004160,44.617502,0.004164,0.004168,-9.864874,15.736810,28.880692,11.091456,oversold,0.352705,-79.868996,27.866850,0.004165,460,1
trading_data.db,2026-04-25T04:55:00.000Z,ZARUSD_otc,L41,PUT,0.760000,50,0.053272,0.053274,0.053222,0.053253,13.483146,27.335285,44.942791,0.053400,0.053276,0.053152,46.459878,0.053301,0.053267,6.476866,18.959703,27.500174,96.701626,overbought,0.408088,69.366342,-17.607506,0.053177,460,1
trading_data.db,2026-04-25T05:10:00.000Z,ZARUSD_otc,L65,PUT,0.637800,323,0.053297,0.053311,0.053219,0.053219,84.892086,98.820059,72.925446,0.053338,0.053237,0.053136,37.880165,0.053231,0.053220,2.116101,15.615308,22.264857,62.141424,neutral,0.412229,-36.678635,25.894613,0.053180,460,1
trading_data.db,2026-04-25T06:02:00.000Z,ZARUSD_otc,L65,PUT,0.637800,323,0.053366,0.053412,0.053358,0.053410,72.185430,74.076175,46.320792,0.053470,0.053373,0.053276,36.483641,0.053320,0.053353,-6.100462,25.164790,11.318851,26.007846,neutral,0.689755,-48.068329,27.755382,0.053420,-500,0
trading_data.db,2026-04-25T08:37:00.000Z,ZARUSD_otc,L65,PUT,0.637800,323,0.053238,0.053250,0.053197,0.053243,82.075472,92.710997,66.812550,0.053335,0.053207,0.053079,48.238620,0.053153,0.053197,-8.333803,30.913548,17.325072,4.207883,oversold,0.640846,-88.503114,25.898448,0.053290,-500,0
trading_data.db,2026-04-25T08:48:00.000Z,ZARUSD_otc,L41,PUT,0.760000,50,0.053247,0.053254,0.053169,0.053192,10.891089,27.728084,52.716627,0.053403,0.053231,0.053060,64.454284,0.053303,0.053273,5.702903,24.863040,39.591244,96.560174,overbought,0.385747,68.832090,-24.988543,0.053209,-500,0
trading_data.db,2026-04-25T09:05:00.000Z,ZARUSD_otc,L41,PUT,0.760000,50,0.053255,0.053264,0.053202,0.053247,16.666667,35.017499,52.145247,0.053422,0.053263,0.053104,59.524692,0.053330,0.053282,9.124903,26.758385,32.766308,94.535077,overbought,0.449534,59.517579,-17.127748,0.053304,-500,0
trading_data.db,2026-04-25T11:21:00.000Z,ZARUSD_otc,L41,PUT,0.760000,50,0.053316,0.053327,0.053263,0.053263,14.400000,20.876484,47.116839,0.053452,0.053300,0.053148,56.927418,0.053372,0.053333,7.410810,21.521870,35.405548,97.415120,overbought,0.378058,76.538636,-26.240355,0.053368,-500,0
trading_data.db,2026-04-25T11:40:00.000Z,ZARUSD_otc,L41,PUT,0.760000,50,0.053543,0.053545,0.053486,0.053486,0,21.319818,41.077249,0.053642,0.053452,0.053261,71.332741,0.053551,0.053502,9.207562,42.074018,29.258722,99.886995,overbought,0.589828,78.567177,-19.757431,0.053548,-500,0
trading_data.db,2026-04-25T12:39:00.000Z,ZARUSD_otc,L65,PUT,0.637800,323,0.053336,0.053353,0.053308,0.053309,85.714286,67.678120,42.179698,0.053656,0.053427,0.053198,85.665954,0.053280,0.053375,-17.825312,20.700077,64.965877,0.024684,oversold,0.241637,-67.653436,25.498422,0.053212,460,1
